informe,informe_num,se_inicio,se_fim,ano_se,data_informe,pagina,sem_texto,n_caracteres,texto_original,texto_limpo,secao_dengue,tipo_secao_dengue,texto_dengue
Informe Semanal nº 01 - COE Dengue e outras Arboviroses - SE 1 a 4  - 27 de janeiro.pdf,1,1,4,2025,2025-01-27,1,0,43,"SE 01 a 04/2025
No 01
27 de janeiro de 2025",SE 01 a 04/2025 No 01 27 de janeiro de 2025,0,,
Informe Semanal nº 01 - COE Dengue e outras Arboviroses - SE 1 a 4  - 27 de janeiro.pdf,1,1,4,2025,2025-01-27,2,0,1662,"INFORME SEMANAL No 01
SE 01 a 04/2025 (27/01/2025)
Introdução
Os dados de dengue e chikungunya apresentados neste informe
referem-se às semanas epidemiológicas (SE) 01 a 04 de 2025. Para Zika os
dados apresentados são do período da SE 01 a SE 03 de 2025. Os dados são
comparados ao mesmo período de 2024.
Os dados detalhados dos anos de 2023 a 2025 podem ser acessados
em: https://www.gov.br/saude/pt-br/assuntos/saude-de-a-a-z/a/aedes-
aegypti/monitoramento-das-arboviroses.
Situação Epidemiológica
Dengue
Nas SE 01 a 04 de 2025, foram notificados 139.241 casos prováveis de
dengue, correspondendo a um coeficiente de incidência de 68,6 casos/100
mil habitantes. Quando comparado com o mesmo período de 2024,
observa-se uma redução de 57,9% no número de casos prováveis.
As Regiões Geográficas que apresentam os maiores coeficientes de
incidência são Sudeste, Centro-oeste e Sul.
Entre as Unidades Federativas (UF), Acre, São Paulo, e Mato Grosso
apresentam as maiores incidências. Os maiores números de casos graves
concentram-se nas regiões Sudeste, Centro-Oeste e Sul. Os óbitos
concentram-se na Regiões Sudeste. Foram confirmados 21 óbitos no período,
e 160 estão em investigação.
Foi identificada a circulação de três sorotipos do vírus dengue (DENV-1,
DENV-2 e DENV-3), com aumento da proporção de DENV-3 desde o último
trimestre de 2024.
O número de casos prováveis de dengue no Brasil encontra-se fora dos
limites do canal endêmico do diagrama de controle1, considerando a série
histórica. A estimativa nowcasting2 indica tendência de alta no número de
casos.
Fonte: Sinan On-line (banco de dados atualizado em 27/01/2025). Dados sujeitos a alteração.
2","Introdução Os dados de dengue e chikungunya apresentados neste informe referem-se às semanas epidemiológicas (SE) 01 a 04 de 2025. Para Zika os dados apresentados são do período da SE 01 a SE 03 de 2025. Os dados são comparados ao mesmo período de 2024. Os dados detalhados dos anos de 2023 a 2025 podem ser acessados em: https://www.gov.br/saude/pt-br/assuntos/saude-de-a-a-z/a/aedesaegypti/monitoramento-das-arboviroses. Situação Epidemiológica Dengue Nas SE 01 a 04 de 2025, foram notificados 139.241 casos prováveis de dengue, correspondendo a um coeficiente de incidência de 68,6 casos/100 mil habitantes. Quando comparado com o mesmo período de 2024, observa-se uma redução de 57,9% no número de casos prováveis. As Regiões Geográficas que apresentam os maiores coeficientes de incidência são Sudeste, Centro-oeste e Sul. Entre as Unidades Federativas (UF), Acre, São Paulo, e Mato Grosso apresentam as maiores incidências. Os maiores números de casos graves concentram-se nas regiões Sudeste, Centro-Oeste e Sul. Os óbitos concentram-se na Regiões Sudeste. Foram confirmados 21 óbitos no período, e 160 estão em investigação. Foi identificada a circulação de três sorotipos do vírus dengue (DENV-1, DENV-2 e DENV-3), com aumento da proporção de DENV-3 desde o último trimestre de 2024. O número de casos prováveis de dengue no Brasil encontra-se fora dos limites do canal endêmico do diagrama de controle1, considerando a série histórica. A estimativa nowcasting2 indica tendência de alta no número de casos. Fonte: Sinan On-line (banco de dados atualizado em 27/01/2025). Dados sujeitos a alteração.",1,narrativa,"Dengue Nas SE 01 a 04 de 2025, foram notificados 139.241 casos prováveis de dengue, correspondendo a um coeficiente de incidência de 68,6 casos/100 mil habitantes. Quando comparado com o mesmo período de 2024, observa-se uma redução de 57,9% no número de casos prováveis. As Regiões Geográficas que apresentam os maiores coeficientes de incidência são Sudeste, Centro-oeste e Sul. Entre as Unidades Federativas (UF), Acre, São Paulo, e Mato Grosso apresentam as maiores incidências. Os maiores números de casos graves concentram-se nas regiões Sudeste, Centro-Oeste e Sul. Os óbitos concentram-se na Regiões Sudeste. Foram confirmados 21 óbitos no período, e 160 estão em investigação. Foi identificada a circulação de três sorotipos do vírus dengue (DENV-1, DENV-2 e DENV-3), com aumento da proporção de DENV-3 desde o último trimestre de 2024. O número de casos prováveis de dengue no Brasil encontra-se fora dos limites do canal endêmico do diagrama de controle1, considerando a série histórica. A estimativa nowcasting2 indica tendência de alta no número de casos. Fonte: Sinan On-line (banco de dados atualizado em 27/01/2025). Dados sujeitos a alteração."
Informe Semanal nº 01 - COE Dengue e outras Arboviroses - SE 1 a 4  - 27 de janeiro.pdf,1,1,4,2025,2025-01-27,3,0,200,"INFORME SEMANAL No 01
SE 01 a 04/2025 (27/01/2025)
Diagrama de controle
Coeficiente de Incidência e óbitos
Fonte: Sinan On-line (banco de dados atualizado em 27/01/2025). Dados sujeitos a alteração.
3",Diagrama de controle Coeficiente de Incidência e óbitos Fonte: Sinan On-line (banco de dados atualizado em 27/01/2025). Dados sujeitos a alteração.,1,narrativa,Diagrama de controle Coeficiente de Incidência e óbitos Fonte: Sinan On-line (banco de dados atualizado em 27/01/2025). Dados sujeitos a alteração.
Informe Semanal nº 01 - COE Dengue e outras Arboviroses - SE 1 a 4  - 27 de janeiro.pdf,1,1,4,2025,2025-01-27,4,0,1050,"INFORME SEMANAL No 01
SE 01 a 04/2025 (27/01/2025)
Mapa de Sorotipos Dengue SE 01 a SE 04/2025
Chikungunya
Nas SE 01 a 04 de 2025, foram notificados 8.498 casos prováveis de
chikungunya, correspondendo a um coeficiente de incidência de 4,2
casos/100mil habitantes. Quando comparado ao mesmo período de
2024, observa-se uma redução de 71,9% no número de casos prováveis.
As Regiões Geográficas que apresentam os maiores coeficientes de
incidência são Centro-Oeste e Sudeste. Entre as UFs, Mato Grosso, Mato Grosso
do Sul apresentam as maiores incidências.
Foram confirmados 03 óbitos no período, todos no estado do Mato
Grosso. Encontram-se em investigação 11 óbitos até o momento, nas Regiões
Nordeste, Sudeste e Centro-Oeste.
O número de casos prováveis de chikungunya no Brasil encontra-se
abaixo do limite inferior do canal endêmico do diagrama de controle1,
considerando a série histórica. A estimativa nowcasting2 encontra-se dentro
do canal endêmico.
Fonte: Sinan On-line (banco de dados atualizado em 27/01/2025). Dados sujeitos a alteração.
4","Mapa de Sorotipos Dengue SE 01 a SE 04/2025 Chikungunya Nas SE 01 a 04 de 2025, foram notificados 8.498 casos prováveis de chikungunya, correspondendo a um coeficiente de incidência de 4,2 casos/100mil habitantes. Quando comparado ao mesmo período de 2024, observa-se uma redução de 71,9% no número de casos prováveis. As Regiões Geográficas que apresentam os maiores coeficientes de incidência são Centro-Oeste e Sudeste. Entre as UFs, Mato Grosso, Mato Grosso do Sul apresentam as maiores incidências. Foram confirmados 03 óbitos no período, todos no estado do Mato Grosso. Encontram-se em investigação 11 óbitos até o momento, nas Regiões Nordeste, Sudeste e Centro-Oeste. O número de casos prováveis de chikungunya no Brasil encontra-se abaixo do limite inferior do canal endêmico do diagrama de controle1, considerando a série histórica. A estimativa nowcasting2 encontra-se dentro do canal endêmico. Fonte: Sinan On-line (banco de dados atualizado em 27/01/2025). Dados sujeitos a alteração.",1,narrativa,Mapa de Sorotipos Dengue SE 01 a SE 04/2025
Informe Semanal nº 01 - COE Dengue e outras Arboviroses - SE 1 a 4  - 27 de janeiro.pdf,1,1,4,2025,2025-01-27,5,0,200,"INFORME SEMANAL No 01
SE 01 a 04/2025 (27/01/2025)
Diagrama de controle
Coeficiente de Incidência e óbitos
Fonte: Sinan On-line (banco de dados atualizado em 27/01/2025). Dados sujeitos a alteração.
5",Diagrama de controle Coeficiente de Incidência e óbitos Fonte: Sinan On-line (banco de dados atualizado em 27/01/2025). Dados sujeitos a alteração.,0,,
Informe Semanal nº 01 - COE Dengue e outras Arboviroses - SE 1 a 4  - 27 de janeiro.pdf,1,1,4,2025,2025-01-27,6,0,1543,"INFORME SEMANAL No 01
SE 01 a 04/2025 (27/01/2025)
Zika
Entre as Semanas Epidemiológicas 01 e 03 de 2025, foram
notificados 168 casos prováveis de Zika no Brasil, com coeficiente de
incidência de 0,1 casos por 100 mil habitantes. Quando comparado ao
mesmo período de 2024, observa-se uma redução de 38,5%. Em relação
às gestantes, foram notificados 48 casos prováveis, sendo confirmadas três
até o momento. Não foram confirmados óbitos por Zika no período.
As Regiões Norte e Sudeste apresentaram os maiores
coeficientes de incidência. Em relação às UFs, os maiores coeficientes de
incidência estão no Espírito Santo, Acre e Tocantins.
O número de casos prováveis de Zika no Brasil, assim como a
estimativa nowcasting1, encontram-se abaixo dos limites do canal
endêmico do diagrama de controle1, considerando a série histórica.
Diagrama de controle2 Incidência e gestantes
1O nowcasting (linha tracejada vermelha) corrige os atrasos inerentes aos sistemas de vigilância epidemiológica e
estimaonúmerodecasosemumdeterminadomomento,considerandoosdadosdisponíveiseascaracterísticasdo
processodenotificação,contribuindoparaaantecipaçãodaavaliaçãodatendênciadealtaoubaixadaincidência.
2Odiagramadecontroleéumaferramentagráficaquepermiteacompanharavariaçãodocoeficientedeincidência
(linha azul) de uma determinada doença ao longo do tempo em relação ao canal endêmico, que define a faixa de
variaçãoesperadaparaaincidênciadadoençacombaseemdadoshistóricos.
Fonte: Sinan On-line (banco de dados atualizado em 27/01/2025). Dados sujeitos a alteração.
6","Zika Entre as Semanas Epidemiológicas 01 e 03 de 2025, foram notificados 168 casos prováveis de Zika no Brasil, com coeficiente de incidência de 0,1 casos por 100 mil habitantes. Quando comparado ao mesmo período de 2024, observa-se uma redução de 38,5%. Em relação às gestantes, foram notificados 48 casos prováveis, sendo confirmadas três até o momento. Não foram confirmados óbitos por Zika no período. As Regiões Norte e Sudeste apresentaram os maiores coeficientes de incidência. Em relação às UFs, os maiores coeficientes de incidência estão no Espírito Santo, Acre e Tocantins. O número de casos prováveis de Zika no Brasil, assim como a estimativa nowcasting1, encontram-se abaixo dos limites do canal endêmico do diagrama de controle1, considerando a série histórica. Diagrama de controle2 Incidência e gestantes 1O nowcasting (linha tracejada vermelha) corrige os atrasos inerentes aos sistemas de vigilância epidemiológica e estimaonúmerodecasosemumdeterminadomomento,considerandoosdadosdisponíveiseascaracterísticasdo processodenotificação,contribuindoparaaantecipaçãodaavaliaçãodatendênciadealtaoubaixadaincidência. 2Odiagramadecontroleéumaferramentagráficaquepermiteacompanharavariaçãodocoeficientedeincidência (linha azul) de uma determinada doença ao longo do tempo em relação ao canal endêmico, que define a faixa de variaçãoesperadaparaaincidênciadadoençacombaseemdadoshistóricos. Fonte: Sinan On-line (banco de dados atualizado em 27/01/2025). Dados sujeitos a alteração.",0,,
Informe Semanal nº 01 - COE Dengue e outras Arboviroses - SE 1 a 4  - 27 de janeiro.pdf,1,1,4,2025,2025-01-27,7,0,980,"INFORME SEMANAL No 01
SE 01 a 04/2025 (27/01/2025)
Dengue
(Incidência)
68,6 21
-57,9%
CASOS/100 MIL HAB. ÓBITOS
Em relação
ao número
139.241 Casos prováveis Óbitos em
160 de casos
investigação
no mesmo
Casos graves e com
1.082
período de
sinais de alarme 1,9% Letalidade1
2024
Chikungunya
(Incidência)
4,2 3
-71,9%
CASOS/100 MIL HAB. ÓBITOS
Em relação
ao número
Óbitos em
8.498 Casos prováveis 11 de casos
investigação
no mesmo
período de
0,04% Letalidade2 2024
Zika
(Incidência)
0,1 0
-38,5%
CASOS/100 MIL HAB. ÓBITOS
Em relação
ao número
168 Casos prováveis 48 de casos
no mesmo
período de
CASOS PROVÁVEIS
2024
EM GESTANTES
1Para o cálculo da letalidade, foram considerados no denominador os casos de dengue grave e de dengue com sinais de
alarme.
2Paraocálculodaletalidade,foramconsideradosnodenominadoroscasosprováveisdechikungunya.
FONTE:: Sinan On-line (banco de dados atualizado em 16/01/2024); Sinan NET (banco de dados atualizado em
26/12/2023).Dadossujeitosaalteração.
7","Dengue (Incidência) 68,6 21 -57,9% CASOS/100 MIL HAB. ÓBITOS Em relação ao número 139.241 Casos prováveis Óbitos em 160 de casos investigação no mesmo Casos graves e com 1.082 período de sinais de alarme 1,9% Letalidade1 2024 Chikungunya (Incidência) 4,2 3 -71,9% CASOS/100 MIL HAB. ÓBITOS Em relação ao número Óbitos em 8.498 Casos prováveis 11 de casos investigação no mesmo período de 0,04% Letalidade2 2024 Zika (Incidência) 0,1 0 -38,5% CASOS/100 MIL HAB. ÓBITOS Em relação ao número 168 Casos prováveis 48 de casos no mesmo período de CASOS PROVÁVEIS 2024 EM GESTANTES 1Para o cálculo da letalidade, foram considerados no denominador os casos de dengue grave e de dengue com sinais de alarme. 2Paraocálculodaletalidade,foramconsideradosnodenominadoroscasosprováveisdechikungunya. FONTE:: Sinan On-line (banco de dados atualizado em 16/01/2024); Sinan NET (banco de dados atualizado em 26/12/2023).Dadossujeitosaalteração.",1,narrativa,"Dengue (Incidência) 68,6 21 -57,9% CASOS/100 MIL HAB. ÓBITOS Em relação ao número 139.241 Casos prováveis Óbitos em 160 de casos investigação no mesmo Casos graves e com 1.082 período de sinais de alarme 1,9% Letalidade1 2024"
Informe Semanal nº 01 - COE Dengue e outras Arboviroses - SE 1 a 4  - 27 de janeiro.pdf,1,1,4,2025,2025-01-27,8,0,1332,"INFORME SEMANAL No 01
SE 01 a 04/2025 (27/01/2025)
Oropouche
Situação Epidemiológica
Entre as SE 01 e 04/2025, foram confirmados 2.791 casos de Oropouche no
Brasil,o que representa um aumento de 74% quando comparado com o mesmo período
do ano anterior, em que foram registrados 1.596 casos de Oropouche (SE 01 a 04/2024).
Não foram notificados óbitos suspeitos em 2025.
1.000 936936
V900
O
R800
O
700
s
ie
600
v
509
á
t c500
e 410
t e400
d
s300
e
m200
a
x
E100
0
1 2 3 4 5 6 7 8 910111213141516171819202122232425262728293031323334353637383940414243444546474849505152
Semana epidemiológica de início dos sintomas
2024 2025
Os casos identificados estão distribuídos de maneira equitativa entre os
sexos, com 53,3% das detecções em indivíduos do sexo masculino. As faixas etárias de 20
a 59 anos concentraram 70,6% dos casos. Entre os menores de 1 ano, foram registrados 2
casos, sendo 1 no Espírito Santo e 1 no Rio de Janeiro.
≥ 80 anos 25 28
70 a 79 anos 65 73
60 a 69 anos 149 162
50 a 59 anos 197 220
a
ir 40 a 49 anos 248 289
á
t 30 a 39 anos 246 280
e
a 20 a 29 anos 236 254
x
ia
15 a 19 anos 63 99
F
10 a 14 anos 46 49
05 a 09 anos 23 23
01 a 04 anos 4 9
< 1 ano 2
300 200 100 0 100 200 300
Exames detectáveis OROV
Feminino Masculino
Fonte: Sinan On-line (banco de dados atualizado em 27/01/2025). Dados sujeitos a alteração.
8","Oropouche Situação Epidemiológica Entre as SE 01 e 04/2025, foram confirmados 2.791 casos de Oropouche no Brasil,o que representa um aumento de 74% quando comparado com o mesmo período do ano anterior, em que foram registrados 1.596 casos de Oropouche (SE 01 a 04/2024). Não foram notificados óbitos suspeitos em 2025. 1.000 936936 V900 O R800 O 700 s ie 600 v 509 á t c500 e 410 t e400 d s300 e m200 a x E100 0 1 2 3 4 5 6 7 8 910111213141516171819202122232425262728293031323334353637383940414243444546474849505152 Semana epidemiológica de início dos sintomas 2024 2025 Os casos identificados estão distribuídos de maneira equitativa entre os sexos, com 53,3% das detecções em indivíduos do sexo masculino. As faixas etárias de 20 a 59 anos concentraram 70,6% dos casos. Entre os menores de 1 ano, foram registrados 2 casos, sendo 1 no Espírito Santo e 1 no Rio de Janeiro. ≥ 80 anos 25 28 70 a 79 anos 65 73 60 a 69 anos 149 162 50 a 59 anos 197 220 a ir 40 a 49 anos 248 289 á t 30 a 39 anos 246 280 e a 20 a 29 anos 236 254 x ia 15 a 19 anos 63 99 F 10 a 14 anos 46 49 05 a 09 anos 23 23 01 a 04 anos 4 9 < 1 ano 2 300 200 100 0 100 200 300 Exames detectáveis OROV Feminino Masculino Fonte: Sinan On-line (banco de dados atualizado em 27/01/2025). Dados sujeitos a alteração.",0,,
Informe Semanal nº 01 - COE Dengue e outras Arboviroses - SE 1 a 4  - 27 de janeiro.pdf,1,1,4,2025,2025-01-27,9,0,581,"INFORME SEMANAL No 01
SE 01 a 04/2025 (27/01/2025)
Oropouche
Número de casos por UF de local provável de infecção
A UF com maior número de casos confirmados de Oropouche é o Espírito Santo
(n=2.652), cujo aumento vem ocorrendo desde o segundo semestre de 2024. Outras Unidades
Federativas que se destacam em relação ao aumento dos casos de Oropouche são Rio de
Janeiro (n=99) e Minas Gerais (n=30), Transmissão ativa foi registrada em 2025 também em
Roraima, Ceará, e Paraíba.
FONTE:GerenciadordeAmbiente Laboratorial(GAL). Dadosatualizadosaté27/01/2024.Dadossujeitosaalterações.
9","Oropouche Número de casos por UF de local provável de infecção A UF com maior número de casos confirmados de Oropouche é o Espírito Santo (n=2.652), cujo aumento vem ocorrendo desde o segundo semestre de 2024. Outras Unidades Federativas que se destacam em relação ao aumento dos casos de Oropouche são Rio de Janeiro (n=99) e Minas Gerais (n=30), Transmissão ativa foi registrada em 2025 também em Roraima, Ceará, e Paraíba. FONTE:GerenciadordeAmbiente Laboratorial(GAL). Dadosatualizadosaté27/01/2024.Dadossujeitosaalterações.",0,,
Informe Semanal nº 01 - COE Dengue e outras Arboviroses - SE 1 a 4  - 27 de janeiro.pdf,1,1,4,2025,2025-01-27,10,0,804,"INFORME SEMANAL No 01
SE 01 a 04/2025 (27/01/2025)
CASOS CONFIRMADOS DE OROPOUCHE POR UF DE LOCAL PROVÁVEL DE INFECÇÃO,
BRASIL, 2024 E 2025.
Casos confirmados (n)
Região/UF 2024 2025
SE 01 a SE 04 SE 01 a SE 04
Norte 1596 1
Rondônia 294 0
Acre 123 0
Amazonas 1168 0
Roraima 4 1
Pará 7 0
Amapá 0 0
Tocantins 0 0
Nordeste 0 8
Maranhão 0 0
Piauí 0 0
Ceará 0 1
Rio Grande do Norte 0 0
Paraíba 0 7
Pernambuco 0 0
Alagoas 0 0
Sergipe 0 0
Bahia 0 0
Sudeste 0 2.781
Minas Gerais 0 30
Espírito Santo 0 2.652
Rio de Janeiro 0 99
São Paulo 0 0
Sul 0 0
Paraná 0 0
Santa Catarina 0 0
Rio Grande do Sul 0 0
Centro-Oeste 0 0
Mato Grosso do Sul 0 0
Mato Grosso 0 0
Goiás 0 0
Distrito Federal 0 0
Brasil 1.596 2.790
FONTE:GerenciadordeAmbiente Laboratorial(GAL). Dadosatualizadosaté27/01/2024.Dadossujeitosaalterações.
10","CASOS CONFIRMADOS DE OROPOUCHE POR UF DE LOCAL PROVÁVEL DE INFECÇÃO, BRASIL, 2024 E 2025. Casos confirmados (n) Região/UF 2024 2025 SE 01 a SE 04 SE 01 a SE 04 Norte 1596 1 Rondônia 294 0 Acre 123 0 Amazonas 1168 0 Roraima 4 1 Pará 7 0 Amapá 0 0 Tocantins 0 0 Nordeste 0 8 Maranhão 0 0 Piauí 0 0 Ceará 0 1 Rio Grande do Norte 0 0 Paraíba 0 7 Pernambuco 0 0 Alagoas 0 0 Sergipe 0 0 Bahia 0 0 Sudeste 0 2.781 Minas Gerais 0 30 Espírito Santo 0 2.652 Rio de Janeiro 0 99 São Paulo 0 0 Sul 0 0 Paraná 0 0 Santa Catarina 0 0 Rio Grande do Sul 0 0 Centro-Oeste 0 0 Mato Grosso do Sul 0 0 Mato Grosso 0 0 Goiás 0 0 Distrito Federal 0 0 Brasil 1.596 2.790 FONTE:GerenciadordeAmbiente Laboratorial(GAL). Dadosatualizadosaté27/01/2024.Dadossujeitosaalterações.",0,,
Informe Semanal nº 01 - COE Dengue e outras Arboviroses - SE 1 a 4  - 27 de janeiro.pdf,1,1,4,2025,2025-01-27,11,0,605,"INFORME SEMANAL No 01
SE 01 a 04/2025 (27/01/2025)
Febre Amarela
Situação Epidemiológica
Durante o período de monitoramento 2023/2024 (julho a junho), a
transmissão do vírus em PNH foi registrada nos estados de Minas Gerais e Rio Grande
do Sul. No mesmo período, a transmissão do vírus em humanos foi documentada nos
estados do Amazonas, Roraima, Pará, Minas Gerais e São Paulo.
Monitoramento 2024/2025 (atual)
FIGURA 01: Municípios com detecção do vírus da Febre Amarela em PNH e Casos Humanos,
monitoramento 2024/2025.
FONTE:SINAN,SISS-Geo,GAL. Dadosatualizadosaté28/01/2024.Dadossujeitosaalterações.
11","Febre Amarela Situação Epidemiológica Durante o período de monitoramento 2023/2024 (julho a junho), a transmissão do vírus em PNH foi registrada nos estados de Minas Gerais e Rio Grande do Sul. No mesmo período, a transmissão do vírus em humanos foi documentada nos estados do Amazonas, Roraima, Pará, Minas Gerais e São Paulo. Monitoramento 2024/2025 (atual) FIGURA 01: Municípios com detecção do vírus da Febre Amarela em PNH e Casos Humanos, monitoramento 2024/2025. FONTE:SINAN,SISS-Geo,GAL. Dadosatualizadosaté28/01/2024.Dadossujeitosaalterações.",0,,
Informe Semanal nº 01 - COE Dengue e outras Arboviroses - SE 1 a 4  - 27 de janeiro.pdf,1,1,4,2025,2025-01-27,12,0,1000,"INFORME SEMANAL No 01
SE 01 a 04/2025 (27/01/2025)
Febre Amarela
Situação Epidemiológica
No período de monitoramento 2024/2025 (atual), os registros de
transmissão do vírus em PNH ocorreram em São Paulo [26] (Bragança Paulista [01],
Colina [01], Pedra Bela [02], Ribeirão Preto [21] e Pinhalzinho [01]), Minas Gerais [03]
(Ipuiúna [02] e Toledo [01]), Roraima [01] (Alto Alegre) e Tocantins [02] (Palmas).
No mesmo período, foram confirmados casos humanos com locais
prováveis de infecção em São Paulo [07] (Socorro [04], Joanópolis [02] e Tuiuti [01]) e
em Minas Gerais [01] (Camanducaia). Destes, 04 casos evoluíram para o óbito, todos
no estado de São Paulo (Tabela 01). Entre os casos, cinco (62,5%) eram do sexo
masculino, com idades entre 21 e 73 anos. Nenhum dos indivíduos era vacinado.
Tabela 1. Estados com detecção do vírus da Febre Amarela em PNH e humanos durante o
.
períododemonitoramento 2024/2025
FONTE:SINAN,SISS-Geo,GAL. Dadosatualizadosaté28/01/2024.Dadossujeitosaalterações.
.
12","Febre Amarela Situação Epidemiológica No período de monitoramento 2024/2025 (atual), os registros de transmissão do vírus em PNH ocorreram em São Paulo [26] (Bragança Paulista [01], Colina [01], Pedra Bela [02], Ribeirão Preto [21] e Pinhalzinho [01]), Minas Gerais [03] (Ipuiúna [02] e Toledo [01]), Roraima [01] (Alto Alegre) e Tocantins [02] (Palmas). No mesmo período, foram confirmados casos humanos com locais prováveis de infecção em São Paulo [07] (Socorro [04], Joanópolis [02] e Tuiuti [01]) e em Minas Gerais [01] (Camanducaia). Destes, 04 casos evoluíram para o óbito, todos no estado de São Paulo (Tabela 01). Entre os casos, cinco (62,5%) eram do sexo masculino, com idades entre 21 e 73 anos. Nenhum dos indivíduos era vacinado. Tabela 1. Estados com detecção do vírus da Febre Amarela em PNH e humanos durante o . períododemonitoramento 2024/2025 FONTE:SINAN,SISS-Geo,GAL. Dadosatualizadosaté28/01/2024.Dadossujeitosaalterações. .",0,,
Informe Semanal nº 01 - COE Dengue e outras Arboviroses - SE 1 a 4  - 27 de janeiro.pdf,1,1,4,2025,2025-01-27,13,0,2456,"INFORME SEMANAL No 01
SE 01 a 04/2025 (27/01/2025)
Ações realizadas
Preparação
• Realização de Oficina de Atualização e Discussão dos Modelos de Risco de Febre
Amarela e Definição de Áreas Prioritárias para as Ações de Vigilância e Imunização
em agosto de 2024.
• Realização de Oficina em outubro de 2024, com municípios de MG e SP, para reforçar
estratégias de vigilância e vacinação de febre amarela para enfrentar o risco de
novos casos da doença, em meio ao cenário epidemiológico nos dois estados,
• Publicação do Guia de Manejo de Chikungunya 2ª edição, em dezembro de 2024
https://www.gov.br/saude/pt-br/centrais-de-conteudo/publicacoes/guias-e-
manuais/2024/guia-chikungunya-manejo-clinico-2o-edicao.pdf;
• Publicação de Nota de Alerta acerca do aumento de casos de dengue e
chikungunya no Brasil no período 2024/2025 e recomendações a gestores
considerando o momento de troca de gestão, esta nota destinasse, em especial, aos
novos gestores municipais - https://www.gov.br/saude/pt-br/centrais-de-
conteudo/publicacoes/estudos-e-notas-informativas/2025/nota-informativa-no-32025-
cgar-bdedt-svsa-ms.pdf;
• Publicação do Plano de Contingência Nacional para dengue, chikungunya e Zika em
janeiro de 2025 https://www.gov.br/saude/pt-br/centrais-de-
conteudo/publicacoes/guias-e-manuais/2025/plano-de-contingencia-nacional-para-
dengue-chikungunya-e-zika.pdf.
Resposta
• Instalação do COE Dengue e outras Arboviroses através da portaria GM/MS nº 6.531, de
8 de Janeiro de 2025 (https://www.in.gov.br/en/web/dou/-/portaria-gm/ms-n-6.531-de-8-
de-janeiro-de-2025-606511630);
• Publicação da nota Informativa N° 35/2024 que atualiza o cenário epidemiológico da
Febre Amarela e apresenta os resultados da Oficina do Grupo de Modelagem de Febre
Amarela (GRUMFA), destacando os municípios prioritários para a intensificação das
ações de vigilância e imunização durante o período sazonal do monitoramento
-
2024/2025 - https://www.gov.br/saude/pt-br/assuntos/saude-de-a-a-z/f/febre- do Sul,
Espírito Santo, para apoiar as ações de Vigilância e Controle das arboviroses;
• Visitas técnicas aos estados do Acre, Amazonas, Roraima, Amapá, Espírito Santo, São
Paulo (São José do Rio Preto/SP), Paraná (Foz do Iguaçu/PR) e Rio Grande do Sul, para
apoiar as ações de Vigilância e Controle das arboviroses (https://www.gov.br/saude/pt-
br/assuntos/noticias/2025/janeiro/ministerio-da-saude-reforca-monitoramento-e-acoes-
de-controle-da-dengue-em-quatro-estados);
13","Ações realizadas Preparação • Realização de Oficina de Atualização e Discussão dos Modelos de Risco de Febre Amarela e Definição de Áreas Prioritárias para as Ações de Vigilância e Imunização em agosto de 2024. • Realização de Oficina em outubro de 2024, com municípios de MG e SP, para reforçar estratégias de vigilância e vacinação de febre amarela para enfrentar o risco de novos casos da doença, em meio ao cenário epidemiológico nos dois estados, • Publicação do Guia de Manejo de Chikungunya 2ª edição, em dezembro de 2024 https://www.gov.br/saude/pt-br/centrais-de-conteudo/publicacoes/guias-emanuais/2024/guia-chikungunya-manejo-clinico-2o-edicao.pdf; • Publicação de Nota de Alerta acerca do aumento de casos de dengue e chikungunya no Brasil no período 2024/2025 e recomendações a gestores considerando o momento de troca de gestão, esta nota destinasse, em especial, aos novos gestores municipais - https://www.gov.br/saude/pt-br/centrais-deconteudo/publicacoes/estudos-e-notas-informativas/2025/nota-informativa-no-32025cgar-bdedt-svsa-ms.pdf; • Publicação do Plano de Contingência Nacional para dengue, chikungunya e Zika em janeiro de 2025 https://www.gov.br/saude/pt-br/centrais-deconteudo/publicacoes/guias-e-manuais/2025/plano-de-contingencia-nacional-paradengue-chikungunya-e-zika.pdf. Resposta • Instalação do COE Dengue e outras Arboviroses através da portaria GM/MS nº 6.531, de 8 de Janeiro de 2025 (https://www.in.gov.br/en/web/dou/-/portaria-gm/ms-n-6.531-de-8de-janeiro-de-2025-606511630); • Publicação da nota Informativa N° 35/2024 que atualiza o cenário epidemiológico da Febre Amarela e apresenta os resultados da Oficina do Grupo de Modelagem de Febre Amarela (GRUMFA), destacando os municípios prioritários para a intensificação das ações de vigilância e imunização durante o período sazonal do monitoramento - 2024/2025 - https://www.gov.br/saude/pt-br/assuntos/saude-de-a-a-z/f/febre- do Sul, Espírito Santo, para apoiar as ações de Vigilância e Controle das arboviroses; • Visitas técnicas aos estados do Acre, Amazonas, Roraima, Amapá, Espírito Santo, São Paulo (São José do Rio Preto/SP), Paraná (Foz do Iguaçu/PR) e Rio Grande do Sul, para apoiar as ações de Vigilância e Controle das arboviroses (https://www.gov.br/saude/ptbr/assuntos/noticias/2025/janeiro/ministerio-da-saude-reforca-monitoramento-e-acoesde-controle-da-dengue-em-quatro-estados);",0,,
Informe Semanal nº 01 - COE Dengue e outras Arboviroses - SE 1 a 4  - 27 de janeiro.pdf,1,1,4,2025,2025-01-27,14,0,1761,"INFORME SEMANAL No 01
SE 01 a 04/2025 (27/01/2025)
• Apoio técnico ao município de Ribeirão Preto/SP para apoiar a investigação de
eventos suspeitos e confirmados (PNH) de febre amarela;
• Distribuição de 6,5 milhões de testes rápidos (NS1) para diagnóstico da dengue
(https://www.gov.br/saude/pt-br/assuntos/noticias/2025/janeiro/ministerio-da-saude-
anuncia-distribuicao-de-6-5-milhoes-de-testes-rapidos-ineditos-para-dengue);
• Publicação Nota Técnica Conjunta da Secretaria de Vigilância em Saúde e Ambiente
e a Secretaria de Atenção Primária à Saúde, sobre recomendações de uso do teste
rápido dengue NS1 em Cassete (HANGZHOU ALLTEST Biotech) -
https://www.gov.br/saude/pt-br/centrais-de-conteudo/publicacoes/notas-
tecnicas/2025/nota-tecnica-conjunta-n-10-2025-svsa-saps-ms.pdf;
• Reuniões de mobilização com Conselhos Profissionais e Entidades Representativas;
• Reuniões de mobilização com Superintendências e Dirigentes Estaduais;
• Reunião com o Estado do Rio Grande do Sul sobre a situação epidemiológica das
arboviroses no Território Indígena Guarita;
• Nota Técnica Nº 1/2025-COVISI/CGGAS/DAPSI/SESAI/MS que Alerta acerca do período
sazonal da dengue e outras arboviroses no Brasil, no período 2024/2025, e reforça as
recomendações aos Distritos Sanitários Especiais Indígenas (DSEI) para intensificação
das ações de vigilância, prevenção e controle das arboviroses nas áreas indígenas;
• Webinário: Organização do Apoio do Grupo de Apoio Técnico Estratégico -
GATE https://www.youtube.com/watch?v=FhBKYTJvPHE;
• Webinário: Mais Médicos fortalecendo a APS no enfrentamento às
arboviroses https://www.youtube.com/live/PHfOZnDHKys;
• Webinário: Plano de Ação para Redução da Dengue e de Outras Arboviroses
https://www.youtube.com/live/BrVj7qTH16M.
14","• Apoio técnico ao município de Ribeirão Preto/SP para apoiar a investigação de eventos suspeitos e confirmados (PNH) de febre amarela; • Distribuição de 6,5 milhões de testes rápidos (NS1) para diagnóstico da dengue (https://www.gov.br/saude/pt-br/assuntos/noticias/2025/janeiro/ministerio-da-saudeanuncia-distribuicao-de-6-5-milhoes-de-testes-rapidos-ineditos-para-dengue); • Publicação Nota Técnica Conjunta da Secretaria de Vigilância em Saúde e Ambiente e a Secretaria de Atenção Primária à Saúde, sobre recomendações de uso do teste rápido dengue NS1 em Cassete (HANGZHOU ALLTEST Biotech) - https://www.gov.br/saude/pt-br/centrais-de-conteudo/publicacoes/notastecnicas/2025/nota-tecnica-conjunta-n-10-2025-svsa-saps-ms.pdf; • Reuniões de mobilização com Conselhos Profissionais e Entidades Representativas; • Reuniões de mobilização com Superintendências e Dirigentes Estaduais; • Reunião com o Estado do Rio Grande do Sul sobre a situação epidemiológica das arboviroses no Território Indígena Guarita; • Nota Técnica Nº 1/2025-COVISI/CGGAS/DAPSI/SESAI/MS que Alerta acerca do período sazonal da dengue e outras arboviroses no Brasil, no período 2024/2025, e reforça as recomendações aos Distritos Sanitários Especiais Indígenas (DSEI) para intensificação das ações de vigilância, prevenção e controle das arboviroses nas áreas indígenas; • Webinário: Organização do Apoio do Grupo de Apoio Técnico Estratégico - GATE https://www.youtube.com/watch?v=FhBKYTJvPHE; • Webinário: Mais Médicos fortalecendo a APS no enfrentamento às arboviroses https://www.youtube.com/live/PHfOZnDHKys; • Webinário: Plano de Ação para Redução da Dengue e de Outras Arboviroses https://www.youtube.com/live/BrVj7qTH16M.",0,,
Informe Semanal nº 01 - COE Dengue e outras Arboviroses - SE 1 a 4  - 27 de janeiro.pdf,1,1,4,2025,2025-01-27,15,0,471,"INFORME SEMANAL No 01
SE 01 a 04/2025 (27/01/2025)
Insumos distribuídos
Sorologia Inseticidas
126.048 Reações 11.866 Kg
de larvicida2
distribuídas1
858 Kg de adulticida
para PE2
Biologia Molecular ZDC
52.233 Reações 64.600 L de adulticida
distribuídas1 para UBV2
Testes rápidos
444.0550
Testes rápidos NS1
Vacina de dengue
160.000 Doses de vacinas da dengue para o
estado de São Paulo
1Dadosatualizadosem23/01/2024.Fonte:CGLAB.
2Dadosatualizadosem27/01/2025.Fonte:SIES
15",Insumos distribuídos Sorologia Inseticidas 126.048 Reações 11.866 Kg de larvicida2 distribuídas1 858 Kg de adulticida para PE2 Biologia Molecular ZDC 52.233 Reações 64.600 L de adulticida distribuídas1 para UBV2 Testes rápidos 444.0550 Testes rápidos NS1 Vacina de dengue 160.000 Doses de vacinas da dengue para o estado de São Paulo 1Dadosatualizadosem23/01/2024.Fonte:CGLAB. 2Dadosatualizadosem27/01/2025.Fonte:SIES,1,narrativa,Vacina de dengue 160.000 Doses de vacinas da dengue para o estado de São Paulo 1Dadosatualizadosem23/01/2024.Fonte:CGLAB. 2Dadosatualizadosem27/01/2025.Fonte:SIES
Informe Semanal nº 01 - COE Dengue e outras Arboviroses - SE 1 a 4  - 27 de janeiro.pdf,1,1,4,2025,2025-01-27,16,0,1367,"INFORME SEMANAL No 01
SE 01 a 04/2025 (27/01/2025)
Casos prováveis e incidência (por 100.000 habitantes) de dengue, SE 01 à SE 04, Brasil,
2024 e 2025
Casos prováveis (n) Coeficiente de incidência
Região/UF SE 01 à SE 04 SE 01 à SE 04
2024 2025 2024 2025
Norte 6.640 5.728 38,3 33,0
Rondônia 509 128 32,2 8,1
Acre 2.020 2.705 243,4 325,9
Amazonas 1.970 682 50,0 17,3
Roraima 33 48 5,2 7,5
Pará 1.151 1.515 14,2 18,7
Amapá 761 62 103,7 8,5
Tocantins 196 588 13,0 38,9
Nordeste 6.602 4.590 12,1 8,4
Maranhão 319 175 4,7 2,6
Piauí 457 167 14,0 5,1
Ceará 384 407 4,4 4,6
Rio Grande do Norte 523 443 15,8 13,4
Paraíba 334 412 8,4 10,4
Pernambuco 340 927 3,8 10,2
Alagoas 251 196 8,0 6,3
Sergipe 77 151 3,5 6,8
Bahia 3.917 1.712 27,7 12,1
Sudeste 203.922 101.631 240,3 119,8
Minas Gerais 123.028 13.692 599,0 66,7
Espírito Santo 7.034 3.780 183,5 98,6
Rio de Janeiro 25.030 2.118 155,9 13,2
São Paulo 48.830 82.041 109,9 184,7
Sul 40.541 12.864 135,4 43,0
Paraná 33.894 8.878 296,2 77,6
Santa Catarina 3.921 3.153 51,5 41,4
Rio Grande do Sul 2.726 833 25,1 7,7
Centro-Oeste 73.381 14.428 450,5 88,6
Mato Grosso do Sul 1.337 1.102 48,5 40,0
Mato Grosso 3.067 5.546 83,8 151,6
Goiás 20.545 6.209 291,2 88,0
Distrito Federal 48.432 1.571 1.719,2 55,8
Brasil 331.086 139.241 163,0 68,6
FONTE:SinanOn-lineeE-SUS VS(bancodedadosatualizadoem27/01/2025).Dadossujeitosaalteração.
16","Casos prováveis e incidência (por 100.000 habitantes) de dengue, SE 01 à SE 04, Brasil, 2024 e 2025 Casos prováveis (n) Coeficiente de incidência Região/UF SE 01 à SE 04 SE 01 à SE 04 2024 2025 2024 2025 Norte 6.640 5.728 38,3 33,0 Rondônia 509 128 32,2 8,1 Acre 2.020 2.705 243,4 325,9 Amazonas 1.970 682 50,0 17,3 Roraima 33 48 5,2 7,5 Pará 1.151 1.515 14,2 18,7 Amapá 761 62 103,7 8,5 Tocantins 196 588 13,0 38,9 Nordeste 6.602 4.590 12,1 8,4 Maranhão 319 175 4,7 2,6 Piauí 457 167 14,0 5,1 Ceará 384 407 4,4 4,6 Rio Grande do Norte 523 443 15,8 13,4 Paraíba 334 412 8,4 10,4 Pernambuco 340 927 3,8 10,2 Alagoas 251 196 8,0 6,3 Sergipe 77 151 3,5 6,8 Bahia 3.917 1.712 27,7 12,1 Sudeste 203.922 101.631 240,3 119,8 Minas Gerais 123.028 13.692 599,0 66,7 Espírito Santo 7.034 3.780 183,5 98,6 Rio de Janeiro 25.030 2.118 155,9 13,2 São Paulo 48.830 82.041 109,9 184,7 Sul 40.541 12.864 135,4 43,0 Paraná 33.894 8.878 296,2 77,6 Santa Catarina 3.921 3.153 51,5 41,4 Rio Grande do Sul 2.726 833 25,1 7,7 Centro-Oeste 73.381 14.428 450,5 88,6 Mato Grosso do Sul 1.337 1.102 48,5 40,0 Mato Grosso 3.067 5.546 83,8 151,6 Goiás 20.545 6.209 291,2 88,0 Distrito Federal 48.432 1.571 1.719,2 55,8 Brasil 331.086 139.241 163,0 68,6 FONTE:SinanOn-lineeE-SUS VS(bancodedadosatualizadoem27/01/2025).Dadossujeitosaalteração.",1,tabela,"Casos prováveis e incidência (por 100.000 habitantes) de dengue, SE 01 à SE 04, Brasil, 2024 e 2025 Casos prováveis (n) Coeficiente de incidência Região/UF SE 01 à SE 04 SE 01 à SE 04 2024 2025 2024 2025 Norte 6.640 5.728 38,3 33,0 Rondônia 509 128 32,2 8,1 Acre 2.020 2.705 243,4 325,9 Amazonas 1.970 682 50,0 17,3 Roraima 33 48 5,2 7,5 Pará 1.151 1.515 14,2 18,7 Amapá 761 62 103,7 8,5 Tocantins 196 588 13,0 38,9 Nordeste 6.602 4.590 12,1 8,4 Maranhão 319 175 4,7 2,6 Piauí 457 167 14,0 5,1 Ceará 384 407 4,4 4,6 Rio Grande do Norte 523 443 15,8 13,4 Paraíba 334 412 8,4 10,4 Pernambuco 340 927 3,8 10,2 Alagoas 251 196 8,0 6,3 Sergipe 77 151 3,5 6,8 Bahia 3.917 1.712 27,7 12,1 Sudeste 203.922 101.631 240,3 119,8 Minas Gerais 123.028 13.692 599,0 66,7 Espírito Santo 7.034 3.780 183,5 98,6 Rio de Janeiro 25.030 2.118 155,9 13,2 São Paulo 48.830 82.041 109,9 184,7 Sul 40.541 12.864 135,4 43,0 Paraná 33.894 8.878 296,2 77,6 Santa Catarina 3.921 3.153 51,5 41,4 Rio Grande do Sul 2.726 833 25,1 7,7 Centro-Oeste 73.381 14.428 450,5 88,6 Mato Grosso do Sul 1.337 1.102 48,5 40,0 Mato Grosso 3.067 5.546 83,8 151,6 Goiás 20.545 6.209 291,2 88,0 Distrito Federal 48.432 1.571 1.719,2 55,8 Brasil 331.086 139.241 163,0 68,6 FONTE:SinanOn-lineeE-SUS VS(bancodedadosatualizadoem27/01/2025).Dadossujeitosaalteração."
Informe Semanal nº 01 - COE Dengue e outras Arboviroses - SE 1 a 4  - 27 de janeiro.pdf,1,1,4,2025,2025-01-27,17,0,1011,"INFORME SEMANAL No 01
SE 01 a 04/2025 (27/01/2025)
Número de dengue grave e com sinais de alarme, SE 01 à SE 04, Brasil, 2024 e 2025
Dengue grave (n) Dengue com sinais de alarme (n)
Região/UF SE 01 à SE 04 SE 01 à SE 04
2024 2025 2024 2025
Norte 7 3 40 17
Rondônia 2 0 2 0
Acre 0 0 0 2
Amazonas 4 0 17 3
Roraima 0 0 1 1
Pará 0 1 14 10
Amapá 0 2 1 0
Tocantins 1 0 5 1
Nordeste 6 3 156 26
Maranhão 0 1 8 0
Piauí 0 0 11 1
Ceará 0 0 7 1
Rio Grande do Norte 1 0 4 0
Paraíba 1 0 1 2
Pernambuco 1 0 3 0
Alagoas 0 1 6 1
Sergipe 0 0 2 4
Bahia 3 1 114 17
Sudeste 215 55 2.591 718
Minas Gerais 102 15 1.074 131
Espírito Santo 10 0 170 12
Rio de Janeiro 29 2 496 24
São Paulo 74 38 851 551
Sul 45 1 919 65
Paraná 35 1 772 55
Santa Catarina 7 0 108 3
Rio Grande do Sul 3 0 39 7
Centro-Oeste 110 11 2.039 183
Mato Grosso do Sul 3 0 21 26
Mato Grosso 6 3 63 13
Goiás 43 8 378 139
Distrito Federal 58 0 1577 5
Brasil 383 73 5.745 1.009
FONTE:SinanOn-lineeE-SUS VS(bancodedadosatualizadoem27/01/2025).Dadossujeitosaalteração.
17","Número de dengue grave e com sinais de alarme, SE 01 à SE 04, Brasil, 2024 e 2025 Dengue grave (n) Dengue com sinais de alarme (n) Região/UF SE 01 à SE 04 SE 01 à SE 04 2024 2025 2024 2025 Norte 7 3 40 17 Rondônia 2 0 2 0 Acre 0 0 0 2 Amazonas 4 0 17 3 Roraima 0 0 1 1 Pará 0 1 14 10 Amapá 0 2 1 0 Tocantins 1 0 5 1 Nordeste 6 3 156 26 Maranhão 0 1 8 0 Piauí 0 0 11 1 Ceará 0 0 7 1 Rio Grande do Norte 1 0 4 0 Paraíba 1 0 1 2 Pernambuco 1 0 3 0 Alagoas 0 1 6 1 Sergipe 0 0 2 4 Bahia 3 1 114 17 Sudeste 215 55 2.591 718 Minas Gerais 102 15 1.074 131 Espírito Santo 10 0 170 12 Rio de Janeiro 29 2 496 24 São Paulo 74 38 851 551 Sul 45 1 919 65 Paraná 35 1 772 55 Santa Catarina 7 0 108 3 Rio Grande do Sul 3 0 39 7 Centro-Oeste 110 11 2.039 183 Mato Grosso do Sul 3 0 21 26 Mato Grosso 6 3 63 13 Goiás 43 8 378 139 Distrito Federal 58 0 1577 5 Brasil 383 73 5.745 1.009 FONTE:SinanOn-lineeE-SUS VS(bancodedadosatualizadoem27/01/2025).Dadossujeitosaalteração.",1,tabela,"Número de dengue grave e com sinais de alarme, SE 01 à SE 04, Brasil, 2024 e 2025 Dengue grave (n) Dengue com sinais de alarme (n) Região/UF SE 01 à SE 04 SE 01 à SE 04 2024 2025 2024 2025 Norte 7 3 40 17 Rondônia 2 0 2 0 Acre 0 0 0 2 Amazonas 4 0 17 3 Roraima 0 0 1 1 Pará 0 1 14 10 Amapá 0 2 1 0 Tocantins 1 0 5 1 Nordeste 6 3 156 26 Maranhão 0 1 8 0 Piauí 0 0 11 1 Ceará 0 0 7 1 Rio Grande do Norte 1 0 4 0 Paraíba 1 0 1 2 Pernambuco 1 0 3 0 Alagoas 0 1 6 1 Sergipe 0 0 2 4 Bahia 3 1 114 17 Sudeste 215 55 2.591 718 Minas Gerais 102 15 1.074 131 Espírito Santo 10 0 170 12 Rio de Janeiro 29 2 496 24 São Paulo 74 38 851 551 Sul 45 1 919 65 Paraná 35 1 772 55 Santa Catarina 7 0 108 3 Rio Grande do Sul 3 0 39 7 Centro-Oeste 110 11 2.039 183 Mato Grosso do Sul 3 0 21 26 Mato Grosso 6 3 63 13 Goiás 43 8 378 139 Distrito Federal 58 0 1577 5 Brasil 383 73 5.745 1.009 FONTE:SinanOn-lineeE-SUS VS(bancodedadosatualizadoem27/01/2025).Dadossujeitosaalteração."
Informe Semanal nº 01 - COE Dengue e outras Arboviroses - SE 1 a 4  - 27 de janeiro.pdf,1,1,4,2025,2025-01-27,18,0,1293,"INFORME SEMANAL No 01
SE 01 a 04/2025 (27/01/2025)
Número de óbitos confirmados, letalidade e óbitos em investigação por dengue, SE 01
à SE 04, Brasil, 2024 e 2025
Óbitos confirmados (n) Taxa de Letalidade Óbitos em Investigação
Região/UF SE 01 à SE 04 SE 01 à SE 04 SE 01 à SE 04
2024 2025 2024 2025 2024 2025
Norte 7 3 14,9 15,0 0 1
Rondônia 2 0 50,0 0,0 0 0
Acre 0 1 0,0 0,0 0 0
Amazonas 3 0 14,3 0,0 0 0
Roraima 0 0 0,0 0,0 0 0
Pará 0 1 0,0 0,0 0 0
Amapá 1 1 100,0 0,0 0 1
Tocantins 1 0 16,7 0,0 0 0
Nordeste 5 1 3,1 3,4 0 9
Maranhão 0 0 0,0 0,0 0 3
Piauí 0 0 0,0 0,0 0 0
Ceará 0 0 0,0 0,0 0 0
Rio Grande do Norte 0 0 0,0 0,0 0 0
Paraíba 1 0 50,0 0,0 0 1
Pernambuco 0 0 0,0 0,0 0 2
Alagoas 0 0 0,0 0,0 0 0
Sergipe 1 0 50,0 0,0 0 0
Bahia 3 1 2,6 5,6 0 3
Sudeste 144 16 5,1 2,1 20 130
Minas Gerais 86 2 7,3 1,4 18 8
Espírito Santo 4 0 2,2 0,0 0 0
Rio de Janeiro 18 0 3,4 0,0 0 8
São Paulo 36 14 3,9 2,4 2 114
Sul 40 0 4,1 0,0 0 9
Paraná 33 0 4,1 0,0 0 7
Santa Catarina 5 0 4,3 0,0 0 0
Rio Grande do Sul 2 0 4,8 0,0 0 2
Centro-Oeste 101 1 4,7 0,5 0 11
Mato Grosso do Sul 2 0 8,3 0,0 0 0
Mato Grosso 2 0 2,9 0,0 0 3
Goiás 33 1 7,8 0,7 0 7
Distrito Federal 64 0 3,9 0,0 0 1
Brasil 297 21 4,8 1,9 20 160
FONTE:SinanOn-lineeE-SUS VS(bancodedadosatualizadoem27/01/2025).Dadossujeitosaalteração.
18","Número de óbitos confirmados, letalidade e óbitos em investigação por dengue, SE 01 à SE 04, Brasil, 2024 e 2025 Óbitos confirmados (n) Taxa de Letalidade Óbitos em Investigação Região/UF SE 01 à SE 04 SE 01 à SE 04 SE 01 à SE 04 2024 2025 2024 2025 2024 2025 Norte 7 3 14,9 15,0 0 1 Rondônia 2 0 50,0 0,0 0 0 Acre 0 1 0,0 0,0 0 0 Amazonas 3 0 14,3 0,0 0 0 Roraima 0 0 0,0 0,0 0 0 Pará 0 1 0,0 0,0 0 0 Amapá 1 1 100,0 0,0 0 1 Tocantins 1 0 16,7 0,0 0 0 Nordeste 5 1 3,1 3,4 0 9 Maranhão 0 0 0,0 0,0 0 3 Piauí 0 0 0,0 0,0 0 0 Ceará 0 0 0,0 0,0 0 0 Rio Grande do Norte 0 0 0,0 0,0 0 0 Paraíba 1 0 50,0 0,0 0 1 Pernambuco 0 0 0,0 0,0 0 2 Alagoas 0 0 0,0 0,0 0 0 Sergipe 1 0 50,0 0,0 0 0 Bahia 3 1 2,6 5,6 0 3 Sudeste 144 16 5,1 2,1 20 130 Minas Gerais 86 2 7,3 1,4 18 8 Espírito Santo 4 0 2,2 0,0 0 0 Rio de Janeiro 18 0 3,4 0,0 0 8 São Paulo 36 14 3,9 2,4 2 114 Sul 40 0 4,1 0,0 0 9 Paraná 33 0 4,1 0,0 0 7 Santa Catarina 5 0 4,3 0,0 0 0 Rio Grande do Sul 2 0 4,8 0,0 0 2 Centro-Oeste 101 1 4,7 0,5 0 11 Mato Grosso do Sul 2 0 8,3 0,0 0 0 Mato Grosso 2 0 2,9 0,0 0 3 Goiás 33 1 7,8 0,7 0 7 Distrito Federal 64 0 3,9 0,0 0 1 Brasil 297 21 4,8 1,9 20 160 FONTE:SinanOn-lineeE-SUS VS(bancodedadosatualizadoem27/01/2025).Dadossujeitosaalteração.",1,tabela,"Número de óbitos confirmados, letalidade e óbitos em investigação por dengue, SE 01 à SE 04, Brasil, 2024 e 2025 Óbitos confirmados (n) Taxa de Letalidade Óbitos em Investigação Região/UF SE 01 à SE 04 SE 01 à SE 04 SE 01 à SE 04 2024 2025 2024 2025 2024 2025 Norte 7 3 14,9 15,0 0 1 Rondônia 2 0 50,0 0,0 0 0 Acre 0 1 0,0 0,0 0 0 Amazonas 3 0 14,3 0,0 0 0 Roraima 0 0 0,0 0,0 0 0 Pará 0 1 0,0 0,0 0 0 Amapá 1 1 100,0 0,0 0 1 Tocantins 1 0 16,7 0,0 0 0 Nordeste 5 1 3,1 3,4 0 9 Maranhão 0 0 0,0 0,0 0 3 Piauí 0 0 0,0 0,0 0 0 Ceará 0 0 0,0 0,0 0 0 Rio Grande do Norte 0 0 0,0 0,0 0 0 Paraíba 1 0 50,0 0,0 0 1 Pernambuco 0 0 0,0 0,0 0 2 Alagoas 0 0 0,0 0,0 0 0 Sergipe 1 0 50,0 0,0 0 0 Bahia 3 1 2,6 5,6 0 3 Sudeste 144 16 5,1 2,1 20 130 Minas Gerais 86 2 7,3 1,4 18 8 Espírito Santo 4 0 2,2 0,0 0 0 Rio de Janeiro 18 0 3,4 0,0 0 8 São Paulo 36 14 3,9 2,4 2 114 Sul 40 0 4,1 0,0 0 9 Paraná 33 0 4,1 0,0 0 7 Santa Catarina 5 0 4,3 0,0 0 0 Rio Grande do Sul 2 0 4,8 0,0 0 2 Centro-Oeste 101 1 4,7 0,5 0 11 Mato Grosso do Sul 2 0 8,3 0,0 0 0 Mato Grosso 2 0 2,9 0,0 0 3 Goiás 33 1 7,8 0,7 0 7 Distrito Federal 64 0 3,9 0,0 0 1 Brasil 297 21 4,8 1,9 20 160 FONTE:SinanOn-lineeE-SUS VS(bancodedadosatualizadoem27/01/2025).Dadossujeitosaalteração."
Informe Semanal nº 01 - COE Dengue e outras Arboviroses - SE 1 a 4  - 27 de janeiro.pdf,1,1,4,2025,2025-01-27,19,0,1194,"INFORME SEMANAL No 01
SE 01 a 04/2025 (27/01/2025)
Casos prováveis e incidência (por 100.000 habitantes) de chikungunya, SE 01 à SE 04,
Brasil, 2024 e 2025
Casos Prováveis Coeficiente de Incidência
Região/UF SE 01 à SE 04 SE 01 à SE 04
2024 2025 2024 2025
Norte 249 198 1,4 1,1
Rondônia 15 22 0,9 1,4
Acre 76 43 9,2 5,2
Amazonas 6 10 0,2 0,3
Roraima 1 6 0,2 0,9
Pará 93 60 1,1 0,7
Amapá 37 16 5,0 2,2
Tocantins 21 41 1,4 2,7
Nordeste 796 440 1,5 0,8
Maranhão 29 30 0,4 0,4
Piauí 27 7 0,8 0,2
Ceará 48 52 0,5 0,6
Rio Grande do Norte 104 61 3,1 1,8
Paraíba 72 26 1,8 0,7
Pernambuco 101 119 1,1 1,3
Alagoas 32 3 1,0 0,1
Sergipe 27 7 1,2 0,3
Bahia 356 135 2,5 1,0
Sudeste 27.182 3.773 32,0 4,4
Minas Gerais 25.465 1.402 124,0 6,8
Espírito Santo 462 1 12,1 0,0
Rio de Janeiro 430 129 2,7 0,8
São Paulo 825 2.241 1,9 5,0
Sul 59 234 0,2 0,8
Paraná 39 206 0,3 1,8
Santa Catarina 6 18 0,1 0,2
Rio Grande do Sul 14 10 0,1 0,1
Centro-Oeste 1.914 3.853 11,8 23,7
Mato Grosso do Sul 96 610 3,5 22,1
Mato Grosso 368 3.091 10,1 84,5
Goiás 1.406 135 19,9 1,9
Distrito Federal 44 17 1,6 0,6
Brasil 30.200 8.498 14,9 4,2
FONTE:SinanOn-lineeE-SUS VS(bancodedadosatualizadoem27/01/2025).Dadossujeitosaalteração.
19","Casos prováveis e incidência (por 100.000 habitantes) de chikungunya, SE 01 à SE 04, Brasil, 2024 e 2025 Casos Prováveis Coeficiente de Incidência Região/UF SE 01 à SE 04 SE 01 à SE 04 2024 2025 2024 2025 Norte 249 198 1,4 1,1 Rondônia 15 22 0,9 1,4 Acre 76 43 9,2 5,2 Amazonas 6 10 0,2 0,3 Roraima 1 6 0,2 0,9 Pará 93 60 1,1 0,7 Amapá 37 16 5,0 2,2 Tocantins 21 41 1,4 2,7 Nordeste 796 440 1,5 0,8 Maranhão 29 30 0,4 0,4 Piauí 27 7 0,8 0,2 Ceará 48 52 0,5 0,6 Rio Grande do Norte 104 61 3,1 1,8 Paraíba 72 26 1,8 0,7 Pernambuco 101 119 1,1 1,3 Alagoas 32 3 1,0 0,1 Sergipe 27 7 1,2 0,3 Bahia 356 135 2,5 1,0 Sudeste 27.182 3.773 32,0 4,4 Minas Gerais 25.465 1.402 124,0 6,8 Espírito Santo 462 1 12,1 0,0 Rio de Janeiro 430 129 2,7 0,8 São Paulo 825 2.241 1,9 5,0 Sul 59 234 0,2 0,8 Paraná 39 206 0,3 1,8 Santa Catarina 6 18 0,1 0,2 Rio Grande do Sul 14 10 0,1 0,1 Centro-Oeste 1.914 3.853 11,8 23,7 Mato Grosso do Sul 96 610 3,5 22,1 Mato Grosso 368 3.091 10,1 84,5 Goiás 1.406 135 19,9 1,9 Distrito Federal 44 17 1,6 0,6 Brasil 30.200 8.498 14,9 4,2 FONTE:SinanOn-lineeE-SUS VS(bancodedadosatualizadoem27/01/2025).Dadossujeitosaalteração.",0,,
Informe Semanal nº 01 - COE Dengue e outras Arboviroses - SE 1 a 4  - 27 de janeiro.pdf,1,1,4,2025,2025-01-27,20,0,944,"INFORME SEMANAL No 01
SE 01 a 04/2025 (27/01/2025)
Número de óbitos confirmados de chikungunya, e óbitos em investigação, SE 01 à SE
04, Brasil, 2024 e 2025
Óbitos confirmados Óbitos em Investigação
Região/UF SE 01 à SE 04 SE 01 à SE 04
2024 2025 2024 2025
Norte 1 0 0 0
Rondônia 0 0 0 0
Acre 0 0 0 0
Amazonas 0 0 0 0
Roraima 0 0 0 0
Pará 0 0 0 0
Amapá 1 0 0 0
Tocantins 0 0 0 0
Nordeste 3 0 0 5
Maranhão 0 0 0 2
Piauí 0 0 0 0
Ceará 0 0 0 0
Rio Grande do Norte 0 0 0 1
Paraíba 1 0 0 0
Pernambuco 0 0 0 2
Alagoas 0 0 0 0
Sergipe 0 0 0 0
Bahia 2 0 0 0
Sudeste 24 0 3 4
Minas Gerais 21 0 3 0
Espírito Santo 0 0 0 0
Rio de Janeiro 0 0 0 0
São Paulo 3 0 0 4
Sul 0 0 0 0
Paraná 0 0 0 0
Santa Catarina 0 0 0 0
Rio Grande do Sul 0 0 0 0
Centro-Oeste 3 3 0 2
Mato Grosso do Sul 0 0 0 0
Mato Grosso 0 3 0 2
Goiás 3 0 0 0
Distrito Federal 0 0 0 0
Brasil 31 3 3 11
FONTE:SinanOn-lineeE-SUS VS(bancodedadosatualizadoem27/01/2025).Dadossujeitosaalteração.
20","Número de óbitos confirmados de chikungunya, e óbitos em investigação, SE 01 à SE 04, Brasil, 2024 e 2025 Óbitos confirmados Óbitos em Investigação Região/UF SE 01 à SE 04 SE 01 à SE 04 2024 2025 2024 2025 Norte 1 0 0 0 Rondônia 0 0 0 0 Acre 0 0 0 0 Amazonas 0 0 0 0 Roraima 0 0 0 0 Pará 0 0 0 0 Amapá 1 0 0 0 Tocantins 0 0 0 0 Nordeste 3 0 0 5 Maranhão 0 0 0 2 Piauí 0 0 0 0 Ceará 0 0 0 0 Rio Grande do Norte 0 0 0 1 Paraíba 1 0 0 0 Pernambuco 0 0 0 2 Alagoas 0 0 0 0 Sergipe 0 0 0 0 Bahia 2 0 0 0 Sudeste 24 0 3 4 Minas Gerais 21 0 3 0 Espírito Santo 0 0 0 0 Rio de Janeiro 0 0 0 0 São Paulo 3 0 0 4 Sul 0 0 0 0 Paraná 0 0 0 0 Santa Catarina 0 0 0 0 Rio Grande do Sul 0 0 0 0 Centro-Oeste 3 3 0 2 Mato Grosso do Sul 0 0 0 0 Mato Grosso 0 3 0 2 Goiás 3 0 0 0 Distrito Federal 0 0 0 0 Brasil 31 3 3 11 FONTE:SinanOn-lineeE-SUS VS(bancodedadosatualizadoem27/01/2025).Dadossujeitosaalteração.",0,,
Informe Semanal nº 01 - COE Dengue e outras Arboviroses - SE 1 a 4  - 27 de janeiro.pdf,1,1,4,2025,2025-01-27,21,0,1088,"INFORME SEMANAL No 01
SE 01 a 04/2025 (27/01/2025)
Casos prováveis e incidência (por 100.000 habitantes) de Zika, SE 01 à SE 03, Brasil,
2024 e 2025.
Casos Prováveis Coeficiente de Incidência
Região/UF SE 01 à SE 04 SE 01 à SE 04
2024 2025 2024 2025
Norte 41 24 0,2 0,1
Rondônia 6 0 0,4 0,0
Acre 11 15 1,3 1,8
Amazonas 11 0 0,3 0,0
Roraima 1 0 0,2 0,0
Pará 2 0 0,0 0,0
Amapá 6 0 0,8 0,0
Tocantins 4 9 0,3 0,6
Nordeste 108 15 0,2 0,0
Maranhão 9 0 0,1 0,0
Piauí 1 0 0,0 0,0
Ceará 5 1 0,1 0,0
Rio Grande do
Norte 31 9 0,9 0,3
Paraíba 6 0 0,2 0,0
Pernambuco 5 4 0,1 0,0
Alagoas 6 0 0,2 0,0
Sergipe 3 0 0,1 0,0
Bahia 42 1 0,3 0,0
Sudeste 60 124 0,1 0,1
Minas Gerais 14 3 0,1 0,0
Espírito Santo 42 112 1,1 2,9
Rio de Janeiro 0 0 0,0 0,0
São Paulo 4 9 0,0 0,0
Sul 3 4 0,0 0,0
Paraná 0 3 0,0 0,0
Santa Catarina 1 1 0,0 0,0
Rio Grande do
Sul 2 0 0,0 0,0
Centro-Oeste 61 1 0,4 0,0
Mato Grosso do
Sul 5 0 0,2 0,0
Mato Grosso 45 0 1,2 0,0
Goiás 9 0 0,1 0,0
Distrito Federal 2 1 0,1 0,0
Brasil 273 168 0,1 0,1
FONTE:SinanOn-lineeE-SUS VS(bancodedadosatualizadoem27/01/2025).Dadossujeitosaalteração.
21","Casos prováveis e incidência (por 100.000 habitantes) de Zika, SE 01 à SE 03, Brasil, 2024 e 2025. Casos Prováveis Coeficiente de Incidência Região/UF SE 01 à SE 04 SE 01 à SE 04 2024 2025 2024 2025 Norte 41 24 0,2 0,1 Rondônia 6 0 0,4 0,0 Acre 11 15 1,3 1,8 Amazonas 11 0 0,3 0,0 Roraima 1 0 0,2 0,0 Pará 2 0 0,0 0,0 Amapá 6 0 0,8 0,0 Tocantins 4 9 0,3 0,6 Nordeste 108 15 0,2 0,0 Maranhão 9 0 0,1 0,0 Piauí 1 0 0,0 0,0 Ceará 5 1 0,1 0,0 Rio Grande do Norte 31 9 0,9 0,3 Paraíba 6 0 0,2 0,0 Pernambuco 5 4 0,1 0,0 Alagoas 6 0 0,2 0,0 Sergipe 3 0 0,1 0,0 Bahia 42 1 0,3 0,0 Sudeste 60 124 0,1 0,1 Minas Gerais 14 3 0,1 0,0 Espírito Santo 42 112 1,1 2,9 Rio de Janeiro 0 0 0,0 0,0 São Paulo 4 9 0,0 0,0 Sul 3 4 0,0 0,0 Paraná 0 3 0,0 0,0 Santa Catarina 1 1 0,0 0,0 Rio Grande do Sul 2 0 0,0 0,0 Centro-Oeste 61 1 0,4 0,0 Mato Grosso do Sul 5 0 0,2 0,0 Mato Grosso 45 0 1,2 0,0 Goiás 9 0 0,1 0,0 Distrito Federal 2 1 0,1 0,0 Brasil 273 168 0,1 0,1 FONTE:SinanOn-lineeE-SUS VS(bancodedadosatualizadoem27/01/2025).Dadossujeitosaalteração.",0,,
Informe Semanal nº 02 - COE Dengue e outras Arboviroses - SE 1 a 8 - 24 de fevereiro.pdf,2,1,8,2025,2025-02-24,1,0,45,"SE 01 a 08/2025
No 02
24 de fevereiro de 2025",SE 01 a 08/2025 No 02 24 de fevereiro de 2025,0,,
Informe Semanal nº 02 - COE Dengue e outras Arboviroses - SE 1 a 8 - 24 de fevereiro.pdf,2,1,8,2025,2025-02-24,2,0,1700,"INFORME SEMANAL No 02
SE 01 a 08/2025 (24/02/2025)
Introdução
Os dados de dengue e chikungunya apresentados neste informe
referem-se às semanas epidemiológicas (SE) 01 a 08 de 2025. Para Zika, os
dados apresentados são do período da SE 01 a SE 05 de 2025. Os dados são
comparados ao mesmo período de 2024.
Os dados detalhados dos anos de 2023 a 2025 podem ser acessados
em: https://www.gov.br/saude/pt-br/assuntos/saude-de-a-a-z/a/aedes-
aegypti/monitoramento-das-arboviroses.
Situação Epidemiológica
Dengue
Nas SE 01 a 08 de 2025, foram notificados 401.408 casos prováveis de
dengue, correspondendo a um coeficiente de incidência de 197,7 casos/100
mil habitantes. Quando comparado com o mesmo período de 2024,
observa-se uma redução de 68,2% no número de casos prováveis.
As regiões geográficas que apresentam os maiores coeficientes de
incidência são Sudeste, Centro-Oeste e Sul.
Entre as Unidades Federativas (UF), Acre, São Paulo, e Mato Grosso
apresentam as maiores incidências. Os maiores números de casos graves
concentram-se nas regiões Sudeste, Centro-Oeste e Sul. Os óbitos
concentram-se na região Sudeste. Foram confirmados 160 óbitos no período,
e 377 estão em investigação.
Foi identificada a circulação de três sorotipos do vírus dengue (DENV-1,
DENV-2 e DENV-3), com aumento da proporção de DENV-3 desde o último
trimestre de 2024.
O número de casos prováveis de dengue no Brasil encontra-se dentro
dos limites do canal endêmico do diagrama de controle, considerando a
série histórica. No entanto, a estimativa nowcasting indica tendência de alta
no número de casos acima do limite esperado.
Fonte: SinanOn-line (banco de dados atualizado em 24/02/2025). Dados sujeitos a alteração.
2","Introdução Os dados de dengue e chikungunya apresentados neste informe referem-se às semanas epidemiológicas (SE) 01 a 08 de 2025. Para Zika, os dados apresentados são do período da SE 01 a SE 05 de 2025. Os dados são comparados ao mesmo período de 2024. Os dados detalhados dos anos de 2023 a 2025 podem ser acessados em: https://www.gov.br/saude/pt-br/assuntos/saude-de-a-a-z/a/aedesaegypti/monitoramento-das-arboviroses. Situação Epidemiológica Dengue Nas SE 01 a 08 de 2025, foram notificados 401.408 casos prováveis de dengue, correspondendo a um coeficiente de incidência de 197,7 casos/100 mil habitantes. Quando comparado com o mesmo período de 2024, observa-se uma redução de 68,2% no número de casos prováveis. As regiões geográficas que apresentam os maiores coeficientes de incidência são Sudeste, Centro-Oeste e Sul. Entre as Unidades Federativas (UF), Acre, São Paulo, e Mato Grosso apresentam as maiores incidências. Os maiores números de casos graves concentram-se nas regiões Sudeste, Centro-Oeste e Sul. Os óbitos concentram-se na região Sudeste. Foram confirmados 160 óbitos no período, e 377 estão em investigação. Foi identificada a circulação de três sorotipos do vírus dengue (DENV-1, DENV-2 e DENV-3), com aumento da proporção de DENV-3 desde o último trimestre de 2024. O número de casos prováveis de dengue no Brasil encontra-se dentro dos limites do canal endêmico do diagrama de controle, considerando a série histórica. No entanto, a estimativa nowcasting indica tendência de alta no número de casos acima do limite esperado. Fonte: SinanOn-line (banco de dados atualizado em 24/02/2025). Dados sujeitos a alteração.",1,narrativa,"Dengue Nas SE 01 a 08 de 2025, foram notificados 401.408 casos prováveis de dengue, correspondendo a um coeficiente de incidência de 197,7 casos/100 mil habitantes. Quando comparado com o mesmo período de 2024, observa-se uma redução de 68,2% no número de casos prováveis. As regiões geográficas que apresentam os maiores coeficientes de incidência são Sudeste, Centro-Oeste e Sul. Entre as Unidades Federativas (UF), Acre, São Paulo, e Mato Grosso apresentam as maiores incidências. Os maiores números de casos graves concentram-se nas regiões Sudeste, Centro-Oeste e Sul. Os óbitos concentram-se na região Sudeste. Foram confirmados 160 óbitos no período, e 377 estão em investigação. Foi identificada a circulação de três sorotipos do vírus dengue (DENV-1, DENV-2 e DENV-3), com aumento da proporção de DENV-3 desde o último trimestre de 2024. O número de casos prováveis de dengue no Brasil encontra-se dentro dos limites do canal endêmico do diagrama de controle, considerando a série histórica. No entanto, a estimativa nowcasting indica tendência de alta no número de casos acima do limite esperado. Fonte: SinanOn-line (banco de dados atualizado em 24/02/2025). Dados sujeitos a alteração."
Informe Semanal nº 02 - COE Dengue e outras Arboviroses - SE 1 a 8 - 24 de fevereiro.pdf,2,1,8,2025,2025-02-24,3,0,199,"INFORME SEMANAL No 02
SE 01 a 08/2025 (24/02/2025)
Diagrama de controle
Coeficiente de Incidência e óbitos
Fonte: SinanOn-line (banco de dados atualizado em 24/02/2025). Dados sujeitos a alteração.
3",Diagrama de controle Coeficiente de Incidência e óbitos Fonte: SinanOn-line (banco de dados atualizado em 24/02/2025). Dados sujeitos a alteração.,1,narrativa,Diagrama de controle Coeficiente de Incidência e óbitos Fonte: SinanOn-line (banco de dados atualizado em 24/02/2025). Dados sujeitos a alteração.
Informe Semanal nº 02 - COE Dengue e outras Arboviroses - SE 1 a 8 - 24 de fevereiro.pdf,2,1,8,2025,2025-02-24,4,0,1124,"INFORME SEMANAL No 02
SE 01 a 08/2025 (24/02/2025)
Mapa de Sorotipos Dengue SE 01 a SE 08/2025
Chikungunya
Nas SE 01 a 08 de 2025, foram notificados 29.673 casos prováveis de
chikungunya, correspondendo a um coeficiente de incidência de 14,6
casos/100mil habitantes. Quando comparado ao mesmo período de
2024, observa-se uma redução de 65,7% no número de casos prováveis.
As regiões geográficas que apresentam os maiores coeficientes de
incidência são a Centro-Oeste e o Sudeste. Entre as UFs, Mato Grosso e Mato
Grosso do Sul apresentam as maiores incidências.
Foram confirmados 16 óbitos no período, 14 no estado do Mato Grosso,
1 em Minas Gerais e 1 em São Paulo. Encontram-se em investigação 29 óbitos
até o momento, sendo 14 deles na região Centro-Oeste.
O número de casos prováveis de chikungunya no Brasil encontra-se
abaixo do limite inferior do canal endêmico do diagrama de controle,
considerando a série histórica. No entanto, a estimativa nowcasting
indica tendência de alta no número de casos acima do limite esperado.
Fonte: SinanOn-line (banco de dados atualizado em 24/02/2025). Dados sujeitos a alteração.
4","Mapa de Sorotipos Dengue SE 01 a SE 08/2025 Chikungunya Nas SE 01 a 08 de 2025, foram notificados 29.673 casos prováveis de chikungunya, correspondendo a um coeficiente de incidência de 14,6 casos/100mil habitantes. Quando comparado ao mesmo período de 2024, observa-se uma redução de 65,7% no número de casos prováveis. As regiões geográficas que apresentam os maiores coeficientes de incidência são a Centro-Oeste e o Sudeste. Entre as UFs, Mato Grosso e Mato Grosso do Sul apresentam as maiores incidências. Foram confirmados 16 óbitos no período, 14 no estado do Mato Grosso, 1 em Minas Gerais e 1 em São Paulo. Encontram-se em investigação 29 óbitos até o momento, sendo 14 deles na região Centro-Oeste. O número de casos prováveis de chikungunya no Brasil encontra-se abaixo do limite inferior do canal endêmico do diagrama de controle, considerando a série histórica. No entanto, a estimativa nowcasting indica tendência de alta no número de casos acima do limite esperado. Fonte: SinanOn-line (banco de dados atualizado em 24/02/2025). Dados sujeitos a alteração.",1,narrativa,Mapa de Sorotipos Dengue SE 01 a SE 08/2025
Informe Semanal nº 02 - COE Dengue e outras Arboviroses - SE 1 a 8 - 24 de fevereiro.pdf,2,1,8,2025,2025-02-24,5,0,199,"INFORME SEMANAL No 02
SE 01 a 08/2025 (24/02/2025)
Diagrama de controle
Coeficiente de Incidência e óbitos
Fonte: SinanOn-line (banco de dados atualizado em 24/02/2025). Dados sujeitos a alteração.
5",Diagrama de controle Coeficiente de Incidência e óbitos Fonte: SinanOn-line (banco de dados atualizado em 24/02/2025). Dados sujeitos a alteração.,0,,
Informe Semanal nº 02 - COE Dengue e outras Arboviroses - SE 1 a 8 - 24 de fevereiro.pdf,2,1,8,2025,2025-02-24,6,0,1525,"INFORME SEMANAL No 02
SE 01 a 08/2025 (24/02/2025)
Zika
Entre as Semanas Epidemiológicas 01 e 05 de 2025, foram notificados
446 casos prováveis de Zika no Brasil, com coeficiente de incidência de 0,2
casos por 100 mil habitantes. Quando comparado ao mesmo período de
2024, observa-se um aumento de 15,2%. Em relação às gestantes, foram
notificados 121 casos que ainda estão em investigação. Não foram
confirmados óbitos por Zika no período.
As regiões Norte e Centro-Oeste apresentaram os maiores
coeficientes de incidência. Em relação às UFs, os maiores coeficientes de
incidência estão no Acre, Tocantins e Mato Grosso.
O número de casos prováveis de Zika no Brasil, assim como a
estimativa nowcasting1, encontram-se abaixo dos limites do canal
endêmico do diagrama de controle1, considerando a série histórica.
Diagrama de controle2 Incidência e gestantes
1O nowcasting (linha tracejada vermelha) corrige os atrasos inerentes aos sistemas de vigilância epidemiológica e
estimaonúmerodecasosemumdeterminadomomento,considerandoosdadosdisponíveiseascaracterísticasdo
processodenotificação,contribuindoparaaantecipaçãodaavaliaçãodatendênciadealtaoubaixadaincidência.
2Odiagramadecontroleéumaferramentagráficaquepermiteacompanharavariaçãodocoeficientedeincidência
(linha azul) de uma determinada doença ao longo do tempo em relação ao canal endêmico, que define a faixa de
variaçãoesperadaparaaincidênciadadoençacombaseemdadoshistóricos.
Fonte: Sinan-Net (banco de dados atualizado em 10/02/2025). Dados sujeitos a alteração.
6","Zika Entre as Semanas Epidemiológicas 01 e 05 de 2025, foram notificados 446 casos prováveis de Zika no Brasil, com coeficiente de incidência de 0,2 casos por 100 mil habitantes. Quando comparado ao mesmo período de 2024, observa-se um aumento de 15,2%. Em relação às gestantes, foram notificados 121 casos que ainda estão em investigação. Não foram confirmados óbitos por Zika no período. As regiões Norte e Centro-Oeste apresentaram os maiores coeficientes de incidência. Em relação às UFs, os maiores coeficientes de incidência estão no Acre, Tocantins e Mato Grosso. O número de casos prováveis de Zika no Brasil, assim como a estimativa nowcasting1, encontram-se abaixo dos limites do canal endêmico do diagrama de controle1, considerando a série histórica. Diagrama de controle2 Incidência e gestantes 1O nowcasting (linha tracejada vermelha) corrige os atrasos inerentes aos sistemas de vigilância epidemiológica e estimaonúmerodecasosemumdeterminadomomento,considerandoosdadosdisponíveiseascaracterísticasdo processodenotificação,contribuindoparaaantecipaçãodaavaliaçãodatendênciadealtaoubaixadaincidência. 2Odiagramadecontroleéumaferramentagráficaquepermiteacompanharavariaçãodocoeficientedeincidência (linha azul) de uma determinada doença ao longo do tempo em relação ao canal endêmico, que define a faixa de variaçãoesperadaparaaincidênciadadoençacombaseemdadoshistóricos. Fonte: Sinan-Net (banco de dados atualizado em 10/02/2025). Dados sujeitos a alteração.",0,,
Informe Semanal nº 02 - COE Dengue e outras Arboviroses - SE 1 a 8 - 24 de fevereiro.pdf,2,1,8,2025,2025-02-24,7,0,986,"INFORME SEMANAL No 02
SE 01 a 08/2025 (24/02/2025)
Dengue
(Incidência)
197,7 160
-68,2%
CASOS/100 MIL HAB. ÓBITOS
Em relação
ao número
401.408 Casos prováveis Óbitos em
377 de casos
investigação
no mesmo
Casos graves e com
4.014
período de
sinais de alarme 4,0% Letalidade1
2024
Chikungunya
(Incidência)
14,6 16
-65,7%
CASOS/100 MIL HAB. ÓBITOS
Em relação
ao número
Óbitos em
29.673 Casos prováveis 29 de casos
investigação
no mesmo
período de
0,05% Letalidade2 2024
Zika
(Incidência)
0,2 0
-15,2%
CASOS/100 MIL HAB. ÓBITOS
Em relação
ao número
446 Casos prováveis 121 de casos
no mesmo
período de
CASOS PROVÁVEIS
2024
EM GESTANTES
1Para o cálculo da letalidade, foram considerados no denominador os casos de dengue grave e de dengue com sinais de
alarme.
2Paraocálculodaletalidade,foramconsideradosnodenominadoroscasosprováveisdechikungunya.
FONTE:: Sinan On-line (banco de dados atualizado em 24/02/2024); Sinan NET (banco de dados atualizado em
10/02/2025).Dadossujeitosaalteração.
7","Dengue (Incidência) 197,7 160 -68,2% CASOS/100 MIL HAB. ÓBITOS Em relação ao número 401.408 Casos prováveis Óbitos em 377 de casos investigação no mesmo Casos graves e com 4.014 período de sinais de alarme 4,0% Letalidade1 2024 Chikungunya (Incidência) 14,6 16 -65,7% CASOS/100 MIL HAB. ÓBITOS Em relação ao número Óbitos em 29.673 Casos prováveis 29 de casos investigação no mesmo período de 0,05% Letalidade2 2024 Zika (Incidência) 0,2 0 -15,2% CASOS/100 MIL HAB. ÓBITOS Em relação ao número 446 Casos prováveis 121 de casos no mesmo período de CASOS PROVÁVEIS 2024 EM GESTANTES 1Para o cálculo da letalidade, foram considerados no denominador os casos de dengue grave e de dengue com sinais de alarme. 2Paraocálculodaletalidade,foramconsideradosnodenominadoroscasosprováveisdechikungunya. FONTE:: Sinan On-line (banco de dados atualizado em 24/02/2024); Sinan NET (banco de dados atualizado em 10/02/2025).Dadossujeitosaalteração.",1,narrativa,"Dengue (Incidência) 197,7 160 -68,2% CASOS/100 MIL HAB. ÓBITOS Em relação ao número 401.408 Casos prováveis Óbitos em 377 de casos investigação no mesmo Casos graves e com 4.014 período de sinais de alarme 4,0% Letalidade1 2024"
Informe Semanal nº 02 - COE Dengue e outras Arboviroses - SE 1 a 8 - 24 de fevereiro.pdf,2,1,8,2025,2025-02-24,8,0,995,"INFORME SEMANAL No 02
SE 01 a 08/2025 (24/02/2025)
Oropouche
Entre as SE 01 e 08/2025, foram confirmados 5.512 casos de Oropouche no Brasil, o
que representa um aumento de 64,5% quando comparado com o mesmo período do
ano anterior, em que foram registrados 3.350 casos de Oropouche (SE 01 a 08/2024). Até o
momento, foi identificado 1 óbito suspeito de Oropouche em 2025, no Espírito Santo.
CASOS DE OROPOUCHE POR SE DE INÍCIO DE SINTOMAS, BRASIL, 2024 E 2025
Os casos identificados estão distribuídos de maneira equitativa entre os sexos, com
52,8% das detecções em indivíduos do sexo masculino. As faixas etárias entre 20 e 59
anos concentraram 69,8% dos casos. Entre os menores de 1 ano, foram registrados 5
casos, sendo 4 no Espírito Santo e 1 no Rio de Janeiro. O caso no Espírito Santo, em
menor de 1 ano, tem informação de sexo ignorado.
CASOS DE OROPOUCHE POR SEXO E FAIXA ETÁRIA, BRASIL, 2025
Fonte: Sinan On-line (banco de dados atualizado em 24/02/2025). Dados sujeitos à alteração.
8","Oropouche Entre as SE 01 e 08/2025, foram confirmados 5.512 casos de Oropouche no Brasil, o que representa um aumento de 64,5% quando comparado com o mesmo período do ano anterior, em que foram registrados 3.350 casos de Oropouche (SE 01 a 08/2024). Até o momento, foi identificado 1 óbito suspeito de Oropouche em 2025, no Espírito Santo. CASOS DE OROPOUCHE POR SE DE INÍCIO DE SINTOMAS, BRASIL, 2024 E 2025 Os casos identificados estão distribuídos de maneira equitativa entre os sexos, com 52,8% das detecções em indivíduos do sexo masculino. As faixas etárias entre 20 e 59 anos concentraram 69,8% dos casos. Entre os menores de 1 ano, foram registrados 5 casos, sendo 4 no Espírito Santo e 1 no Rio de Janeiro. O caso no Espírito Santo, em menor de 1 ano, tem informação de sexo ignorado. CASOS DE OROPOUCHE POR SEXO E FAIXA ETÁRIA, BRASIL, 2025 Fonte: Sinan On-line (banco de dados atualizado em 24/02/2025). Dados sujeitos à alteração.",0,,
Informe Semanal nº 02 - COE Dengue e outras Arboviroses - SE 1 a 8 - 24 de fevereiro.pdf,2,1,8,2025,2025-02-24,9,0,1887,"INFORME SEMANAL No 02
SE 01 a 08/2025 (24/02/2025)
Oropouche
A UF com maior número de casos é o Espírito Santo (n= 4.643), cujo aumento vem
ocorrendo desde o segundo semestre de 2024. Destacam-se, ainda, o aumento dos casos no
Rio de Janeiro (n=485) e Paraíba (n=287). Transmissão ativa foi registrada em 2025 também
nos estados de Roraima, Amapá, Ceará e Minas Gerais.
Casos importados foram registrados no Pará, Mato Grosso, Goiás, Distrito Federal,
Piauí, Pernambuco, Bahia e São Paulo, cujos LPI foram atribuídos ao Espírito Santo, Rio de
Janeiro e Paraíba. Adicionalmente, foi identificado um caso com município de residência no
Paraná, cujo LPI está em investigação.
CASOS DE OROPOUCHE POR MUNICÍPIO DE RESIDÊNCIA, BRASIL, 2024 E 2025.
FONTE:GerenciadordeAmbiente Laboratorial(GAL). Dadosatualizadosaté24/02/2024.Dadossujeitosaalterações.
Febre Amarela
No período de monitoramento 2024/2025 (atual), os registros de
transmissão do vírus em PNH ocorreram no estado de São Paulo [38] (Amparo [01],
Bragança Paulista [01], Campinas [02], Colina [01], Joanópolis [03], Osasco
[01], Pedra Bela [01], Pinhalzinho [01], Pitangueiras [02], Ribeirão Preto [22], Serra Negra
[01], Socorro [01] e Valinhos [01]), Minas Gerais [07] (Córrego do Bom Jesus [01], Estiva
[01], Ipuiúna [02], Poço Fundo [01], Poços de Caldas [01] e Toledo [01]), Roraima [01]
(Alto Alegre) e Tocantins [02] (Palmas).
No mesmo período, foram confirmados casos humanos com locais prováveis de
infecção no estado de São Paulo [17] (Águas de São Pedro [01], Amparo [01], Brotas
[01], Caçapava [01], Campinas [02], Joanópolis [02], Pedra Bela [01], Piracaia [02],
Socorro [04], Tuiuti [01], Valinhos [01]), Minas Gerais [03] (Camanducaia[01], Cambuí [01]
Extrema [01]), Tocantins [01] (Monte do Carmo) e Pará (Breves [13], Cametá [01]).
FONTE:SINAN,SISS-Geo,GAL. Dadosatualizadosaté27/02/2025.Dadossujeitosaalterações.
9","Oropouche A UF com maior número de casos é o Espírito Santo (n= 4.643), cujo aumento vem ocorrendo desde o segundo semestre de 2024. Destacam-se, ainda, o aumento dos casos no Rio de Janeiro (n=485) e Paraíba (n=287). Transmissão ativa foi registrada em 2025 também nos estados de Roraima, Amapá, Ceará e Minas Gerais. Casos importados foram registrados no Pará, Mato Grosso, Goiás, Distrito Federal, Piauí, Pernambuco, Bahia e São Paulo, cujos LPI foram atribuídos ao Espírito Santo, Rio de Janeiro e Paraíba. Adicionalmente, foi identificado um caso com município de residência no Paraná, cujo LPI está em investigação. CASOS DE OROPOUCHE POR MUNICÍPIO DE RESIDÊNCIA, BRASIL, 2024 E 2025. FONTE:GerenciadordeAmbiente Laboratorial(GAL). Dadosatualizadosaté24/02/2024.Dadossujeitosaalterações. Febre Amarela No período de monitoramento 2024/2025 (atual), os registros de transmissão do vírus em PNH ocorreram no estado de São Paulo [38] (Amparo [01], Bragança Paulista [01], Campinas [02], Colina [01], Joanópolis [03], Osasco [01], Pedra Bela [01], Pinhalzinho [01], Pitangueiras [02], Ribeirão Preto [22], Serra Negra [01], Socorro [01] e Valinhos [01]), Minas Gerais [07] (Córrego do Bom Jesus [01], Estiva [01], Ipuiúna [02], Poço Fundo [01], Poços de Caldas [01] e Toledo [01]), Roraima [01] (Alto Alegre) e Tocantins [02] (Palmas). No mesmo período, foram confirmados casos humanos com locais prováveis de infecção no estado de São Paulo [17] (Águas de São Pedro [01], Amparo [01], Brotas [01], Caçapava [01], Campinas [02], Joanópolis [02], Pedra Bela [01], Piracaia [02], Socorro [04], Tuiuti [01], Valinhos [01]), Minas Gerais [03] (Camanducaia[01], Cambuí [01] Extrema [01]), Tocantins [01] (Monte do Carmo) e Pará (Breves [13], Cametá [01]). FONTE:SINAN,SISS-Geo,GAL. Dadosatualizadosaté27/02/2025.Dadossujeitosaalterações.",0,,
Informe Semanal nº 02 - COE Dengue e outras Arboviroses - SE 1 a 8 - 24 de fevereiro.pdf,2,1,8,2025,2025-02-24,10,0,748,"INFORME SEMANAL No 02
SE 01 a 08/2025 (24/02/2025)
Febre Amarela
Municípios com detecção do vírus da Febre Amarela em PNH e Casos Humanos,
monitoramento 2024/2025.
Destaca-se que três casos confirmados estão com LPI em investigação
(notificados por SP [01], MG [01 e PA [01]) e todos evoluíram para óbito. Sendo assim,
no Brasil, durante o período de monitoramento 2024/2025 (julho de 2024 até fevereiro
de 2025), foram confirmados 37 casos. Destes, 19 evoluíram para o óbito (estado de
São Paulo [12], Minas Gerais [01] e Pará [03])(Tabela 01). Entre os casos, 33 (89,2%) eram
do sexo masculino, com idades entre 16 e 73 anos. Nenhum dos indivíduos era
vacinado.
FONTE:SINAN,SISS-Geo,GAL. Dadosatualizadosaté27/02/2025.Dadossujeitosaalterações.
10","Febre Amarela Municípios com detecção do vírus da Febre Amarela em PNH e Casos Humanos, monitoramento 2024/2025. Destaca-se que três casos confirmados estão com LPI em investigação (notificados por SP [01], MG [01 e PA [01]) e todos evoluíram para óbito. Sendo assim, no Brasil, durante o período de monitoramento 2024/2025 (julho de 2024 até fevereiro de 2025), foram confirmados 37 casos. Destes, 19 evoluíram para o óbito (estado de São Paulo [12], Minas Gerais [01] e Pará [03])(Tabela 01). Entre os casos, 33 (89,2%) eram do sexo masculino, com idades entre 16 e 73 anos. Nenhum dos indivíduos era vacinado. FONTE:SINAN,SISS-Geo,GAL. Dadosatualizadosaté27/02/2025.Dadossujeitosaalterações.",0,,
Informe Semanal nº 02 - COE Dengue e outras Arboviroses - SE 1 a 8 - 24 de fevereiro.pdf,2,1,8,2025,2025-02-24,11,0,269,"INFORME SEMANAL No 02
SE 01 a 08/2025 (24/02/2025)
Febre Amarela
Tabela 1. Estados com detecção dovírus da Febre Amarela em PNH e humanos durante o
.
períododemonitoramento 2024/2025
FONTE:SINAN,SISS-Geo,GAL. Dadosatualizadosaté27/02/2025.Dadossujeitosaalterações.
*
11","Febre Amarela Tabela 1. Estados com detecção dovírus da Febre Amarela em PNH e humanos durante o . períododemonitoramento 2024/2025 FONTE:SINAN,SISS-Geo,GAL. Dadosatualizadosaté27/02/2025.Dadossujeitosaalterações. *",0,,
Informe Semanal nº 02 - COE Dengue e outras Arboviroses - SE 1 a 8 - 24 de fevereiro.pdf,2,1,8,2025,2025-02-24,12,0,2434,"INFORME SEMANAL No 02
SE 01 a 08/2025 (24/02/2025)
Ações realizadas
Preparação
• Realização de Oficina de Atualização e Discussão dos Modelos de Risco de Febre
Amarela e Definição de Áreas Prioritárias para as Ações de Vigilância e Imunização
em agosto de 2024.
• Realização de Oficina em outubro de 2024, com municípios de MG e SP, para reforçar
estratégias de vigilância e vacinação de febre amarela para enfrentar o risco de
novos casos da doença, em meio ao cenário epidemiológico nos dois estados,
• Publicação do Guia de Manejo de Chikungunya 2ª edição, em dezembro de 2024
https://www.gov.br/saude/pt-br/centrais-de-conteudo/publicacoes/guias-e-
manuais/2024/guia-chikungunya-manejo-clinico-2o-edicao.pdf;
• Publicação de Nota de Alerta acerca do aumento de casos de dengue e
chikungunya no Brasil no período 2024/2025 e recomendações a gestores
considerando o momento de troca de gestão, esta nota destinasse, em especial, aos
novos gestores municipais - https://www.gov.br/saude/pt-br/centrais-de-
conteudo/publicacoes/estudos-e-notas-informativas/2025/nota-informativa-no-32025-
cgar-bdedt-svsa-ms.pdf;
• Publicação do Plano de Contingência Nacional para dengue, chikungunya e Zika em
janeiro de 2025 https://www.gov.br/saude/pt-br/centrais-de-
conteudo/publicacoes/guias-e-manuais/2025/plano-de-contingencia-nacional-para-
dengue-chikungunya-e-zika.pdf.
Resposta
• Instalação do COE Dengue e outras Arboviroses através da portaria GM/MS nº 6.531, de
8 de Janeiro de 2025 (https://www.in.gov.br/en/web/dou/-/portaria-gm/ms-n-6.531-de-8-
de-janeiro-de-2025-606511630);
• Publicação da nota Informativa N° 35/2024 que atualiza o cenário epidemiológico da
Febre Amarela e apresenta os resultados da Oficina do Grupo de Modelagem de Febre
Amarela (GRUMFA), destacando os municípios prioritários para a intensificação das
ações de vigilância e imunização durante o período sazonal do monitoramento
2024/2025 (https://www.gov.br/saude/pt-br/centrais-de-conteudo/publicacoes/estudos-
e-notas-informativas/2024/nota-informativa-no-35-2024.pdf)
• Visitas técnicas aos estados do Acre, Amazonas, Roraima, Amapá, Espírito Santo, São
Paulo (São José do Rio Preto/SP), Paraná (Foz do Iguaçu/PR) e Rio Grande do Sul, para
apoiar as ações de Vigilância e Controle das arboviroses (https://www.gov.br/saude/pt-
br/assuntos/noticias/2025/janeiro/ministerio-da-saude-reforca-monitoramento-e-acoes-
de-controle-da-dengue-em-quatro-estados);
12","Ações realizadas Preparação • Realização de Oficina de Atualização e Discussão dos Modelos de Risco de Febre Amarela e Definição de Áreas Prioritárias para as Ações de Vigilância e Imunização em agosto de 2024. • Realização de Oficina em outubro de 2024, com municípios de MG e SP, para reforçar estratégias de vigilância e vacinação de febre amarela para enfrentar o risco de novos casos da doença, em meio ao cenário epidemiológico nos dois estados, • Publicação do Guia de Manejo de Chikungunya 2ª edição, em dezembro de 2024 https://www.gov.br/saude/pt-br/centrais-de-conteudo/publicacoes/guias-emanuais/2024/guia-chikungunya-manejo-clinico-2o-edicao.pdf; • Publicação de Nota de Alerta acerca do aumento de casos de dengue e chikungunya no Brasil no período 2024/2025 e recomendações a gestores considerando o momento de troca de gestão, esta nota destinasse, em especial, aos novos gestores municipais - https://www.gov.br/saude/pt-br/centrais-deconteudo/publicacoes/estudos-e-notas-informativas/2025/nota-informativa-no-32025cgar-bdedt-svsa-ms.pdf; • Publicação do Plano de Contingência Nacional para dengue, chikungunya e Zika em janeiro de 2025 https://www.gov.br/saude/pt-br/centrais-deconteudo/publicacoes/guias-e-manuais/2025/plano-de-contingencia-nacional-paradengue-chikungunya-e-zika.pdf. Resposta • Instalação do COE Dengue e outras Arboviroses através da portaria GM/MS nº 6.531, de 8 de Janeiro de 2025 (https://www.in.gov.br/en/web/dou/-/portaria-gm/ms-n-6.531-de-8de-janeiro-de-2025-606511630); • Publicação da nota Informativa N° 35/2024 que atualiza o cenário epidemiológico da Febre Amarela e apresenta os resultados da Oficina do Grupo de Modelagem de Febre Amarela (GRUMFA), destacando os municípios prioritários para a intensificação das ações de vigilância e imunização durante o período sazonal do monitoramento 2024/2025 (https://www.gov.br/saude/pt-br/centrais-de-conteudo/publicacoes/estudose-notas-informativas/2024/nota-informativa-no-35-2024.pdf) • Visitas técnicas aos estados do Acre, Amazonas, Roraima, Amapá, Espírito Santo, São Paulo (São José do Rio Preto/SP), Paraná (Foz do Iguaçu/PR) e Rio Grande do Sul, para apoiar as ações de Vigilância e Controle das arboviroses (https://www.gov.br/saude/ptbr/assuntos/noticias/2025/janeiro/ministerio-da-saude-reforca-monitoramento-e-acoesde-controle-da-dengue-em-quatro-estados);",0,,
Informe Semanal nº 02 - COE Dengue e outras Arboviroses - SE 1 a 8 - 24 de fevereiro.pdf,2,1,8,2025,2025-02-24,13,0,2250,"INFORME SEMANAL No 02
SE 01 a 08/2025 (24/02/2025)
• Apoio técnico ao município de Ribeirão Preto/SP para apoiar a investigação de
eventos suspeitos e confirmados (PNH) de febre amarela;
• Distribuição de 6,5 milhões de testes rápidos (NS1) para diagnóstico da dengue
(https://www.gov.br/saude/pt-br/assuntos/noticias/2025/janeiro/ministerio-da-saude-
anuncia-distribuicao-de-6-5-milhoes-de-testes-rapidos-ineditos-para-dengue);
• Publicação Nota Técnica Conjunta da Secretaria de Vigilância em Saúde e Ambiente
e a Secretaria de Atenção Primária à Saúde, sobre recomendações de uso do teste
rápido dengue NS1 em Cassete (HANGZHOU ALLTEST Biotech) -
https://www.gov.br/saude/pt-br/centrais-de-conteudo/publicacoes/notas-
tecnicas/2025/nota-tecnica-conjunta-n-10-2025-svsa-saps-ms.pdf;
• Reuniões de mobilização com Conselhos Profissionais e Entidades Representativas;
• Reuniões de mobilização com Superintendências e Dirigentes Estaduais;
• Reunião com o Estado do Rio Grande do Sul sobre a situação epidemiológica das
arboviroses no Território Indígena Guarita;
• Nota Técnica Nº 1/2025-COVISI/CGGAS/DAPSI/SESAI/MS que Alerta acerca do período
sazonal da dengue e outras arboviroses no Brasil, no período 2024/2025, e reforça as
recomendações aos Distritos Sanitários Especiais Indígenas (DSEI) para intensificação
das ações de vigilância, prevenção e controle das arboviroses nas áreas indígenas;
• Webinário: Organização do Apoio do Grupo de Apoio Técnico Estratégico -
GATE https://www.youtube.com/watch?v=FhBKYTJvPHE;
• Webinário: Mais Médicos fortalecendo a APS no enfrentamento às
arboviroses https://www.youtube.com/live/PHfOZnDHKys;
• Webinário: Plano de Ação para Redução da Dengue e de Outras Arboviroses
https://www.youtube.com/live/BrVj7qTH16M.
• Visita técnica ao Município de Campinas/SP e São José do Rio Preto/SP.
• Visita técnica ao Município de Joinville/SC para ampliação do método Wolbachia
• Participação no Conexão Minas-Saúde no estado de Minas Gerais
• Participação no encontro de Cooperação Bahia Saúde: Compartilhamento de
propostas para fortalecer a Gestão Municipal nas áreas prioritárias de Saúde no
estado da Bahia
• Webinário de Vigilância e Manejo Clínico da Febre
Amarela https://www.youtube.com/live/YEfchUpOXxA
13","• Apoio técnico ao município de Ribeirão Preto/SP para apoiar a investigação de eventos suspeitos e confirmados (PNH) de febre amarela; • Distribuição de 6,5 milhões de testes rápidos (NS1) para diagnóstico da dengue (https://www.gov.br/saude/pt-br/assuntos/noticias/2025/janeiro/ministerio-da-saudeanuncia-distribuicao-de-6-5-milhoes-de-testes-rapidos-ineditos-para-dengue); • Publicação Nota Técnica Conjunta da Secretaria de Vigilância em Saúde e Ambiente e a Secretaria de Atenção Primária à Saúde, sobre recomendações de uso do teste rápido dengue NS1 em Cassete (HANGZHOU ALLTEST Biotech) - https://www.gov.br/saude/pt-br/centrais-de-conteudo/publicacoes/notastecnicas/2025/nota-tecnica-conjunta-n-10-2025-svsa-saps-ms.pdf; • Reuniões de mobilização com Conselhos Profissionais e Entidades Representativas; • Reuniões de mobilização com Superintendências e Dirigentes Estaduais; • Reunião com o Estado do Rio Grande do Sul sobre a situação epidemiológica das arboviroses no Território Indígena Guarita; • Nota Técnica Nº 1/2025-COVISI/CGGAS/DAPSI/SESAI/MS que Alerta acerca do período sazonal da dengue e outras arboviroses no Brasil, no período 2024/2025, e reforça as recomendações aos Distritos Sanitários Especiais Indígenas (DSEI) para intensificação das ações de vigilância, prevenção e controle das arboviroses nas áreas indígenas; • Webinário: Organização do Apoio do Grupo de Apoio Técnico Estratégico - GATE https://www.youtube.com/watch?v=FhBKYTJvPHE; • Webinário: Mais Médicos fortalecendo a APS no enfrentamento às arboviroses https://www.youtube.com/live/PHfOZnDHKys; • Webinário: Plano de Ação para Redução da Dengue e de Outras Arboviroses https://www.youtube.com/live/BrVj7qTH16M. • Visita técnica ao Município de Campinas/SP e São José do Rio Preto/SP. • Visita técnica ao Município de Joinville/SC para ampliação do método Wolbachia • Participação no Conexão Minas-Saúde no estado de Minas Gerais • Participação no encontro de Cooperação Bahia Saúde: Compartilhamento de propostas para fortalecer a Gestão Municipal nas áreas prioritárias de Saúde no estado da Bahia • Webinário de Vigilância e Manejo Clínico da Febre Amarela https://www.youtube.com/live/YEfchUpOXxA",0,,
Informe Semanal nº 02 - COE Dengue e outras Arboviroses - SE 1 a 8 - 24 de fevereiro.pdf,2,1,8,2025,2025-02-24,14,0,2171,"• Apoio técnico ao município de Ribeirão Preto/SP para apoiar a investigação de
eventos suspeitos e confirmados (PNH) de febre amarela;
• Participação no Webinar sobre Febre Amarela: Novos desafios e a estratégia de
enfretamento no estado de São Paulo (Organização: CVE/CCD/SES/SP)
https://www.youtube.com/watch?v=Vn69pGTMLuE ;
• Reuniões extraordinária do Grupo de Modelagem de Febre Amarela – GRUMFA
(online) - Realizada três reuniões on-line para atualização dos modelos de previsão das
áreas de ocorrência de transmissão;
• Visita técnica ao estado do Espirito Santo para desenvolvimento da pesquisa que
objetiva avaliar a efetividade de moléculas inseticidas e repelentes sobre insetos do
gênero Culicoides, vetores da febre do Oropouche;
• Participação do evento a convite do estado do Acre para realização de palestra
Desafios na Prevenção e Controle das Arboviroses no evento de Acolhimento aos
novos Gestores Municipais de Saúde;
• Oficina de elaboração de Plano de Contingência no estado do Mato Grosso do Sul;
• Oficina de elaboração de Plano de Contingência no estado do Mato Grosso;
• Visita técnica ao estado do Mato Grosso para apoiar as ações de vigilância e
controle das arboviroses;
• Webinário Vigilância e Manejo de Oropouche: Atenção integrada à saúde materno-
infantil - https://www.youtube.com/live/HvyVOtloxoU;
• Reunião com o estado do Pará e município de Breves sobre situação epidemiológica
no estado e ações realizadas;
• Reunião com os estado de São Paulo, Minas Gerais, Tocantins, Pará e Amapá para
reunião de alinhamento sobre as ações de resposta à Febre Amarela;
• Participação no evento de acolhimento aos gestores no estado do Mato Grosso do
Sul;
• Webinário PlanificaSUS no Enfrentamento às Arboviroses: estratégias de planejamento
e monitoramento das ações;
• Webinário Dengue: vigilância, manejo clínico e organização dos serviços;
• Apoio técnico ao estado de Mato Grosso do Sul para vigilância, controle vetorial,
manejo clínico e organização dos serviços.
• Reunião da Sala de Situação do DSEI Interior Sul
• Reunião com o estado do Mato Grosso do Sul para apoiar as ações de Vigilância e
Controle nas áreas indígenas do estado
14","• Apoio técnico ao município de Ribeirão Preto/SP para apoiar a investigação de eventos suspeitos e confirmados (PNH) de febre amarela; • Participação no Webinar sobre Febre Amarela: Novos desafios e a estratégia de enfretamento no estado de São Paulo (Organização: CVE/CCD/SES/SP) https://www.youtube.com/watch?v=Vn69pGTMLuE ; • Reuniões extraordinária do Grupo de Modelagem de Febre Amarela – GRUMFA (online) - Realizada três reuniões on-line para atualização dos modelos de previsão das áreas de ocorrência de transmissão; • Visita técnica ao estado do Espirito Santo para desenvolvimento da pesquisa que objetiva avaliar a efetividade de moléculas inseticidas e repelentes sobre insetos do gênero Culicoides, vetores da febre do Oropouche; • Participação do evento a convite do estado do Acre para realização de palestra Desafios na Prevenção e Controle das Arboviroses no evento de Acolhimento aos novos Gestores Municipais de Saúde; • Oficina de elaboração de Plano de Contingência no estado do Mato Grosso do Sul; • Oficina de elaboração de Plano de Contingência no estado do Mato Grosso; • Visita técnica ao estado do Mato Grosso para apoiar as ações de vigilância e controle das arboviroses; • Webinário Vigilância e Manejo de Oropouche: Atenção integrada à saúde maternoinfantil - https://www.youtube.com/live/HvyVOtloxoU; • Reunião com o estado do Pará e município de Breves sobre situação epidemiológica no estado e ações realizadas; • Reunião com os estado de São Paulo, Minas Gerais, Tocantins, Pará e Amapá para reunião de alinhamento sobre as ações de resposta à Febre Amarela; • Participação no evento de acolhimento aos gestores no estado do Mato Grosso do Sul; • Webinário PlanificaSUS no Enfrentamento às Arboviroses: estratégias de planejamento e monitoramento das ações; • Webinário Dengue: vigilância, manejo clínico e organização dos serviços; • Apoio técnico ao estado de Mato Grosso do Sul para vigilância, controle vetorial, manejo clínico e organização dos serviços. • Reunião da Sala de Situação do DSEI Interior Sul • Reunião com o estado do Mato Grosso do Sul para apoiar as ações de Vigilância e Controle nas áreas indígenas do estado",0,,
Informe Semanal nº 02 - COE Dengue e outras Arboviroses - SE 1 a 8 - 24 de fevereiro.pdf,2,1,8,2025,2025-02-24,15,0,398,"INFORME SEMANAL No 02
SE 01 a 08/2025 (24/02/2025)
Insumos distribuídos
Sorologia Inseticidas
129.170 Reações 41.783 Kg
de larvicida2
distribuídas1
3.790 Kg de adulticida
para PE2
Biologia Molecular ZDC
73.766 Reações 101.300 L de adulticida
distribuídas1 para UBV2
OroV/MayV biomol
94.000 Reações
distribuídas1
1Dadosatualizadosem25/02/2025.Fonte:CGLAB.
2Dadosatualizadosem17/02/2025.Fonte:SIES
15",Insumos distribuídos Sorologia Inseticidas 129.170 Reações 41.783 Kg de larvicida2 distribuídas1 3.790 Kg de adulticida para PE2 Biologia Molecular ZDC 73.766 Reações 101.300 L de adulticida distribuídas1 para UBV2 OroV/MayV biomol 94.000 Reações distribuídas1 1Dadosatualizadosem25/02/2025.Fonte:CGLAB. 2Dadosatualizadosem17/02/2025.Fonte:SIES,0,,
Informe Semanal nº 02 - COE Dengue e outras Arboviroses - SE 1 a 8 - 24 de fevereiro.pdf,2,1,8,2025,2025-02-24,16,0,1448,"INFORME SEMANAL No 02
SE 01 a 08/2025 (24/02/2025)
Casos prováveis e incidência (por 100.000 habitantes) de dengue, SE 01 à SE 08, Brasil,
2024 e 2025
Casos prováveis (n) Coeficiente de incidência
Região/UF SE 01 à SE 08 SE 01 à SE 08
2024 2025 2024 2025
Norte
16.166 16.327 93,2 94,1
Rondônia 1.207 416 76,3 26,3
Acre 2.570 6.001 309,6 723,0
Amazonas 3.321 1.762 84,3 44,7
Roraima 64 132 10,1 20,7
Pará 3.523 6.116 43,4 75,4
Amapá 1.966 512 268,0 69,8
Tocantins 514 1.388 34,0 91,8
Nordeste 38.645 15.286 70,7 28,0
Maranhão 1.080 850 15,9 12,5
Piauí
1.476 895 45,1 27,4
Ceará
940 1.181 10,7 13,4
Rio Grande do Norte
1.271 1.034 38,5 31,3
Paraíba
938 1.387 23,6 34,9
Pernambuco
1.162 3.008 12,8 33,2
Alagoas
763 492 24,4 15,7
Sergipe
181 345 8,2 15,6
Bahia 16.185 6.094 114,5 43,1
Sudeste
828.558 293.862 976,5 346,3
Minas Gerais
373.362 45.696 1.817,8 222,5
Espírito Santo
20.939 7.269 546,2 189,6
Rio de Janeiro
76.358 8.353 475,6 52,0
São Paulo 146.975 232.544 330,9 523,5
Sul 149.728 31.707 500,2 105,9
Paraná 81.447 23.232 711,7 203,0
Santa Catarina 16.521 5.374 217,1 70,6
Rio Grande do Sul
11.709 3.101 107,6 28,5
Centro-Oeste 227.820 44.226 1.398,7 271,5
Mato Grosso do Sul 3.164 3.057 114,8 110,9
Mato Grosso 7.507 15.357 205,2 419,7
Goiás 60.318 22.244 854,9 315,3
Distrito Federal 113.699 3.568 4.036,1 126,7
Brasil
1.260.917 401.408 621,0 197,7
FONTE:SinanOn-lineeE-SUS VS(bancodedadosatualizadoem24/02/2025).Dadossujeitosaalteração.
16","Casos prováveis e incidência (por 100.000 habitantes) de dengue, SE 01 à SE 08, Brasil, 2024 e 2025 Casos prováveis (n) Coeficiente de incidência Região/UF SE 01 à SE 08 SE 01 à SE 08 2024 2025 2024 2025 Norte 16.166 16.327 93,2 94,1 Rondônia 1.207 416 76,3 26,3 Acre 2.570 6.001 309,6 723,0 Amazonas 3.321 1.762 84,3 44,7 Roraima 64 132 10,1 20,7 Pará 3.523 6.116 43,4 75,4 Amapá 1.966 512 268,0 69,8 Tocantins 514 1.388 34,0 91,8 Nordeste 38.645 15.286 70,7 28,0 Maranhão 1.080 850 15,9 12,5 Piauí 1.476 895 45,1 27,4 Ceará 940 1.181 10,7 13,4 Rio Grande do Norte 1.271 1.034 38,5 31,3 Paraíba 938 1.387 23,6 34,9 Pernambuco 1.162 3.008 12,8 33,2 Alagoas 763 492 24,4 15,7 Sergipe 181 345 8,2 15,6 Bahia 16.185 6.094 114,5 43,1 Sudeste 828.558 293.862 976,5 346,3 Minas Gerais 373.362 45.696 1.817,8 222,5 Espírito Santo 20.939 7.269 546,2 189,6 Rio de Janeiro 76.358 8.353 475,6 52,0 São Paulo 146.975 232.544 330,9 523,5 Sul 149.728 31.707 500,2 105,9 Paraná 81.447 23.232 711,7 203,0 Santa Catarina 16.521 5.374 217,1 70,6 Rio Grande do Sul 11.709 3.101 107,6 28,5 Centro-Oeste 227.820 44.226 1.398,7 271,5 Mato Grosso do Sul 3.164 3.057 114,8 110,9 Mato Grosso 7.507 15.357 205,2 419,7 Goiás 60.318 22.244 854,9 315,3 Distrito Federal 113.699 3.568 4.036,1 126,7 Brasil 1.260.917 401.408 621,0 197,7 FONTE:SinanOn-lineeE-SUS VS(bancodedadosatualizadoem24/02/2025).Dadossujeitosaalteração.",1,tabela,"Casos prováveis e incidência (por 100.000 habitantes) de dengue, SE 01 à SE 08, Brasil, 2024 e 2025 Casos prováveis (n) Coeficiente de incidência Região/UF SE 01 à SE 08 SE 01 à SE 08 2024 2025 2024 2025 Norte 16.166 16.327 93,2 94,1 Rondônia 1.207 416 76,3 26,3 Acre 2.570 6.001 309,6 723,0 Amazonas 3.321 1.762 84,3 44,7 Roraima 64 132 10,1 20,7 Pará 3.523 6.116 43,4 75,4 Amapá 1.966 512 268,0 69,8 Tocantins 514 1.388 34,0 91,8 Nordeste 38.645 15.286 70,7 28,0 Maranhão 1.080 850 15,9 12,5 Piauí 1.476 895 45,1 27,4 Ceará 940 1.181 10,7 13,4 Rio Grande do Norte 1.271 1.034 38,5 31,3 Paraíba 938 1.387 23,6 34,9 Pernambuco 1.162 3.008 12,8 33,2 Alagoas 763 492 24,4 15,7 Sergipe 181 345 8,2 15,6 Bahia 16.185 6.094 114,5 43,1 Sudeste 828.558 293.862 976,5 346,3 Minas Gerais 373.362 45.696 1.817,8 222,5 Espírito Santo 20.939 7.269 546,2 189,6 Rio de Janeiro 76.358 8.353 475,6 52,0 São Paulo 146.975 232.544 330,9 523,5 Sul 149.728 31.707 500,2 105,9 Paraná 81.447 23.232 711,7 203,0 Santa Catarina 16.521 5.374 217,1 70,6 Rio Grande do Sul 11.709 3.101 107,6 28,5 Centro-Oeste 227.820 44.226 1.398,7 271,5 Mato Grosso do Sul 3.164 3.057 114,8 110,9 Mato Grosso 7.507 15.357 205,2 419,7 Goiás 60.318 22.244 854,9 315,3 Distrito Federal 113.699 3.568 4.036,1 126,7 Brasil 1.260.917 401.408 621,0 197,7 FONTE:SinanOn-lineeE-SUS VS(bancodedadosatualizadoem24/02/2025).Dadossujeitosaalteração."
Informe Semanal nº 02 - COE Dengue e outras Arboviroses - SE 1 a 8 - 24 de fevereiro.pdf,2,1,8,2025,2025-02-24,17,0,1066,"INFORME SEMANAL No 02
SE 01 a 08/2025 (24/02/2025)
Número de dengue grave e com sinais de alarme, SE 01 à SE 08, Brasil, 2024 e 2025
Dengue grave (n) Dengue com sinais de alarme (n)
Região/UF SE 01 à SE 08 SE 01 à SE 08
2024 2025 2024 2025
Norte 22 8 202 59
Rondônia
2 1 11 2
Acre
1 1 2 10
Amazonas
6 0 40 4
Roraima
0 0 1 1
Pará
10 4 91 38
Amapá
1 2 37 2
Tocantins
2 0 20 2
Nordeste
40 11 796 112
Maranhão
5 1 47 4
Piauí
1 3 63 13
Ceará
0 0 23 5
Rio Grande do Norte
1 0 23 6
Paraíba
3 0 15 2
Pernambuco
1 0 8 4
Alagoas
1 2 22 2
Sergipe
3 1 9 4
Bahia
25 4 586 72
Sudeste
779 229 9.170 2.760
Minas Gerais
410 35 4.614 395
Espírito Santo
33 2 601 127
Rio de Janeiro
88 8 1.412 99
São Paulo
248 184 2.543 2.139
Sul
159 15 3.135 216
Paraná
103 12 2.046 192
Santa Catarina
30 0 861 8
Rio Grande do Sul
26 3 228 16
Centro-Oeste
377 36 7.122 649
Mato Grosso do Sul
9 4 75 87
Mato Grosso
18 10 196 52
Goiás
113 22 1438 495
Distrito Federal
237 0 5413 15
Brasil
1.377 299 20.425 3.715
FONTE:SinanOn-lineeE-SUS VS(bancodedadosatualizadoem24/02/2025).Dadossujeitosaalteração.
17","Número de dengue grave e com sinais de alarme, SE 01 à SE 08, Brasil, 2024 e 2025 Dengue grave (n) Dengue com sinais de alarme (n) Região/UF SE 01 à SE 08 SE 01 à SE 08 2024 2025 2024 2025 Norte 22 8 202 59 Rondônia 2 1 11 2 Acre 1 1 2 10 Amazonas 6 0 40 4 Roraima 0 0 1 1 Pará 10 4 91 38 Amapá 1 2 37 2 Tocantins 2 0 20 2 Nordeste 40 11 796 112 Maranhão 5 1 47 4 Piauí 1 3 63 13 Ceará 0 0 23 5 Rio Grande do Norte 1 0 23 6 Paraíba 3 0 15 2 Pernambuco 1 0 8 4 Alagoas 1 2 22 2 Sergipe 3 1 9 4 Bahia 25 4 586 72 Sudeste 779 229 9.170 2.760 Minas Gerais 410 35 4.614 395 Espírito Santo 33 2 601 127 Rio de Janeiro 88 8 1.412 99 São Paulo 248 184 2.543 2.139 Sul 159 15 3.135 216 Paraná 103 12 2.046 192 Santa Catarina 30 0 861 8 Rio Grande do Sul 26 3 228 16 Centro-Oeste 377 36 7.122 649 Mato Grosso do Sul 9 4 75 87 Mato Grosso 18 10 196 52 Goiás 113 22 1438 495 Distrito Federal 237 0 5413 15 Brasil 1.377 299 20.425 3.715 FONTE:SinanOn-lineeE-SUS VS(bancodedadosatualizadoem24/02/2025).Dadossujeitosaalteração.",1,tabela,"Número de dengue grave e com sinais de alarme, SE 01 à SE 08, Brasil, 2024 e 2025 Dengue grave (n) Dengue com sinais de alarme (n) Região/UF SE 01 à SE 08 SE 01 à SE 08 2024 2025 2024 2025 Norte 22 8 202 59 Rondônia 2 1 11 2 Acre 1 1 2 10 Amazonas 6 0 40 4 Roraima 0 0 1 1 Pará 10 4 91 38 Amapá 1 2 37 2 Tocantins 2 0 20 2 Nordeste 40 11 796 112 Maranhão 5 1 47 4 Piauí 1 3 63 13 Ceará 0 0 23 5 Rio Grande do Norte 1 0 23 6 Paraíba 3 0 15 2 Pernambuco 1 0 8 4 Alagoas 1 2 22 2 Sergipe 3 1 9 4 Bahia 25 4 586 72 Sudeste 779 229 9.170 2.760 Minas Gerais 410 35 4.614 395 Espírito Santo 33 2 601 127 Rio de Janeiro 88 8 1.412 99 São Paulo 248 184 2.543 2.139 Sul 159 15 3.135 216 Paraná 103 12 2.046 192 Santa Catarina 30 0 861 8 Rio Grande do Sul 26 3 228 16 Centro-Oeste 377 36 7.122 649 Mato Grosso do Sul 9 4 75 87 Mato Grosso 18 10 196 52 Goiás 113 22 1438 495 Distrito Federal 237 0 5413 15 Brasil 1.377 299 20.425 3.715 FONTE:SinanOn-lineeE-SUS VS(bancodedadosatualizadoem24/02/2025).Dadossujeitosaalteração."
Informe Semanal nº 02 - COE Dengue e outras Arboviroses - SE 1 a 8 - 24 de fevereiro.pdf,2,1,8,2025,2025-02-24,18,0,1311,"INFORME SEMANAL No 02
SE 01 a 08/2025 (24/02/2025)
Número de óbitos confirmados, letalidade e óbitos em investigação por dengue, SE 01
à SE 08, Brasil, 2024 e 2025
Óbitos confirmados (n) Taxa de Letalidade Óbitos em Investigação
Região/UF SE 01 à SE 08 SE 01 à SE 08 SE 01 à SE 08
2024 2025 2024 2025 2024 2025
Norte 10 9 4,5 13,4 0 6
Rondônia
2 0 15,4 0,0 0 0
Acre
0 2 0,0 0,0 0 1
Amazonas
3 0 6,5 0,0 0 1
Roraima
0 0 0,0 0,0 0 1
Pará
1 5 1,0 0,0 0 3
Amapá
3 2 7,9 0,0 0 0
Tocantins
1 0 4,5 0,0 0 0
Nordeste
31 4 3,7 3,3 1 20
Maranhão 3 0 5,8 0,0 1 6
Piauí
2 0 3,1 0,0 0 0
Ceará
0 0 0,0 0,0 0 1
Rio Grande do Norte 0 0 0,0 0,0 0 1
Paraíba
3 0 16,7 0,0 0 1
Pernambuco
1 0 11,1 0,0 0 4
Alagoas
0 0 0,0 0,0 0 0
Sergipe
2 1 16,7 0,0 0 0
Bahia
20 3 3,3 3,9 0 7
Sudeste
573 133 5,8 4,4 64 300
Minas Gerais
314 5 6,3 1,2 63 28
Espírito Santo
16 0 2,5 0,0 0 7
Rio de Janeiro
85 3 5,7 2,8 0 4
São Paulo
158 125 5,7 5,4 1 261
Sul
160 4 4,9 1,7 0 13
Paraná
108 4 5,0 2,0 0 11
Santa Catarina
27 0 3,0 0,0 0 1
Rio Grande do Sul
25 0 9,8 0,0 0 1
Centro-Oeste
302 10 4,0 1,5 4 38
Mato Grosso do Sul
4 1 4,8 0,0 3 0
Mato Grosso
6 4 2,8 6,5 1 3
Goiás
84 5 5,4 1,0 0 32
Distrito Federal
208 0 3,7 0,0 0 3
Brasil
1.076 160 4,9 4,0 69 377
FONTE:SinanOn-lineeE-SUS VS(bancodedadosatualizadoem17/02/2025).Dadossujeitosaalteração.
18","Número de óbitos confirmados, letalidade e óbitos em investigação por dengue, SE 01 à SE 08, Brasil, 2024 e 2025 Óbitos confirmados (n) Taxa de Letalidade Óbitos em Investigação Região/UF SE 01 à SE 08 SE 01 à SE 08 SE 01 à SE 08 2024 2025 2024 2025 2024 2025 Norte 10 9 4,5 13,4 0 6 Rondônia 2 0 15,4 0,0 0 0 Acre 0 2 0,0 0,0 0 1 Amazonas 3 0 6,5 0,0 0 1 Roraima 0 0 0,0 0,0 0 1 Pará 1 5 1,0 0,0 0 3 Amapá 3 2 7,9 0,0 0 0 Tocantins 1 0 4,5 0,0 0 0 Nordeste 31 4 3,7 3,3 1 20 Maranhão 3 0 5,8 0,0 1 6 Piauí 2 0 3,1 0,0 0 0 Ceará 0 0 0,0 0,0 0 1 Rio Grande do Norte 0 0 0,0 0,0 0 1 Paraíba 3 0 16,7 0,0 0 1 Pernambuco 1 0 11,1 0,0 0 4 Alagoas 0 0 0,0 0,0 0 0 Sergipe 2 1 16,7 0,0 0 0 Bahia 20 3 3,3 3,9 0 7 Sudeste 573 133 5,8 4,4 64 300 Minas Gerais 314 5 6,3 1,2 63 28 Espírito Santo 16 0 2,5 0,0 0 7 Rio de Janeiro 85 3 5,7 2,8 0 4 São Paulo 158 125 5,7 5,4 1 261 Sul 160 4 4,9 1,7 0 13 Paraná 108 4 5,0 2,0 0 11 Santa Catarina 27 0 3,0 0,0 0 1 Rio Grande do Sul 25 0 9,8 0,0 0 1 Centro-Oeste 302 10 4,0 1,5 4 38 Mato Grosso do Sul 4 1 4,8 0,0 3 0 Mato Grosso 6 4 2,8 6,5 1 3 Goiás 84 5 5,4 1,0 0 32 Distrito Federal 208 0 3,7 0,0 0 3 Brasil 1.076 160 4,9 4,0 69 377 FONTE:SinanOn-lineeE-SUS VS(bancodedadosatualizadoem17/02/2025).Dadossujeitosaalteração.",1,tabela,"Número de óbitos confirmados, letalidade e óbitos em investigação por dengue, SE 01 à SE 08, Brasil, 2024 e 2025 Óbitos confirmados (n) Taxa de Letalidade Óbitos em Investigação Região/UF SE 01 à SE 08 SE 01 à SE 08 SE 01 à SE 08 2024 2025 2024 2025 2024 2025 Norte 10 9 4,5 13,4 0 6 Rondônia 2 0 15,4 0,0 0 0 Acre 0 2 0,0 0,0 0 1 Amazonas 3 0 6,5 0,0 0 1 Roraima 0 0 0,0 0,0 0 1 Pará 1 5 1,0 0,0 0 3 Amapá 3 2 7,9 0,0 0 0 Tocantins 1 0 4,5 0,0 0 0 Nordeste 31 4 3,7 3,3 1 20 Maranhão 3 0 5,8 0,0 1 6 Piauí 2 0 3,1 0,0 0 0 Ceará 0 0 0,0 0,0 0 1 Rio Grande do Norte 0 0 0,0 0,0 0 1 Paraíba 3 0 16,7 0,0 0 1 Pernambuco 1 0 11,1 0,0 0 4 Alagoas 0 0 0,0 0,0 0 0 Sergipe 2 1 16,7 0,0 0 0 Bahia 20 3 3,3 3,9 0 7 Sudeste 573 133 5,8 4,4 64 300 Minas Gerais 314 5 6,3 1,2 63 28 Espírito Santo 16 0 2,5 0,0 0 7 Rio de Janeiro 85 3 5,7 2,8 0 4 São Paulo 158 125 5,7 5,4 1 261 Sul 160 4 4,9 1,7 0 13 Paraná 108 4 5,0 2,0 0 11 Santa Catarina 27 0 3,0 0,0 0 1 Rio Grande do Sul 25 0 9,8 0,0 0 1 Centro-Oeste 302 10 4,0 1,5 4 38 Mato Grosso do Sul 4 1 4,8 0,0 3 0 Mato Grosso 6 4 2,8 6,5 1 3 Goiás 84 5 5,4 1,0 0 32 Distrito Federal 208 0 3,7 0,0 0 3 Brasil 1.076 160 4,9 4,0 69 377 FONTE:SinanOn-lineeE-SUS VS(bancodedadosatualizadoem17/02/2025).Dadossujeitosaalteração."
Informe Semanal nº 02 - COE Dengue e outras Arboviroses - SE 1 a 8 - 24 de fevereiro.pdf,2,1,8,2025,2025-02-24,19,0,1250,"INFORME SEMANAL No 02
SE 01 a 08/2025 (24/02/2025)
Casos prováveis e incidência (por 100.000 habitantes) de chikungunya, SE 01 à SE 08,
Brasil, 2024 e 2025
Casos Prováveis Coeficiente de Incidência
Região/UF SE 01 à SE 08 SE 01 à SE 08
2024 2025 2024 2025
Norte
598 781 3,4 4,5
Rondônia
75 190 4,7 12,0
Acre
95 183 11,4 22,0
Amazonas
19 32 0,5 0,8
Roraima
5 16 0,8 2,5
Pará
226 202 2,8 2,5
Amapá
82 22 11,2 3,0
Tocantins
96 136 6,4 9,0
Nordeste
3.583 1.580 6,6 2,9
Maranhão
143 102 2,1 1,5
Piauí
119 39 3,6 1,2
Ceará
162 177 1,8 2,0
Rio Grande do Norte
368 233 11,1 7,1
Paraíba
270 179 6,8 4,5
Pernambuco
451 464 5,0 5,1
Alagoas
94 8 3,0 0,3
Sergipe
81 26 3,7 1,2
Bahia
1.895 352 13,4 2,5
Sudeste
75.912 9.977 89,5 11,8
Minas Gerais
70.882 3.854 345,1 18,8
Espírito Santo
2.008 530 52,4 13,8
Rio de Janeiro
1.146 618 7,1 3,8
São Paulo
1.876 4.975 4,2 11,2
Sul
171 790 0,6 2,6
Paraná
105 684 0,9 6,0
Santa Catarina
25 58 0,3 0,8
Rio Grande do Sul
41 48 0,4 0,4
Centro-Oeste
6.236 16.545 38,3 101,6
Mato Grosso do Sul
287 1.864 10,4 67,6
Mato Grosso
2.765 14.364 75,6 392,6
Goiás
3.124 264 44,3 3,7
Distrito Federal
60 53 2,1 1,9
Brasil
86.500 29.673 42,6 14,6
FONTE:SinanOn-lineeE-SUS VS(bancodedadosatualizadoem24/02/2025).Dadossujeitosaalteração.
19","Casos prováveis e incidência (por 100.000 habitantes) de chikungunya, SE 01 à SE 08, Brasil, 2024 e 2025 Casos Prováveis Coeficiente de Incidência Região/UF SE 01 à SE 08 SE 01 à SE 08 2024 2025 2024 2025 Norte 598 781 3,4 4,5 Rondônia 75 190 4,7 12,0 Acre 95 183 11,4 22,0 Amazonas 19 32 0,5 0,8 Roraima 5 16 0,8 2,5 Pará 226 202 2,8 2,5 Amapá 82 22 11,2 3,0 Tocantins 96 136 6,4 9,0 Nordeste 3.583 1.580 6,6 2,9 Maranhão 143 102 2,1 1,5 Piauí 119 39 3,6 1,2 Ceará 162 177 1,8 2,0 Rio Grande do Norte 368 233 11,1 7,1 Paraíba 270 179 6,8 4,5 Pernambuco 451 464 5,0 5,1 Alagoas 94 8 3,0 0,3 Sergipe 81 26 3,7 1,2 Bahia 1.895 352 13,4 2,5 Sudeste 75.912 9.977 89,5 11,8 Minas Gerais 70.882 3.854 345,1 18,8 Espírito Santo 2.008 530 52,4 13,8 Rio de Janeiro 1.146 618 7,1 3,8 São Paulo 1.876 4.975 4,2 11,2 Sul 171 790 0,6 2,6 Paraná 105 684 0,9 6,0 Santa Catarina 25 58 0,3 0,8 Rio Grande do Sul 41 48 0,4 0,4 Centro-Oeste 6.236 16.545 38,3 101,6 Mato Grosso do Sul 287 1.864 10,4 67,6 Mato Grosso 2.765 14.364 75,6 392,6 Goiás 3.124 264 44,3 3,7 Distrito Federal 60 53 2,1 1,9 Brasil 86.500 29.673 42,6 14,6 FONTE:SinanOn-lineeE-SUS VS(bancodedadosatualizadoem24/02/2025).Dadossujeitosaalteração.",0,,
Informe Semanal nº 02 - COE Dengue e outras Arboviroses - SE 1 a 8 - 24 de fevereiro.pdf,2,1,8,2025,2025-02-24,20,0,951,"INFORME SEMANAL No 02
SE 01 a 08/2025 (24/02/2025)
Número de óbitos confirmados de chikungunya, e óbitos em investigação, SE 01 à SE
08, Brasil, 2024 e 2025
Óbitos confirmados Óbitos em Investigação
Região/UF SE 01 à SE 08 SE 01 à SE 08
2024 2025 2024 2025
Norte
1 0 0 0
Rondônia
0 0 0 0
Acre
0 0 0 0
Amazonas
0 0 0 0
Roraima
0 0 0 0
Pará
0 0 0 0
Amapá
1 0 0 0
Tocantins
0 0 0 0
Nordeste
11 0 1 6
Maranhão
1 0 1 3
Piauí
0 0 0 0
Ceará
0 0 0 0
Rio Grande do Norte
1 0 0 1
Paraíba
3 0 0 0
Pernambuco
0 0 0 2
Alagoas
0 0 0 0
Sergipe
1 0 0 0
Bahia
5 0 0 0
Sudeste
60 2 9 9
Minas Gerais
56 1 9 1
Espírito Santo
1 0 0 1
Rio de Janeiro
0 0 0 2
São Paulo
3 1 0 5
Sul
0 0 0 0
Paraná
0 0 0 0
Santa Catarina
0 0 0 0
Rio Grande do Sul
0 0 0 0
Centro-Oeste
8 14 1 14
Mato Grosso do Sul
0 0 1 1
Mato Grosso
2 14 0 10
Goiás
6 0 0 3
Distrito Federal
0 0 0 0
Brasil
80 16 11 29
FONTE:SinanOn-lineeE-SUS VS(bancodedadosatualizadoem24/02/2025).Dadossujeitosaalteração.
20","Número de óbitos confirmados de chikungunya, e óbitos em investigação, SE 01 à SE 08, Brasil, 2024 e 2025 Óbitos confirmados Óbitos em Investigação Região/UF SE 01 à SE 08 SE 01 à SE 08 2024 2025 2024 2025 Norte 1 0 0 0 Rondônia 0 0 0 0 Acre 0 0 0 0 Amazonas 0 0 0 0 Roraima 0 0 0 0 Pará 0 0 0 0 Amapá 1 0 0 0 Tocantins 0 0 0 0 Nordeste 11 0 1 6 Maranhão 1 0 1 3 Piauí 0 0 0 0 Ceará 0 0 0 0 Rio Grande do Norte 1 0 0 1 Paraíba 3 0 0 0 Pernambuco 0 0 0 2 Alagoas 0 0 0 0 Sergipe 1 0 0 0 Bahia 5 0 0 0 Sudeste 60 2 9 9 Minas Gerais 56 1 9 1 Espírito Santo 1 0 0 1 Rio de Janeiro 0 0 0 2 São Paulo 3 1 0 5 Sul 0 0 0 0 Paraná 0 0 0 0 Santa Catarina 0 0 0 0 Rio Grande do Sul 0 0 0 0 Centro-Oeste 8 14 1 14 Mato Grosso do Sul 0 0 1 1 Mato Grosso 2 14 0 10 Goiás 6 0 0 3 Distrito Federal 0 0 0 0 Brasil 80 16 11 29 FONTE:SinanOn-lineeE-SUS VS(bancodedadosatualizadoem24/02/2025).Dadossujeitosaalteração.",0,,
Informe Semanal nº 02 - COE Dengue e outras Arboviroses - SE 1 a 8 - 24 de fevereiro.pdf,2,1,8,2025,2025-02-24,21,0,1104,"INFORME SEMANAL No 02
SE 01 a 08/2025 (24/02/2025)
Casos prováveis e incidência (por 100.000 habitantes) de Zika, SE 01 à SE 05, Brasil,
2024 e 2025.
Casos Prováveis Coeficiente de Incidência
Região/UF SE 01 à SE 05 SE 01 à SE 05
2024 2025 2024 2025
Norte
41 86 0,2 0,5
Rondônia 6 0 0,4 0,0
Acre 14 33 1,7 4,0
Amazonas 13 5 0,3 0,1
Roraima 1 1 0,2 0,2
Pará 4 12 0,0 0,1
Amapá 7 0 1,0 0,0
Tocantins 6 32 0,4 2,1
Nordeste 160 136 0,3 0,2
Maranhão 19 19 0,3 0,3
Piauí 1 0 0,0 0,0
Ceará 6 8 0,1 0,1
Rio Grande do
Norte 45 33 1,4 1,0
Paraíba
11 3 0,3 0,1
Pernambuco
10 19 0,1 0,2
Alagoas
6 4 0,2 0,1
Sergipe
3 3 0,1 0,1
Bahia
59 46 0,4 0,3
Sudeste
91 118 0,1 0,1
Minas Gerais
21 8 0,1 0,0
Espírito Santo
59 1 1,5 0,0
Rio de Janeiro
0 0 0,0 0,0
São Paulo
11 109 0,0 0,2
Sul
4 7 0,0 0,0
Paraná
0 3 0,0 0,0
Santa Catarina
1 2 0,0 0,0
Rio Grande do
Sul 3 1 0,0 0,0
Centro-Oeste
76 99 0,5 0,6
Mato Grosso do
Sul 8 10 0,3 0,4
Mato Grosso
54 44 1,5 1,2
Goiás
11 42 0,2 0,6
Distrito Federal
3 3 0,1 0,1
Brasil
387 446 0,2 0,2
FONTE:SinanOn-lineeE-SUS VS(bancodedadosatualizadoem10/02/2025).Dadossujeitosaalteração.
21","Casos prováveis e incidência (por 100.000 habitantes) de Zika, SE 01 à SE 05, Brasil, 2024 e 2025. Casos Prováveis Coeficiente de Incidência Região/UF SE 01 à SE 05 SE 01 à SE 05 2024 2025 2024 2025 Norte 41 86 0,2 0,5 Rondônia 6 0 0,4 0,0 Acre 14 33 1,7 4,0 Amazonas 13 5 0,3 0,1 Roraima 1 1 0,2 0,2 Pará 4 12 0,0 0,1 Amapá 7 0 1,0 0,0 Tocantins 6 32 0,4 2,1 Nordeste 160 136 0,3 0,2 Maranhão 19 19 0,3 0,3 Piauí 1 0 0,0 0,0 Ceará 6 8 0,1 0,1 Rio Grande do Norte 45 33 1,4 1,0 Paraíba 11 3 0,3 0,1 Pernambuco 10 19 0,1 0,2 Alagoas 6 4 0,2 0,1 Sergipe 3 3 0,1 0,1 Bahia 59 46 0,4 0,3 Sudeste 91 118 0,1 0,1 Minas Gerais 21 8 0,1 0,0 Espírito Santo 59 1 1,5 0,0 Rio de Janeiro 0 0 0,0 0,0 São Paulo 11 109 0,0 0,2 Sul 4 7 0,0 0,0 Paraná 0 3 0,0 0,0 Santa Catarina 1 2 0,0 0,0 Rio Grande do Sul 3 1 0,0 0,0 Centro-Oeste 76 99 0,5 0,6 Mato Grosso do Sul 8 10 0,3 0,4 Mato Grosso 54 44 1,5 1,2 Goiás 11 42 0,2 0,6 Distrito Federal 3 3 0,1 0,1 Brasil 387 446 0,2 0,2 FONTE:SinanOn-lineeE-SUS VS(bancodedadosatualizadoem10/02/2025).Dadossujeitosaalteração.",0,,
Informe Semanal nº 02 - COE Dengue e outras Arboviroses - SE 1 a 8 - 24 de fevereiro.pdf,2,1,8,2025,2025-02-24,22,0,834,"INFORME SEMANAL No 02
SE 01 a 08/2025 (24/02/2025)
CASOS CONFIRMADOS DE OROPOUCHE POR UF DE LOCAL PROVÁVEL DE INFECÇÃO,
BRASIL, 2024 E 2025.
Casos confirmados (n)
Região/UF 2024 2025
SE 01 a SE 08 SE 01 a SE 08
Norte 3350 29
Rondônia 858 0
Acre 221 0
Amazonas 2222 0
Roraima 5 1
Pará 41 0
Amapá 3 28
Tocantins 0 0
Nordeste 0 292
Maranhão 0 0
Piauí 0 0
Ceará 0 5
Rio Grande do Norte 0 0
Paraíba 0 287
Pernambuco 0 0
Alagoas 0 0
Sergipe 0 0
Bahia 0 0
Sudeste 0 5.191
Minas Gerais 0 63
Espírito Santo 0 4.643
Rio de Janeiro 0 485
São Paulo 0 0
Sul 0 0
Paraná 0 0
Santa Catarina 0 0
Rio Grande do Sul 0 0
Centro-Oeste 0 0
*LPI em investigação.
Mato Grosso do Sul 0 0
Mato Grosso 0 0
Goiás 0 0
Distrito Federal 0 0
Brasil 3.350 5.512
FONTE:GerenciadordeAmbiente Laboratorial(GAL). Dadosatualizadosaté24/02/2024.Dadossujeitosaalterações.
22","CASOS CONFIRMADOS DE OROPOUCHE POR UF DE LOCAL PROVÁVEL DE INFECÇÃO, BRASIL, 2024 E 2025. Casos confirmados (n) Região/UF 2024 2025 SE 01 a SE 08 SE 01 a SE 08 Norte 3350 29 Rondônia 858 0 Acre 221 0 Amazonas 2222 0 Roraima 5 1 Pará 41 0 Amapá 3 28 Tocantins 0 0 Nordeste 0 292 Maranhão 0 0 Piauí 0 0 Ceará 0 5 Rio Grande do Norte 0 0 Paraíba 0 287 Pernambuco 0 0 Alagoas 0 0 Sergipe 0 0 Bahia 0 0 Sudeste 0 5.191 Minas Gerais 0 63 Espírito Santo 0 4.643 Rio de Janeiro 0 485 São Paulo 0 0 Sul 0 0 Paraná 0 0 Santa Catarina 0 0 Rio Grande do Sul 0 0 Centro-Oeste 0 0 *LPI em investigação. Mato Grosso do Sul 0 0 Mato Grosso 0 0 Goiás 0 0 Distrito Federal 0 0 Brasil 3.350 5.512 FONTE:GerenciadordeAmbiente Laboratorial(GAL). Dadosatualizadosaté24/02/2024.Dadossujeitosaalterações.",0,,
Informe Semanal nº 03 - COE Dengue e outras Arboviroses - SE 1 a 9 - 08 de março.pdf,3,1,9,2025,2025-03-08,1,0,41,"SE 01 a 09/2025
No 03
08 de março de 2025",SE 01 a 09/2025 No 03 08 de março de 2025,0,,
Informe Semanal nº 03 - COE Dengue e outras Arboviroses - SE 1 a 9 - 08 de março.pdf,3,1,9,2025,2025-03-08,2,0,2189,"INFORME SEMANAL No 03
SE 01 a 09/2025 (08/03/2025)
Introdução
Os dados de dengue, chikungunya e Oropouche apresentados neste
Informe referem-se às semanas epidemiológicas (SE) 01 a 09 de 2025, que
equivale ao período de 01 de janeiro até 01 de março de 2025. Para Zika, os
dados apresentados são do período da SE 01 a SE 08 de 2025 , que equivale
ao período de 01 de janeiro até 22 de fevereiro de 2025. Os dados são
comparados aos dados do mesmo período de 2024. Para febre amarela, os
dados referem-se ao monitoramento 2024/2025 (julho/2024 a junho/2025),
atualizados até 05 de março de 2025. Os dados detalhados dos anos de
2023 a 2025 podem ser acessados em: https://www.gov.br/saude/pt-
br/assuntos/saude-de-a-a-z/a/aedes-aegypti/monitoramento-das-
arboviroses.
Situação Epidemiológica
Dengue
Nas SE 01 a 09 de 2025, foram notificados 480.715 casos prováveis de
dengue, correspondendo a um coeficiente de incidência de 236,7 casos/100
mil habitantes. Quando comparado com o mesmo período de 2024,
observa-se uma redução de 70% no número de casos prováveis.
As Regiões Geográficas que apresentam os maiores coeficientes de
incidência são Sudeste, Centro-oeste e Sul. Entre as Unidades Federativas
(UF), Acre, São Paulo, e Mato Grosso apresentam as maiores incidências.
Os maiores números de casos graves concentram-se nas regiões
Sudeste, Centro-Oeste e Sul. Os óbitos concentram-se na região Sudeste.
Foram confirmados 203 óbitos no período, e 458 estão em investigação.
Foi identificada a circulação dos quatro sorotipos do vírus dengue
(DENV-1, DENV-2, DENV-3 e DENV-4), com aumento da proporção de DENV-
3 desde o último trimestre de 2024. DENV-4 (vírus selvagem) foi detectado em
amostras de um paciente de MG. Outras detecções se deram em amostras
de indivíduos recém-vacinados (vírus vacinal).
O número de casos prováveis de dengue no Brasil encontra-se dentro
dos limites do canal endêmico do diagrama de controle nas ultimas semanas
observadas, considerando a série histórica, no entanto a estimativa
nowcasting indica tendência de alta no número de casos, acima do limite
esperado.
Fonte: Sinan On-line (banco de dados atualizado em 05/03/2025). Dados sujeitos a alteração.
2","Introdução Os dados de dengue, chikungunya e Oropouche apresentados neste Informe referem-se às semanas epidemiológicas (SE) 01 a 09 de 2025, que equivale ao período de 01 de janeiro até 01 de março de 2025. Para Zika, os dados apresentados são do período da SE 01 a SE 08 de 2025 , que equivale ao período de 01 de janeiro até 22 de fevereiro de 2025. Os dados são comparados aos dados do mesmo período de 2024. Para febre amarela, os dados referem-se ao monitoramento 2024/2025 (julho/2024 a junho/2025), atualizados até 05 de março de 2025. Os dados detalhados dos anos de 2023 a 2025 podem ser acessados em: https://www.gov.br/saude/ptbr/assuntos/saude-de-a-a-z/a/aedes-aegypti/monitoramento-dasarboviroses. Situação Epidemiológica Dengue Nas SE 01 a 09 de 2025, foram notificados 480.715 casos prováveis de dengue, correspondendo a um coeficiente de incidência de 236,7 casos/100 mil habitantes. Quando comparado com o mesmo período de 2024, observa-se uma redução de 70% no número de casos prováveis. As Regiões Geográficas que apresentam os maiores coeficientes de incidência são Sudeste, Centro-oeste e Sul. Entre as Unidades Federativas (UF), Acre, São Paulo, e Mato Grosso apresentam as maiores incidências. Os maiores números de casos graves concentram-se nas regiões Sudeste, Centro-Oeste e Sul. Os óbitos concentram-se na região Sudeste. Foram confirmados 203 óbitos no período, e 458 estão em investigação. Foi identificada a circulação dos quatro sorotipos do vírus dengue (DENV-1, DENV-2, DENV-3 e DENV-4), com aumento da proporção de DENV3 desde o último trimestre de 2024. DENV-4 (vírus selvagem) foi detectado em amostras de um paciente de MG. Outras detecções se deram em amostras de indivíduos recém-vacinados (vírus vacinal). O número de casos prováveis de dengue no Brasil encontra-se dentro dos limites do canal endêmico do diagrama de controle nas ultimas semanas observadas, considerando a série histórica, no entanto a estimativa nowcasting indica tendência de alta no número de casos, acima do limite esperado. Fonte: Sinan On-line (banco de dados atualizado em 05/03/2025). Dados sujeitos a alteração.",1,narrativa,"Dengue Nas SE 01 a 09 de 2025, foram notificados 480.715 casos prováveis de dengue, correspondendo a um coeficiente de incidência de 236,7 casos/100 mil habitantes. Quando comparado com o mesmo período de 2024, observa-se uma redução de 70% no número de casos prováveis. As Regiões Geográficas que apresentam os maiores coeficientes de incidência são Sudeste, Centro-oeste e Sul. Entre as Unidades Federativas (UF), Acre, São Paulo, e Mato Grosso apresentam as maiores incidências. Os maiores números de casos graves concentram-se nas regiões Sudeste, Centro-Oeste e Sul. Os óbitos concentram-se na região Sudeste. Foram confirmados 203 óbitos no período, e 458 estão em investigação. Foi identificada a circulação dos quatro sorotipos do vírus dengue (DENV-1, DENV-2, DENV-3 e DENV-4), com aumento da proporção de DENV3 desde o último trimestre de 2024. DENV-4 (vírus selvagem) foi detectado em amostras de um paciente de MG. Outras detecções se deram em amostras de indivíduos recém-vacinados (vírus vacinal). O número de casos prováveis de dengue no Brasil encontra-se dentro dos limites do canal endêmico do diagrama de controle nas ultimas semanas observadas, considerando a série histórica, no entanto a estimativa nowcasting indica tendência de alta no número de casos, acima do limite esperado. Fonte: Sinan On-line (banco de dados atualizado em 05/03/2025). Dados sujeitos a alteração."
Informe Semanal nº 03 - COE Dengue e outras Arboviroses - SE 1 a 9 - 08 de março.pdf,3,1,9,2025,2025-03-08,3,0,199,"INFORME SEMANAL No 03
SE 01 a 09/2025 (08/03/2025)
Diagrama de controle
Coeficiente de Incidência e óbitos
Fonte: SinanOn-line (banco de dados atualizado em 05/03/2025). Dados sujeitos a alteração.
3",Diagrama de controle Coeficiente de Incidência e óbitos Fonte: SinanOn-line (banco de dados atualizado em 05/03/2025). Dados sujeitos a alteração.,1,narrativa,Diagrama de controle Coeficiente de Incidência e óbitos Fonte: SinanOn-line (banco de dados atualizado em 05/03/2025). Dados sujeitos a alteração.
Informe Semanal nº 03 - COE Dengue e outras Arboviroses - SE 1 a 9 - 08 de março.pdf,3,1,9,2025,2025-03-08,4,0,1125,"INFORME SEMANAL No 03
SE 01 a 09/2025 (08/03/2025)
Mapa de Sorotipos Dengue SE 01 a SE 09/2025
Chikungunya
Nas SE 01 a 09 de 2025, foram notificados 36.273 casos prováveis de
chikungunya, correspondendo a um coeficiente de incidência de 17,9
casos/100 mil habitantes. Quando comparado ao mesmo período de
2024, observa-se uma redução de 65,2% no número de casos prováveis.
As Regiões Geográficas que apresentam os maiores coeficientes de
incidência são a Centro-Oeste e o Sudeste. Entre as UFs, Mato Grosso e Mato
Grosso do Sul apresentam as maiores incidências.
Foram confirmados 24 óbitos no período, sendo 20 no estado do Mato
Grosso e um nos estados de Minas Gerais, São Paulo, Bahia e Amapá .
Encontram-se em investigação 37 óbitos até o momento, sendo 14 deles na
Região Sudeste.
Nas ultimas semanas observadas neste boletim o número de casos
prováveis de chikungunya no Brasil encontra-se abaixo do limite inferior do
canal endêmico do diagrama de controle, considerando a série histórica,
assim como a estimativa nowcasting.
Fonte: SinanOn-line (banco de dados atualizado em 05/03/2025). Dados sujeitos a alteração.
4","Mapa de Sorotipos Dengue SE 01 a SE 09/2025 Chikungunya Nas SE 01 a 09 de 2025, foram notificados 36.273 casos prováveis de chikungunya, correspondendo a um coeficiente de incidência de 17,9 casos/100 mil habitantes. Quando comparado ao mesmo período de 2024, observa-se uma redução de 65,2% no número de casos prováveis. As Regiões Geográficas que apresentam os maiores coeficientes de incidência são a Centro-Oeste e o Sudeste. Entre as UFs, Mato Grosso e Mato Grosso do Sul apresentam as maiores incidências. Foram confirmados 24 óbitos no período, sendo 20 no estado do Mato Grosso e um nos estados de Minas Gerais, São Paulo, Bahia e Amapá . Encontram-se em investigação 37 óbitos até o momento, sendo 14 deles na Região Sudeste. Nas ultimas semanas observadas neste boletim o número de casos prováveis de chikungunya no Brasil encontra-se abaixo do limite inferior do canal endêmico do diagrama de controle, considerando a série histórica, assim como a estimativa nowcasting. Fonte: SinanOn-line (banco de dados atualizado em 05/03/2025). Dados sujeitos a alteração.",1,narrativa,Mapa de Sorotipos Dengue SE 01 a SE 09/2025
Informe Semanal nº 03 - COE Dengue e outras Arboviroses - SE 1 a 9 - 08 de março.pdf,3,1,9,2025,2025-03-08,5,0,199,"INFORME SEMANAL No 03
SE 01 a 09/2025 (08/03/2025)
Diagrama de controle
Coeficiente de Incidência e óbitos
Fonte: SinanOn-line (banco de dados atualizado em 05/03/2025). Dados sujeitos a alteração.
5",Diagrama de controle Coeficiente de Incidência e óbitos Fonte: SinanOn-line (banco de dados atualizado em 05/03/2025). Dados sujeitos a alteração.,0,,
Informe Semanal nº 03 - COE Dengue e outras Arboviroses - SE 1 a 9 - 08 de março.pdf,3,1,9,2025,2025-03-08,6,0,1554,"INFORME SEMANAL No 03
SE 01 a 09/2025 (08/03/2025)
Zika
Entre as Semanas Epidemiológicas 01 e 08 de 2025, foram notificados
1.004 casos prováveis de Zika no Brasil, com coeficiente de incidência de 0,5
casos por 100 mil habitantes. Quando comparado ao mesmo período de
2024, observa-se uma redução de 7%. Em relação às gestantes, foram
notificados 165 casos que ainda estão em investigação. Não foram
confirmados óbitos por Zika no período.
As Regiões Norte e Centro-Oeste apresentaram os maiores
coeficientes de incidência. Em relação às UFs, os maiores coeficientes de
incidência estão no Acre, Tocantins e Mato Grosso.
O número de casos prováveis de Zika no Brasil, assim como a
estimativa nowcasting1, encontra-se abaixo dos limites do canal endêmico
do diagrama de controle2, considerando a série histórica.
Diagrama de controle2 Incidência e gestantes
1O nowcasting (linha tracejada vermelha) corrige os atrasos inerentes aos sistemas de vigilância epidemiológica e
estima o número de casos em um determinado momento, considerando os dados disponíveis e as características do
processodenotificação,contribuindoparaaantecipaçãodaavaliaçãodatendênciadealtaoubaixadaincidência.
2 O diagrama decontroleé uma ferramenta gráficaque permite acompanhar a variação do coeficiente de incidência
(linha azul) de uma determinada doença ao longo do tempo em relação ao canal endêmico, que define a faixa de
variaçãoesperadaparaaincidênciadadoençacombaseemdadoshistóricos.
Fonte: Sinan-Net (banco de dados atualizado em 01/03/2025). Dados sujeitos a alteração.
6","Zika Entre as Semanas Epidemiológicas 01 e 08 de 2025, foram notificados 1.004 casos prováveis de Zika no Brasil, com coeficiente de incidência de 0,5 casos por 100 mil habitantes. Quando comparado ao mesmo período de 2024, observa-se uma redução de 7%. Em relação às gestantes, foram notificados 165 casos que ainda estão em investigação. Não foram confirmados óbitos por Zika no período. As Regiões Norte e Centro-Oeste apresentaram os maiores coeficientes de incidência. Em relação às UFs, os maiores coeficientes de incidência estão no Acre, Tocantins e Mato Grosso. O número de casos prováveis de Zika no Brasil, assim como a estimativa nowcasting1, encontra-se abaixo dos limites do canal endêmico do diagrama de controle2, considerando a série histórica. Diagrama de controle2 Incidência e gestantes 1O nowcasting (linha tracejada vermelha) corrige os atrasos inerentes aos sistemas de vigilância epidemiológica e estima o número de casos em um determinado momento, considerando os dados disponíveis e as características do processodenotificação,contribuindoparaaantecipaçãodaavaliaçãodatendênciadealtaoubaixadaincidência. 2 O diagrama decontroleé uma ferramenta gráficaque permite acompanhar a variação do coeficiente de incidência (linha azul) de uma determinada doença ao longo do tempo em relação ao canal endêmico, que define a faixa de variaçãoesperadaparaaincidênciadadoençacombaseemdadoshistóricos. Fonte: Sinan-Net (banco de dados atualizado em 01/03/2025). Dados sujeitos a alteração.",0,,
Informe Semanal nº 03 - COE Dengue e outras Arboviroses - SE 1 a 9 - 08 de março.pdf,3,1,9,2025,2025-03-08,7,0,983,"INFORME SEMANAL No 03
SE 01 a 09/2025 (08/03/2025)
Dengue
(Incidência)
236,7 203
-70%
CASOS/100 MIL HAB. ÓBITOS
Em relação
ao número
480.715 Casos prováveis Óbitos em
458 de casos
investigação
no mesmo
Casos graves e com
5.917
período de
sinais de alarme 3,4% Letalidade1
2024
Chikungunya
(Incidência)
17,9 24
-65,2%
CASOS/100 MIL HAB. ÓBITOS
Em relação
ao número
Óbitos em
36.273 Casos prováveis 37 de casos
investigação
no mesmo
período de
0,07% Letalidade2 2024
Zika
(Incidência)
0,5 0
-7%
CASOS/100 MIL HAB. ÓBITOS
Em relação
ao número
1.004 Casos prováveis 165 de casos
no mesmo
período de
CASOS PROVÁVEIS
2024
EM GESTANTES
1Para o cálculo da letalidade, foram considerados no denominador os casos de dengue grave e de dengue com sinais de
alarme.
2Paraocálculodaletalidade,foramconsideradosnodenominadoroscasosprováveisdechikungunya.
FONTE:: Sinan On-line (banco de dados atualizado em 05/03/2024); Sinan NET (banco de dados atualizado em
01/03/2025).Dadossujeitosaalteração.
7","Dengue (Incidência) 236,7 203 -70% CASOS/100 MIL HAB. ÓBITOS Em relação ao número 480.715 Casos prováveis Óbitos em 458 de casos investigação no mesmo Casos graves e com 5.917 período de sinais de alarme 3,4% Letalidade1 2024 Chikungunya (Incidência) 17,9 24 -65,2% CASOS/100 MIL HAB. ÓBITOS Em relação ao número Óbitos em 36.273 Casos prováveis 37 de casos investigação no mesmo período de 0,07% Letalidade2 2024 Zika (Incidência) 0,5 0 -7% CASOS/100 MIL HAB. ÓBITOS Em relação ao número 1.004 Casos prováveis 165 de casos no mesmo período de CASOS PROVÁVEIS 2024 EM GESTANTES 1Para o cálculo da letalidade, foram considerados no denominador os casos de dengue grave e de dengue com sinais de alarme. 2Paraocálculodaletalidade,foramconsideradosnodenominadoroscasosprováveisdechikungunya. FONTE:: Sinan On-line (banco de dados atualizado em 05/03/2024); Sinan NET (banco de dados atualizado em 01/03/2025).Dadossujeitosaalteração.",1,narrativa,"Dengue (Incidência) 236,7 203 -70% CASOS/100 MIL HAB. ÓBITOS Em relação ao número 480.715 Casos prováveis Óbitos em 458 de casos investigação no mesmo Casos graves e com 5.917 período de sinais de alarme 3,4% Letalidade1 2024"
Informe Semanal nº 03 - COE Dengue e outras Arboviroses - SE 1 a 9 - 08 de março.pdf,3,1,9,2025,2025-03-08,8,0,998,"INFORME SEMANAL No 03
SE 01 a 09/2025 (08/03/2025)
Oropouche
Entre as SE 01 e 09/2025, foram confirmados 6.051 casos de Oropouche
no Brasil, o que representa um aumento de 46,1% quando comparado com o
mesmo período do ano anterior, em que foram registrados 4.140 casos de
Oropouche. Até o momento, foi identificado 1 óbito suspeito de Oropouche
em 2025, no Espírito Santo, com detecção do vírus em amostra de soro.
CASOS DE OROPOUCHE POR SE DE INÍCIO DE SINTOMAS, BRASIL, 2024 E 2025
Os casos identificados estão distribuídos de maneira equitativa entre os
sexos, com 52,8% das detecções em indivíduos do sexo masculino. As faixas
etárias entre 20 e 59 anos concentram 69,8% dos casos. Entre os menores de
1 ano, foram registrados 5 casos, sendo 4 no Espírito Santo e 1 no Rio de
Janeiro.
CASOS DE OROPOUCHE POR SEXO E FAIXA ETÁRIA, BRASIL, 2025
Um caso em menor de 1 ano com informação de sexo ignorada.
Fonte: Sinan On-line (banco de dados atualizado em 05/03/2025). Dados sujeitos à alteração.
8","Oropouche Entre as SE 01 e 09/2025, foram confirmados 6.051 casos de Oropouche no Brasil, o que representa um aumento de 46,1% quando comparado com o mesmo período do ano anterior, em que foram registrados 4.140 casos de Oropouche. Até o momento, foi identificado 1 óbito suspeito de Oropouche em 2025, no Espírito Santo, com detecção do vírus em amostra de soro. CASOS DE OROPOUCHE POR SE DE INÍCIO DE SINTOMAS, BRASIL, 2024 E 2025 Os casos identificados estão distribuídos de maneira equitativa entre os sexos, com 52,8% das detecções em indivíduos do sexo masculino. As faixas etárias entre 20 e 59 anos concentram 69,8% dos casos. Entre os menores de 1 ano, foram registrados 5 casos, sendo 4 no Espírito Santo e 1 no Rio de Janeiro. CASOS DE OROPOUCHE POR SEXO E FAIXA ETÁRIA, BRASIL, 2025 Um caso em menor de 1 ano com informação de sexo ignorada. Fonte: Sinan On-line (banco de dados atualizado em 05/03/2025). Dados sujeitos à alteração.",0,,
Informe Semanal nº 03 - COE Dengue e outras Arboviroses - SE 1 a 9 - 08 de março.pdf,3,1,9,2025,2025-03-08,9,0,1374,"INFORME SEMANAL No 03
SE 01 a 09/2025 (08/03/2025)
Oropouche
Em 2025, a UF com maior número de casos é o Espírito Santo (n= 4.852),
cujo aumento vem ocorrendo desde o segundo semestre de 2024. Destacam-se
ainda o aumento dos casos no Rio de Janeiro (n=570) e Paraíba (n=469).
Transmissão ativa foi registrada em 2025 também nos estados de Roraima,
Amapá, Ceará e Minas Gerais.
Casos em indivíduos residentes ou com local provável de infecção (LPI)
em estados com transmissão autóctone (Espírito Santo, Rio de Janeiro e
Paraíba) foram registrados no Pará, Mato Grosso, Goiás, Distrito Federal, Piauí,
Pernambuco, Bahia, São Paulo e Paraná.
CASOS DE OROPOUCHE POR MUNICÍPIO DE RESIDÊNCIA, BRASIL, 2024 E 2025.
FONTE: Gerenciador de Ambiente Laboratorial (GAL). Dados atualizados até 05/03/2024. Dados sujeitos a alterações.
Febre Amarela
No período de monitoramento 2024/2025 (julho/2024 e irá até
junho/2025), os registros de transmissão do vírus em PNH ocorreram nos
estados de São Paulo [38] (Amparo [1], Bragança Paulista [1], Campinas [2],
Colina [1], Joanópolis [3], Osasco [1], Pedra Bela [1], Pinhalzinho [1],
Pitangueiras [2], Ribeirão Preto [22], Serra Negra [1], Socorro [1] e Valinhos [1]),
Minas Gerais [7] (Córrego do Bom Jesus [1], Estiva [1], Ipuiúna [2], Poço Fundo
[1], Poços de Caldas [1] e Toledo [1]), Roraima [1] (Alto Alegre) e Tocantins [2]
(Palmas).
9","Oropouche Em 2025, a UF com maior número de casos é o Espírito Santo (n= 4.852), cujo aumento vem ocorrendo desde o segundo semestre de 2024. Destacam-se ainda o aumento dos casos no Rio de Janeiro (n=570) e Paraíba (n=469). Transmissão ativa foi registrada em 2025 também nos estados de Roraima, Amapá, Ceará e Minas Gerais. Casos em indivíduos residentes ou com local provável de infecção (LPI) em estados com transmissão autóctone (Espírito Santo, Rio de Janeiro e Paraíba) foram registrados no Pará, Mato Grosso, Goiás, Distrito Federal, Piauí, Pernambuco, Bahia, São Paulo e Paraná. CASOS DE OROPOUCHE POR MUNICÍPIO DE RESIDÊNCIA, BRASIL, 2024 E 2025. FONTE: Gerenciador de Ambiente Laboratorial (GAL). Dados atualizados até 05/03/2024. Dados sujeitos a alterações. Febre Amarela No período de monitoramento 2024/2025 (julho/2024 e irá até junho/2025), os registros de transmissão do vírus em PNH ocorreram nos estados de São Paulo [38] (Amparo [1], Bragança Paulista [1], Campinas [2], Colina [1], Joanópolis [3], Osasco [1], Pedra Bela [1], Pinhalzinho [1], Pitangueiras [2], Ribeirão Preto [22], Serra Negra [1], Socorro [1] e Valinhos [1]), Minas Gerais [7] (Córrego do Bom Jesus [1], Estiva [1], Ipuiúna [2], Poço Fundo [1], Poços de Caldas [1] e Toledo [1]), Roraima [1] (Alto Alegre) e Tocantins [2] (Palmas).",0,,
Informe Semanal nº 03 - COE Dengue e outras Arboviroses - SE 1 a 9 - 08 de março.pdf,3,1,9,2025,2025-03-08,10,0,949,"INFORME SEMANAL No 03
SE 01 a 09/2025 (08/03/2025)
Febre Amarela
No mesmo período, foram confirmados 45 casos humanos, dos quais
21 evoluíram para o óbito (letalidade de 46,7%). Os casos tiveram os locais
prováveis de infecção nos estados de São Paulo [24] (Águas de Lindoia [1],
Águas de São Pedro [1], Amparo [1], Brotas [1], Caçapava [1], Campinas [2],
Joanópolis [4], Pedra Bela [1], Piracaia [2], Socorro [4], Tuiuti [1], Valinhos [1],
LPI em investigação [4]), Minas Gerais [4] (Camanducaia [1], Cambuí [1],
Extrema [1], LPI em investigação [1]), Tocantins [1] (Monte do Carmo) e Pará
[16] (Breves [14], Cametá [1], LPI em investigação [1]). Entre os casos, 40
(88,9%) eram do sexo masculino, com idades entre 16 e 73 anos. Nenhum dos
indivíduos era vacinado.
Municípios com detecção do vírus da Febre Amarela em PNH e Casos Humanos,
monitoramento 2024/2025.
FONTE:SINAN,SISS-Geo,GAL. Dadosatualizadosaté05/03/2025.Dadossujeitosaalterações.
10","Febre Amarela No mesmo período, foram confirmados 45 casos humanos, dos quais 21 evoluíram para o óbito (letalidade de 46,7%). Os casos tiveram os locais prováveis de infecção nos estados de São Paulo [24] (Águas de Lindoia [1], Águas de São Pedro [1], Amparo [1], Brotas [1], Caçapava [1], Campinas [2], Joanópolis [4], Pedra Bela [1], Piracaia [2], Socorro [4], Tuiuti [1], Valinhos [1], LPI em investigação [4]), Minas Gerais [4] (Camanducaia [1], Cambuí [1], Extrema [1], LPI em investigação [1]), Tocantins [1] (Monte do Carmo) e Pará [16] (Breves [14], Cametá [1], LPI em investigação [1]). Entre os casos, 40 (88,9%) eram do sexo masculino, com idades entre 16 e 73 anos. Nenhum dos indivíduos era vacinado. Municípios com detecção do vírus da Febre Amarela em PNH e Casos Humanos, monitoramento 2024/2025. FONTE:SINAN,SISS-Geo,GAL. Dadosatualizadosaté05/03/2025.Dadossujeitosaalterações.",0,,
Informe Semanal nº 03 - COE Dengue e outras Arboviroses - SE 1 a 9 - 08 de março.pdf,3,1,9,2025,2025-03-08,11,0,1020,"INFORME SEMANAL No 03
SE 01 a 09/2025 (08/03/2025)
Febre Amarela
Tabela 1. Estados com detecção dovírus da Febre Amarela em PNH e humanos durante o
.
períododemonitoramento 2024/2025
CASOS CASOS EM CASOS CONFIRMADOS
CASOS
REGIÃO UF (LPI) DESCARTADO INVESTIGAÇ LETALIDADE
NOTIFICADOS TOTAL CURAS ÓBITOS
S ÃO (%)
Norte Acre 1 1
Amapá 4 4
Amazonas 3 3
Pará 63 12 36 15 12 3 20,0
Rondônia 3 3
Roraima 4 4
Tocantins 7 2 4 1 1 0,0
Nordeste Alagoas 0
Bahia 3 1 2
Ceará 3 1 2
Maranhão 4 2 2
Paraíba 0
Pernambuco 1 1
Piauí 0
Rio Grande do
2 1 1
Norte
Sergipe 0
Distrito Federal 7 4 3
Goiás 8 3 5
Centro-
Mato Grosso 8 5 3
Oeste
Mato Grosso do
6 6
Sul
FONTE:SINAN,SISS-Geo,GAL. Dadosatualizadosaté05/03/2025.Dadossujeitosaalterações.
Sudeste Minas Gerais 29 20 6 3 2 1 33,3
Espírito Santo 26 22 4
Rio de Janeiro 12 6 6
São Paulo 208 73 115 20 8 12 60,0
Sul Paraná 16 10 6
Santa Catarina 8 6 2
Rio Grande do Sul 9 5 4
LPI em investigação
(notificados por SP [4], MG - - - 6 1 5 83,3
[1] e PA [1])
TOTAL 435 194 202 45 24 21 46,7
11","Febre Amarela Tabela 1. Estados com detecção dovírus da Febre Amarela em PNH e humanos durante o . períododemonitoramento 2024/2025 CASOS CASOS EM CASOS CONFIRMADOS CASOS REGIÃO UF (LPI) DESCARTADO INVESTIGAÇ LETALIDADE NOTIFICADOS TOTAL CURAS ÓBITOS S ÃO (%) Norte Acre 1 1 Amapá 4 4 Amazonas 3 3 Pará 63 12 36 15 12 3 20,0 Rondônia 3 3 Roraima 4 4 Tocantins 7 2 4 1 1 0,0 Nordeste Alagoas 0 Bahia 3 1 2 Ceará 3 1 2 Maranhão 4 2 2 Paraíba 0 Pernambuco 1 1 Piauí 0 Rio Grande do 2 1 1 Norte Sergipe 0 Distrito Federal 7 4 3 Goiás 8 3 5 CentroMato Grosso 8 5 3 Oeste Mato Grosso do 6 6 Sul FONTE:SINAN,SISS-Geo,GAL. Dadosatualizadosaté05/03/2025.Dadossujeitosaalterações. Sudeste Minas Gerais 29 20 6 3 2 1 33,3 Espírito Santo 26 22 4 Rio de Janeiro 12 6 6 São Paulo 208 73 115 20 8 12 60,0 Sul Paraná 16 10 6 Santa Catarina 8 6 2 Rio Grande do Sul 9 5 4 LPI em investigação (notificados por SP [4], MG - - - 6 1 5 83,3 [1] e PA [1]) TOTAL 435 194 202 45 24 21 46,7",0,,
Informe Semanal nº 03 - COE Dengue e outras Arboviroses - SE 1 a 9 - 08 de março.pdf,3,1,9,2025,2025-03-08,12,0,682,"INFORME SEMANAL No 03
SE 01 a 09/2025 (08/03/2025)
Ações realizadas
• Reunião com o estado do Mato Grosso para apoiar as ações de vigilância e controle
diante do aumento de casos de chikungunya
• Reunião de alinhamento sobre as ações de resposta à transmissão de Oropouche
com os estados do Espírito Santo, Minas Gerais, Rio de Janeiro, Paraíba e Amapá
• Missão do COE dengue e outras arboviroses para apoiar as ações de vigilância,
imunização e assistência diante do surto de Febre Amarela no município de
Breves/PA
• Reunião da Sala de Situação do DSEI Interior Sul sobre as ações de vigilância e
controle das arboviroses no territórios indígenas do estado do Rio Grande do Sul
12","Ações realizadas • Reunião com o estado do Mato Grosso para apoiar as ações de vigilância e controle diante do aumento de casos de chikungunya • Reunião de alinhamento sobre as ações de resposta à transmissão de Oropouche com os estados do Espírito Santo, Minas Gerais, Rio de Janeiro, Paraíba e Amapá • Missão do COE dengue e outras arboviroses para apoiar as ações de vigilância, imunização e assistência diante do surto de Febre Amarela no município de Breves/PA • Reunião da Sala de Situação do DSEI Interior Sul sobre as ações de vigilância e controle das arboviroses no territórios indígenas do estado do Rio Grande do Sul",0,,
Informe Semanal nº 03 - COE Dengue e outras Arboviroses - SE 1 a 9 - 08 de março.pdf,3,1,9,2025,2025-03-08,13,0,374,"INFORME SEMANAL No 03
SE 01 a 09/2025 (08/03/2025)
Insumos distribuídos
Laboratoriais1
312.192
Sorologia Reações
131.230
Biologia Molecular ZDC Reações
150.000
Biologia Molecular OROV/MAYV Reações
Inseticidas2
59.916
Larvicida Kg
3.855
Adulticida para PE Kg
106.300
Adulticida para UBV L
1Dadosatualizadosem07/03/2025.Fonte:CGLAB.
2Dadosatualizadosem07/03/2025.Fonte:SIES
13",Insumos distribuídos Laboratoriais1 312.192 Sorologia Reações 131.230 Biologia Molecular ZDC Reações 150.000 Biologia Molecular OROV/MAYV Reações Inseticidas2 59.916 Larvicida Kg 3.855 Adulticida para PE Kg 106.300 Adulticida para UBV L 1Dadosatualizadosem07/03/2025.Fonte:CGLAB. 2Dadosatualizadosem07/03/2025.Fonte:SIES,0,,
Informe Semanal nº 03 - COE Dengue e outras Arboviroses - SE 1 a 9 - 08 de março.pdf,3,1,9,2025,2025-03-08,14,0,1486,"INFORME SEMANAL No 03
SE 01 a 09/2025 (08/03/2025)
Número de casos prováveis e incidência (por 100.000 habitantes) de dengue, SE 01 a
SE 09, Brasil, 2024 e 2025
Casos prováveis (n) Coeficiente de incidência
Região/UF SE 01 aSE 09 SE 01 aSE 09
2024 2025 2024 2025
Norte
19.304 18.671 111,3 107,6
Rondônia 2.294 466 145,1 29,5
Acre 2.827 6.746 340,6 812,7
Amazonas 4.172 1.988 105,9 50,4
Roraima 87 147 13,7 23,1
Pará 5.865 7.194 72,3 88,6
Amapá 3.190 653 434,9 89,0
Tocantins 869 1.477 57,5 97,7
Nordeste 57.934 18.443 106,0 33,8
Maranhão 2.462 1.072 36,3 15,8
Piauí
2.855 1.139 87,3 34,8
Ceará
1.632 1.308 18,6 14,9
Rio Grande do Norte
2.943 1.249 89,1 37,8
Paraíba
2.434 1.801 61,2 45,3
Pernambuco
2.915 3.547 32,2 39,2
Alagoas
1.827 623 58,4 19,9
Sergipe
374 396 16,9 17,9
Bahia 40.492 7.308 286,4 51,7
Sudeste
1.061.436 351.902 1.251,0 414,7
Minas Gerais
619.731 55.354 3.017,4 269,5
Espírito Santo
40.079 8.657 1.045,5 225,8
Rio de Janeiro
130.081 10.347 810,2 64,4
São Paulo 271.545 277.544 611,3 624,8
Sul 195.930 40.855 654,6 136,5
Paraná 132.545 30.284 1.158,3 264,6
Santa Catarina 38.619 6.313 507,5 83,0
Rio Grande do Sul
24.766 4.258 227,6 39,1
Centro-Oeste 270.007 50.844 1.657,7 312,2
Mato Grosso do Sul 4.845 3.764 175,8 136,5
Mato Grosso 11.210 17.141 306,4 468,5
Goiás 95.383 25.825 1.351,9 366,0
Distrito Federal 158.569 4.114 5.628,9 146,0
Brasil
1.604.611 480.715 790,2 236,7
FONTE:SinanOn-lineeE-SUS VS(bancodedadosatualizadoem05/03/2025).Dadossujeitosaalteração.
14","Número de casos prováveis e incidência (por 100.000 habitantes) de dengue, SE 01 a SE 09, Brasil, 2024 e 2025 Casos prováveis (n) Coeficiente de incidência Região/UF SE 01 aSE 09 SE 01 aSE 09 2024 2025 2024 2025 Norte 19.304 18.671 111,3 107,6 Rondônia 2.294 466 145,1 29,5 Acre 2.827 6.746 340,6 812,7 Amazonas 4.172 1.988 105,9 50,4 Roraima 87 147 13,7 23,1 Pará 5.865 7.194 72,3 88,6 Amapá 3.190 653 434,9 89,0 Tocantins 869 1.477 57,5 97,7 Nordeste 57.934 18.443 106,0 33,8 Maranhão 2.462 1.072 36,3 15,8 Piauí 2.855 1.139 87,3 34,8 Ceará 1.632 1.308 18,6 14,9 Rio Grande do Norte 2.943 1.249 89,1 37,8 Paraíba 2.434 1.801 61,2 45,3 Pernambuco 2.915 3.547 32,2 39,2 Alagoas 1.827 623 58,4 19,9 Sergipe 374 396 16,9 17,9 Bahia 40.492 7.308 286,4 51,7 Sudeste 1.061.436 351.902 1.251,0 414,7 Minas Gerais 619.731 55.354 3.017,4 269,5 Espírito Santo 40.079 8.657 1.045,5 225,8 Rio de Janeiro 130.081 10.347 810,2 64,4 São Paulo 271.545 277.544 611,3 624,8 Sul 195.930 40.855 654,6 136,5 Paraná 132.545 30.284 1.158,3 264,6 Santa Catarina 38.619 6.313 507,5 83,0 Rio Grande do Sul 24.766 4.258 227,6 39,1 Centro-Oeste 270.007 50.844 1.657,7 312,2 Mato Grosso do Sul 4.845 3.764 175,8 136,5 Mato Grosso 11.210 17.141 306,4 468,5 Goiás 95.383 25.825 1.351,9 366,0 Distrito Federal 158.569 4.114 5.628,9 146,0 Brasil 1.604.611 480.715 790,2 236,7 FONTE:SinanOn-lineeE-SUS VS(bancodedadosatualizadoem05/03/2025).Dadossujeitosaalteração.",1,tabela,"Número de casos prováveis e incidência (por 100.000 habitantes) de dengue, SE 01 a SE 09, Brasil, 2024 e 2025 Casos prováveis (n) Coeficiente de incidência Região/UF SE 01 aSE 09 SE 01 aSE 09 2024 2025 2024 2025 Norte 19.304 18.671 111,3 107,6 Rondônia 2.294 466 145,1 29,5 Acre 2.827 6.746 340,6 812,7 Amazonas 4.172 1.988 105,9 50,4 Roraima 87 147 13,7 23,1 Pará 5.865 7.194 72,3 88,6 Amapá 3.190 653 434,9 89,0 Tocantins 869 1.477 57,5 97,7 Nordeste 57.934 18.443 106,0 33,8 Maranhão 2.462 1.072 36,3 15,8 Piauí 2.855 1.139 87,3 34,8 Ceará 1.632 1.308 18,6 14,9 Rio Grande do Norte 2.943 1.249 89,1 37,8 Paraíba 2.434 1.801 61,2 45,3 Pernambuco 2.915 3.547 32,2 39,2 Alagoas 1.827 623 58,4 19,9 Sergipe 374 396 16,9 17,9 Bahia 40.492 7.308 286,4 51,7 Sudeste 1.061.436 351.902 1.251,0 414,7 Minas Gerais 619.731 55.354 3.017,4 269,5 Espírito Santo 40.079 8.657 1.045,5 225,8 Rio de Janeiro 130.081 10.347 810,2 64,4 São Paulo 271.545 277.544 611,3 624,8 Sul 195.930 40.855 654,6 136,5 Paraná 132.545 30.284 1.158,3 264,6 Santa Catarina 38.619 6.313 507,5 83,0 Rio Grande do Sul 24.766 4.258 227,6 39,1 Centro-Oeste 270.007 50.844 1.657,7 312,2 Mato Grosso do Sul 4.845 3.764 175,8 136,5 Mato Grosso 11.210 17.141 306,4 468,5 Goiás 95.383 25.825 1.351,9 366,0 Distrito Federal 158.569 4.114 5.628,9 146,0 Brasil 1.604.611 480.715 790,2 236,7 FONTE:SinanOn-lineeE-SUS VS(bancodedadosatualizadoem05/03/2025).Dadossujeitosaalteração."
Informe Semanal nº 03 - COE Dengue e outras Arboviroses - SE 1 a 9 - 08 de março.pdf,3,1,9,2025,2025-03-08,15,0,1092,"INFORME SEMANAL No 03
SE 01 a 09/2025 (08/03/2025)
Número de casos de dengue grave e dengue com sinais de alarme, SE 01 a SE 09,
Brasil, 2024 e 2025
Dengue grave (n) Dengue com sinais de alarme (n)
Região/UF SE 01 aSE 09 SE 01 aSE 09
2024 2025 2024 2025
Norte 26 11 248 85
Rondônia
2 1 14 4
Acre
2 1 2 13
Amazonas
7 0 45 6
Roraima
0 0 1 1
Pará
12 7 111 55
Amapá
1 2 52 4
Tocantins
2 0 23 2
Nordeste
64 13 1.097 174
Maranhão
6 1 59 8
Piauí
3 4 85 20
Ceará
1 0 27 5
Rio Grande do Norte
2 0 29 6
Paraíba
4 0 25 3
Pernambuco
1 1 14 6
Alagoas
2 2 29 8
Sergipe
3 1 16 7
Bahia
42 4 813 111
Sudeste
983 314 11.661 3.998
Minas Gerais
521 50 5.774 537
Espírito Santo
36 3 777 169
Rio de Janeiro
96 6 1.835 145
São Paulo
330 255 3.275 3.147
Sul
215 30 4.068 373
Paraná
132 27 2.521 339
Santa Catarina
41 0 1.229 15
Rio Grande do Sul
42 3 318 19
Centro-Oeste
444 44 8.492 875
Mato Grosso do Sul
9 5 97 95
Mato Grosso
24 14 237 78
Goiás
140 25 1729 684
Distrito Federal
271 0 6429 18
Brasil
1.732 412 25.566 5.505
FONTE:SinanOn-lineeE-SUS VS(bancodedadosatualizadoem05/03/2025).Dadossujeitosaalteração.
15","Número de casos de dengue grave e dengue com sinais de alarme, SE 01 a SE 09, Brasil, 2024 e 2025 Dengue grave (n) Dengue com sinais de alarme (n) Região/UF SE 01 aSE 09 SE 01 aSE 09 2024 2025 2024 2025 Norte 26 11 248 85 Rondônia 2 1 14 4 Acre 2 1 2 13 Amazonas 7 0 45 6 Roraima 0 0 1 1 Pará 12 7 111 55 Amapá 1 2 52 4 Tocantins 2 0 23 2 Nordeste 64 13 1.097 174 Maranhão 6 1 59 8 Piauí 3 4 85 20 Ceará 1 0 27 5 Rio Grande do Norte 2 0 29 6 Paraíba 4 0 25 3 Pernambuco 1 1 14 6 Alagoas 2 2 29 8 Sergipe 3 1 16 7 Bahia 42 4 813 111 Sudeste 983 314 11.661 3.998 Minas Gerais 521 50 5.774 537 Espírito Santo 36 3 777 169 Rio de Janeiro 96 6 1.835 145 São Paulo 330 255 3.275 3.147 Sul 215 30 4.068 373 Paraná 132 27 2.521 339 Santa Catarina 41 0 1.229 15 Rio Grande do Sul 42 3 318 19 Centro-Oeste 444 44 8.492 875 Mato Grosso do Sul 9 5 97 95 Mato Grosso 24 14 237 78 Goiás 140 25 1729 684 Distrito Federal 271 0 6429 18 Brasil 1.732 412 25.566 5.505 FONTE:SinanOn-lineeE-SUS VS(bancodedadosatualizadoem05/03/2025).Dadossujeitosaalteração.",1,tabela,"Número de casos de dengue grave e dengue com sinais de alarme, SE 01 a SE 09, Brasil, 2024 e 2025 Dengue grave (n) Dengue com sinais de alarme (n) Região/UF SE 01 aSE 09 SE 01 aSE 09 2024 2025 2024 2025 Norte 26 11 248 85 Rondônia 2 1 14 4 Acre 2 1 2 13 Amazonas 7 0 45 6 Roraima 0 0 1 1 Pará 12 7 111 55 Amapá 1 2 52 4 Tocantins 2 0 23 2 Nordeste 64 13 1.097 174 Maranhão 6 1 59 8 Piauí 3 4 85 20 Ceará 1 0 27 5 Rio Grande do Norte 2 0 29 6 Paraíba 4 0 25 3 Pernambuco 1 1 14 6 Alagoas 2 2 29 8 Sergipe 3 1 16 7 Bahia 42 4 813 111 Sudeste 983 314 11.661 3.998 Minas Gerais 521 50 5.774 537 Espírito Santo 36 3 777 169 Rio de Janeiro 96 6 1.835 145 São Paulo 330 255 3.275 3.147 Sul 215 30 4.068 373 Paraná 132 27 2.521 339 Santa Catarina 41 0 1.229 15 Rio Grande do Sul 42 3 318 19 Centro-Oeste 444 44 8.492 875 Mato Grosso do Sul 9 5 97 95 Mato Grosso 24 14 237 78 Goiás 140 25 1729 684 Distrito Federal 271 0 6429 18 Brasil 1.732 412 25.566 5.505 FONTE:SinanOn-lineeE-SUS VS(bancodedadosatualizadoem05/03/2025).Dadossujeitosaalteração."
Informe Semanal nº 03 - COE Dengue e outras Arboviroses - SE 1 a 9 - 08 de março.pdf,3,1,9,2025,2025-03-08,16,0,1310,"INFORME SEMANAL No 03
SE 01 a 09/2025 (08/03/2025)
Número de óbitos confirmados, letalidade e óbitos em investigação por dengue, SE 01
a SE 09, Brasil, 2024 e 2025
Óbitos confirmados (n) Taxa de Letalidade Óbitos em Investigação
Região/UF SE 01 aSE 09 SE 01 aSE 09 SE 01 aSE 09
2024 2025 2024 2025 2024 2025
Norte 12 12 4,4 12,5 0 7
Rondônia
2 0 12,5 0,0 0 0
Acre
0 3 0,0 0,0 0 1
Amazonas
4 0 7,7 0,0 0 1
Roraima
0 0 0,0 0,0 0 1
Pará
2 7 1,6 0,0 0 4
Amapá
3 2 5,7 0,0 0 0
Tocantins
1 0 4,0 0,0 0 0
Nordeste
39 5 3,4 2,7 3 23
Maranhão 4 0 6,2 0,0 1 8
Piauí
3 0 3,4 0,0 0 0
Ceará
0 0 0,0 0,0 0 0
Rio Grande do Norte 0 0 0,0 0,0 0 1
Paraíba
3 0 10,3 0,0 0 1
Pernambuco
1 0 6,7 0,0 0 4
Alagoas
0 0 0,0 0,0 0 1
Sergipe
2 1 10,5 0,0 0 0
Bahia
26 4 3,0 3,5 2 8
Sudeste
733 166 5,8 3,8 77 356
Minas Gerais
394 8 6,3 1,4 76 42
Espírito Santo
19 0 2,3 0,0 0 7
Rio de Janeiro
94 3 4,9 2,0 0 4
São Paulo
226 155 6,3 4,6 1 303
Sul
204 7 4,8 1,7 0 21
Paraná
139 7 5,2 1,9 0 17
Santa Catarina
33 0 2,6 0,0 0 3
Rio Grande do Sul
32 0 8,9 0,0 0 1
Centro-Oeste
368 13 4,1 1,4 5 51
Mato Grosso do Sul
5 3 4,7 0,0 4 0
Mato Grosso
10 4 3,8 4,3 1 7
Goiás
105 6 5,6 0,8 0 39
Distrito Federal
248 0 3,7 0,0 0 5
Brasil
1.356 203 5,0 3,4 85 458
FONTE:SinanOn-lineeE-SUS VS(bancodedadosatualizadoem05/03/2025).Dadossujeitosaalteração.
16","Número de óbitos confirmados, letalidade e óbitos em investigação por dengue, SE 01 a SE 09, Brasil, 2024 e 2025 Óbitos confirmados (n) Taxa de Letalidade Óbitos em Investigação Região/UF SE 01 aSE 09 SE 01 aSE 09 SE 01 aSE 09 2024 2025 2024 2025 2024 2025 Norte 12 12 4,4 12,5 0 7 Rondônia 2 0 12,5 0,0 0 0 Acre 0 3 0,0 0,0 0 1 Amazonas 4 0 7,7 0,0 0 1 Roraima 0 0 0,0 0,0 0 1 Pará 2 7 1,6 0,0 0 4 Amapá 3 2 5,7 0,0 0 0 Tocantins 1 0 4,0 0,0 0 0 Nordeste 39 5 3,4 2,7 3 23 Maranhão 4 0 6,2 0,0 1 8 Piauí 3 0 3,4 0,0 0 0 Ceará 0 0 0,0 0,0 0 0 Rio Grande do Norte 0 0 0,0 0,0 0 1 Paraíba 3 0 10,3 0,0 0 1 Pernambuco 1 0 6,7 0,0 0 4 Alagoas 0 0 0,0 0,0 0 1 Sergipe 2 1 10,5 0,0 0 0 Bahia 26 4 3,0 3,5 2 8 Sudeste 733 166 5,8 3,8 77 356 Minas Gerais 394 8 6,3 1,4 76 42 Espírito Santo 19 0 2,3 0,0 0 7 Rio de Janeiro 94 3 4,9 2,0 0 4 São Paulo 226 155 6,3 4,6 1 303 Sul 204 7 4,8 1,7 0 21 Paraná 139 7 5,2 1,9 0 17 Santa Catarina 33 0 2,6 0,0 0 3 Rio Grande do Sul 32 0 8,9 0,0 0 1 Centro-Oeste 368 13 4,1 1,4 5 51 Mato Grosso do Sul 5 3 4,7 0,0 4 0 Mato Grosso 10 4 3,8 4,3 1 7 Goiás 105 6 5,6 0,8 0 39 Distrito Federal 248 0 3,7 0,0 0 5 Brasil 1.356 203 5,0 3,4 85 458 FONTE:SinanOn-lineeE-SUS VS(bancodedadosatualizadoem05/03/2025).Dadossujeitosaalteração.",1,tabela,"Número de óbitos confirmados, letalidade e óbitos em investigação por dengue, SE 01 a SE 09, Brasil, 2024 e 2025 Óbitos confirmados (n) Taxa de Letalidade Óbitos em Investigação Região/UF SE 01 aSE 09 SE 01 aSE 09 SE 01 aSE 09 2024 2025 2024 2025 2024 2025 Norte 12 12 4,4 12,5 0 7 Rondônia 2 0 12,5 0,0 0 0 Acre 0 3 0,0 0,0 0 1 Amazonas 4 0 7,7 0,0 0 1 Roraima 0 0 0,0 0,0 0 1 Pará 2 7 1,6 0,0 0 4 Amapá 3 2 5,7 0,0 0 0 Tocantins 1 0 4,0 0,0 0 0 Nordeste 39 5 3,4 2,7 3 23 Maranhão 4 0 6,2 0,0 1 8 Piauí 3 0 3,4 0,0 0 0 Ceará 0 0 0,0 0,0 0 0 Rio Grande do Norte 0 0 0,0 0,0 0 1 Paraíba 3 0 10,3 0,0 0 1 Pernambuco 1 0 6,7 0,0 0 4 Alagoas 0 0 0,0 0,0 0 1 Sergipe 2 1 10,5 0,0 0 0 Bahia 26 4 3,0 3,5 2 8 Sudeste 733 166 5,8 3,8 77 356 Minas Gerais 394 8 6,3 1,4 76 42 Espírito Santo 19 0 2,3 0,0 0 7 Rio de Janeiro 94 3 4,9 2,0 0 4 São Paulo 226 155 6,3 4,6 1 303 Sul 204 7 4,8 1,7 0 21 Paraná 139 7 5,2 1,9 0 17 Santa Catarina 33 0 2,6 0,0 0 3 Rio Grande do Sul 32 0 8,9 0,0 0 1 Centro-Oeste 368 13 4,1 1,4 5 51 Mato Grosso do Sul 5 3 4,7 0,0 4 0 Mato Grosso 10 4 3,8 4,3 1 7 Goiás 105 6 5,6 0,8 0 39 Distrito Federal 248 0 3,7 0,0 0 5 Brasil 1.356 203 5,0 3,4 85 458 FONTE:SinanOn-lineeE-SUS VS(bancodedadosatualizadoem05/03/2025).Dadossujeitosaalteração."
Informe Semanal nº 03 - COE Dengue e outras Arboviroses - SE 1 a 9 - 08 de março.pdf,3,1,9,2025,2025-03-08,17,0,1274,"INFORME SEMANAL No 03
SE 01 a 09/2025 (08/03/2025)
Número de casos prováveis e incidência (por 100.000 habitantes) de chikungunya, SE
01 a SE 09, Brasil, 2024 e 2025
Casos Prováveis (n) Coeficiente de Incidência
Região/UF SE 01 aSE 09 SE 01 aSE 09
2024 2025 2024 2025
Norte
749 992 4,3 5,7
Rondônia
92 267 5,8 16,9
Acre
103 265 12,4 31,9
Amazonas
22 39 0,6 1,0
Roraima
5 19 0,8 3,0
Pará
288 204 3,5 2,5
Amapá
112 25 15,3 3,4
Tocantins
127 173 8,4 11,4
Nordeste
5.369 1.815 9,8 3,3
Maranhão
200 119 3,0 1,8
Piauí
168 47 5,1 1,4
Ceará
212 193 2,4 2,2
Rio Grande do Norte
522 280 15,8 8,5
Paraíba
372 215 9,4 5,4
Pernambuco
658 507 7,3 5,6
Alagoas
116 16 3,7 0,5
Sergipe
109 30 4,9 1,4
Bahia
3.012 408 21,3 2,9
Sudeste
90.040 11.497 106,1 13,6
Minas Gerais
83.781 4.695 407,9 22,9
Espírito Santo
2.619 598 68,3 15,6
Rio de Janeiro
1.373 622 8,6 3,9
São Paulo
2.267 5.582 5,1 12,6
Sul
219 1.087 0,7 3,6
Paraná
121 945 1,1 8,3
Santa Catarina
34 81 0,4 1,1
Rio Grande do Sul
64 61 0,6 0,6
Centro-Oeste
7.723 20.882 47,4 128,2
Mato Grosso do Sul
446 2.402 16,2 87,1
Mato Grosso
3.633 18.090 99,3 494,4
Goiás
3.572 326 50,6 4,6
Distrito Federal
72 64 2,6 2,3
Brasil
104.100 36.273 51,3 17,9
FONTE:SinanOn-lineeE-SUS VS(bancodedadosatualizadoem05/03/2025).Dadossujeitosaalteração.
17","Número de casos prováveis e incidência (por 100.000 habitantes) de chikungunya, SE 01 a SE 09, Brasil, 2024 e 2025 Casos Prováveis (n) Coeficiente de Incidência Região/UF SE 01 aSE 09 SE 01 aSE 09 2024 2025 2024 2025 Norte 749 992 4,3 5,7 Rondônia 92 267 5,8 16,9 Acre 103 265 12,4 31,9 Amazonas 22 39 0,6 1,0 Roraima 5 19 0,8 3,0 Pará 288 204 3,5 2,5 Amapá 112 25 15,3 3,4 Tocantins 127 173 8,4 11,4 Nordeste 5.369 1.815 9,8 3,3 Maranhão 200 119 3,0 1,8 Piauí 168 47 5,1 1,4 Ceará 212 193 2,4 2,2 Rio Grande do Norte 522 280 15,8 8,5 Paraíba 372 215 9,4 5,4 Pernambuco 658 507 7,3 5,6 Alagoas 116 16 3,7 0,5 Sergipe 109 30 4,9 1,4 Bahia 3.012 408 21,3 2,9 Sudeste 90.040 11.497 106,1 13,6 Minas Gerais 83.781 4.695 407,9 22,9 Espírito Santo 2.619 598 68,3 15,6 Rio de Janeiro 1.373 622 8,6 3,9 São Paulo 2.267 5.582 5,1 12,6 Sul 219 1.087 0,7 3,6 Paraná 121 945 1,1 8,3 Santa Catarina 34 81 0,4 1,1 Rio Grande do Sul 64 61 0,6 0,6 Centro-Oeste 7.723 20.882 47,4 128,2 Mato Grosso do Sul 446 2.402 16,2 87,1 Mato Grosso 3.633 18.090 99,3 494,4 Goiás 3.572 326 50,6 4,6 Distrito Federal 72 64 2,6 2,3 Brasil 104.100 36.273 51,3 17,9 FONTE:SinanOn-lineeE-SUS VS(bancodedadosatualizadoem05/03/2025).Dadossujeitosaalteração.",0,,
Informe Semanal nº 03 - COE Dengue e outras Arboviroses - SE 1 a 9 - 08 de março.pdf,3,1,9,2025,2025-03-08,18,0,950,"INFORME SEMANAL No 03
SE 01 a 09/2025 (08/03/2025)
Número de óbitos confirmados e óbitos em investigação de chikungunya, SE 01 a SE
09, Brasil, 2024 e 2025
Óbitos confirmados Óbitos em Investigação
Região/UF SE 01 aSE 09 SE 01 aSE 09
2024 2025 2024 2025
Norte
1 0 0 0
Rondônia
0 0 0 0
Acre
0 0 0 0
Amazonas
0 0 0 0
Roraima
0 0 0 0
Pará
0 0 0 0
Amapá
1 0 0 0
Tocantins
0 0 0 0
Nordeste
13 1 1 9
Maranhão
1 0 1 4
Piauí
0 0 0 0
Ceará
0 0 0 0
Rio Grande do Norte
1 0 0 1
Paraíba
3 0 0 0
Pernambuco
1 0 0 3
Alagoas
0 0 0 0
Sergipe
1 0 0 0
Bahia
6 1 0 1
Sudeste
65 3 10 14
Minas Gerais
61 1 9 1
Espírito Santo
1 0 0 1
Rio de Janeiro
0 1 0 2
São Paulo
3 1 1 10
Sul
0 0 0 2
Paraná
0 0 0 0
Santa Catarina
0 0 0 0
Rio Grande do Sul
0 0 0 2
Centro-Oeste
9 20 1 12
Mato Grosso do Sul
0 0 1 2
Mato Grosso
3 20 0 8
Goiás
6 0 0 2
Distrito Federal
0 0 0 0
Brasil
88 24 12 37
FONTE:SinanOn-lineeE-SUS VS(bancodedadosatualizadoem05/03/2025).Dadossujeitosaalteração.
18","Número de óbitos confirmados e óbitos em investigação de chikungunya, SE 01 a SE 09, Brasil, 2024 e 2025 Óbitos confirmados Óbitos em Investigação Região/UF SE 01 aSE 09 SE 01 aSE 09 2024 2025 2024 2025 Norte 1 0 0 0 Rondônia 0 0 0 0 Acre 0 0 0 0 Amazonas 0 0 0 0 Roraima 0 0 0 0 Pará 0 0 0 0 Amapá 1 0 0 0 Tocantins 0 0 0 0 Nordeste 13 1 1 9 Maranhão 1 0 1 4 Piauí 0 0 0 0 Ceará 0 0 0 0 Rio Grande do Norte 1 0 0 1 Paraíba 3 0 0 0 Pernambuco 1 0 0 3 Alagoas 0 0 0 0 Sergipe 1 0 0 0 Bahia 6 1 0 1 Sudeste 65 3 10 14 Minas Gerais 61 1 9 1 Espírito Santo 1 0 0 1 Rio de Janeiro 0 1 0 2 São Paulo 3 1 1 10 Sul 0 0 0 2 Paraná 0 0 0 0 Santa Catarina 0 0 0 0 Rio Grande do Sul 0 0 0 2 Centro-Oeste 9 20 1 12 Mato Grosso do Sul 0 0 1 2 Mato Grosso 3 20 0 8 Goiás 6 0 0 2 Distrito Federal 0 0 0 0 Brasil 88 24 12 37 FONTE:SinanOn-lineeE-SUS VS(bancodedadosatualizadoem05/03/2025).Dadossujeitosaalteração.",0,,
Informe Semanal nº 03 - COE Dengue e outras Arboviroses - SE 1 a 9 - 08 de março.pdf,3,1,9,2025,2025-03-08,19,0,1135,"INFORME SEMANAL No 03
SE 01 a 09/2025 (08/03/2025)
Número de casos prováveis e incidência (por 100.000 habitantes) de Zika, SE 01 a SE
08, Brasil, 2024 e 2025.
Casos Prováveis Coeficiente de Incidência
Região/UF SE 01 aSE 08 SE 01 aSE 08
2024 2025 2024 2025
Norte
150 200 0,9 1,2
Rondônia 26 3 1,6 0,2
Acre 34 93 4,1 11,2
Amazonas 33 9 0,8 0,2
Roraima 2 1 0,3 0,2
Pará 16 42 0,2 0,5
Amapá 23 0 3,1 0,0
Tocantins 16 52 1,1 3,4
Nordeste 622 303 1,1 0,6
Maranhão 62 65 0,9 1,0
Piauí 1 1 0,0 0,0
Ceará 14 9 0,2 0,1
Rio Grande do
Norte 187 95 5,7 2,9
Paraíba
20 6 0,5 0,2
Pernambuco
21 32 0,2 0,4
Alagoas
20 5 0,6 0,2
Sergipe
6 5 0,3 0,2
Bahia
291 85 2,1 0,6
Sudeste
168 155 0,2 0,2
Minas Gerais
59 19 0,3 0,1
Espírito Santo
41 1 1,1 0,0
Rio de Janeiro
1 8 0,0 0,0
São Paulo
67 127 0,2 0,3
Sul
10 13 0,0 0,0
Paraná 4 8 0,0 0,1
Santa Catarina
2 4 0,0 0,1
Rio Grande do
Sul 4 1 0,0 0,0
Centro-Oeste
130 333 0,8 2,0
Mato Grosso do
Sul 13 15 0,5 0,5
Mato Grosso
93 248 2,5 6,8
Goiás
18 70 0,3 1,0
Distrito Federal
6 3 0,2 0,0
Brasil
1.080 1.004 0,5 0,5
FONTE:SinanOn-lineeE-SUS VS(bancodedadosatualizadoem01/03/2025).Dadossujeitosaalteração.
19","Número de casos prováveis e incidência (por 100.000 habitantes) de Zika, SE 01 a SE 08, Brasil, 2024 e 2025. Casos Prováveis Coeficiente de Incidência Região/UF SE 01 aSE 08 SE 01 aSE 08 2024 2025 2024 2025 Norte 150 200 0,9 1,2 Rondônia 26 3 1,6 0,2 Acre 34 93 4,1 11,2 Amazonas 33 9 0,8 0,2 Roraima 2 1 0,3 0,2 Pará 16 42 0,2 0,5 Amapá 23 0 3,1 0,0 Tocantins 16 52 1,1 3,4 Nordeste 622 303 1,1 0,6 Maranhão 62 65 0,9 1,0 Piauí 1 1 0,0 0,0 Ceará 14 9 0,2 0,1 Rio Grande do Norte 187 95 5,7 2,9 Paraíba 20 6 0,5 0,2 Pernambuco 21 32 0,2 0,4 Alagoas 20 5 0,6 0,2 Sergipe 6 5 0,3 0,2 Bahia 291 85 2,1 0,6 Sudeste 168 155 0,2 0,2 Minas Gerais 59 19 0,3 0,1 Espírito Santo 41 1 1,1 0,0 Rio de Janeiro 1 8 0,0 0,0 São Paulo 67 127 0,2 0,3 Sul 10 13 0,0 0,0 Paraná 4 8 0,0 0,1 Santa Catarina 2 4 0,0 0,1 Rio Grande do Sul 4 1 0,0 0,0 Centro-Oeste 130 333 0,8 2,0 Mato Grosso do Sul 13 15 0,5 0,5 Mato Grosso 93 248 2,5 6,8 Goiás 18 70 0,3 1,0 Distrito Federal 6 3 0,2 0,0 Brasil 1.080 1.004 0,5 0,5 FONTE:SinanOn-lineeE-SUS VS(bancodedadosatualizadoem01/03/2025).Dadossujeitosaalteração.",0,,
Informe Semanal nº 03 - COE Dengue e outras Arboviroses - SE 1 a 9 - 08 de março.pdf,3,1,9,2025,2025-03-08,20,0,848,"INFORME SEMANAL No 03
SE 01 a 09/2025 (08/03/2025)
Número de casos confirmados de oropouche por uf de local provável de infecção,
Brasil, 2024 E 2025.
Casos de Oropouche
Região/UF
2024 2025
SE 01 a SE 09 SE 01 a SE 09
Norte 4.111 29
Rondônia 1.200 0
Acre 242 0
Amazonas 2.596 0
Roraima 6 1
Pará 64 0
Amapá 3 28
Tocantins 0 0
Nordeste 28 502
Maranhão 2 0
Piauí 0 0
Ceará 0 33
Rio Grande do Norte 0 0
Paraíba 0 469
Pernambuco 0 0
Alagoas 0 0
Sergipe 0 0
Bahia 26 0
Sudeste 1 5.520
Minas Gerais 1 98
Espírito Santo 0 4.852
Rio de Janeiro 0 570
São Paulo 0 0
Sul 0 0
Paraná 0 0
Santa Catarina 0 0
Rio Grande do Sul 0 0
Centro-Oeste 0 0
Mato Grosso do Sul 0 0
*LPI em investigação.
Mato Grosso 0 0
Goiás 0 0
Distrito Federal 0 0
Brasil 4.140 6.051
FONTE:GerenciadordeAmbiente Laboratorial(GAL). Dadosatualizadosaté05/03/2024.Dadossujeitosaalterações.
20","Número de casos confirmados de oropouche por uf de local provável de infecção, Brasil, 2024 E 2025. Casos de Oropouche Região/UF 2024 2025 SE 01 a SE 09 SE 01 a SE 09 Norte 4.111 29 Rondônia 1.200 0 Acre 242 0 Amazonas 2.596 0 Roraima 6 1 Pará 64 0 Amapá 3 28 Tocantins 0 0 Nordeste 28 502 Maranhão 2 0 Piauí 0 0 Ceará 0 33 Rio Grande do Norte 0 0 Paraíba 0 469 Pernambuco 0 0 Alagoas 0 0 Sergipe 0 0 Bahia 26 0 Sudeste 1 5.520 Minas Gerais 1 98 Espírito Santo 0 4.852 Rio de Janeiro 0 570 São Paulo 0 0 Sul 0 0 Paraná 0 0 Santa Catarina 0 0 Rio Grande do Sul 0 0 Centro-Oeste 0 0 Mato Grosso do Sul 0 0 *LPI em investigação. Mato Grosso 0 0 Goiás 0 0 Distrito Federal 0 0 Brasil 4.140 6.051 FONTE:GerenciadordeAmbiente Laboratorial(GAL). Dadosatualizadosaté05/03/2024.Dadossujeitosaalterações.",0,,
Informe Semanal nº 04 - COE Dengue e outras Arboviroses - SE 1 a 10.pdf,4,1,10,2025,2025-03-10,1,0,41,"SE 01 a 10/2025
No 04
10 de março de 2025",SE 01 a 10/2025 No 04 10 de março de 2025,0,,
Informe Semanal nº 04 - COE Dengue e outras Arboviroses - SE 1 a 10.pdf,4,1,10,2025,2025-03-10,2,0,2036,"INFORME SEMANAL No 04
SE 01 a 10/2025 (10/03/2025)
Introdução
Os dados de dengue, chikungunya e Oropouche apresentados neste
Informe referem-se às semanas epidemiológicas (SE) 01 a 10 de 2025. Para
Zika, os dados apresentados são do período da SE 01 a SE 08 de 2025. Os
dados são comparados aos dados do mesmo período de 2024. Para febre
amarela, os dados referem-se ao monitoramento 2024/2025 (julho/2024 a
junho/2025), atualizados até 10 de março de 2025. Os dados detalhados das
arboviroses dos anos de 2023 a 2025 podem ser acessados em:
https://www.gov.br/saude/pt-br/assuntos/saude-de-a-a-z/a/aedes-
aegypti/monitoramento-das-arboviroses.
Situação Epidemiológica
Dengue
Nas SE 01 a 10 de 2025, foram notificados 533.829 casos prováveis de
dengue, correspondendo a um coeficiente de incidência de 262,9 casos/100
mil habitantes. Quando comparado com o mesmo período de 2024,
observa-se uma redução de 72,9% no número de casos prováveis.
As Regiões Geográficas que apresentam os maiores coeficientes de
incidência são Sudeste, Centro-Oeste e Sul. Entre as Unidades Federativas
(UF), Acre, São Paulo e Mato Grosso apresentam as maiores incidências.
Os maiores números de casos graves concentram-se nas regiões
Sudeste, Centro-Oeste e Sul. Os óbitos concentram-se na região Sudeste.
Foram confirmados 243 óbitos no período, e 520 estão em investigação.
Foi identificada a circulação dos quatro sorotipos do vírus dengue
(DENV-1, DENV-2, DENV-3 e DENV-4), com aumento da proporção de DENV-
3 desde o último trimestre de 2024. DENV-4 (vírus selvagem) foi detectado em
amostras de um paciente de MG. Outras detecções se deram em amostras
de indivíduos recém-vacinados (vírus vacinal).
O número de casos prováveis de dengue no Brasil encontra-se dentro
dos limites do canal endêmico do diagrama de controle, considerando a
série histórica, no entanto a estimativa nowcasting indica tendência de alta
no número de casos, acima do limite esperado.
Fonte: SinanOn-line (banco de dados atualizado em 10/03/2025). Dados sujeitos a alteração.
2","Introdução Os dados de dengue, chikungunya e Oropouche apresentados neste Informe referem-se às semanas epidemiológicas (SE) 01 a 10 de 2025. Para Zika, os dados apresentados são do período da SE 01 a SE 08 de 2025. Os dados são comparados aos dados do mesmo período de 2024. Para febre amarela, os dados referem-se ao monitoramento 2024/2025 (julho/2024 a junho/2025), atualizados até 10 de março de 2025. Os dados detalhados das arboviroses dos anos de 2023 a 2025 podem ser acessados em: https://www.gov.br/saude/pt-br/assuntos/saude-de-a-a-z/a/aedesaegypti/monitoramento-das-arboviroses. Situação Epidemiológica Dengue Nas SE 01 a 10 de 2025, foram notificados 533.829 casos prováveis de dengue, correspondendo a um coeficiente de incidência de 262,9 casos/100 mil habitantes. Quando comparado com o mesmo período de 2024, observa-se uma redução de 72,9% no número de casos prováveis. As Regiões Geográficas que apresentam os maiores coeficientes de incidência são Sudeste, Centro-Oeste e Sul. Entre as Unidades Federativas (UF), Acre, São Paulo e Mato Grosso apresentam as maiores incidências. Os maiores números de casos graves concentram-se nas regiões Sudeste, Centro-Oeste e Sul. Os óbitos concentram-se na região Sudeste. Foram confirmados 243 óbitos no período, e 520 estão em investigação. Foi identificada a circulação dos quatro sorotipos do vírus dengue (DENV-1, DENV-2, DENV-3 e DENV-4), com aumento da proporção de DENV3 desde o último trimestre de 2024. DENV-4 (vírus selvagem) foi detectado em amostras de um paciente de MG. Outras detecções se deram em amostras de indivíduos recém-vacinados (vírus vacinal). O número de casos prováveis de dengue no Brasil encontra-se dentro dos limites do canal endêmico do diagrama de controle, considerando a série histórica, no entanto a estimativa nowcasting indica tendência de alta no número de casos, acima do limite esperado. Fonte: SinanOn-line (banco de dados atualizado em 10/03/2025). Dados sujeitos a alteração.",1,narrativa,"Dengue Nas SE 01 a 10 de 2025, foram notificados 533.829 casos prováveis de dengue, correspondendo a um coeficiente de incidência de 262,9 casos/100 mil habitantes. Quando comparado com o mesmo período de 2024, observa-se uma redução de 72,9% no número de casos prováveis. As Regiões Geográficas que apresentam os maiores coeficientes de incidência são Sudeste, Centro-Oeste e Sul. Entre as Unidades Federativas (UF), Acre, São Paulo e Mato Grosso apresentam as maiores incidências. Os maiores números de casos graves concentram-se nas regiões Sudeste, Centro-Oeste e Sul. Os óbitos concentram-se na região Sudeste. Foram confirmados 243 óbitos no período, e 520 estão em investigação. Foi identificada a circulação dos quatro sorotipos do vírus dengue (DENV-1, DENV-2, DENV-3 e DENV-4), com aumento da proporção de DENV3 desde o último trimestre de 2024. DENV-4 (vírus selvagem) foi detectado em amostras de um paciente de MG. Outras detecções se deram em amostras de indivíduos recém-vacinados (vírus vacinal). O número de casos prováveis de dengue no Brasil encontra-se dentro dos limites do canal endêmico do diagrama de controle, considerando a série histórica, no entanto a estimativa nowcasting indica tendência de alta no número de casos, acima do limite esperado. Fonte: SinanOn-line (banco de dados atualizado em 10/03/2025). Dados sujeitos a alteração."
Informe Semanal nº 04 - COE Dengue e outras Arboviroses - SE 1 a 10.pdf,4,1,10,2025,2025-03-10,3,0,199,"INFORME SEMANAL No 04
SE 01 a 10/2025 (10/03/2025)
Diagrama de controle
Coeficiente de Incidência e óbitos
Fonte: SinanOn-line (banco de dados atualizado em 10/03/2025). Dados sujeitos a alteração.
3",Diagrama de controle Coeficiente de Incidência e óbitos Fonte: SinanOn-line (banco de dados atualizado em 10/03/2025). Dados sujeitos a alteração.,1,narrativa,Diagrama de controle Coeficiente de Incidência e óbitos Fonte: SinanOn-line (banco de dados atualizado em 10/03/2025). Dados sujeitos a alteração.
Informe Semanal nº 04 - COE Dengue e outras Arboviroses - SE 1 a 10.pdf,4,1,10,2025,2025-03-10,4,0,1125,"INFORME SEMANAL No 04
SE 01 a 10/2025 (10/03/2025)
Mapa de Sorotipos Dengue SE 01 a SE 10/2025
Chikungunya
Nas SE 01 a 10 de 2025, foram notificados 39.065 casos prováveis de
chikungunya, correspondendo a um coeficiente de incidência de 19,2
casos/100 mil habitantes. Quando comparado ao mesmo período de
2024, observa-se uma redução de 67,4% no número de casos prováveis.
As Regiões Geográficas que apresentam os maiores coeficientes de
incidência são a Centro-Oeste e a Sudeste. Entre as UFs, Mato Grosso e Mato
Grosso do Sul apresentam as maiores incidências.
Foram confirmados 27 óbitos no período, sendo 20 no estado do Mato
Grosso, dois em São Paulo, dois em Minas Gerais, e um nos estados de Mato
Grosso do Sul, Bahia e Rio de Janeiro. Encontram-se em investigação 42 óbitos
até o momento, sendo 18 deles na Região Sudeste.
O número de casos prováveis de chikungunya no Brasil encontra-se
abaixo do limite inferior do canal endêmico do diagrama de controle,
considerando a série histórica, assim como a estimativa nowcasting.
Fonte: SinanOn-line (banco de dados atualizado em 10/03/2025). Dados sujeitos a alteração.
4","Mapa de Sorotipos Dengue SE 01 a SE 10/2025 Chikungunya Nas SE 01 a 10 de 2025, foram notificados 39.065 casos prováveis de chikungunya, correspondendo a um coeficiente de incidência de 19,2 casos/100 mil habitantes. Quando comparado ao mesmo período de 2024, observa-se uma redução de 67,4% no número de casos prováveis. As Regiões Geográficas que apresentam os maiores coeficientes de incidência são a Centro-Oeste e a Sudeste. Entre as UFs, Mato Grosso e Mato Grosso do Sul apresentam as maiores incidências. Foram confirmados 27 óbitos no período, sendo 20 no estado do Mato Grosso, dois em São Paulo, dois em Minas Gerais, e um nos estados de Mato Grosso do Sul, Bahia e Rio de Janeiro. Encontram-se em investigação 42 óbitos até o momento, sendo 18 deles na Região Sudeste. O número de casos prováveis de chikungunya no Brasil encontra-se abaixo do limite inferior do canal endêmico do diagrama de controle, considerando a série histórica, assim como a estimativa nowcasting. Fonte: SinanOn-line (banco de dados atualizado em 10/03/2025). Dados sujeitos a alteração.",1,narrativa,Mapa de Sorotipos Dengue SE 01 a SE 10/2025
Informe Semanal nº 04 - COE Dengue e outras Arboviroses - SE 1 a 10.pdf,4,1,10,2025,2025-03-10,5,0,199,"INFORME SEMANAL No 04
SE 01 a 10/2025 (10/03/2025)
Diagrama de controle
Coeficiente de Incidência e óbitos
Fonte: SinanOn-line (banco de dados atualizado em 10/03/2025). Dados sujeitos a alteração.
5",Diagrama de controle Coeficiente de Incidência e óbitos Fonte: SinanOn-line (banco de dados atualizado em 10/03/2025). Dados sujeitos a alteração.,0,,
Informe Semanal nº 04 - COE Dengue e outras Arboviroses - SE 1 a 10.pdf,4,1,10,2025,2025-03-10,6,0,1552,"INFORME SEMANAL No 04
SE 01 a 10/2025 (10/03/2025)
Zika
Entre as Semanas Epidemiológicas 01 e 08 de 2025, foram notificados
1.004 casos prováveis de Zika no Brasil, com coeficiente de incidência de 0,5
casos por 100 mil habitantes. Quando comparado ao mesmo período de
2024, observa-se uma redução de 7%. Em relação às gestantes, foram
notificados 165 casos que ainda estão em investigação. Não foram
confirmados óbitos por Zika no período.
As Regiões Norte e Centro-Oeste apresentam os maiores coeficientes
de incidência. Em relação às UFs, os maiores coeficientes de incidência
estão no Acre, Tocantins e Mato Grosso.
O número de casos prováveis de Zika no Brasil, assim como a
estimativa nowcasting1, encontram-se abaixo dos limites do canal
endêmico do diagrama de controle2, considerando a série histórica.
Diagrama de controle2 Incidência e gestantes
1O nowcasting (linha tracejada vermelha) corrige os atrasos inerentes aos sistemas de vigilância epidemiológica e
estima o número de casos em um determinado momento, considerando os dados disponíveis e as características do
processodenotificação,contribuindoparaaantecipaçãodaavaliaçãodatendênciadealtaoubaixadaincidência.
2 O diagrama decontroleé uma ferramentagráficaque permite acompanhar a variação do coeficiente de incidência
(linha azul) de uma determinada doença ao longo do tempo em relação ao canal endêmico, que define a faixa de
variaçãoesperadaparaaincidênciadadoençacombaseemdadoshistóricos.
Fonte: Sinan-Net (banco de dados atualizado em 01/03/2025). Dados sujeitos a alteração.
6","Zika Entre as Semanas Epidemiológicas 01 e 08 de 2025, foram notificados 1.004 casos prováveis de Zika no Brasil, com coeficiente de incidência de 0,5 casos por 100 mil habitantes. Quando comparado ao mesmo período de 2024, observa-se uma redução de 7%. Em relação às gestantes, foram notificados 165 casos que ainda estão em investigação. Não foram confirmados óbitos por Zika no período. As Regiões Norte e Centro-Oeste apresentam os maiores coeficientes de incidência. Em relação às UFs, os maiores coeficientes de incidência estão no Acre, Tocantins e Mato Grosso. O número de casos prováveis de Zika no Brasil, assim como a estimativa nowcasting1, encontram-se abaixo dos limites do canal endêmico do diagrama de controle2, considerando a série histórica. Diagrama de controle2 Incidência e gestantes 1O nowcasting (linha tracejada vermelha) corrige os atrasos inerentes aos sistemas de vigilância epidemiológica e estima o número de casos em um determinado momento, considerando os dados disponíveis e as características do processodenotificação,contribuindoparaaantecipaçãodaavaliaçãodatendênciadealtaoubaixadaincidência. 2 O diagrama decontroleé uma ferramentagráficaque permite acompanhar a variação do coeficiente de incidência (linha azul) de uma determinada doença ao longo do tempo em relação ao canal endêmico, que define a faixa de variaçãoesperadaparaaincidênciadadoençacombaseemdadoshistóricos. Fonte: Sinan-Net (banco de dados atualizado em 01/03/2025). Dados sujeitos a alteração.",0,,
Informe Semanal nº 04 - COE Dengue e outras Arboviroses - SE 1 a 10.pdf,4,1,10,2025,2025-03-10,7,0,985,"INFORME SEMANAL No 04
SE 01 a 10/2025 (10/03/2025)
Dengue
(Incidência)
262,9 243
-72,9%
CASOS/100 MIL HAB. ÓBITOS
Em relação
ao número
533.829 Casos prováveis Óbitos em
520 de casos
investigação
no mesmo
Casos graves e com
5.917
período de
sinais de alarme 3,6% Letalidade1
2024
Chikungunya
(Incidência)
19,2 27
-67,4%
CASOS/100 MIL HAB. ÓBITOS
Em relação
ao número
Óbitos em
39.065 Casos prováveis 42 de casos
investigação
no mesmo
período de
0,07% Letalidade2 2024
Zika
(Incidência)
0,5 0
-7%
CASOS/100 MIL HAB. ÓBITOS
Em relação
ao número
1.004 Casos prováveis 165 de casos
no mesmo
período de
CASOS PROVÁVEIS
2024
EM GESTANTES
1Para o cálculo da letalidade, foram considerados no denominador os casos de dengue grave e de dengue com sinais de
alarme.
2Paraocálculodaletalidade,foramconsideradosnodenominadoroscasosprováveisdechikungunya.
FONTE:: Sinan On-line (banco de dados atualizado em 10/03/2024); Sinan NET (banco de dados atualizado em
01/03/2025).Dadossujeitosaalteração.
7","Dengue (Incidência) 262,9 243 -72,9% CASOS/100 MIL HAB. ÓBITOS Em relação ao número 533.829 Casos prováveis Óbitos em 520 de casos investigação no mesmo Casos graves e com 5.917 período de sinais de alarme 3,6% Letalidade1 2024 Chikungunya (Incidência) 19,2 27 -67,4% CASOS/100 MIL HAB. ÓBITOS Em relação ao número Óbitos em 39.065 Casos prováveis 42 de casos investigação no mesmo período de 0,07% Letalidade2 2024 Zika (Incidência) 0,5 0 -7% CASOS/100 MIL HAB. ÓBITOS Em relação ao número 1.004 Casos prováveis 165 de casos no mesmo período de CASOS PROVÁVEIS 2024 EM GESTANTES 1Para o cálculo da letalidade, foram considerados no denominador os casos de dengue grave e de dengue com sinais de alarme. 2Paraocálculodaletalidade,foramconsideradosnodenominadoroscasosprováveisdechikungunya. FONTE:: Sinan On-line (banco de dados atualizado em 10/03/2024); Sinan NET (banco de dados atualizado em 01/03/2025).Dadossujeitosaalteração.",1,narrativa,"Dengue (Incidência) 262,9 243 -72,9% CASOS/100 MIL HAB. ÓBITOS Em relação ao número 533.829 Casos prováveis Óbitos em 520 de casos investigação no mesmo Casos graves e com 5.917 período de sinais de alarme 3,6% Letalidade1 2024"
Informe Semanal nº 04 - COE Dengue e outras Arboviroses - SE 1 a 10.pdf,4,1,10,2025,2025-03-10,8,0,999,"INFORME SEMANAL No 04
SE 01 a 10/2025 (10/03/2025)
Oropouche
Entre as SE 01 e 10/2025, foram confirmados 6.259 casos de Oropouche
no Brasil, o que representa um aumento de 51,1% quando comparado com o
mesmo período do ano anterior, em que foram registrados 4.140 casos de
Oropouche. Até o momento, foi identificado 1 óbito suspeito de Oropouche
em 2025, no Espírito Santo, com detecção do vírus em amostra de soro.
CASOS DE OROPOUCHE POR SE DE INÍCIO DE SINTOMAS, BRASIL, 2024 E 2025
Os casos identificados estão distribuídos de maneira equitativa entre os
sexos, com 52,5% das detecções em indivíduos do sexo masculino. As faixas
etárias entre 20 e 59 anos concentram 69,9% dos casos. Entre os menores de
1 ano, foram registrados 5 casos*, sendo 4 no Espírito Santo e 1 no Rio de
Janeiro.
CASOS DE OROPOUCHE POR SEXO E FAIXA ETÁRIA, BRASIL, 2025
Fonte: Sinan On-line (banco de dados atualizado em 10/03/2025). Dados sujeitos à alteração.
*1 caso no ES em < 1 ano com informações de sexo ignorado.
8","Oropouche Entre as SE 01 e 10/2025, foram confirmados 6.259 casos de Oropouche no Brasil, o que representa um aumento de 51,1% quando comparado com o mesmo período do ano anterior, em que foram registrados 4.140 casos de Oropouche. Até o momento, foi identificado 1 óbito suspeito de Oropouche em 2025, no Espírito Santo, com detecção do vírus em amostra de soro. CASOS DE OROPOUCHE POR SE DE INÍCIO DE SINTOMAS, BRASIL, 2024 E 2025 Os casos identificados estão distribuídos de maneira equitativa entre os sexos, com 52,5% das detecções em indivíduos do sexo masculino. As faixas etárias entre 20 e 59 anos concentram 69,9% dos casos. Entre os menores de 1 ano, foram registrados 5 casos*, sendo 4 no Espírito Santo e 1 no Rio de Janeiro. CASOS DE OROPOUCHE POR SEXO E FAIXA ETÁRIA, BRASIL, 2025 Fonte: Sinan On-line (banco de dados atualizado em 10/03/2025). Dados sujeitos à alteração. *1 caso no ES em < 1 ano com informações de sexo ignorado.",0,,
Informe Semanal nº 04 - COE Dengue e outras Arboviroses - SE 1 a 10.pdf,4,1,10,2025,2025-03-10,9,0,1400,"INFORME SEMANAL No 04
SE 01 a 10/2025 (10/03/2025)
Oropouche
Em 2025, a UF com maior número de casos é o Espírito Santo (n= 4.914),
cujo aumento vem ocorrendo desde o segundo semestre de 2024. Destacam-se
ainda o aumento dos casos no Rio de Janeiro (n=691) e Paraíba (n=469).
Transmissão ativa foi registrada em 2025 também nos estados de Roraima,
Amapá, Ceará e Minas Gerais.
Casos em indivíduos residentes ou com local provável de infecção (LPI)
em estados com transmissão autóctone (Espírito Santo, Rio de Janeiro e
Paraíba) foram registrados no Pará, Mato Grosso, Goiás, Distrito Federal, Piauí,
Pernambuco, Bahia, São Paulo e Paraná.
CASOS DE OROPOUCHE POR MUNICÍPIO DE RESIDÊNCIA, BRASIL, 2024 E 2025.
FONTE: Gerenciador de Ambiente Laboratorial (GAL). Dados atualizados até 10/03/2024. Dados sujeitos a alterações.
Febre Amarela
No período de monitoramento 2024/2025 (julho/2024 a junho/2025), os
registros de transmissão do vírus em PNH ocorreram nos estados de São Paulo
[39] (Amparo [1], Bragança Paulista [1], Campinas [2], Colina [1], Guarulhos
[1], Joanópolis [3], Osasco [1], Pedra Bela [1], Pinhalzinho [1], Pitangueiras [2],
Ribeirão Preto [22], Serra Negra [1], Socorro [1] e Valinhos [1]), Minas Gerais [8]
(Córrego do Bom Jesus [1], Estiva [1], Ipuiúna [2], Poço Fundo [1], Poços de
Caldas [1], Sapucaí-Mirim [1] e Toledo [1]), Roraima [1] (Alto Alegre) e
Tocantins [2] (Palmas).
9","Oropouche Em 2025, a UF com maior número de casos é o Espírito Santo (n= 4.914), cujo aumento vem ocorrendo desde o segundo semestre de 2024. Destacam-se ainda o aumento dos casos no Rio de Janeiro (n=691) e Paraíba (n=469). Transmissão ativa foi registrada em 2025 também nos estados de Roraima, Amapá, Ceará e Minas Gerais. Casos em indivíduos residentes ou com local provável de infecção (LPI) em estados com transmissão autóctone (Espírito Santo, Rio de Janeiro e Paraíba) foram registrados no Pará, Mato Grosso, Goiás, Distrito Federal, Piauí, Pernambuco, Bahia, São Paulo e Paraná. CASOS DE OROPOUCHE POR MUNICÍPIO DE RESIDÊNCIA, BRASIL, 2024 E 2025. FONTE: Gerenciador de Ambiente Laboratorial (GAL). Dados atualizados até 10/03/2024. Dados sujeitos a alterações. Febre Amarela No período de monitoramento 2024/2025 (julho/2024 a junho/2025), os registros de transmissão do vírus em PNH ocorreram nos estados de São Paulo [39] (Amparo [1], Bragança Paulista [1], Campinas [2], Colina [1], Guarulhos [1], Joanópolis [3], Osasco [1], Pedra Bela [1], Pinhalzinho [1], Pitangueiras [2], Ribeirão Preto [22], Serra Negra [1], Socorro [1] e Valinhos [1]), Minas Gerais [8] (Córrego do Bom Jesus [1], Estiva [1], Ipuiúna [2], Poço Fundo [1], Poços de Caldas [1], Sapucaí-Mirim [1] e Toledo [1]), Roraima [1] (Alto Alegre) e Tocantins [2] (Palmas).",0,,
Informe Semanal nº 04 - COE Dengue e outras Arboviroses - SE 1 a 10.pdf,4,1,10,2025,2025-03-10,10,0,942,"INFORME SEMANAL No 04
SE 01 a 10/2025 (10/03/2025)
Febre Amarela
No mesmo período, foram confirmados 45 casos humanos, dos quais
21 evoluíram para o óbito (letalidade de 46,7%). Os casos tiveram os locais
prováveis de infecção nos estados de São Paulo [24] (Águas de Lindoia [1],
Águas de São Pedro [1], Amparo [1], Brotas [1], Caçapava [1], Campinas [2],
Joanópolis [4], Pedra Bela [1], Piracaia [2], Socorro [4], Tuiuti [1], Valinhos [1],
LPI em investigação [4]), Minas Gerais [4] (Camanducaia [1], Cambuí [1],
Extrema [1], Pouso Alegre [1]), Tocantins [1] (Monte do Carmo) e Pará [16]
(Breves [14], Cametá [1], LPI em investigação [1]). Entre os casos, 40 (88,9%)
eram do sexo masculino, com idades entre 16 e 73 anos. Nenhum dos
indivíduos era vacinado.
Municípios com detecção do vírus da Febre Amarela em PNH e Casos Humanos,
monitoramento 2024/2025.
FONTE:SINAN,SISS-Geo,GAL. Dadosatualizadosaté10/03/2025.Dadossujeitosaalterações.
11","Febre Amarela No mesmo período, foram confirmados 45 casos humanos, dos quais 21 evoluíram para o óbito (letalidade de 46,7%). Os casos tiveram os locais prováveis de infecção nos estados de São Paulo [24] (Águas de Lindoia [1], Águas de São Pedro [1], Amparo [1], Brotas [1], Caçapava [1], Campinas [2], Joanópolis [4], Pedra Bela [1], Piracaia [2], Socorro [4], Tuiuti [1], Valinhos [1], LPI em investigação [4]), Minas Gerais [4] (Camanducaia [1], Cambuí [1], Extrema [1], Pouso Alegre [1]), Tocantins [1] (Monte do Carmo) e Pará [16] (Breves [14], Cametá [1], LPI em investigação [1]). Entre os casos, 40 (88,9%) eram do sexo masculino, com idades entre 16 e 73 anos. Nenhum dos indivíduos era vacinado. Municípios com detecção do vírus da Febre Amarela em PNH e Casos Humanos, monitoramento 2024/2025. FONTE:SINAN,SISS-Geo,GAL. Dadosatualizadosaté10/03/2025.Dadossujeitosaalterações.",0,,
Informe Semanal nº 04 - COE Dengue e outras Arboviroses - SE 1 a 10.pdf,4,1,10,2025,2025-03-10,11,0,1092,"INFORME SEMANAL No 04
SE 01 a 10/2025 (10/03/2025)
Febre Amarela
Tabela 1. Estados com detecção dovírus da Febre Amarela em PNH e humanos durante o
.
períododemonitoramento 2024/2025
CASOS CASOS CASOS EM CASOS CONFIRMADOS
REGIÃO UF (LPI)
NOTIFICADOS DESCARTADOS INVESTIGAÇÃO TOTAL CURAS ÓBITOS LETALIDADE (%)
Norte Acre 1 1
Amapá 4 4
Amazonas 3 3
Pará 63 12 36 15 12 3 20,0
Rondônia 3 3
Roraima 4 4
Tocantins 7 2 4 1 1 0,0
Nordeste Alagoas 0
Bahia 3 1 2
Ceará 3 1 2
Maranhão 4 2 2
Paraíba 0
Pernambuco 1 1
Piauí 0
Rio Grande do Norte 2 1 1
Sergipe 0
Distrito Federal 7 4 3
Centro- Goiás 8 3 5
Oeste Mato Grosso 8 5 3
Mato Grosso do Sul 6 6
Sudeste Minas Gerais 29 20 6 4 2 2 50,0
Espírito Santo 26 22 4
FONTE:SINAN,SISS-Geo,GAL. Dadosatualizadosaté05/03/2025.Dadossujeitosaalterações.
Rio de Janeiro 12 6 6
São Paulo 208 73 115 20 8 12 60,0
Sul Paraná 16 10 6
Santa Catarina 8 6 2
Rio Grande do Sul 9 5 4
LPI em investigação
- - - 5 1 4 80,0
(notificados por SP [4] e PA [1])
TOTAL 436 194 202 45 24 21 46,7
FONTE:SINAN,SISS-Geo,GAL. Dadosatualizadosaté10/03/2025.Dadossujeitosaalterações.
12","Febre Amarela Tabela 1. Estados com detecção dovírus da Febre Amarela em PNH e humanos durante o . períododemonitoramento 2024/2025 CASOS CASOS CASOS EM CASOS CONFIRMADOS REGIÃO UF (LPI) NOTIFICADOS DESCARTADOS INVESTIGAÇÃO TOTAL CURAS ÓBITOS LETALIDADE (%) Norte Acre 1 1 Amapá 4 4 Amazonas 3 3 Pará 63 12 36 15 12 3 20,0 Rondônia 3 3 Roraima 4 4 Tocantins 7 2 4 1 1 0,0 Nordeste Alagoas 0 Bahia 3 1 2 Ceará 3 1 2 Maranhão 4 2 2 Paraíba 0 Pernambuco 1 1 Piauí 0 Rio Grande do Norte 2 1 1 Sergipe 0 Distrito Federal 7 4 3 Centro- Goiás 8 3 5 Oeste Mato Grosso 8 5 3 Mato Grosso do Sul 6 6 Sudeste Minas Gerais 29 20 6 4 2 2 50,0 Espírito Santo 26 22 4 FONTE:SINAN,SISS-Geo,GAL. Dadosatualizadosaté05/03/2025.Dadossujeitosaalterações. Rio de Janeiro 12 6 6 São Paulo 208 73 115 20 8 12 60,0 Sul Paraná 16 10 6 Santa Catarina 8 6 2 Rio Grande do Sul 9 5 4 LPI em investigação - - - 5 1 4 80,0 (notificados por SP [4] e PA [1]) TOTAL 436 194 202 45 24 21 46,7 FONTE:SINAN,SISS-Geo,GAL. Dadosatualizadosaté10/03/2025.Dadossujeitosaalterações.",0,,
Informe Semanal nº 04 - COE Dengue e outras Arboviroses - SE 1 a 10.pdf,4,1,10,2025,2025-03-10,12,0,1508,"INFORME SEMANAL No 04
SE 01 a 10/2025 (10/03/2025)
Ações realizadas
• Reunião com o estado do Mato Grosso para apoiar as ações de vigilância e controle
diante do aumento de casos de chikungunya
• Reunião de alinhamento sobre as ações de resposta à transmissão de Oropouche com os
estados do Espírito Santo, Minas Gerais, Rio de Janeiro, Paraíba e Amapá
• Missão do COE dengue e outras arboviroses para apoiar as ações de vigilância,
imunização e assistência diante do surto de Febre Amarelano município de Breves/PA
• Reunião da Sala de Situação do DSEI Interior Sul sobre as ações de vigilância e controle
das arboviroses no territórios indígenas do estado do Rio Grande do Sul
• Visita técnica ao estado do Mato Grosso para apoiar as ações de vigilância e controle da
chikugunya
• Reunião com Embrapa e Fiocruz para elaboração do projeto de pesquisa voltada
para controle de Culicoides paraensis
• Reunião com o estado do Amapá para apoiar as ações de vigilância, imunização e
assistência de Febre Amarela
• Reunião com o estado do Pará para apoiar as ações de vigilância, imunização e
assistência de Febre Amarela
• Reunião com CONASS e Conasems para revisão das Novas Diretrizes de Prevenção e
Controle das Arboviroses Urbanas
• Reunião com Estado do Maranhão para apoiar modelo de vigilância dos óbitos
• Reunião com o Estado de Santa Catarina para apoiar a investigação dos óbitos no estado
• Reunião com o Ministerio de Salud de Perú (MINSA) - Experiencias sobre el manejo de la
Fiebre de Oropouche
13","Ações realizadas • Reunião com o estado do Mato Grosso para apoiar as ações de vigilância e controle diante do aumento de casos de chikungunya • Reunião de alinhamento sobre as ações de resposta à transmissão de Oropouche com os estados do Espírito Santo, Minas Gerais, Rio de Janeiro, Paraíba e Amapá • Missão do COE dengue e outras arboviroses para apoiar as ações de vigilância, imunização e assistência diante do surto de Febre Amarelano município de Breves/PA • Reunião da Sala de Situação do DSEI Interior Sul sobre as ações de vigilância e controle das arboviroses no territórios indígenas do estado do Rio Grande do Sul • Visita técnica ao estado do Mato Grosso para apoiar as ações de vigilância e controle da chikugunya • Reunião com Embrapa e Fiocruz para elaboração do projeto de pesquisa voltada para controle de Culicoides paraensis • Reunião com o estado do Amapá para apoiar as ações de vigilância, imunização e assistência de Febre Amarela • Reunião com o estado do Pará para apoiar as ações de vigilância, imunização e assistência de Febre Amarela • Reunião com CONASS e Conasems para revisão das Novas Diretrizes de Prevenção e Controle das Arboviroses Urbanas • Reunião com Estado do Maranhão para apoiar modelo de vigilância dos óbitos • Reunião com o Estado de Santa Catarina para apoiar a investigação dos óbitos no estado • Reunião com o Ministerio de Salud de Perú (MINSA) - Experiencias sobre el manejo de la Fiebre de Oropouche",0,,
Informe Semanal nº 04 - COE Dengue e outras Arboviroses - SE 1 a 10.pdf,4,1,10,2025,2025-03-10,13,0,421,"INFORME SEMANAL No 04
SE 01 a 10/2025 (10/03/2025)
Insumos distribuídos
Laboratoriais1
398.592
Sorologia Reações
137.630
Biologia Molecular ZDC Reações
150.000
Biologia Molecular OROV/MAYV Reações
3.966
Biologia Molecular Febre Amarela Reações
Inseticidas2
58.416
Larvicida Kg
3.855
Adulticida para PE Kg
106.300
Adulticida para UBV L
1Dadosatualizadosem12/03/2025.Fonte:CGLAB.
2Dadosatualizadosem12/03/2025.Fonte:SIES
15",Insumos distribuídos Laboratoriais1 398.592 Sorologia Reações 137.630 Biologia Molecular ZDC Reações 150.000 Biologia Molecular OROV/MAYV Reações 3.966 Biologia Molecular Febre Amarela Reações Inseticidas2 58.416 Larvicida Kg 3.855 Adulticida para PE Kg 106.300 Adulticida para UBV L 1Dadosatualizadosem12/03/2025.Fonte:CGLAB. 2Dadosatualizadosem12/03/2025.Fonte:SIES,0,,
Informe Semanal nº 04 - COE Dengue e outras Arboviroses - SE 1 a 10.pdf,4,1,10,2025,2025-03-10,14,0,1483,"INFORME SEMANAL No 04
SE 01 a 10/2025 (10/03/2025)
Casos prováveis e incidência (por 100.000 habitantes) de dengue, SE 01 a SE 10, Brasil,
2024 e 2025
Casos prováveis (n) Coeficiente de incidência
Região/UF SE 01 aSE 10 SE 01 aSE 10
2024 2025 2024 2025
Norte
22.351 19.902 128,8 114,7
Rondônia 2.889 535 182,7 33,8
Acre 2.949 6.957 355,3 838,2
Amazonas 4.549 2.113 115,4 53,6
Roraima 102 117 16,0 18,4
Pará 7.011 7.929 86,4 97,7
Amapá 3.756 676 512,1 92,2
Tocantins 1.095 1.575 72,4 104,2
Nordeste 79.497 19.678 145,5 36,0
Maranhão 3.287 1.121 48,5 16,5
Piauí
3.674 1.250 112,4 38,2
Ceará
2.080 1.393 23,7 15,8
Rio Grande do Norte
4.119 1.365 124,7 41,3
Paraíba
3.431 1.980 86,3 49,8
Pernambuco
4.075 3.640 45,0 40,2
Alagoas
2.338 657 74,8 21,0
Sergipe
452 440 20,5 19,9
Bahia 56.041 7.832 396,4 55,4
Sudeste
1.306.874 390.656 1.540,3 460,4
Minas Gerais
746.827 59.622 3.636,2 290,3
Espírito Santo
51.278 9.236 1.337,6 240,9
Rio de Janeiro
154.428 10.873 961,9 67,7
São Paulo 354.341 310.925 797,7 700,0
Sul 253.476 47.939 846,8 160,2
Paraná 165.235 35.405 1.444,0 309,4
Santa Catarina 53.400 7.232 701,7 95,0
Rio Grande do Sul
34.841 5.302 320,2 48,7
Centro-Oeste 309.007 55.654 1.897,2 341,7
Mato Grosso do Sul 5.863 4.140 212,7 150,2
Mato Grosso 12.762 18.705 348,8 511,2
Goiás 112.783 28.309 1.598,6 401,2
Distrito Federal 177.599 4.500 6.304,4 159,7
Brasil
1.971.205 533.829 970,7 262,9
FONTE:SinanOn-lineeE-SUS VS(bancodedadosatualizadoem10/03/2025).Dadossujeitosaalteração.
16","Casos prováveis e incidência (por 100.000 habitantes) de dengue, SE 01 a SE 10, Brasil, 2024 e 2025 Casos prováveis (n) Coeficiente de incidência Região/UF SE 01 aSE 10 SE 01 aSE 10 2024 2025 2024 2025 Norte 22.351 19.902 128,8 114,7 Rondônia 2.889 535 182,7 33,8 Acre 2.949 6.957 355,3 838,2 Amazonas 4.549 2.113 115,4 53,6 Roraima 102 117 16,0 18,4 Pará 7.011 7.929 86,4 97,7 Amapá 3.756 676 512,1 92,2 Tocantins 1.095 1.575 72,4 104,2 Nordeste 79.497 19.678 145,5 36,0 Maranhão 3.287 1.121 48,5 16,5 Piauí 3.674 1.250 112,4 38,2 Ceará 2.080 1.393 23,7 15,8 Rio Grande do Norte 4.119 1.365 124,7 41,3 Paraíba 3.431 1.980 86,3 49,8 Pernambuco 4.075 3.640 45,0 40,2 Alagoas 2.338 657 74,8 21,0 Sergipe 452 440 20,5 19,9 Bahia 56.041 7.832 396,4 55,4 Sudeste 1.306.874 390.656 1.540,3 460,4 Minas Gerais 746.827 59.622 3.636,2 290,3 Espírito Santo 51.278 9.236 1.337,6 240,9 Rio de Janeiro 154.428 10.873 961,9 67,7 São Paulo 354.341 310.925 797,7 700,0 Sul 253.476 47.939 846,8 160,2 Paraná 165.235 35.405 1.444,0 309,4 Santa Catarina 53.400 7.232 701,7 95,0 Rio Grande do Sul 34.841 5.302 320,2 48,7 Centro-Oeste 309.007 55.654 1.897,2 341,7 Mato Grosso do Sul 5.863 4.140 212,7 150,2 Mato Grosso 12.762 18.705 348,8 511,2 Goiás 112.783 28.309 1.598,6 401,2 Distrito Federal 177.599 4.500 6.304,4 159,7 Brasil 1.971.205 533.829 970,7 262,9 FONTE:SinanOn-lineeE-SUS VS(bancodedadosatualizadoem10/03/2025).Dadossujeitosaalteração.",1,tabela,"Casos prováveis e incidência (por 100.000 habitantes) de dengue, SE 01 a SE 10, Brasil, 2024 e 2025 Casos prováveis (n) Coeficiente de incidência Região/UF SE 01 aSE 10 SE 01 aSE 10 2024 2025 2024 2025 Norte 22.351 19.902 128,8 114,7 Rondônia 2.889 535 182,7 33,8 Acre 2.949 6.957 355,3 838,2 Amazonas 4.549 2.113 115,4 53,6 Roraima 102 117 16,0 18,4 Pará 7.011 7.929 86,4 97,7 Amapá 3.756 676 512,1 92,2 Tocantins 1.095 1.575 72,4 104,2 Nordeste 79.497 19.678 145,5 36,0 Maranhão 3.287 1.121 48,5 16,5 Piauí 3.674 1.250 112,4 38,2 Ceará 2.080 1.393 23,7 15,8 Rio Grande do Norte 4.119 1.365 124,7 41,3 Paraíba 3.431 1.980 86,3 49,8 Pernambuco 4.075 3.640 45,0 40,2 Alagoas 2.338 657 74,8 21,0 Sergipe 452 440 20,5 19,9 Bahia 56.041 7.832 396,4 55,4 Sudeste 1.306.874 390.656 1.540,3 460,4 Minas Gerais 746.827 59.622 3.636,2 290,3 Espírito Santo 51.278 9.236 1.337,6 240,9 Rio de Janeiro 154.428 10.873 961,9 67,7 São Paulo 354.341 310.925 797,7 700,0 Sul 253.476 47.939 846,8 160,2 Paraná 165.235 35.405 1.444,0 309,4 Santa Catarina 53.400 7.232 701,7 95,0 Rio Grande do Sul 34.841 5.302 320,2 48,7 Centro-Oeste 309.007 55.654 1.897,2 341,7 Mato Grosso do Sul 5.863 4.140 212,7 150,2 Mato Grosso 12.762 18.705 348,8 511,2 Goiás 112.783 28.309 1.598,6 401,2 Distrito Federal 177.599 4.500 6.304,4 159,7 Brasil 1.971.205 533.829 970,7 262,9 FONTE:SinanOn-lineeE-SUS VS(bancodedadosatualizadoem10/03/2025).Dadossujeitosaalteração."
Informe Semanal nº 04 - COE Dengue e outras Arboviroses - SE 1 a 10.pdf,4,1,10,2025,2025-03-10,15,0,1100,"INFORME SEMANAL No 04
SE 01 a 10/2025 (10/03/2025)
Número de casos de dengue grave e dengue com sinais de alarme, SE 01 a SE 10,
Brasil, 2024 e 2025
Dengue grave (n) Dengue com sinais de alarme (n)
Região/UF SE 01 aSE 10 SE 01 aSE 10
2024 2025 2024 2025
Norte 30 13 283 90
Rondônia
2 1 14 4
Acre
2 1 4 14
Amazonas
9 0 52 6
Roraima
0 1 1 1
Pará
13 8 131 59
Amapá
2 2 56 4
Tocantins
2 0 25 2
Nordeste
91 13 1.501 187
Maranhão
6 1 71 7
Piauí
5 4 102 24
Ceará
1 0 34 6
Rio Grande do Norte
2 0 35 9
Paraíba
4 0 49 3
Pernambuco
1 1 22 6
Alagoas
3 2 37 8
Sergipe
3 1 18 7
Bahia
66 4 1133 117
Sudeste
1.245 355 14.177 4.480
Minas Gerais
642 54 6.941 583
Espírito Santo
45 5 973 203
Rio de Janeiro
112 8 2.190 160
São Paulo
446 288 4.073 3.534
Sul
298 35 5.208 448
Paraná
168 31 3.224 410
Santa Catarina
60 0 1.570 16
Rio Grande do Sul
70 4 414 22
Centro-Oeste
513 55 9.643 994
Mato Grosso do Sul
10 5 127 100
Mato Grosso
27 20 279 96
Goiás
163 29 2082 774
Distrito Federal
313 1 7155 24
Brasil
2.177 471 30.812 6.199
FONTE:SinanOn-lineeE-SUS VS(bancodedadosatualizadoem10/03/2025).Dadossujeitosaalteração.
17","Número de casos de dengue grave e dengue com sinais de alarme, SE 01 a SE 10, Brasil, 2024 e 2025 Dengue grave (n) Dengue com sinais de alarme (n) Região/UF SE 01 aSE 10 SE 01 aSE 10 2024 2025 2024 2025 Norte 30 13 283 90 Rondônia 2 1 14 4 Acre 2 1 4 14 Amazonas 9 0 52 6 Roraima 0 1 1 1 Pará 13 8 131 59 Amapá 2 2 56 4 Tocantins 2 0 25 2 Nordeste 91 13 1.501 187 Maranhão 6 1 71 7 Piauí 5 4 102 24 Ceará 1 0 34 6 Rio Grande do Norte 2 0 35 9 Paraíba 4 0 49 3 Pernambuco 1 1 22 6 Alagoas 3 2 37 8 Sergipe 3 1 18 7 Bahia 66 4 1133 117 Sudeste 1.245 355 14.177 4.480 Minas Gerais 642 54 6.941 583 Espírito Santo 45 5 973 203 Rio de Janeiro 112 8 2.190 160 São Paulo 446 288 4.073 3.534 Sul 298 35 5.208 448 Paraná 168 31 3.224 410 Santa Catarina 60 0 1.570 16 Rio Grande do Sul 70 4 414 22 Centro-Oeste 513 55 9.643 994 Mato Grosso do Sul 10 5 127 100 Mato Grosso 27 20 279 96 Goiás 163 29 2082 774 Distrito Federal 313 1 7155 24 Brasil 2.177 471 30.812 6.199 FONTE:SinanOn-lineeE-SUS VS(bancodedadosatualizadoem10/03/2025).Dadossujeitosaalteração.",1,tabela,"Número de casos de dengue grave e dengue com sinais de alarme, SE 01 a SE 10, Brasil, 2024 e 2025 Dengue grave (n) Dengue com sinais de alarme (n) Região/UF SE 01 aSE 10 SE 01 aSE 10 2024 2025 2024 2025 Norte 30 13 283 90 Rondônia 2 1 14 4 Acre 2 1 4 14 Amazonas 9 0 52 6 Roraima 0 1 1 1 Pará 13 8 131 59 Amapá 2 2 56 4 Tocantins 2 0 25 2 Nordeste 91 13 1.501 187 Maranhão 6 1 71 7 Piauí 5 4 102 24 Ceará 1 0 34 6 Rio Grande do Norte 2 0 35 9 Paraíba 4 0 49 3 Pernambuco 1 1 22 6 Alagoas 3 2 37 8 Sergipe 3 1 18 7 Bahia 66 4 1133 117 Sudeste 1.245 355 14.177 4.480 Minas Gerais 642 54 6.941 583 Espírito Santo 45 5 973 203 Rio de Janeiro 112 8 2.190 160 São Paulo 446 288 4.073 3.534 Sul 298 35 5.208 448 Paraná 168 31 3.224 410 Santa Catarina 60 0 1.570 16 Rio Grande do Sul 70 4 414 22 Centro-Oeste 513 55 9.643 994 Mato Grosso do Sul 10 5 127 100 Mato Grosso 27 20 279 96 Goiás 163 29 2082 774 Distrito Federal 313 1 7155 24 Brasil 2.177 471 30.812 6.199 FONTE:SinanOn-lineeE-SUS VS(bancodedadosatualizadoem10/03/2025).Dadossujeitosaalteração."
Informe Semanal nº 04 - COE Dengue e outras Arboviroses - SE 1 a 10.pdf,4,1,10,2025,2025-03-10,16,0,1314,"INFORME SEMANAL No 04
SE 01 a 10/2025 (10/03/2025)
Número de óbitos confirmados, letalidade e óbitos em investigação por dengue, SE 01
a SE 10, Brasil, 2024 e 2025
Óbitos confirmados (n) Taxa de Letalidade Óbitos em Investigação
Região/UF SE 01 aSE 10 SE 01 aSE 10 SE 01 aSE 10
2024 2025 2024 2025 2024 2025
Norte 12 14 3,8 13,6 0 7
Rondônia
2 0 12,5 0,0 0 1
Acre
0 3 0,0 0,0 0 1
Amazonas
4 0 6,6 0,0 0 1
Roraima
0 1 0,0 0,0 0 0
Pará
2 8 1,4 0,0 0 4
Amapá
3 2 5,2 0,0 0 0
Tocantins
1 0 3,7 0,0 0 0
Nordeste
56 7 3,5 3,5 3 22
Maranhão 4 0 5,2 0,0 1 6
Piauí
3 2 2,8 0,0 0 0
Ceará
0 0 0,0 0,0 0 0
Rio Grande do Norte 0 0 0,0 0,0 0 1
Paraíba
4 0 7,5 0,0 0 2
Pernambuco
1 0 4,3 0,0 0 4
Alagoas
1 0 2,5 0,0 0 1
Sergipe
3 1 14,3 0,0 0 0
Bahia
40 4 3,3 3,3 2 8
Sudeste
936 198 6,1 4,1 94 402
Minas Gerais
472 13 6,2 2,0 92 43
Espírito Santo
20 0 2,0 0,0 0 8
Rio de Janeiro
105 4 4,6 2,4 0 4
São Paulo
339 181 7,5 4,7 2 347
Sul
292 11 5,3 2,3 0 28
Paraná
188 9 5,5 2,0 0 24
Santa Catarina
53 2 3,3 0,0 0 1
Rio Grande do Sul
51 0 10,5 0,0 0 3
Centro-Oeste
437 13 4,3 1,2 5 61
Mato Grosso do Sul
9 3 6,6 0,0 4 1
Mato Grosso
10 5 3,3 4,3 1 7
Goiás
130 5 5,8 0,6 0 48
Distrito Federal
288 0 3,9 0,0 0 5
Brasil
1.733 243 5,3 3,6 102 520
FONTE:SinanOn-lineeE-SUS VS(bancodedadosatualizadoem10/03/2025).Dadossujeitosaalteração.
18","Número de óbitos confirmados, letalidade e óbitos em investigação por dengue, SE 01 a SE 10, Brasil, 2024 e 2025 Óbitos confirmados (n) Taxa de Letalidade Óbitos em Investigação Região/UF SE 01 aSE 10 SE 01 aSE 10 SE 01 aSE 10 2024 2025 2024 2025 2024 2025 Norte 12 14 3,8 13,6 0 7 Rondônia 2 0 12,5 0,0 0 1 Acre 0 3 0,0 0,0 0 1 Amazonas 4 0 6,6 0,0 0 1 Roraima 0 1 0,0 0,0 0 0 Pará 2 8 1,4 0,0 0 4 Amapá 3 2 5,2 0,0 0 0 Tocantins 1 0 3,7 0,0 0 0 Nordeste 56 7 3,5 3,5 3 22 Maranhão 4 0 5,2 0,0 1 6 Piauí 3 2 2,8 0,0 0 0 Ceará 0 0 0,0 0,0 0 0 Rio Grande do Norte 0 0 0,0 0,0 0 1 Paraíba 4 0 7,5 0,0 0 2 Pernambuco 1 0 4,3 0,0 0 4 Alagoas 1 0 2,5 0,0 0 1 Sergipe 3 1 14,3 0,0 0 0 Bahia 40 4 3,3 3,3 2 8 Sudeste 936 198 6,1 4,1 94 402 Minas Gerais 472 13 6,2 2,0 92 43 Espírito Santo 20 0 2,0 0,0 0 8 Rio de Janeiro 105 4 4,6 2,4 0 4 São Paulo 339 181 7,5 4,7 2 347 Sul 292 11 5,3 2,3 0 28 Paraná 188 9 5,5 2,0 0 24 Santa Catarina 53 2 3,3 0,0 0 1 Rio Grande do Sul 51 0 10,5 0,0 0 3 Centro-Oeste 437 13 4,3 1,2 5 61 Mato Grosso do Sul 9 3 6,6 0,0 4 1 Mato Grosso 10 5 3,3 4,3 1 7 Goiás 130 5 5,8 0,6 0 48 Distrito Federal 288 0 3,9 0,0 0 5 Brasil 1.733 243 5,3 3,6 102 520 FONTE:SinanOn-lineeE-SUS VS(bancodedadosatualizadoem10/03/2025).Dadossujeitosaalteração.",1,tabela,"Número de óbitos confirmados, letalidade e óbitos em investigação por dengue, SE 01 a SE 10, Brasil, 2024 e 2025 Óbitos confirmados (n) Taxa de Letalidade Óbitos em Investigação Região/UF SE 01 aSE 10 SE 01 aSE 10 SE 01 aSE 10 2024 2025 2024 2025 2024 2025 Norte 12 14 3,8 13,6 0 7 Rondônia 2 0 12,5 0,0 0 1 Acre 0 3 0,0 0,0 0 1 Amazonas 4 0 6,6 0,0 0 1 Roraima 0 1 0,0 0,0 0 0 Pará 2 8 1,4 0,0 0 4 Amapá 3 2 5,2 0,0 0 0 Tocantins 1 0 3,7 0,0 0 0 Nordeste 56 7 3,5 3,5 3 22 Maranhão 4 0 5,2 0,0 1 6 Piauí 3 2 2,8 0,0 0 0 Ceará 0 0 0,0 0,0 0 0 Rio Grande do Norte 0 0 0,0 0,0 0 1 Paraíba 4 0 7,5 0,0 0 2 Pernambuco 1 0 4,3 0,0 0 4 Alagoas 1 0 2,5 0,0 0 1 Sergipe 3 1 14,3 0,0 0 0 Bahia 40 4 3,3 3,3 2 8 Sudeste 936 198 6,1 4,1 94 402 Minas Gerais 472 13 6,2 2,0 92 43 Espírito Santo 20 0 2,0 0,0 0 8 Rio de Janeiro 105 4 4,6 2,4 0 4 São Paulo 339 181 7,5 4,7 2 347 Sul 292 11 5,3 2,3 0 28 Paraná 188 9 5,5 2,0 0 24 Santa Catarina 53 2 3,3 0,0 0 1 Rio Grande do Sul 51 0 10,5 0,0 0 3 Centro-Oeste 437 13 4,3 1,2 5 61 Mato Grosso do Sul 9 3 6,6 0,0 4 1 Mato Grosso 10 5 3,3 4,3 1 7 Goiás 130 5 5,8 0,6 0 48 Distrito Federal 288 0 3,9 0,0 0 5 Brasil 1.733 243 5,3 3,6 102 520 FONTE:SinanOn-lineeE-SUS VS(bancodedadosatualizadoem10/03/2025).Dadossujeitosaalteração."
Informe Semanal nº 04 - COE Dengue e outras Arboviroses - SE 1 a 10.pdf,4,1,10,2025,2025-03-10,17,0,1274,"INFORME SEMANAL No 04
SE 01 a 10/2025 (10/03/2025)
Casos prováveis e incidência (por 100.000 habitantes) de chikungunya, SE 01 a SE 10,
Brasil, 2024 e 2025
Casos Prováveis (n) Coeficiente de Incidência
Região/UF SE 01 aSE 10 SE 01 aSE 10
2024 2025 2024 2025
Norte
893 1.116 5,1 6,4
Rondônia
112 355 7,1 22,5
Acre
114 282 13,7 34,0
Amazonas
24 37 0,6 0,9
Roraima
6 18 0,9 2,8
Pará
346 205 4,3 2,5
Amapá
132 25 18,0 3,4
Tocantins
159 194 10,5 12,8
Nordeste
7.590 1.833 13,9 3,4
Maranhão
265 82 3,9 1,2
Piauí
235 52 7,2 1,6
Ceará
247 201 2,8 2,3
Rio Grande do Norte
723 287 21,9 8,7
Paraíba
493 209 12,4 5,3
Pernambuco
894 518 9,9 5,7
Alagoas
135 19 4,3 0,6
Sergipe
140 28 6,3 1,3
Bahia
4.458 437 31,5 3,1
Sudeste
102.064 11.978 120,3 14,1
Minas Gerais
94.473 5.062 460,0 24,6
Espírito Santo
3.363 625 87,7 16,3
Rio de Janeiro
1.548 685 9,6 4,3
São Paulo
2.680 5.606 6,0 12,6
Sul
254 1.291 0,8 4,3
Paraná
136 1.112 1,2 9,7
Santa Catarina
36 114 0,5 1,5
Rio Grande do Sul
82 65 0,8 0,6
Centro-Oeste
9.098 22.847 55,9 140,3
Mato Grosso do Sul
621 2.586 22,5 93,8
Mato Grosso
4.306 19.806 117,7 541,3
Goiás
4.077 375 57,8 5,3
Distrito Federal
94 80 3,3 2,8
Brasil
119.899 39.065 59,0 19,2
FONTE:SinanOn-lineeE-SUS VS(bancodedadosatualizadoem10/03/2025).Dadossujeitosaalteração.
19","Casos prováveis e incidência (por 100.000 habitantes) de chikungunya, SE 01 a SE 10, Brasil, 2024 e 2025 Casos Prováveis (n) Coeficiente de Incidência Região/UF SE 01 aSE 10 SE 01 aSE 10 2024 2025 2024 2025 Norte 893 1.116 5,1 6,4 Rondônia 112 355 7,1 22,5 Acre 114 282 13,7 34,0 Amazonas 24 37 0,6 0,9 Roraima 6 18 0,9 2,8 Pará 346 205 4,3 2,5 Amapá 132 25 18,0 3,4 Tocantins 159 194 10,5 12,8 Nordeste 7.590 1.833 13,9 3,4 Maranhão 265 82 3,9 1,2 Piauí 235 52 7,2 1,6 Ceará 247 201 2,8 2,3 Rio Grande do Norte 723 287 21,9 8,7 Paraíba 493 209 12,4 5,3 Pernambuco 894 518 9,9 5,7 Alagoas 135 19 4,3 0,6 Sergipe 140 28 6,3 1,3 Bahia 4.458 437 31,5 3,1 Sudeste 102.064 11.978 120,3 14,1 Minas Gerais 94.473 5.062 460,0 24,6 Espírito Santo 3.363 625 87,7 16,3 Rio de Janeiro 1.548 685 9,6 4,3 São Paulo 2.680 5.606 6,0 12,6 Sul 254 1.291 0,8 4,3 Paraná 136 1.112 1,2 9,7 Santa Catarina 36 114 0,5 1,5 Rio Grande do Sul 82 65 0,8 0,6 Centro-Oeste 9.098 22.847 55,9 140,3 Mato Grosso do Sul 621 2.586 22,5 93,8 Mato Grosso 4.306 19.806 117,7 541,3 Goiás 4.077 375 57,8 5,3 Distrito Federal 94 80 3,3 2,8 Brasil 119.899 39.065 59,0 19,2 FONTE:SinanOn-lineeE-SUS VS(bancodedadosatualizadoem10/03/2025).Dadossujeitosaalteração.",0,,
Informe Semanal nº 04 - COE Dengue e outras Arboviroses - SE 1 a 10.pdf,4,1,10,2025,2025-03-10,18,0,953,"INFORME SEMANAL No 04
SE 01 a 10/2025 (10/03/2025)
Número de óbitos confirmados e óbitos em investigação de chikungunya, SE 01 a SE
10, Brasil, 2024 e 2025
Óbitos confirmados Óbitos em Investigação
Região/UF SE 01 aSE 10 SE 01 aSE 10
2024 2025 2024 2025
Norte
1 0 0 0
Rondônia
0 0 0 0
Acre
0 0 0 0
Amazonas
0 0 0 0
Roraima
0 0 0 0
Pará
0 0 0 0
Amapá
1 0 0 0
Tocantins
0 0 0 0
Nordeste
14 1 1 10
Maranhão
1 0 1 3
Piauí
0 0 0 0
Ceará
0 0 0 1
Rio Grande do Norte
1 0 0 1
Paraíba
4 0 0 0
Pernambuco
1 0 0 3
Alagoas
0 0 0 0
Sergipe
1 0 0 0
Bahia
6 1 0 2
Sudeste
77 5 10 18
Minas Gerais
70 2 9 1
Espírito Santo
1 0 0 1
Rio de Janeiro
1 1 0 4
São Paulo
5 2 1 12
Sul
0 0 0 2
Paraná
0 0 0 0
Santa Catarina
0 0 0 1
Rio Grande do Sul
0 0 0 1
Centro-Oeste
11 21 3 12
Mato Grosso do Sul
0 1 1 1
Mato Grosso
4 20 0 8
Goiás
7 0 0 3
Distrito Federal
0 0 2 0
Brasil
103 27 14 42
FONTE:SinanOn-lineeE-SUS VS(bancodedadosatualizadoem10/03/2025).Dadossujeitosaalteração.
20","Número de óbitos confirmados e óbitos em investigação de chikungunya, SE 01 a SE 10, Brasil, 2024 e 2025 Óbitos confirmados Óbitos em Investigação Região/UF SE 01 aSE 10 SE 01 aSE 10 2024 2025 2024 2025 Norte 1 0 0 0 Rondônia 0 0 0 0 Acre 0 0 0 0 Amazonas 0 0 0 0 Roraima 0 0 0 0 Pará 0 0 0 0 Amapá 1 0 0 0 Tocantins 0 0 0 0 Nordeste 14 1 1 10 Maranhão 1 0 1 3 Piauí 0 0 0 0 Ceará 0 0 0 1 Rio Grande do Norte 1 0 0 1 Paraíba 4 0 0 0 Pernambuco 1 0 0 3 Alagoas 0 0 0 0 Sergipe 1 0 0 0 Bahia 6 1 0 2 Sudeste 77 5 10 18 Minas Gerais 70 2 9 1 Espírito Santo 1 0 0 1 Rio de Janeiro 1 1 0 4 São Paulo 5 2 1 12 Sul 0 0 0 2 Paraná 0 0 0 0 Santa Catarina 0 0 0 1 Rio Grande do Sul 0 0 0 1 Centro-Oeste 11 21 3 12 Mato Grosso do Sul 0 1 1 1 Mato Grosso 4 20 0 8 Goiás 7 0 0 3 Distrito Federal 0 0 2 0 Brasil 103 27 14 42 FONTE:SinanOn-lineeE-SUS VS(bancodedadosatualizadoem10/03/2025).Dadossujeitosaalteração.",0,,
Informe Semanal nº 04 - COE Dengue e outras Arboviroses - SE 1 a 10.pdf,4,1,10,2025,2025-03-10,19,0,1125,"INFORME SEMANAL No 04
SE 01 a 10/2025 (10/03/2025)
Casos prováveis e incidência (por 100.000 habitantes) de Zika, SE 01 a SE 08, Brasil,
2024 e 2025.
Casos Prováveis Coeficiente de Incidência
Região/UF SE 01 aSE 08 SE 01 aSE 08
2024 2025 2024 2025
Norte
150 200 0,9 1,2
Rondônia 26 3 1,6 0,2
Acre 34 93 4,1 11,2
Amazonas 33 9 0,8 0,2
Roraima 2 1 0,3 0,2
Pará 16 42 0,2 0,5
Amapá 23 0 3,1 0,0
Tocantins 16 52 1,1 3,4
Nordeste 622 303 1,1 0,6
Maranhão 62 65 0,9 1,0
Piauí 1 1 0,0 0,0
Ceará 14 9 0,2 0,1
Rio Grande do
Norte 187 95 5,7 2,9
Paraíba
20 6 0,5 0,2
Pernambuco
21 32 0,2 0,4
Alagoas
20 5 0,6 0,2
Sergipe
6 5 0,3 0,2
Bahia
291 85 2,1 0,6
Sudeste
168 155 0,2 0,2
Minas Gerais
59 19 0,3 0,1
Espírito Santo
41 1 1,1 0,0
Rio de Janeiro
1 8 0,0 0,0
São Paulo
67 127 0,2 0,3
Sul
10 13 0,0 0,0
Paraná 4 8 0,0 0,1
Santa Catarina
2 4 0,0 0,1
Rio Grande do
Sul 4 1 0,0 0,0
Centro-Oeste
130 333 0,8 2,0
Mato Grosso do
Sul 13 15 0,5 0,5
Mato Grosso
93 248 2,5 6,8
Goiás
18 70 0,3 1,0
Distrito Federal
6 3 0,2 0,0
Brasil
1.080 1.004 0,5 0,5
FONTE:SinanOn-lineeE-SUS VS(bancodedadosatualizadoem01/03/2025).Dadossujeitosaalteração.
21","Casos prováveis e incidência (por 100.000 habitantes) de Zika, SE 01 a SE 08, Brasil, 2024 e 2025. Casos Prováveis Coeficiente de Incidência Região/UF SE 01 aSE 08 SE 01 aSE 08 2024 2025 2024 2025 Norte 150 200 0,9 1,2 Rondônia 26 3 1,6 0,2 Acre 34 93 4,1 11,2 Amazonas 33 9 0,8 0,2 Roraima 2 1 0,3 0,2 Pará 16 42 0,2 0,5 Amapá 23 0 3,1 0,0 Tocantins 16 52 1,1 3,4 Nordeste 622 303 1,1 0,6 Maranhão 62 65 0,9 1,0 Piauí 1 1 0,0 0,0 Ceará 14 9 0,2 0,1 Rio Grande do Norte 187 95 5,7 2,9 Paraíba 20 6 0,5 0,2 Pernambuco 21 32 0,2 0,4 Alagoas 20 5 0,6 0,2 Sergipe 6 5 0,3 0,2 Bahia 291 85 2,1 0,6 Sudeste 168 155 0,2 0,2 Minas Gerais 59 19 0,3 0,1 Espírito Santo 41 1 1,1 0,0 Rio de Janeiro 1 8 0,0 0,0 São Paulo 67 127 0,2 0,3 Sul 10 13 0,0 0,0 Paraná 4 8 0,0 0,1 Santa Catarina 2 4 0,0 0,1 Rio Grande do Sul 4 1 0,0 0,0 Centro-Oeste 130 333 0,8 2,0 Mato Grosso do Sul 13 15 0,5 0,5 Mato Grosso 93 248 2,5 6,8 Goiás 18 70 0,3 1,0 Distrito Federal 6 3 0,2 0,0 Brasil 1.080 1.004 0,5 0,5 FONTE:SinanOn-lineeE-SUS VS(bancodedadosatualizadoem01/03/2025).Dadossujeitosaalteração.",0,,
Informe Semanal nº 04 - COE Dengue e outras Arboviroses - SE 1 a 10.pdf,4,1,10,2025,2025-03-10,20,0,836,"INFORME SEMANAL No 04
SE 01 a 10/2025 (10/03/2025)
CASOS CONFIRMADOS DE OROPOUCHE POR UF DE LOCAL PROVÁVEL DE INFECÇÃO,
BRASIL, 2024 E 2025.
Casos de Oropouche
Região/UF 2024 2025
SE 01 a SE 10 SE 01 a SE 10
Norte 4.111 30
Rondônia 1200 0
Acre 242 0
Amazonas 2596 0
Roraima 6 1
Pará 64 0
Amapá 3 29
Tocantins 0 0
Nordeste 28 502
Maranhão 2 0
Piauí 0 0
Ceará 0 33
Rio Grande do Norte 0 0
Paraíba 0 469
Pernambuco 0 0
Alagoas 0 0
Sergipe 0 0
Bahia 26 0
Sudeste 1 5.727
Minas Gerais 1 119
Espírito Santo 0 4.914
Rio de Janeiro 0 691
São Paulo 0 3
Sul 0 0
Paraná 0 0
Santa Catarina 0 0
Rio Grande do Sul 0 0
Centro-Oeste 0 0
Mato Grosso do Sul 0 0
*LPI em Minvaetsoti gGarçoãsos.o 0 0
Goiás 0 0
Distrito Federal 0 0
Brasil 4.140 6.259
FONTE:GerenciadordeAmbiente Laboratorial(GAL). Dadosatualizadosaté10/03/2024.Dadossujeitosaalterações.
22","CASOS CONFIRMADOS DE OROPOUCHE POR UF DE LOCAL PROVÁVEL DE INFECÇÃO, BRASIL, 2024 E 2025. Casos de Oropouche Região/UF 2024 2025 SE 01 a SE 10 SE 01 a SE 10 Norte 4.111 30 Rondônia 1200 0 Acre 242 0 Amazonas 2596 0 Roraima 6 1 Pará 64 0 Amapá 3 29 Tocantins 0 0 Nordeste 28 502 Maranhão 2 0 Piauí 0 0 Ceará 0 33 Rio Grande do Norte 0 0 Paraíba 0 469 Pernambuco 0 0 Alagoas 0 0 Sergipe 0 0 Bahia 26 0 Sudeste 1 5.727 Minas Gerais 1 119 Espírito Santo 0 4.914 Rio de Janeiro 0 691 São Paulo 0 3 Sul 0 0 Paraná 0 0 Santa Catarina 0 0 Rio Grande do Sul 0 0 Centro-Oeste 0 0 Mato Grosso do Sul 0 0 *LPI em Minvaetsoti gGarçoãsos.o 0 0 Goiás 0 0 Distrito Federal 0 0 Brasil 4.140 6.259 FONTE:GerenciadordeAmbiente Laboratorial(GAL). Dadosatualizadosaté10/03/2024.Dadossujeitosaalterações.",0,,
Informe Semanal nº 05 - COE Dengue e outras Arboviroses - SE 1 a 11.pdf,5,1,11,2025,2025-03-17,1,0,41,"SE 01 a 11/2025
No 05
17 de março de 2025",SE 01 a 11/2025 No 05 17 de março de 2025,0,,
Informe Semanal nº 05 - COE Dengue e outras Arboviroses - SE 1 a 11.pdf,5,1,11,2025,2025-03-17,2,0,2112,"INFORME SEMANAL No 05
SE 01 a 11/2025 (17/03/2025)
Introdução
Os dados de dengue, Chikungunya, e Oropouche apresentados neste
Informe referem-se às semanas epidemiológicas (SE) 01 a 11 de 2025 (que
equivalem a 29/12/24 a 15/03/2025). Para Zika, os dados apresentados são
do período da SE 01 a SE 08 de 2025 (que equivalem a 29/12/24 a
22/02/2025). Os dados são comparados aos dados com período equivalente
a 2024. Para febre amarela, os dados referem-se ao monitoramento
2024/2025 (julho/2024 a junho/2025), atualizados até 17 de março de 2025. Os
dados detalhados das arboviroses dos anos de 2023 a 2025 podem ser
acessados em: https://www.gov.br/saude/pt-br/assuntos/saude-de-a-a-
z/a/aedes-aegypti/monitoramento-das-arboviroses.
Situação Epidemiológica
Dengue
Nas SE 01 a 11 de 2025, foram notificados 620.702 casos prováveis de
dengue, correspondendo a um coeficiente de incidência de 305,7 casos/100
mil habitantes. Quando comparado com o mesmo período de 2024,
observa-se uma redução de 73,8% no número de casos prováveis.
As Regiões Geográficas que apresentam os maiores coeficientes de
incidência são Sudeste, Centro-Oeste e Sul. Entre as Unidades Federativas
(UF), Acre, São Paulo e Mato Grosso apresentam as maiores incidências.
Os maiores números de casos graves concentram-se nas regiões
Sudeste, Centro-Oeste e Sul. Os óbitos concentram-se na região Sudeste.
Foram confirmados 304 óbitos no período, e 632 estão em investigação.
Foi identificada a circulação dos quatro sorotipos do vírus dengue
(DENV-1, DENV-2, DENV-3 e DENV-4), com aumento da proporção de DENV-
3 desde o último trimestre de 2024. DENV-4 (vírus selvagem) foi detectado em
amostras de um paciente de MG. Outras detecções se deram em amostras
de indivíduos recém-vacinados (vírus vacinal).
O coeficiente de incidência de dengue no Brasil encontra-se dentro
do canal endêmico do diagrama de controle, considerando a série histórica,
no entanto a estimativa nowcasting indica tendência de alta no número de
casos, acima do limite esperado.
Fonte: Sinan On-line (banco de dados atualizado em 17/03/2025). Dados sujeitos a alteração.
2","Introdução Os dados de dengue, Chikungunya, e Oropouche apresentados neste Informe referem-se às semanas epidemiológicas (SE) 01 a 11 de 2025 (que equivalem a 29/12/24 a 15/03/2025). Para Zika, os dados apresentados são do período da SE 01 a SE 08 de 2025 (que equivalem a 29/12/24 a 22/02/2025). Os dados são comparados aos dados com período equivalente a 2024. Para febre amarela, os dados referem-se ao monitoramento 2024/2025 (julho/2024 a junho/2025), atualizados até 17 de março de 2025. Os dados detalhados das arboviroses dos anos de 2023 a 2025 podem ser acessados em: https://www.gov.br/saude/pt-br/assuntos/saude-de-a-az/a/aedes-aegypti/monitoramento-das-arboviroses. Situação Epidemiológica Dengue Nas SE 01 a 11 de 2025, foram notificados 620.702 casos prováveis de dengue, correspondendo a um coeficiente de incidência de 305,7 casos/100 mil habitantes. Quando comparado com o mesmo período de 2024, observa-se uma redução de 73,8% no número de casos prováveis. As Regiões Geográficas que apresentam os maiores coeficientes de incidência são Sudeste, Centro-Oeste e Sul. Entre as Unidades Federativas (UF), Acre, São Paulo e Mato Grosso apresentam as maiores incidências. Os maiores números de casos graves concentram-se nas regiões Sudeste, Centro-Oeste e Sul. Os óbitos concentram-se na região Sudeste. Foram confirmados 304 óbitos no período, e 632 estão em investigação. Foi identificada a circulação dos quatro sorotipos do vírus dengue (DENV-1, DENV-2, DENV-3 e DENV-4), com aumento da proporção de DENV3 desde o último trimestre de 2024. DENV-4 (vírus selvagem) foi detectado em amostras de um paciente de MG. Outras detecções se deram em amostras de indivíduos recém-vacinados (vírus vacinal). O coeficiente de incidência de dengue no Brasil encontra-se dentro do canal endêmico do diagrama de controle, considerando a série histórica, no entanto a estimativa nowcasting indica tendência de alta no número de casos, acima do limite esperado. Fonte: Sinan On-line (banco de dados atualizado em 17/03/2025). Dados sujeitos a alteração.",1,narrativa,"Dengue Nas SE 01 a 11 de 2025, foram notificados 620.702 casos prováveis de dengue, correspondendo a um coeficiente de incidência de 305,7 casos/100 mil habitantes. Quando comparado com o mesmo período de 2024, observa-se uma redução de 73,8% no número de casos prováveis. As Regiões Geográficas que apresentam os maiores coeficientes de incidência são Sudeste, Centro-Oeste e Sul. Entre as Unidades Federativas (UF), Acre, São Paulo e Mato Grosso apresentam as maiores incidências. Os maiores números de casos graves concentram-se nas regiões Sudeste, Centro-Oeste e Sul. Os óbitos concentram-se na região Sudeste. Foram confirmados 304 óbitos no período, e 632 estão em investigação. Foi identificada a circulação dos quatro sorotipos do vírus dengue (DENV-1, DENV-2, DENV-3 e DENV-4), com aumento da proporção de DENV3 desde o último trimestre de 2024. DENV-4 (vírus selvagem) foi detectado em amostras de um paciente de MG. Outras detecções se deram em amostras de indivíduos recém-vacinados (vírus vacinal). O coeficiente de incidência de dengue no Brasil encontra-se dentro do canal endêmico do diagrama de controle, considerando a série histórica, no entanto a estimativa nowcasting indica tendência de alta no número de casos, acima do limite esperado. Fonte: Sinan On-line (banco de dados atualizado em 17/03/2025). Dados sujeitos a alteração."
Informe Semanal nº 05 - COE Dengue e outras Arboviroses - SE 1 a 11.pdf,5,1,11,2025,2025-03-17,3,0,200,"INFORME SEMANAL No 05
SE 01 a 11/2025 (17/03/2025)
Diagrama de controle
Coeficiente de Incidência e óbitos
Fonte: Sinan On-line (banco de dados atualizado em 17/03/2025). Dados sujeitos a alteração.
3",Diagrama de controle Coeficiente de Incidência e óbitos Fonte: Sinan On-line (banco de dados atualizado em 17/03/2025). Dados sujeitos a alteração.,1,narrativa,Diagrama de controle Coeficiente de Incidência e óbitos Fonte: Sinan On-line (banco de dados atualizado em 17/03/2025). Dados sujeitos a alteração.
Informe Semanal nº 05 - COE Dengue e outras Arboviroses - SE 1 a 11.pdf,5,1,11,2025,2025-03-17,4,0,1196,"INFORME SEMANAL No 05
SE 01 a 11/2025 (17/03/2025)
Mapa de Sorotipos Dengue SE 01 a SE 11/2025
Chikungunya
Nas SE 01 a 11 de 2025, foram notificados 44.249 casos prováveis de
chikungunya, correspondendo a um coeficiente de incidência de 21,8
casos/100 mil habitantes. Quando comparado ao mesmo período de
2024, observa-se uma redução de 67,6% no número de casos prováveis.
As Regiões Geográficas que apresentam os maiores coeficientes de
incidência são a Centro-Oeste e a Sudeste. Entre as UFs, Mato Grosso e Mato
Grosso do Sul apresentam as maiores incidências.
Foram confirmados 28 óbitos no período, sendo 21 no estado do Mato
Grosso, dois em São Paulo, dois em Minas Gerais, e um nos estados de Mato
Grosso do Sul, Bahia e Rio de Janeiro. Encontram-se em investigação 48 óbitos
até o momento, sendo 21 deles na Região Sudeste.
O coeficiente de incidência de chikungunya no Brasil encontra-se
abaixo do limite inferior do canal endêmico do diagrama de controle,
considerando a série histórica, no entanto a estimativa nowcasting
indica tendência de alta no número de casos, dentro do canal endêmico.
Fonte: Sinan On-line (banco de dados atualizado em 17/03/2025). Dados sujeitos a alteração.
4","Mapa de Sorotipos Dengue SE 01 a SE 11/2025 Chikungunya Nas SE 01 a 11 de 2025, foram notificados 44.249 casos prováveis de chikungunya, correspondendo a um coeficiente de incidência de 21,8 casos/100 mil habitantes. Quando comparado ao mesmo período de 2024, observa-se uma redução de 67,6% no número de casos prováveis. As Regiões Geográficas que apresentam os maiores coeficientes de incidência são a Centro-Oeste e a Sudeste. Entre as UFs, Mato Grosso e Mato Grosso do Sul apresentam as maiores incidências. Foram confirmados 28 óbitos no período, sendo 21 no estado do Mato Grosso, dois em São Paulo, dois em Minas Gerais, e um nos estados de Mato Grosso do Sul, Bahia e Rio de Janeiro. Encontram-se em investigação 48 óbitos até o momento, sendo 21 deles na Região Sudeste. O coeficiente de incidência de chikungunya no Brasil encontra-se abaixo do limite inferior do canal endêmico do diagrama de controle, considerando a série histórica, no entanto a estimativa nowcasting indica tendência de alta no número de casos, dentro do canal endêmico. Fonte: Sinan On-line (banco de dados atualizado em 17/03/2025). Dados sujeitos a alteração.",1,narrativa,Mapa de Sorotipos Dengue SE 01 a SE 11/2025
Informe Semanal nº 05 - COE Dengue e outras Arboviroses - SE 1 a 11.pdf,5,1,11,2025,2025-03-17,5,0,200,"INFORME SEMANAL No 05
SE 01 a 11/2025 (17/03/2025)
Diagrama de controle
Coeficiente de Incidência e óbitos
Fonte: Sinan On-line (banco de dados atualizado em 17/03/2025). Dados sujeitos a alteração.
5",Diagrama de controle Coeficiente de Incidência e óbitos Fonte: Sinan On-line (banco de dados atualizado em 17/03/2025). Dados sujeitos a alteração.,0,,
Informe Semanal nº 05 - COE Dengue e outras Arboviroses - SE 1 a 11.pdf,5,1,11,2025,2025-03-17,6,0,1552,"INFORME SEMANAL No 05
SE 01 a 11/2025 (17/03/2025)
Zika
Entre as Semanas Epidemiológicas 01 e 08 de 2025, foram notificados
1.004 casos prováveis de Zika no Brasil, com coeficiente de incidência de 0,5
casos por 100 mil habitantes. Quando comparado ao mesmo período de
2024, observa-se uma redução de 7%. Em relação às gestantes, foram
notificados 165 casos que ainda estão em investigação. Não foram
confirmados óbitos por Zika no período.
As Regiões Norte e Centro-Oeste apresentam os maiores coeficientes
de incidência. Em relação às UFs, os maiores coeficientes de incidência
estão no Acre, Tocantins e Mato Grosso.
O coeficiente de incidência de Zika no Brasil, assim como a
estimativa nowcasting1, encontram-se abaixo dos limites do canal
endêmico do diagrama de controle2, considerando a série histórica.
Diagrama de controle2 Incidência e gestantes
1O nowcasting (linha tracejada vermelha) corrige os atrasos inerentes aos sistemas de vigilância epidemiológica e
estima o número de casos em um determinado momento, considerando os dados disponíveis e as características do
processodenotificação,contribuindoparaaantecipaçãodaavaliaçãodatendênciadealtaoubaixadaincidência.
2 O diagrama decontroleé uma ferramentagráficaque permite acompanhar a variação do coeficiente de incidência
(linha azul) de uma determinada doença ao longo do tempo em relação ao canal endêmico, que define a faixa de
variaçãoesperadaparaaincidênciadadoençacombaseemdadoshistóricos.
Fonte: Sinan-Net (banco de dados atualizado em 01/03/2025). Dados sujeitos a alteração.
6","Zika Entre as Semanas Epidemiológicas 01 e 08 de 2025, foram notificados 1.004 casos prováveis de Zika no Brasil, com coeficiente de incidência de 0,5 casos por 100 mil habitantes. Quando comparado ao mesmo período de 2024, observa-se uma redução de 7%. Em relação às gestantes, foram notificados 165 casos que ainda estão em investigação. Não foram confirmados óbitos por Zika no período. As Regiões Norte e Centro-Oeste apresentam os maiores coeficientes de incidência. Em relação às UFs, os maiores coeficientes de incidência estão no Acre, Tocantins e Mato Grosso. O coeficiente de incidência de Zika no Brasil, assim como a estimativa nowcasting1, encontram-se abaixo dos limites do canal endêmico do diagrama de controle2, considerando a série histórica. Diagrama de controle2 Incidência e gestantes 1O nowcasting (linha tracejada vermelha) corrige os atrasos inerentes aos sistemas de vigilância epidemiológica e estima o número de casos em um determinado momento, considerando os dados disponíveis e as características do processodenotificação,contribuindoparaaantecipaçãodaavaliaçãodatendênciadealtaoubaixadaincidência. 2 O diagrama decontroleé uma ferramentagráficaque permite acompanhar a variação do coeficiente de incidência (linha azul) de uma determinada doença ao longo do tempo em relação ao canal endêmico, que define a faixa de variaçãoesperadaparaaincidênciadadoençacombaseemdadoshistóricos. Fonte: Sinan-Net (banco de dados atualizado em 01/03/2025). Dados sujeitos a alteração.",0,,
Informe Semanal nº 05 - COE Dengue e outras Arboviroses - SE 1 a 11.pdf,5,1,11,2025,2025-03-17,7,0,985,"INFORME SEMANAL No 05
SE 01 a 11/2025 (17/03/2025)
Dengue
(Incidência)
305,7 304
-73,8%
CASOS/100 MIL HAB. ÓBITOS
Em relação
ao número
620.702 Casos prováveis Óbitos em
632 de casos
investigação
no mesmo
Casos graves e com
8.188
período de
sinais de alarme 3,7% Letalidade1
2024
Chikungunya
(Incidência)
21,8 28
-76,1%
CASOS/100 MIL HAB. ÓBITOS
Em relação
ao número
Óbitos em
44.249 Casos prováveis 48 de casos
investigação
no mesmo
período de
0,06% Letalidade2 2024
Zika
(Incidência)
0,5 0
-7%
CASOS/100 MIL HAB. ÓBITOS
Em relação
ao número
1.004 Casos prováveis 165 de casos
no mesmo
período de
CASOS PROVÁVEIS
2024
EM GESTANTES
1Para o cálculo da letalidade, foram considerados no denominador os casos de dengue grave e de dengue com sinais de
alarme.
2Paraocálculodaletalidade,foramconsideradosnodenominadoroscasosprováveisdechikungunya.
FONTE:: Sinan On-line (banco de dados atualizado em 17/03/2024); Sinan NET (banco de dados atualizado em
01/03/2025).Dadossujeitosaalteração.
7","Dengue (Incidência) 305,7 304 -73,8% CASOS/100 MIL HAB. ÓBITOS Em relação ao número 620.702 Casos prováveis Óbitos em 632 de casos investigação no mesmo Casos graves e com 8.188 período de sinais de alarme 3,7% Letalidade1 2024 Chikungunya (Incidência) 21,8 28 -76,1% CASOS/100 MIL HAB. ÓBITOS Em relação ao número Óbitos em 44.249 Casos prováveis 48 de casos investigação no mesmo período de 0,06% Letalidade2 2024 Zika (Incidência) 0,5 0 -7% CASOS/100 MIL HAB. ÓBITOS Em relação ao número 1.004 Casos prováveis 165 de casos no mesmo período de CASOS PROVÁVEIS 2024 EM GESTANTES 1Para o cálculo da letalidade, foram considerados no denominador os casos de dengue grave e de dengue com sinais de alarme. 2Paraocálculodaletalidade,foramconsideradosnodenominadoroscasosprováveisdechikungunya. FONTE:: Sinan On-line (banco de dados atualizado em 17/03/2024); Sinan NET (banco de dados atualizado em 01/03/2025).Dadossujeitosaalteração.",1,narrativa,"Dengue (Incidência) 305,7 304 -73,8% CASOS/100 MIL HAB. ÓBITOS Em relação ao número 620.702 Casos prováveis Óbitos em 632 de casos investigação no mesmo Casos graves e com 8.188 período de sinais de alarme 3,7% Letalidade1 2024"
Informe Semanal nº 05 - COE Dengue e outras Arboviroses - SE 1 a 11.pdf,5,1,11,2025,2025-03-17,8,0,939,"INFORME SEMANAL No 05
SE 01 a 11/2025 (17/03/2025)
Oropouche
Entre as SE 01 e 11/2025, foram confirmados 6.682 casos de Oropouche
no Brasil, o que representa um aumento de 61,4% quando comparado com o
mesmo período do ano anterior, em que foram registrados 4.140 casos de
Oropouche. Até o momento, foi identificado 1 óbito suspeito de Oropouche
em 2025, no Espírito Santo, com detecção do vírus em amostra de soro.
CASOS DE OROPOUCHE POR SE DE INÍCIO DE SINTOMAS, BRASIL, 2024 E 2025
Os casos identificados estão distribuídos de maneira equitativa entre os
sexos, com 52,4% das detecções em indivíduos do sexo masculino. As faixas
etárias entre 20 e 59 anos concentram 70,2% dos casos. Entre os menores de
1 ano, foram registrados 5 casos, sendo 4 no Espírito Santo e 1 no Rio de
Janeiro.
CASOS DE OROPOUCHE POR SEXO E FAIXA ETÁRIA, BRASIL, 2025
Fonte: Sinan On-line (banco de dados atualizado em 10/03/2025). Dados sujeitos à alteração.
8","Oropouche Entre as SE 01 e 11/2025, foram confirmados 6.682 casos de Oropouche no Brasil, o que representa um aumento de 61,4% quando comparado com o mesmo período do ano anterior, em que foram registrados 4.140 casos de Oropouche. Até o momento, foi identificado 1 óbito suspeito de Oropouche em 2025, no Espírito Santo, com detecção do vírus em amostra de soro. CASOS DE OROPOUCHE POR SE DE INÍCIO DE SINTOMAS, BRASIL, 2024 E 2025 Os casos identificados estão distribuídos de maneira equitativa entre os sexos, com 52,4% das detecções em indivíduos do sexo masculino. As faixas etárias entre 20 e 59 anos concentram 70,2% dos casos. Entre os menores de 1 ano, foram registrados 5 casos, sendo 4 no Espírito Santo e 1 no Rio de Janeiro. CASOS DE OROPOUCHE POR SEXO E FAIXA ETÁRIA, BRASIL, 2025 Fonte: Sinan On-line (banco de dados atualizado em 10/03/2025). Dados sujeitos à alteração.",0,,
Informe Semanal nº 05 - COE Dengue e outras Arboviroses - SE 1 a 11.pdf,5,1,11,2025,2025-03-17,9,0,1400,"INFORME SEMANAL No 05
SE 01 a 11/2025 (17/03/2025)
Oropouche
Em 2025, a UF com maior número de casos é o Espírito Santo (n= 5.089),
cujo aumento vem ocorrendo desde o segundo semestre de 2024. Destacam-se
ainda o aumento dos casos no Rio de Janeiro (n=823) e Paraíba (n=550).
Transmissão ativa foi registrada em 2025 também nos estados de Roraima,
Amapá, Ceará e Minas Gerais.
Casos em indivíduos residentes ou com local provável de infecção (LPI)
em estados com transmissão autóctone (Espírito Santo, Rio de Janeiro e
Paraíba) foram registrados no Pará, Mato Grosso, Goiás, Distrito Federal, Piauí,
Pernambuco, Bahia, São Paulo e Paraná.
CASOS DE OROPOUCHE POR MUNICÍPIO DE RESIDÊNCIA, BRASIL, 2024 E 2025.
FONTE: Gerenciador de Ambiente Laboratorial (GAL). Dados atualizados até 16/03/2024. Dados sujeitos a alterações.
Febre Amarela
No período de monitoramento 2024/2025 (julho/2024 a junho/2025), os
registros de transmissão do vírus em PNH ocorreram nos estados de São Paulo
[39] (Amparo [1], Bragança Paulista [1], Campinas [2], Colina [1], Guarulhos
[1], Joanópolis [3], Osasco [1], Pedra Bela [1], Pinhalzinho [1], Pitangueiras [2],
Ribeirão Preto [22], Serra Negra [1], Socorro [1] e Valinhos [1]), Minas Gerais [8]
(Córrego do Bom Jesus [1], Estiva [1], Ipuiúna [2], Poço Fundo [1], Poços de
Caldas [1], Sapucaí-Mirim [1] e Toledo [1]), Tocantins [2] (Palmas) e Roraima [1]
(Alto Alegre).
9","Oropouche Em 2025, a UF com maior número de casos é o Espírito Santo (n= 5.089), cujo aumento vem ocorrendo desde o segundo semestre de 2024. Destacam-se ainda o aumento dos casos no Rio de Janeiro (n=823) e Paraíba (n=550). Transmissão ativa foi registrada em 2025 também nos estados de Roraima, Amapá, Ceará e Minas Gerais. Casos em indivíduos residentes ou com local provável de infecção (LPI) em estados com transmissão autóctone (Espírito Santo, Rio de Janeiro e Paraíba) foram registrados no Pará, Mato Grosso, Goiás, Distrito Federal, Piauí, Pernambuco, Bahia, São Paulo e Paraná. CASOS DE OROPOUCHE POR MUNICÍPIO DE RESIDÊNCIA, BRASIL, 2024 E 2025. FONTE: Gerenciador de Ambiente Laboratorial (GAL). Dados atualizados até 16/03/2024. Dados sujeitos a alterações. Febre Amarela No período de monitoramento 2024/2025 (julho/2024 a junho/2025), os registros de transmissão do vírus em PNH ocorreram nos estados de São Paulo [39] (Amparo [1], Bragança Paulista [1], Campinas [2], Colina [1], Guarulhos [1], Joanópolis [3], Osasco [1], Pedra Bela [1], Pinhalzinho [1], Pitangueiras [2], Ribeirão Preto [22], Serra Negra [1], Socorro [1] e Valinhos [1]), Minas Gerais [8] (Córrego do Bom Jesus [1], Estiva [1], Ipuiúna [2], Poço Fundo [1], Poços de Caldas [1], Sapucaí-Mirim [1] e Toledo [1]), Tocantins [2] (Palmas) e Roraima [1] (Alto Alegre).",0,,
Informe Semanal nº 05 - COE Dengue e outras Arboviroses - SE 1 a 11.pdf,5,1,11,2025,2025-03-17,10,0,1061,"INFORME SEMANAL No 05
SE 01 a 11/2025 (17/03/2025)
Febre Amarela
No mesmo período, foram confirmados 66 casos humanos, dos quais
28 evoluíram para o óbito (letalidade de 42,4%). Os casos tiveram os locais
prováveis de infecção nos estados de São Paulo [31] (Águas de Lindoia [1],
Águas de São Pedro [1], Amparo [1], Bragança Paulista [1], Brotas [1],
Caçapava [1], Campinas [3], Joanópolis [4], Nazaré Paulista [1], Pedreira [1]
Pedra Bela [1], Piracaia [2], Socorro [4], Tuiuti [1], Valinhos [1], LPI em
investigação [5]), Pará [28] (Breves [26], Cametá [1], LPI em investigação
[1]), Minas Gerais [5] (Camanducaia [1], Cambuí [1], Extrema [1], Pouso
Alegre [1], Silvianópolis [1]) e Tocantins [1] (Monte do Carmo). Entre os casos,
58 (87,9%) eram do sexo masculino, com idades entre 10 e 73 anos. Um dos
indivíduos tinha histórico de vacinação em 2017 e evoluiu para o óbito.
Municípios com detecção do vírus da Febre Amarela em PNH e Casos Humanos,
monitoramento 2024/2025.
FONTE:SINAN,SISS-Geo,GAL. Dadosatualizadosaté16/03/2025.Dadossujeitosaalterações.
10","Febre Amarela No mesmo período, foram confirmados 66 casos humanos, dos quais 28 evoluíram para o óbito (letalidade de 42,4%). Os casos tiveram os locais prováveis de infecção nos estados de São Paulo [31] (Águas de Lindoia [1], Águas de São Pedro [1], Amparo [1], Bragança Paulista [1], Brotas [1], Caçapava [1], Campinas [3], Joanópolis [4], Nazaré Paulista [1], Pedreira [1] Pedra Bela [1], Piracaia [2], Socorro [4], Tuiuti [1], Valinhos [1], LPI em investigação [5]), Pará [28] (Breves [26], Cametá [1], LPI em investigação [1]), Minas Gerais [5] (Camanducaia [1], Cambuí [1], Extrema [1], Pouso Alegre [1], Silvianópolis [1]) e Tocantins [1] (Monte do Carmo). Entre os casos, 58 (87,9%) eram do sexo masculino, com idades entre 10 e 73 anos. Um dos indivíduos tinha histórico de vacinação em 2017 e evoluiu para o óbito. Municípios com detecção do vírus da Febre Amarela em PNH e Casos Humanos, monitoramento 2024/2025. FONTE:SINAN,SISS-Geo,GAL. Dadosatualizadosaté16/03/2025.Dadossujeitosaalterações.",0,,
Informe Semanal nº 05 - COE Dengue e outras Arboviroses - SE 1 a 11.pdf,5,1,11,2025,2025-03-17,11,0,1045,"INFORME SEMANAL No 05
SE 01 a 11/2025 (17/03/2025)
Febre Amarela
Tabela 1. Estados com detecção dovírus da Febre Amarela em PNH e humanos durante o
.
períododemonitoramento 2024/2025
PRIMATAS NÃO-HUMANOS CASOS HUMANOS
REGIÃO UF (LPI)
NOTIFICADOS CONFIRMADOS NOTIFICADOS CONFIRMADOS ÓBITOS LETALIDADE (%)
Norte Acre 2 1
Amapá 4
Amazonas 3
Pará 5 73 28 5 17,9
Rondônia 1 3
Roraima 5 1 4
Tocantins 11 2 7 1 1 100,0
Nordeste Alagoas 7 0
Bahia 17 3
Ceará 3
Maranhão 4
Paraíba 0
Pernambuco 12 1
Piauí 0
Rio Grande do Norte 29 2
Sergipe 0
Distrito Federal 62 7
Centro- Goiás 35 8
Oeste Mato Grosso 10 8
Mato Grosso do Sul 6
Sudeste Minas Gerais 339 8 31 5 3 60,0
FOENspTEír:itSoI NSaAnNto,SISS-Geo,GAL. Dadosatualizadosaté05/03/202265.Dadossujeitosaalterações.
Rio de Janeiro 46 12
São Paulo 632 49 214 26 16 61,5
Sul Paraná 52 16
Santa Catarina 62 8
Rio Grande do Sul 29 9
LPI em investigação
- 6 3 50,0
(notificados por SP [5] e PA [1])
TOTAL 1356 60 453 66 28 42,4
FONTE:SINAN,SISS-Geo,GAL. Dadosatualizadosaté16/03/2025.Dadossujeitosaalterações.
11","Febre Amarela Tabela 1. Estados com detecção dovírus da Febre Amarela em PNH e humanos durante o . períododemonitoramento 2024/2025 PRIMATAS NÃO-HUMANOS CASOS HUMANOS REGIÃO UF (LPI) NOTIFICADOS CONFIRMADOS NOTIFICADOS CONFIRMADOS ÓBITOS LETALIDADE (%) Norte Acre 2 1 Amapá 4 Amazonas 3 Pará 5 73 28 5 17,9 Rondônia 1 3 Roraima 5 1 4 Tocantins 11 2 7 1 1 100,0 Nordeste Alagoas 7 0 Bahia 17 3 Ceará 3 Maranhão 4 Paraíba 0 Pernambuco 12 1 Piauí 0 Rio Grande do Norte 29 2 Sergipe 0 Distrito Federal 62 7 Centro- Goiás 35 8 Oeste Mato Grosso 10 8 Mato Grosso do Sul 6 Sudeste Minas Gerais 339 8 31 5 3 60,0 FOENspTEír:itSoI NSaAnNto,SISS-Geo,GAL. Dadosatualizadosaté05/03/202265.Dadossujeitosaalterações. Rio de Janeiro 46 12 São Paulo 632 49 214 26 16 61,5 Sul Paraná 52 16 Santa Catarina 62 8 Rio Grande do Sul 29 9 LPI em investigação - 6 3 50,0 (notificados por SP [5] e PA [1]) TOTAL 1356 60 453 66 28 42,4 FONTE:SINAN,SISS-Geo,GAL. Dadosatualizadosaté16/03/2025.Dadossujeitosaalterações.",0,,
Informe Semanal nº 05 - COE Dengue e outras Arboviroses - SE 1 a 11.pdf,5,1,11,2025,2025-03-17,12,0,2066,"INFORME SEMANAL No 04
SE 01 a 11/2025 (17/03/2025)
Ações realizadas
• Reunião com o estado do Mato Grosso para apoiar as ações de vigilância e controle
diante do aumento de casos de chikungunya
• Reunião de alinhamento sobre as ações de resposta à transmissão de Oropouche com os
estados do Espírito Santo, Minas Gerais, Rio de Janeiro, Paraíba e Amapá
• Missão do COE dengue e outras arboviroses para apoiar as ações de vigilância,
imunização e assistência diante do surto de Febre Amarelano município de Breves/PA
• Reunião da Sala de Situação do DSEI Interior Sul sobre as ações de vigilância e controle
das arboviroses no territórios indígenas do estado do Rio Grande do Sul
• Visita técnica ao estado do Mato Grosso para apoiar as ações de vigilância e controle da
chikugunya
• Reunião com Embrapa e Fiocruz para elaboração do projeto de pesquisa voltada
para controle de Culicoides paraensis
• Reunião com o estado do Amapá para apoiar as ações de vigilância, imunização e
assistência de Febre Amarela
• Reunião com o estado do Pará para apoiar as ações de vigilância, imunização e
assistência de Febre Amarela
• Reunião com CONASS e Conasems para revisão das Novas Diretrizes de Prevenção e
Controle das Arboviroses Urbanas
• Reunião com Estado do Maranhão para apoiar modelo de vigilância dos óbitos
• Reunião com o Estado de Santa Catarina para apoiar a investigação dos óbitos no estado
• Reunião com o Ministerio de Salud de Perú (MINSA) - Experiencias sobre el manejo de la
Fiebre de Oropouche
• Implementação de Ovitrampas em 10 municípios do Estado do Mato Grosso
• Simulado de Preparação, Vigilância e Resposta em Arboviroses no Estado do Rio Grande
do Sul
• Capacitação para agentes indígenas do território guarita do estado do Rio Grande do Sul
de manejo integrado de vetores
• Apresentação de nova metodologia de controle vetorial, as Estações Disseminadora de Larvicida,
com ajuda na estratificação das áreas de risco no estado Recife/PE com a presença dos estados
Salvador/Bahia, Fortaleza/CE, Maranhão/MA. e implementação noRio de Janeiro/RJ.
12","Ações realizadas • Reunião com o estado do Mato Grosso para apoiar as ações de vigilância e controle diante do aumento de casos de chikungunya • Reunião de alinhamento sobre as ações de resposta à transmissão de Oropouche com os estados do Espírito Santo, Minas Gerais, Rio de Janeiro, Paraíba e Amapá • Missão do COE dengue e outras arboviroses para apoiar as ações de vigilância, imunização e assistência diante do surto de Febre Amarelano município de Breves/PA • Reunião da Sala de Situação do DSEI Interior Sul sobre as ações de vigilância e controle das arboviroses no territórios indígenas do estado do Rio Grande do Sul • Visita técnica ao estado do Mato Grosso para apoiar as ações de vigilância e controle da chikugunya • Reunião com Embrapa e Fiocruz para elaboração do projeto de pesquisa voltada para controle de Culicoides paraensis • Reunião com o estado do Amapá para apoiar as ações de vigilância, imunização e assistência de Febre Amarela • Reunião com o estado do Pará para apoiar as ações de vigilância, imunização e assistência de Febre Amarela • Reunião com CONASS e Conasems para revisão das Novas Diretrizes de Prevenção e Controle das Arboviroses Urbanas • Reunião com Estado do Maranhão para apoiar modelo de vigilância dos óbitos • Reunião com o Estado de Santa Catarina para apoiar a investigação dos óbitos no estado • Reunião com o Ministerio de Salud de Perú (MINSA) - Experiencias sobre el manejo de la Fiebre de Oropouche • Implementação de Ovitrampas em 10 municípios do Estado do Mato Grosso • Simulado de Preparação, Vigilância e Resposta em Arboviroses no Estado do Rio Grande do Sul • Capacitação para agentes indígenas do território guarita do estado do Rio Grande do Sul de manejo integrado de vetores • Apresentação de nova metodologia de controle vetorial, as Estações Disseminadora de Larvicida, com ajuda na estratificação das áreas de risco no estado Recife/PE com a presença dos estados Salvador/Bahia, Fortaleza/CE, Maranhão/MA. e implementação noRio de Janeiro/RJ.",0,,
Informe Semanal nº 05 - COE Dengue e outras Arboviroses - SE 1 a 11.pdf,5,1,11,2025,2025-03-17,13,0,421,"INFORME SEMANAL No 05
SE 01 a 11/2025 (17/03/2025)
Insumos distribuídos
Laboratoriais1
426.624
Sorologia Reações
139.395
Biologia Molecular ZDC Reações
150.000
Biologia Molecular OROV/MAYV Reações
3.996
Biologia Molecular Febre Amarela Reações
Inseticidas2
58.716
Larvicida Kg
4.159
Adulticida para PE Kg
139.300
Adulticida para UBV L
1Dadosatualizadosem12/03/2025.Fonte:CGLAB.
2Dadosatualizadosem12/03/2025.Fonte:SIES
13",Insumos distribuídos Laboratoriais1 426.624 Sorologia Reações 139.395 Biologia Molecular ZDC Reações 150.000 Biologia Molecular OROV/MAYV Reações 3.996 Biologia Molecular Febre Amarela Reações Inseticidas2 58.716 Larvicida Kg 4.159 Adulticida para PE Kg 139.300 Adulticida para UBV L 1Dadosatualizadosem12/03/2025.Fonte:CGLAB. 2Dadosatualizadosem12/03/2025.Fonte:SIES,0,,
Informe Semanal nº 05 - COE Dengue e outras Arboviroses - SE 1 a 11.pdf,5,1,11,2025,2025-03-17,14,0,1494,"INFORME SEMANAL No 05
SE 01 a 11/2025 (17/03/2025)
Casos prováveis e incidência (por 100.000 habitantes) de dengue, SE 01 a SE 11, Brasil,
2024 e 2025
Casos prováveis (n) Coeficiente de incidência
Região/UF SE 01 aSE 11 SE 01 aSE 11
2024 2025 2024 2025
Norte
25.044 21.727 144,3 125,2
Rondônia 3.350 682 211,9 43,1
Acre 3.065 7.426 369,3 894,7
Amazonas 4.884 2.419 123,9 61,4
Roraima 120 124 18,9 19,5
Pará 8.178 8.650 100,8 106,6
Amapá 4.117 730 561,3 99,5
Tocantins 1.330 1.696 88,0 112,2
Nordeste 103.261 22.609 189,0 41,4
Maranhão 4.246 1.446 62,7 21,3
Piauí
4.547 1.587 139,1 48,5
Ceará
2.515 1.553 28,6 17,7
Rio Grande do Norte
5.395 1.539 163,4 46,6
Paraíba
4.389 2.238 110,4 56,3
Pernambuco
5.267 4.113 58,1 45,4
Alagoas
2.866 715 91,6 22,9
Sergipe
539 488 24,4 22,1
Bahia 73.497 8.930 519,9 63,2
Sudeste
1.568.110 456.958 1.848,2 538,6
Minas Gerais
875.286 69.389 4.261,6 337,8
Espírito Santo
62.967 10.484 1.642,6 273,5
Rio de Janeiro
176.827 12.889 1.101,4 80,3
São Paulo 453.030 364.196 1.019,9 819,9
Sul 253.476 57.050 846,8 190,6
Paraná 203.328 42.678 1.776,8 373,0
Santa Catarina 71.268 7.389 936,6 97,1
Rio Grande do Sul
46.898 6.983 431,0 64,2
Centro-Oeste 347.433 62.358 2.133,1 382,9
Mato Grosso do Sul 7.049 5.011 255,7 181,8
Mato Grosso 14.432 19.745 394,4 539,7
Goiás 131.206 32.441 1.859,7 459,8
Distrito Federal 194.746 5.161 6.913,1 183,2
Brasil
2.365.342 620.702 1.164,8 305,7
FONTE:SinanOn-lineeE-SUS VS(bancodedadosatualizadoem17/03/2025).Dadossujeitosaalteração.
14","Casos prováveis e incidência (por 100.000 habitantes) de dengue, SE 01 a SE 11, Brasil, 2024 e 2025 Casos prováveis (n) Coeficiente de incidência Região/UF SE 01 aSE 11 SE 01 aSE 11 2024 2025 2024 2025 Norte 25.044 21.727 144,3 125,2 Rondônia 3.350 682 211,9 43,1 Acre 3.065 7.426 369,3 894,7 Amazonas 4.884 2.419 123,9 61,4 Roraima 120 124 18,9 19,5 Pará 8.178 8.650 100,8 106,6 Amapá 4.117 730 561,3 99,5 Tocantins 1.330 1.696 88,0 112,2 Nordeste 103.261 22.609 189,0 41,4 Maranhão 4.246 1.446 62,7 21,3 Piauí 4.547 1.587 139,1 48,5 Ceará 2.515 1.553 28,6 17,7 Rio Grande do Norte 5.395 1.539 163,4 46,6 Paraíba 4.389 2.238 110,4 56,3 Pernambuco 5.267 4.113 58,1 45,4 Alagoas 2.866 715 91,6 22,9 Sergipe 539 488 24,4 22,1 Bahia 73.497 8.930 519,9 63,2 Sudeste 1.568.110 456.958 1.848,2 538,6 Minas Gerais 875.286 69.389 4.261,6 337,8 Espírito Santo 62.967 10.484 1.642,6 273,5 Rio de Janeiro 176.827 12.889 1.101,4 80,3 São Paulo 453.030 364.196 1.019,9 819,9 Sul 253.476 57.050 846,8 190,6 Paraná 203.328 42.678 1.776,8 373,0 Santa Catarina 71.268 7.389 936,6 97,1 Rio Grande do Sul 46.898 6.983 431,0 64,2 Centro-Oeste 347.433 62.358 2.133,1 382,9 Mato Grosso do Sul 7.049 5.011 255,7 181,8 Mato Grosso 14.432 19.745 394,4 539,7 Goiás 131.206 32.441 1.859,7 459,8 Distrito Federal 194.746 5.161 6.913,1 183,2 Brasil 2.365.342 620.702 1.164,8 305,7 FONTE:SinanOn-lineeE-SUS VS(bancodedadosatualizadoem17/03/2025).Dadossujeitosaalteração.",1,tabela,"Casos prováveis e incidência (por 100.000 habitantes) de dengue, SE 01 a SE 11, Brasil, 2024 e 2025 Casos prováveis (n) Coeficiente de incidência Região/UF SE 01 aSE 11 SE 01 aSE 11 2024 2025 2024 2025 Norte 25.044 21.727 144,3 125,2 Rondônia 3.350 682 211,9 43,1 Acre 3.065 7.426 369,3 894,7 Amazonas 4.884 2.419 123,9 61,4 Roraima 120 124 18,9 19,5 Pará 8.178 8.650 100,8 106,6 Amapá 4.117 730 561,3 99,5 Tocantins 1.330 1.696 88,0 112,2 Nordeste 103.261 22.609 189,0 41,4 Maranhão 4.246 1.446 62,7 21,3 Piauí 4.547 1.587 139,1 48,5 Ceará 2.515 1.553 28,6 17,7 Rio Grande do Norte 5.395 1.539 163,4 46,6 Paraíba 4.389 2.238 110,4 56,3 Pernambuco 5.267 4.113 58,1 45,4 Alagoas 2.866 715 91,6 22,9 Sergipe 539 488 24,4 22,1 Bahia 73.497 8.930 519,9 63,2 Sudeste 1.568.110 456.958 1.848,2 538,6 Minas Gerais 875.286 69.389 4.261,6 337,8 Espírito Santo 62.967 10.484 1.642,6 273,5 Rio de Janeiro 176.827 12.889 1.101,4 80,3 São Paulo 453.030 364.196 1.019,9 819,9 Sul 253.476 57.050 846,8 190,6 Paraná 203.328 42.678 1.776,8 373,0 Santa Catarina 71.268 7.389 936,6 97,1 Rio Grande do Sul 46.898 6.983 431,0 64,2 Centro-Oeste 347.433 62.358 2.133,1 382,9 Mato Grosso do Sul 7.049 5.011 255,7 181,8 Mato Grosso 14.432 19.745 394,4 539,7 Goiás 131.206 32.441 1.859,7 459,8 Distrito Federal 194.746 5.161 6.913,1 183,2 Brasil 2.365.342 620.702 1.164,8 305,7 FONTE:SinanOn-lineeE-SUS VS(bancodedadosatualizadoem17/03/2025).Dadossujeitosaalteração."
Informe Semanal nº 05 - COE Dengue e outras Arboviroses - SE 1 a 11.pdf,5,1,11,2025,2025-03-17,15,0,1108,"INFORME SEMANAL No 05
SE 01 a 11/2025 (17/03/2025)
Número de casos de dengue grave e dengue com sinais de alarme, SE 01 a SE 11,
Brasil, 2024 e 2025
Dengue grave (n) Dengue com sinais de alarme (n)
SE 01 aSE 11 SE 01 aSE 11
Região/UF
2024 2025 2024 2025
Norte 32 18 283 116
Rondônia
2 1 14 5
Acre
2 1 4 17
Amazonas
9 0 52 6
Roraima
0 1 1 1
Pará
15 13 131 76
Amapá
2 2 56 9
Tocantins
2 0 25 2
Nordeste
119 17 1.501 219
Maranhão
6 2 71 8
Piauí
8 4 102 31
Ceará
1 0 34 7
Rio Grande do Norte
5 0 35 10
Paraíba
4 0 49 5
Pernambuco
3 1 22 6
Alagoas
3 2 37 8
Sergipe
3 1 18 7
Bahia
86 7 1133 137
Sudeste
1.536 420 14.177 5.547
Minas Gerais
776 64 6.941 665
Espírito Santo
53 5 973 221
Rio de Janeiro
131 9 2.190 185
São Paulo
576 342 4.073 4.476
Sul
298 43 5.208 626
Paraná
168 39 3.224 575
Santa Catarina
60 0 1.570 21
Rio Grande do Sul
70 4 414 30
Centro-Oeste
586 61 10.761 1.121
Mato Grosso do Sul
14 5 153 110
Mato Grosso
32 22 328 129
Goiás
201 34 2505 853
Distrito Federal
339 0 7775 29
Brasil
2.650 559 36.159 7.629
FONTE:SinanOn-lineeE-SUS VS(bancodedadosatualizadoem17/03/2025).Dadossujeitosaalteração.
15","Número de casos de dengue grave e dengue com sinais de alarme, SE 01 a SE 11, Brasil, 2024 e 2025 Dengue grave (n) Dengue com sinais de alarme (n) SE 01 aSE 11 SE 01 aSE 11 Região/UF 2024 2025 2024 2025 Norte 32 18 283 116 Rondônia 2 1 14 5 Acre 2 1 4 17 Amazonas 9 0 52 6 Roraima 0 1 1 1 Pará 15 13 131 76 Amapá 2 2 56 9 Tocantins 2 0 25 2 Nordeste 119 17 1.501 219 Maranhão 6 2 71 8 Piauí 8 4 102 31 Ceará 1 0 34 7 Rio Grande do Norte 5 0 35 10 Paraíba 4 0 49 5 Pernambuco 3 1 22 6 Alagoas 3 2 37 8 Sergipe 3 1 18 7 Bahia 86 7 1133 137 Sudeste 1.536 420 14.177 5.547 Minas Gerais 776 64 6.941 665 Espírito Santo 53 5 973 221 Rio de Janeiro 131 9 2.190 185 São Paulo 576 342 4.073 4.476 Sul 298 43 5.208 626 Paraná 168 39 3.224 575 Santa Catarina 60 0 1.570 21 Rio Grande do Sul 70 4 414 30 Centro-Oeste 586 61 10.761 1.121 Mato Grosso do Sul 14 5 153 110 Mato Grosso 32 22 328 129 Goiás 201 34 2505 853 Distrito Federal 339 0 7775 29 Brasil 2.650 559 36.159 7.629 FONTE:SinanOn-lineeE-SUS VS(bancodedadosatualizadoem17/03/2025).Dadossujeitosaalteração.",1,tabela,"Número de casos de dengue grave e dengue com sinais de alarme, SE 01 a SE 11, Brasil, 2024 e 2025 Dengue grave (n) Dengue com sinais de alarme (n) SE 01 aSE 11 SE 01 aSE 11 Região/UF 2024 2025 2024 2025 Norte 32 18 283 116 Rondônia 2 1 14 5 Acre 2 1 4 17 Amazonas 9 0 52 6 Roraima 0 1 1 1 Pará 15 13 131 76 Amapá 2 2 56 9 Tocantins 2 0 25 2 Nordeste 119 17 1.501 219 Maranhão 6 2 71 8 Piauí 8 4 102 31 Ceará 1 0 34 7 Rio Grande do Norte 5 0 35 10 Paraíba 4 0 49 5 Pernambuco 3 1 22 6 Alagoas 3 2 37 8 Sergipe 3 1 18 7 Bahia 86 7 1133 137 Sudeste 1.536 420 14.177 5.547 Minas Gerais 776 64 6.941 665 Espírito Santo 53 5 973 221 Rio de Janeiro 131 9 2.190 185 São Paulo 576 342 4.073 4.476 Sul 298 43 5.208 626 Paraná 168 39 3.224 575 Santa Catarina 60 0 1.570 21 Rio Grande do Sul 70 4 414 30 Centro-Oeste 586 61 10.761 1.121 Mato Grosso do Sul 14 5 153 110 Mato Grosso 32 22 328 129 Goiás 201 34 2505 853 Distrito Federal 339 0 7775 29 Brasil 2.650 559 36.159 7.629 FONTE:SinanOn-lineeE-SUS VS(bancodedadosatualizadoem17/03/2025).Dadossujeitosaalteração."
Informe Semanal nº 05 - COE Dengue e outras Arboviroses - SE 1 a 11.pdf,5,1,11,2025,2025-03-17,16,0,1323,"INFORME SEMANAL No 05
SE 01 a 11/2025 (17/03/2025)
Número de óbitos confirmados, letalidade e óbitos em investigação por dengue, SE 01
a SE 11, Brasil, 2024 e 2025
Óbitos confirmados (n) Taxa de Letalidade Óbitos em Investigação
Região/UF SE 01 aSE 11 SE 01 aSE 11 SE 01 aSE 11
2024 2025 2024 2025 2024 2025
Norte 14 15 4,4 11,2 0 8
Rondônia
3 0 18,8 0,0 0 1
Acre
0 3 0,0 0,0 0 1
Amazonas
4 0 6,6 0,0 0 1
Roraima
0 1 0,0 0,0 0 0
Pará
3 9 2,1 0,0 0 5
Amapá
3 2 5,2 0,0 0 0
Tocantins
1 0 3,7 0,0 0 0
Nordeste
69 8 4,3 3,4 5 27
Maranhão 4 0 5,2 0,0 1 6
Piauí
4 2 3,6 0,0 0 0
Ceará
0 0 0,0 0,0 0 1
Rio Grande do Norte 1 0 2,5 0,0 0 2
Paraíba
4 1 7,5 0,0 0 1
Pernambuco
3 0 12,0 0,0 0 6
Alagoas
1 0 2,5 0,0 0 1
Sergipe
3 1 14,3 0,0 0 0
Bahia
49 4 4,0 2,8 4 10
Sudeste
1.193 247 7,6 4,1 125 494
Minas Gerais
572 15 7,4 2,1 123 60
Espírito Santo
23 0 2,2 0,0 0 7
Rio de Janeiro
123 6 5,3 3,1 0 4
São Paulo
475 226 10,2 4,7 2 423
Sul
370 16 6,7 2,4 1 39
Paraná
234 13 6,9 2,1 0 33
Santa Catarina
69 3 4,2 0,0 0 2
Rio Grande do Sul
67 0 13,8 0,0 1 4
Centro-Oeste
492 18 4,3 1,5 7 64
Mato Grosso do Sul
10 4 6,0 0,0 6 5
Mato Grosso
11 8 3,1 5,3 1 7
Goiás
152 6 5,6 0,7 0 48
Distrito Federal
319 0 3,9 0,0 0 4
Brasil
2.138 304 5,5 3,7 138 632
FONTE:SinanOn-lineeE-SUS VS(bancodedadosatualizadoem17/03/2025).Dadossujeitosaalteração.
16","Número de óbitos confirmados, letalidade e óbitos em investigação por dengue, SE 01 a SE 11, Brasil, 2024 e 2025 Óbitos confirmados (n) Taxa de Letalidade Óbitos em Investigação Região/UF SE 01 aSE 11 SE 01 aSE 11 SE 01 aSE 11 2024 2025 2024 2025 2024 2025 Norte 14 15 4,4 11,2 0 8 Rondônia 3 0 18,8 0,0 0 1 Acre 0 3 0,0 0,0 0 1 Amazonas 4 0 6,6 0,0 0 1 Roraima 0 1 0,0 0,0 0 0 Pará 3 9 2,1 0,0 0 5 Amapá 3 2 5,2 0,0 0 0 Tocantins 1 0 3,7 0,0 0 0 Nordeste 69 8 4,3 3,4 5 27 Maranhão 4 0 5,2 0,0 1 6 Piauí 4 2 3,6 0,0 0 0 Ceará 0 0 0,0 0,0 0 1 Rio Grande do Norte 1 0 2,5 0,0 0 2 Paraíba 4 1 7,5 0,0 0 1 Pernambuco 3 0 12,0 0,0 0 6 Alagoas 1 0 2,5 0,0 0 1 Sergipe 3 1 14,3 0,0 0 0 Bahia 49 4 4,0 2,8 4 10 Sudeste 1.193 247 7,6 4,1 125 494 Minas Gerais 572 15 7,4 2,1 123 60 Espírito Santo 23 0 2,2 0,0 0 7 Rio de Janeiro 123 6 5,3 3,1 0 4 São Paulo 475 226 10,2 4,7 2 423 Sul 370 16 6,7 2,4 1 39 Paraná 234 13 6,9 2,1 0 33 Santa Catarina 69 3 4,2 0,0 0 2 Rio Grande do Sul 67 0 13,8 0,0 1 4 Centro-Oeste 492 18 4,3 1,5 7 64 Mato Grosso do Sul 10 4 6,0 0,0 6 5 Mato Grosso 11 8 3,1 5,3 1 7 Goiás 152 6 5,6 0,7 0 48 Distrito Federal 319 0 3,9 0,0 0 4 Brasil 2.138 304 5,5 3,7 138 632 FONTE:SinanOn-lineeE-SUS VS(bancodedadosatualizadoem17/03/2025).Dadossujeitosaalteração.",1,tabela,"Número de óbitos confirmados, letalidade e óbitos em investigação por dengue, SE 01 a SE 11, Brasil, 2024 e 2025 Óbitos confirmados (n) Taxa de Letalidade Óbitos em Investigação Região/UF SE 01 aSE 11 SE 01 aSE 11 SE 01 aSE 11 2024 2025 2024 2025 2024 2025 Norte 14 15 4,4 11,2 0 8 Rondônia 3 0 18,8 0,0 0 1 Acre 0 3 0,0 0,0 0 1 Amazonas 4 0 6,6 0,0 0 1 Roraima 0 1 0,0 0,0 0 0 Pará 3 9 2,1 0,0 0 5 Amapá 3 2 5,2 0,0 0 0 Tocantins 1 0 3,7 0,0 0 0 Nordeste 69 8 4,3 3,4 5 27 Maranhão 4 0 5,2 0,0 1 6 Piauí 4 2 3,6 0,0 0 0 Ceará 0 0 0,0 0,0 0 1 Rio Grande do Norte 1 0 2,5 0,0 0 2 Paraíba 4 1 7,5 0,0 0 1 Pernambuco 3 0 12,0 0,0 0 6 Alagoas 1 0 2,5 0,0 0 1 Sergipe 3 1 14,3 0,0 0 0 Bahia 49 4 4,0 2,8 4 10 Sudeste 1.193 247 7,6 4,1 125 494 Minas Gerais 572 15 7,4 2,1 123 60 Espírito Santo 23 0 2,2 0,0 0 7 Rio de Janeiro 123 6 5,3 3,1 0 4 São Paulo 475 226 10,2 4,7 2 423 Sul 370 16 6,7 2,4 1 39 Paraná 234 13 6,9 2,1 0 33 Santa Catarina 69 3 4,2 0,0 0 2 Rio Grande do Sul 67 0 13,8 0,0 1 4 Centro-Oeste 492 18 4,3 1,5 7 64 Mato Grosso do Sul 10 4 6,0 0,0 6 5 Mato Grosso 11 8 3,1 5,3 1 7 Goiás 152 6 5,6 0,7 0 48 Distrito Federal 319 0 3,9 0,0 0 4 Brasil 2.138 304 5,5 3,7 138 632 FONTE:SinanOn-lineeE-SUS VS(bancodedadosatualizadoem17/03/2025).Dadossujeitosaalteração."
Informe Semanal nº 05 - COE Dengue e outras Arboviroses - SE 1 a 11.pdf,5,1,11,2025,2025-03-17,17,0,1288,"INFORME SEMANAL No 05
SE 01 a 11/2025 (17/03/2025)
Casos prováveis e incidência (por 100.000 habitantes) de chikungunya, SE 01 a SE 11,
Brasil, 2024 e 2025
Casos Prováveis (n) Coeficiente de Incidência
Região/UF SE 01 aSE 11 SE 01 aSE 11
2024 2025 2024 2025
Norte
1.009 1.229 5,8 7,1
Rondônia
128 409 8,1 25,9
Acre
124 311 14,9 37,5
Amazonas
26 42 0,7 1,1
Roraima
7 19 1,1 3,0
Pará
399 229 4,9 2,8
Amapá
136 25 18,5 3,4
Tocantins
189 194 12,5 12,8
Nordeste
9.995 2.160 18,3 4,0
Maranhão
339 124 5,0 1,8
Piauí
302 66 9,2 2,0
Ceará
289 203 3,3 2,3
Rio Grande do Norte
955 353 28,9 10,7
Paraíba
617 269 15,5 6,8
Pernambuco
1.094 587 12,1 6,5
Alagoas
149 23 4,8 0,7
Sergipe
168 43 7,6 1,9
Bahia
6.082 492 43,0 3,5
Sudeste
114.661 13.188 135,1 15,5
Minas Gerais
105.702 5.601 514,6 27,3
Espírito Santo
4.109 770 107,2 20,1
Rio de Janeiro
1.697 819 10,6 5,1
São Paulo
3.153 5.998 7,1 13,5
Sul
316 1.860 1,1 6,2
Paraná
176 1.577 1,5 13,8
Santa Catarina
43 199 0,6 2,6
Rio Grande do Sul
97 84 0,9 0,8
Centro-Oeste
10.790 25.812 66,2 158,5
Mato Grosso do Sul
833 3.137 30,2 113,8
Mato Grosso
5.142 22.167 140,5 605,9
Goiás
4.679 421 66,3 6,0
Distrito Federal
136 87 4,8 3,1
Brasil
136.771 44.249 67,4 21,8
FONTE:SinanOn-lineeE-SUS VS(bancodedadosatualizadoem17/03/2025).Dadossujeitosaalteração.
17","Casos prováveis e incidência (por 100.000 habitantes) de chikungunya, SE 01 a SE 11, Brasil, 2024 e 2025 Casos Prováveis (n) Coeficiente de Incidência Região/UF SE 01 aSE 11 SE 01 aSE 11 2024 2025 2024 2025 Norte 1.009 1.229 5,8 7,1 Rondônia 128 409 8,1 25,9 Acre 124 311 14,9 37,5 Amazonas 26 42 0,7 1,1 Roraima 7 19 1,1 3,0 Pará 399 229 4,9 2,8 Amapá 136 25 18,5 3,4 Tocantins 189 194 12,5 12,8 Nordeste 9.995 2.160 18,3 4,0 Maranhão 339 124 5,0 1,8 Piauí 302 66 9,2 2,0 Ceará 289 203 3,3 2,3 Rio Grande do Norte 955 353 28,9 10,7 Paraíba 617 269 15,5 6,8 Pernambuco 1.094 587 12,1 6,5 Alagoas 149 23 4,8 0,7 Sergipe 168 43 7,6 1,9 Bahia 6.082 492 43,0 3,5 Sudeste 114.661 13.188 135,1 15,5 Minas Gerais 105.702 5.601 514,6 27,3 Espírito Santo 4.109 770 107,2 20,1 Rio de Janeiro 1.697 819 10,6 5,1 São Paulo 3.153 5.998 7,1 13,5 Sul 316 1.860 1,1 6,2 Paraná 176 1.577 1,5 13,8 Santa Catarina 43 199 0,6 2,6 Rio Grande do Sul 97 84 0,9 0,8 Centro-Oeste 10.790 25.812 66,2 158,5 Mato Grosso do Sul 833 3.137 30,2 113,8 Mato Grosso 5.142 22.167 140,5 605,9 Goiás 4.679 421 66,3 6,0 Distrito Federal 136 87 4,8 3,1 Brasil 136.771 44.249 67,4 21,8 FONTE:SinanOn-lineeE-SUS VS(bancodedadosatualizadoem17/03/2025).Dadossujeitosaalteração.",0,,
Informe Semanal nº 05 - COE Dengue e outras Arboviroses - SE 1 a 11.pdf,5,1,11,2025,2025-03-17,18,0,954,"INFORME SEMANAL No 05
SE 01 a 11/2025 (17/03/2025)
Número de óbitos confirmados e óbitos em investigação de chikungunya, SE 01 a SE
11, Brasil, 2024 e 2025
Óbitos confirmados Óbitos em Investigação
Região/UF SE 01 aSE 11 SE 01 aSE 11
2024 2025 2024 2025
Norte
1 0 0 0
Rondônia
0 0 0 0
Acre
0 0 0 0
Amazonas
0 0 0 0
Roraima
0 0 0 0
Pará
0 0 0 0
Amapá
1 0 0 0
Tocantins
0 0 0 0
Nordeste
14 1 1 9
Maranhão
1 0 1 3
Piauí
0 0 0 0
Ceará
0 0 0 0
Rio Grande do Norte
1 0 0 1
Paraíba
4 0 0 0
Pernambuco
1 0 0 4
Alagoas
0 0 0 0
Sergipe
1 0 0 0
Bahia
6 1 0 1
Sudeste
90 5 12 21
Minas Gerais
82 2 10 1
Espírito Santo
2 0 0 3
Rio de Janeiro
1 1 0 4
São Paulo
5 2 2 13
Sul
0 0 0 1
Paraná
0 0 0 0
Santa Catarina
0 0 0 1
Rio Grande do Sul
0 0 0 0
Centro-Oeste
12 22 3 17
Mato Grosso do Sul
1 1 1 1
Mato Grosso
4 21 0 13
Goiás
7 0 0 3
Distrito Federal
0 0 2 0
Brasil
117 28 16 48
FONTE:SinanOn-lineeE-SUS VS(bancodedadosatualizadoem17/03/2025).Dadossujeitosaalteração.
18","Número de óbitos confirmados e óbitos em investigação de chikungunya, SE 01 a SE 11, Brasil, 2024 e 2025 Óbitos confirmados Óbitos em Investigação Região/UF SE 01 aSE 11 SE 01 aSE 11 2024 2025 2024 2025 Norte 1 0 0 0 Rondônia 0 0 0 0 Acre 0 0 0 0 Amazonas 0 0 0 0 Roraima 0 0 0 0 Pará 0 0 0 0 Amapá 1 0 0 0 Tocantins 0 0 0 0 Nordeste 14 1 1 9 Maranhão 1 0 1 3 Piauí 0 0 0 0 Ceará 0 0 0 0 Rio Grande do Norte 1 0 0 1 Paraíba 4 0 0 0 Pernambuco 1 0 0 4 Alagoas 0 0 0 0 Sergipe 1 0 0 0 Bahia 6 1 0 1 Sudeste 90 5 12 21 Minas Gerais 82 2 10 1 Espírito Santo 2 0 0 3 Rio de Janeiro 1 1 0 4 São Paulo 5 2 2 13 Sul 0 0 0 1 Paraná 0 0 0 0 Santa Catarina 0 0 0 1 Rio Grande do Sul 0 0 0 0 Centro-Oeste 12 22 3 17 Mato Grosso do Sul 1 1 1 1 Mato Grosso 4 21 0 13 Goiás 7 0 0 3 Distrito Federal 0 0 2 0 Brasil 117 28 16 48 FONTE:SinanOn-lineeE-SUS VS(bancodedadosatualizadoem17/03/2025).Dadossujeitosaalteração.",0,,
Informe Semanal nº 05 - COE Dengue e outras Arboviroses - SE 1 a 11.pdf,5,1,11,2025,2025-03-17,19,0,1125,"INFORME SEMANAL No 05
SE 01 a 11/2025 (17/03/2025)
Casos prováveis e incidência (por 100.000 habitantes) de Zika, SE 01 a SE 08, Brasil,
2024 e 2025.
Casos Prováveis Coeficiente de Incidência
Região/UF SE 01 aSE 08 SE 01 aSE 08
2024 2025 2024 2025
Norte
150 200 0,9 1,2
Rondônia 26 3 1,6 0,2
Acre 34 93 4,1 11,2
Amazonas 33 9 0,8 0,2
Roraima 2 1 0,3 0,2
Pará 16 42 0,2 0,5
Amapá 23 0 3,1 0,0
Tocantins 16 52 1,1 3,4
Nordeste 622 303 1,1 0,6
Maranhão 62 65 0,9 1,0
Piauí 1 1 0,0 0,0
Ceará 14 9 0,2 0,1
Rio Grande do
Norte 187 95 5,7 2,9
Paraíba
20 6 0,5 0,2
Pernambuco
21 32 0,2 0,4
Alagoas
20 5 0,6 0,2
Sergipe
6 5 0,3 0,2
Bahia
291 85 2,1 0,6
Sudeste
168 155 0,2 0,2
Minas Gerais
59 19 0,3 0,1
Espírito Santo
41 1 1,1 0,0
Rio de Janeiro
1 8 0,0 0,0
São Paulo
67 127 0,2 0,3
Sul
10 13 0,0 0,0
Paraná 4 8 0,0 0,1
Santa Catarina
2 4 0,0 0,1
Rio Grande do
Sul 4 1 0,0 0,0
Centro-Oeste
130 333 0,8 2,0
Mato Grosso do
Sul 13 15 0,5 0,5
Mato Grosso
93 248 2,5 6,8
Goiás
18 70 0,3 1,0
Distrito Federal
6 3 0,2 0,0
Brasil
1.080 1.004 0,5 0,5
FONTE:SinanOn-lineeE-SUS VS(bancodedadosatualizadoem01/03/2025).Dadossujeitosaalteração.
19","Casos prováveis e incidência (por 100.000 habitantes) de Zika, SE 01 a SE 08, Brasil, 2024 e 2025. Casos Prováveis Coeficiente de Incidência Região/UF SE 01 aSE 08 SE 01 aSE 08 2024 2025 2024 2025 Norte 150 200 0,9 1,2 Rondônia 26 3 1,6 0,2 Acre 34 93 4,1 11,2 Amazonas 33 9 0,8 0,2 Roraima 2 1 0,3 0,2 Pará 16 42 0,2 0,5 Amapá 23 0 3,1 0,0 Tocantins 16 52 1,1 3,4 Nordeste 622 303 1,1 0,6 Maranhão 62 65 0,9 1,0 Piauí 1 1 0,0 0,0 Ceará 14 9 0,2 0,1 Rio Grande do Norte 187 95 5,7 2,9 Paraíba 20 6 0,5 0,2 Pernambuco 21 32 0,2 0,4 Alagoas 20 5 0,6 0,2 Sergipe 6 5 0,3 0,2 Bahia 291 85 2,1 0,6 Sudeste 168 155 0,2 0,2 Minas Gerais 59 19 0,3 0,1 Espírito Santo 41 1 1,1 0,0 Rio de Janeiro 1 8 0,0 0,0 São Paulo 67 127 0,2 0,3 Sul 10 13 0,0 0,0 Paraná 4 8 0,0 0,1 Santa Catarina 2 4 0,0 0,1 Rio Grande do Sul 4 1 0,0 0,0 Centro-Oeste 130 333 0,8 2,0 Mato Grosso do Sul 13 15 0,5 0,5 Mato Grosso 93 248 2,5 6,8 Goiás 18 70 0,3 1,0 Distrito Federal 6 3 0,2 0,0 Brasil 1.080 1.004 0,5 0,5 FONTE:SinanOn-lineeE-SUS VS(bancodedadosatualizadoem01/03/2025).Dadossujeitosaalteração.",0,,
Informe Semanal nº 05 - COE Dengue e outras Arboviroses - SE 1 a 11.pdf,5,1,11,2025,2025-03-17,20,0,836,"INFORME SEMANAL No 05
SE 01 a 11/2025 (17/03/2025)
CASOS CONFIRMADOS DE OROPOUCHE POR UF DE LOCAL PROVÁVEL DE INFECÇÃO,
BRASIL, 2024 E 2025.
Casos de Oropouche
Região/UF 2024 2025
SE 01 a SE 10 SE 01 a SE 10
Norte 4.111 30
Rondônia 1200 0
Acre 242 0
Amazonas 2596 0
Roraima 6 1
Pará 64 0
Amapá 3 29
Tocantins 0 0
Nordeste 28 616
Maranhão 2 0
Piauí 0 0
Ceará 0 65
Rio Grande do Norte 0 0
Paraíba 0 550
Pernambuco 0 0
Alagoas 0 0
Sergipe 0 0
Bahia 26 1
Sudeste 1 6.037
Minas Gerais 1 119
Espírito Santo 0 5.089
Rio de Janeiro 0 823
São Paulo 0 5
Sul 0 0
Paraná 0 0
Santa Catarina 0 0
Rio Grande do Sul 0 0
Centro-Oeste 0 0
Mato Grosso do Sul 0 0
*LPI em Minvaetsoti gGarçoãsos.o 0 0
Goiás 0 0
Distrito Federal 0 0
Brasil 4.140 6.682
FONTE:GerenciadordeAmbiente Laboratorial(GAL). Dadosatualizadosaté10/03/2024.Dadossujeitosaalterações.
20","CASOS CONFIRMADOS DE OROPOUCHE POR UF DE LOCAL PROVÁVEL DE INFECÇÃO, BRASIL, 2024 E 2025. Casos de Oropouche Região/UF 2024 2025 SE 01 a SE 10 SE 01 a SE 10 Norte 4.111 30 Rondônia 1200 0 Acre 242 0 Amazonas 2596 0 Roraima 6 1 Pará 64 0 Amapá 3 29 Tocantins 0 0 Nordeste 28 616 Maranhão 2 0 Piauí 0 0 Ceará 0 65 Rio Grande do Norte 0 0 Paraíba 0 550 Pernambuco 0 0 Alagoas 0 0 Sergipe 0 0 Bahia 26 1 Sudeste 1 6.037 Minas Gerais 1 119 Espírito Santo 0 5.089 Rio de Janeiro 0 823 São Paulo 0 5 Sul 0 0 Paraná 0 0 Santa Catarina 0 0 Rio Grande do Sul 0 0 Centro-Oeste 0 0 Mato Grosso do Sul 0 0 *LPI em Minvaetsoti gGarçoãsos.o 0 0 Goiás 0 0 Distrito Federal 0 0 Brasil 4.140 6.682 FONTE:GerenciadordeAmbiente Laboratorial(GAL). Dadosatualizadosaté10/03/2024.Dadossujeitosaalterações.",0,,
Informe Semanal nº 06 - COE Dengue e outras Arboviroses - SE 1 a 12.pdf,6,1,12,2025,2025-03-24,1,0,41,"SE 01 a 12/2025
No 06
24 de março de 2025",SE 01 a 12/2025 No 06 24 de março de 2025,0,,
Informe Semanal nº 06 - COE Dengue e outras Arboviroses - SE 1 a 12.pdf,6,1,12,2025,2025-03-24,2,0,2103,"INFORME SEMANAL No 06
SE 01 a 12/2025 (24/03/2025)
Introdução
Os dados de dengue, chikungunya, e Oropouche apresentados neste
Informe referem-se às semanas epidemiológicas (SE) 01 a 12 de 2025 (que
correspondem ao período entre 29/12/24 e 22/03/2025). Para Zika, os dados
apresentados são do período da SE 01 a SE 10 de 2025 (que se estende de
29/12/24 a 08/03/2025). Os dados são comparados aos dados do mesmo
período de 2024. Para febre amarela, os dados referem-se ao
monitoramento 2024/2025 (julho/2024 a junho/2025), atualizados até
24/03/2025. Os dados detalhados das arboviroses dos anos de 2023 a 2025
podem ser acessados em: https://www.gov.br/saude/pt-br/assuntos/saude-
de-a-a-z/a/aedes-aegypti/monitoramento-das-arboviroses.
Situação Epidemiológica
Dengue
Nas SE 01 a 12 de 2025, foram notificados 709.634 casos prováveis de
dengue, correspondendo a um coeficiente de incidência de 349,5 casos/100
mil habitantes. Quando comparado com o mesmo período de 2024,
observa-se uma redução de 74,7% no número de casos prováveis.
As Regiões Geográficas que apresentam os maiores coeficientes de
incidência são Sudeste, Centro-Oeste e Sul. Entre as Unidades Federativas
(UF), Acre, São Paulo e Mato Grosso apresentam as maiores incidências.
Os maiores números de casos graves concentram-se nas regiões
Sudeste, Centro-Oeste e Sul. Os óbitos concentram-se na região Sudeste.
Foram confirmados 377 óbitos no período, e 684 estão em investigação.
Foi identificada a circulação dos quatro sorotipos do vírus dengue
(DENV-1, DENV-2, DENV-3 e DENV-4), com aumento da proporção de DENV-
3 desde o último trimestre de 2024. DENV-4 (vírus selvagem) foi detectado em
amostras de MG. Outras detecções se deram em amostras de indivíduos
recém-vacinados (vírus vacinal).
O coeficiente de incidência de dengue no Brasil encontra-se dentro
do canal endêmico do diagrama de controle, considerando a série histórica.
No entanto, a estimativa nowcasting indica tendência de alta no número de
casos, acima do limite esperado.
Fonte: Sinan On-line (banco de dados atualizado em 24/03/2025). Dados sujeitos a alteração.
2","Introdução Os dados de dengue, chikungunya, e Oropouche apresentados neste Informe referem-se às semanas epidemiológicas (SE) 01 a 12 de 2025 (que correspondem ao período entre 29/12/24 e 22/03/2025). Para Zika, os dados apresentados são do período da SE 01 a SE 10 de 2025 (que se estende de 29/12/24 a 08/03/2025). Os dados são comparados aos dados do mesmo período de 2024. Para febre amarela, os dados referem-se ao monitoramento 2024/2025 (julho/2024 a junho/2025), atualizados até 24/03/2025. Os dados detalhados das arboviroses dos anos de 2023 a 2025 podem ser acessados em: https://www.gov.br/saude/pt-br/assuntos/saudede-a-a-z/a/aedes-aegypti/monitoramento-das-arboviroses. Situação Epidemiológica Dengue Nas SE 01 a 12 de 2025, foram notificados 709.634 casos prováveis de dengue, correspondendo a um coeficiente de incidência de 349,5 casos/100 mil habitantes. Quando comparado com o mesmo período de 2024, observa-se uma redução de 74,7% no número de casos prováveis. As Regiões Geográficas que apresentam os maiores coeficientes de incidência são Sudeste, Centro-Oeste e Sul. Entre as Unidades Federativas (UF), Acre, São Paulo e Mato Grosso apresentam as maiores incidências. Os maiores números de casos graves concentram-se nas regiões Sudeste, Centro-Oeste e Sul. Os óbitos concentram-se na região Sudeste. Foram confirmados 377 óbitos no período, e 684 estão em investigação. Foi identificada a circulação dos quatro sorotipos do vírus dengue (DENV-1, DENV-2, DENV-3 e DENV-4), com aumento da proporção de DENV3 desde o último trimestre de 2024. DENV-4 (vírus selvagem) foi detectado em amostras de MG. Outras detecções se deram em amostras de indivíduos recém-vacinados (vírus vacinal). O coeficiente de incidência de dengue no Brasil encontra-se dentro do canal endêmico do diagrama de controle, considerando a série histórica. No entanto, a estimativa nowcasting indica tendência de alta no número de casos, acima do limite esperado. Fonte: Sinan On-line (banco de dados atualizado em 24/03/2025). Dados sujeitos a alteração.",1,narrativa,"Dengue Nas SE 01 a 12 de 2025, foram notificados 709.634 casos prováveis de dengue, correspondendo a um coeficiente de incidência de 349,5 casos/100 mil habitantes. Quando comparado com o mesmo período de 2024, observa-se uma redução de 74,7% no número de casos prováveis. As Regiões Geográficas que apresentam os maiores coeficientes de incidência são Sudeste, Centro-Oeste e Sul. Entre as Unidades Federativas (UF), Acre, São Paulo e Mato Grosso apresentam as maiores incidências. Os maiores números de casos graves concentram-se nas regiões Sudeste, Centro-Oeste e Sul. Os óbitos concentram-se na região Sudeste. Foram confirmados 377 óbitos no período, e 684 estão em investigação. Foi identificada a circulação dos quatro sorotipos do vírus dengue (DENV-1, DENV-2, DENV-3 e DENV-4), com aumento da proporção de DENV3 desde o último trimestre de 2024. DENV-4 (vírus selvagem) foi detectado em amostras de MG. Outras detecções se deram em amostras de indivíduos recém-vacinados (vírus vacinal). O coeficiente de incidência de dengue no Brasil encontra-se dentro do canal endêmico do diagrama de controle, considerando a série histórica. No entanto, a estimativa nowcasting indica tendência de alta no número de casos, acima do limite esperado. Fonte: Sinan On-line (banco de dados atualizado em 24/03/2025). Dados sujeitos a alteração."
Informe Semanal nº 06 - COE Dengue e outras Arboviroses - SE 1 a 12.pdf,6,1,12,2025,2025-03-24,3,0,200,"INFORME SEMANAL No 06
SE 01 a 12/2025 (24/03/2025)
Diagrama de controle
Coeficiente de Incidência e óbitos
Fonte: Sinan On-line (banco de dados atualizado em 24/03/2025). Dados sujeitos a alteração.
3",Diagrama de controle Coeficiente de Incidência e óbitos Fonte: Sinan On-line (banco de dados atualizado em 24/03/2025). Dados sujeitos a alteração.,1,narrativa,Diagrama de controle Coeficiente de Incidência e óbitos Fonte: Sinan On-line (banco de dados atualizado em 24/03/2025). Dados sujeitos a alteração.
Informe Semanal nº 06 - COE Dengue e outras Arboviroses - SE 1 a 12.pdf,6,1,12,2025,2025-03-24,4,0,1260,"INFORME SEMANAL No 06
SE 01 a 12/2025 (24/03/2025)
Mapa de Sorotipos Dengue SE 01 a SE 11/2025
Chikungunya
Nas SE 01 a 12 de 2025, foram notificados 49.569 casos prováveis de
chikungunya, correspondendo a um coeficiente de incidência de 24,4
casos/100 mil habitantes. Quando comparado ao mesmo período de
2024, observa-se uma redução de 67,2% no número de casos prováveis.
As Regiões Geográficas que apresentam os maiores coeficientes de
incidência são a Centro-Oeste e a Sudeste. Entre as UFs, Mato Grosso e Mato
Grosso do Sul apresentam as maiores incidências.
Foram confirmados 44 óbitos no período, sendo 34 no estado do Mato
Grosso, três em São Paulo, dois em Minas Gerais e no Rio de Janeiro, e um nos
estados de Mato Grosso do Sul, Bahia e Santa Catarina. Encontram-se em
investigação 53 óbitos até o momento, sendo 19 deles na Região Sudeste e
outros 19 na região Centro-Oeste.
O coeficiente de incidência de chikungunya no Brasil encontra-se
abaixo do limite inferior do canal endêmico do diagrama de controle,
considerando a série histórica. No entanto, a estimativa nowcasting
indica tendência de estabilidade no número de casos, dentro do canal
endêmico.
Fonte: Sinan On-line (banco de dados atualizado em 24/03/2025). Dados sujeitos a alteração.
4","Mapa de Sorotipos Dengue SE 01 a SE 11/2025 Chikungunya Nas SE 01 a 12 de 2025, foram notificados 49.569 casos prováveis de chikungunya, correspondendo a um coeficiente de incidência de 24,4 casos/100 mil habitantes. Quando comparado ao mesmo período de 2024, observa-se uma redução de 67,2% no número de casos prováveis. As Regiões Geográficas que apresentam os maiores coeficientes de incidência são a Centro-Oeste e a Sudeste. Entre as UFs, Mato Grosso e Mato Grosso do Sul apresentam as maiores incidências. Foram confirmados 44 óbitos no período, sendo 34 no estado do Mato Grosso, três em São Paulo, dois em Minas Gerais e no Rio de Janeiro, e um nos estados de Mato Grosso do Sul, Bahia e Santa Catarina. Encontram-se em investigação 53 óbitos até o momento, sendo 19 deles na Região Sudeste e outros 19 na região Centro-Oeste. O coeficiente de incidência de chikungunya no Brasil encontra-se abaixo do limite inferior do canal endêmico do diagrama de controle, considerando a série histórica. No entanto, a estimativa nowcasting indica tendência de estabilidade no número de casos, dentro do canal endêmico. Fonte: Sinan On-line (banco de dados atualizado em 24/03/2025). Dados sujeitos a alteração.",1,narrativa,Mapa de Sorotipos Dengue SE 01 a SE 11/2025
Informe Semanal nº 06 - COE Dengue e outras Arboviroses - SE 1 a 12.pdf,6,1,12,2025,2025-03-24,5,0,200,"INFORME SEMANAL No 06
SE 01 a 12/2025 (24/03/2025)
Diagrama de controle
Coeficiente de Incidência e óbitos
Fonte: Sinan On-line (banco de dados atualizado em 24/03/2025). Dados sujeitos a alteração.
5",Diagrama de controle Coeficiente de Incidência e óbitos Fonte: Sinan On-line (banco de dados atualizado em 24/03/2025). Dados sujeitos a alteração.,0,,
Informe Semanal nº 06 - COE Dengue e outras Arboviroses - SE 1 a 12.pdf,6,1,12,2025,2025-03-24,6,0,1555,"INFORME SEMANAL No 06
SE 01 a 12/2025 (24/03/2025)
Zika
Entre as Semanas Epidemiológicas 01 e 10 de 2025, foram notificados
1.509 casos prováveis de Zika no Brasil, com coeficiente de incidência de 0,7
casos por 100 mil habitantes. Quando comparado ao mesmo período de
2024, observa-se uma redução de 14,6%. Em relação às gestantes, foram
notificados 178 casos, que permanecem em investigação. Não foram
confirmados óbitos por Zika no período.
As Regiões Norte e Centro-Oeste apresentam os maiores coeficientes
de incidência. Em relação às UFs, os maiores coeficientes de incidência
estão no Mato Grosso, Acre e Tocantins
O coeficiente de incidência de Zika no Brasil, assim como a
estimativa nowcasting1, encontram-se abaixo dos limites do canal
endêmico do diagrama de controle2, considerando a série histórica.
Diagrama de controle2 Incidência e gestantes
1O nowcasting (linha tracejada vermelha) corrige os atrasos inerentes aos sistemas de vigilância epidemiológica e
estima o número de casos em um determinado momento, considerando os dados disponíveis e as características do
processodenotificação,contribuindoparaaantecipaçãodaavaliaçãodatendênciadealtaoubaixadaincidência.
2 O diagrama decontroleé uma ferramenta gráficaque permite acompanhar a variação do coeficiente de incidência
(linha azul) de uma determinada doença ao longo do tempo em relação ao canal endêmico, que define a faixa de
variaçãoesperadaparaaincidênciadadoençacombaseemdadoshistóricos.
Fonte: Sinan-Net (banco de dados atualizado em 19/03/2025). Dados sujeitos a alteração.
6","Zika Entre as Semanas Epidemiológicas 01 e 10 de 2025, foram notificados 1.509 casos prováveis de Zika no Brasil, com coeficiente de incidência de 0,7 casos por 100 mil habitantes. Quando comparado ao mesmo período de 2024, observa-se uma redução de 14,6%. Em relação às gestantes, foram notificados 178 casos, que permanecem em investigação. Não foram confirmados óbitos por Zika no período. As Regiões Norte e Centro-Oeste apresentam os maiores coeficientes de incidência. Em relação às UFs, os maiores coeficientes de incidência estão no Mato Grosso, Acre e Tocantins O coeficiente de incidência de Zika no Brasil, assim como a estimativa nowcasting1, encontram-se abaixo dos limites do canal endêmico do diagrama de controle2, considerando a série histórica. Diagrama de controle2 Incidência e gestantes 1O nowcasting (linha tracejada vermelha) corrige os atrasos inerentes aos sistemas de vigilância epidemiológica e estima o número de casos em um determinado momento, considerando os dados disponíveis e as características do processodenotificação,contribuindoparaaantecipaçãodaavaliaçãodatendênciadealtaoubaixadaincidência. 2 O diagrama decontroleé uma ferramenta gráficaque permite acompanhar a variação do coeficiente de incidência (linha azul) de uma determinada doença ao longo do tempo em relação ao canal endêmico, que define a faixa de variaçãoesperadaparaaincidênciadadoençacombaseemdadoshistóricos. Fonte: Sinan-Net (banco de dados atualizado em 19/03/2025). Dados sujeitos a alteração.",0,,
Informe Semanal nº 06 - COE Dengue e outras Arboviroses - SE 1 a 12.pdf,6,1,12,2025,2025-03-24,7,0,988,"INFORME SEMANAL No 06
SE 01 a 12/2025 (24/03/2025)
Dengue
(Incidência)
349,5 377
-56,5%
CASOS/100 MIL HAB. ÓBITOS
Em relação
ao número
709.634 Casos prováveis Óbitos em
684 de casos
investigação
no mesmo
Casos graves e com
10.210
período de
sinais de alarme 3,7% Letalidade1
2024
Chikungunya
(Incidência)
24,4 44
-66,7%
CASOS/100 MIL HAB. ÓBITOS
Em relação
ao número
Óbitos em
49.569 Casos prováveis 53 de casos
investigação
no mesmo
período de
0,1% Letalidade2 2024
Zika
(Incidência)
0,7 0
-14,7%
CASOS/100 MIL HAB. ÓBITOS
Em relação
ao número
1.509 Casos prováveis 178 de casos
no mesmo
período de
CASOS PROVÁVEIS
2024
EM GESTANTES
1Para o cálculo da letalidade, foram considerados no denominador os casos de dengue grave e de dengue com sinais de
alarme.
2Paraocálculodaletalidade,foramconsideradosnodenominadoroscasosprováveisdechikungunya.
FONTE:: Sinan On-line (banco de dados atualizado em 24/03/2024); Sinan NET (banco de dados atualizado em
19/03/2025).Dadossujeitosaalteração.
7","Dengue (Incidência) 349,5 377 -56,5% CASOS/100 MIL HAB. ÓBITOS Em relação ao número 709.634 Casos prováveis Óbitos em 684 de casos investigação no mesmo Casos graves e com 10.210 período de sinais de alarme 3,7% Letalidade1 2024 Chikungunya (Incidência) 24,4 44 -66,7% CASOS/100 MIL HAB. ÓBITOS Em relação ao número Óbitos em 49.569 Casos prováveis 53 de casos investigação no mesmo período de 0,1% Letalidade2 2024 Zika (Incidência) 0,7 0 -14,7% CASOS/100 MIL HAB. ÓBITOS Em relação ao número 1.509 Casos prováveis 178 de casos no mesmo período de CASOS PROVÁVEIS 2024 EM GESTANTES 1Para o cálculo da letalidade, foram considerados no denominador os casos de dengue grave e de dengue com sinais de alarme. 2Paraocálculodaletalidade,foramconsideradosnodenominadoroscasosprováveisdechikungunya. FONTE:: Sinan On-line (banco de dados atualizado em 24/03/2024); Sinan NET (banco de dados atualizado em 19/03/2025).Dadossujeitosaalteração.",1,narrativa,"Dengue (Incidência) 349,5 377 -56,5% CASOS/100 MIL HAB. ÓBITOS Em relação ao número 709.634 Casos prováveis Óbitos em 684 de casos investigação no mesmo Casos graves e com 10.210 período de sinais de alarme 3,7% Letalidade1 2024"
Informe Semanal nº 06 - COE Dengue e outras Arboviroses - SE 1 a 12.pdf,6,1,12,2025,2025-03-24,8,0,1027,"INFORME SEMANAL No 06
SE 01 a 12/2025 (24/03/2025)
Oropouche
Entre as SE 01 e 12/2025, foram confirmados 6.937 casos de Oropouche no
Brasil, o que representa um aumento de 43,1% quando comparado com o
mesmo período do ano anterior, em que foram registrados 4.847 casos de
Oropouche. Até o momento, foi identificado 1 óbito suspeito de Oropouche em
2025, no Espírito Santo, com detecção do vírus em amostra de soro.
CASOS DE OROPOUCHE POR SE DE INÍCIO DE SINTOMAS, BRASIL, 2024 E 2025
Os casos identificados estão distribuídos de maneira equitativa entre os
sexos, com 52,2% das detecções em indivíduos do sexo masculino. As faixas
etárias entre 20 e 59 anos concentram 70,3% dos casos. Entre os menores de 1
ano, foram registrados 6 casos, sendo 4 no Espírito Santo*, 1 no Rio de Janeiro
e 1 na Paraíba.
CASOS DE OROPOUCHE POR SEXO E FAIXA ETÁRIA, BRASIL, 2025
*
1 casono Espírito Santo emmenorde1 anocom informaçõesde sexoignorado.
Fonte: Sinan On-line (banco de dados atualizado em 24/03/2025). Dados sujeitos a alterações.
8","Oropouche Entre as SE 01 e 12/2025, foram confirmados 6.937 casos de Oropouche no Brasil, o que representa um aumento de 43,1% quando comparado com o mesmo período do ano anterior, em que foram registrados 4.847 casos de Oropouche. Até o momento, foi identificado 1 óbito suspeito de Oropouche em 2025, no Espírito Santo, com detecção do vírus em amostra de soro. CASOS DE OROPOUCHE POR SE DE INÍCIO DE SINTOMAS, BRASIL, 2024 E 2025 Os casos identificados estão distribuídos de maneira equitativa entre os sexos, com 52,2% das detecções em indivíduos do sexo masculino. As faixas etárias entre 20 e 59 anos concentram 70,3% dos casos. Entre os menores de 1 ano, foram registrados 6 casos, sendo 4 no Espírito Santo*, 1 no Rio de Janeiro e 1 na Paraíba. CASOS DE OROPOUCHE POR SEXO E FAIXA ETÁRIA, BRASIL, 2025 * 1 casono Espírito Santo emmenorde1 anocom informaçõesde sexoignorado. Fonte: Sinan On-line (banco de dados atualizado em 24/03/2025). Dados sujeitos a alterações.",0,,
Informe Semanal nº 06 - COE Dengue e outras Arboviroses - SE 1 a 12.pdf,6,1,12,2025,2025-03-24,9,0,1545,"INFORME SEMANAL No 06
SE 01 a 12/2025 (24/03/2025)
Oropouche
Em 2025, a UF com maior número de casos é o Espírito Santo (n=
5.197), cujo aumento vem ocorrendo desde o segundo semestre de 2024.
Destacam-se ainda o aumento dos casos no Rio de Janeiro (n=917) e
Paraíba (n=565). Transmissão ativa em 2025 também foi registrada em
Roraima, Amapá, Ceará, Bahia e Minas Gerais.
Os casos identificados no Pará, Mato Grosso, Goiás, Distrito Federal,
Piauí, Pernambuco, São Paulo e Paraná apresentaram Local Provável de
Infecção (LPI) nos estados com transmissão autóctone (Espírito Santo, Rio de
Janeiro e Paraíba). O LPI dos casos identificados em Rondônia e Mato
Grosso do Sul estão em investigação.
CASOS DE OROPOUCHE POR MUNICÍPIO DE RESIDÊNCIA, BRASIL, 2024 E 2025.
FONTE: Gerenciador de Ambiente Laboratorial (GAL). Dados atualizados até 24/03/2024. Dados sujeitos a alterações.
Febre Amarela
No período de monitoramento 2024/2025 (julho/2024 a junho/2025),
os registros de transmissão do vírus em PNH ocorreram nos estados de São
Paulo [51] (Amparo [2], Atibaia [1], Bragança Paulista [1], Campinas [3],
Colina [1], Cravinhos [1], Guarulhos [1], Joanópolis [3], Louveira [1],
Mairiporã [1], Osasco [1], Pedra Bela [1], Pinhalzinho [1], Pitangueiras [2],
Ribeirão Preto [22], Serra Azul [1], Serra Negra [2], Socorro [1] e Valinhos
[5]), Minas Gerais [9] (Camanducaia [1], Córrego do Bom Jesus [1], Estiva
[1], Ipuiúna [2], Poço Fundo [1], Poços de Caldas [1], Sapucaí-Mirim [1] e
Toledo [1]), Tocantins [2] (Palmas) e Roraima [1] (Alto Alegre).
9","Oropouche Em 2025, a UF com maior número de casos é o Espírito Santo (n= 5.197), cujo aumento vem ocorrendo desde o segundo semestre de 2024. Destacam-se ainda o aumento dos casos no Rio de Janeiro (n=917) e Paraíba (n=565). Transmissão ativa em 2025 também foi registrada em Roraima, Amapá, Ceará, Bahia e Minas Gerais. Os casos identificados no Pará, Mato Grosso, Goiás, Distrito Federal, Piauí, Pernambuco, São Paulo e Paraná apresentaram Local Provável de Infecção (LPI) nos estados com transmissão autóctone (Espírito Santo, Rio de Janeiro e Paraíba). O LPI dos casos identificados em Rondônia e Mato Grosso do Sul estão em investigação. CASOS DE OROPOUCHE POR MUNICÍPIO DE RESIDÊNCIA, BRASIL, 2024 E 2025. FONTE: Gerenciador de Ambiente Laboratorial (GAL). Dados atualizados até 24/03/2024. Dados sujeitos a alterações. Febre Amarela No período de monitoramento 2024/2025 (julho/2024 a junho/2025), os registros de transmissão do vírus em PNH ocorreram nos estados de São Paulo [51] (Amparo [2], Atibaia [1], Bragança Paulista [1], Campinas [3], Colina [1], Cravinhos [1], Guarulhos [1], Joanópolis [3], Louveira [1], Mairiporã [1], Osasco [1], Pedra Bela [1], Pinhalzinho [1], Pitangueiras [2], Ribeirão Preto [22], Serra Azul [1], Serra Negra [2], Socorro [1] e Valinhos [5]), Minas Gerais [9] (Camanducaia [1], Córrego do Bom Jesus [1], Estiva [1], Ipuiúna [2], Poço Fundo [1], Poços de Caldas [1], Sapucaí-Mirim [1] e Toledo [1]), Tocantins [2] (Palmas) e Roraima [1] (Alto Alegre).",0,,
Informe Semanal nº 06 - COE Dengue e outras Arboviroses - SE 1 a 12.pdf,6,1,12,2025,2025-03-24,10,0,1084,"INFORME SEMANAL No 06
SE 01 a 12/2025 (24/03/2025)
Febre Amarela
No mesmo período, foram confirmados 89 casos humanos, dos quais
36 evoluíram para o óbito (letalidade de 40,4%). Os casos tiveram os locais
prováveis de infecção nos estados de São Paulo [40] (Águas de Lindoia [1],
Águas de São Pedro [1], Amparo [1], Bragança Paulista [2], Brotas [2],
Caçapava [5], Campinas [3], Joanópolis [9], Nazaré Paulista [1], Pedra Bela
[2], Pedreira [2] , Piracaia [3], Socorro [4], Tuiuti [1], Valinhos [1], Vargem [1],
LPI em investigação [1]), Pará [41] (Breves [40], Cametá [1]), Minas Gerais
[7] (Camanducaia [1], Cambuí [1], Extrema [1], Monte Sião [1], Pouso
Alegre [1], Silvianópolis [1], LPI em investigação [1]) e Tocantins [1] (Monte
do Carmo).
Entre os casos, 73 (86,9%) eram do sexo masculino, com idades entre
2 e 75 anos. Um dos indivíduos tinha histórico de vacinação em 2017 e
evoluiu para o óbito.
Municípios com detecção do vírus da Febre Amarela em PNH e Humanos, monitoramento
2024/2025.
FONTE:SINAN,SISS-Geo,GAL. Dadosatualizadosaté24/03/2025.Dadossujeitosaalterações.
10","Febre Amarela No mesmo período, foram confirmados 89 casos humanos, dos quais 36 evoluíram para o óbito (letalidade de 40,4%). Os casos tiveram os locais prováveis de infecção nos estados de São Paulo [40] (Águas de Lindoia [1], Águas de São Pedro [1], Amparo [1], Bragança Paulista [2], Brotas [2], Caçapava [5], Campinas [3], Joanópolis [9], Nazaré Paulista [1], Pedra Bela [2], Pedreira [2] , Piracaia [3], Socorro [4], Tuiuti [1], Valinhos [1], Vargem [1], LPI em investigação [1]), Pará [41] (Breves [40], Cametá [1]), Minas Gerais [7] (Camanducaia [1], Cambuí [1], Extrema [1], Monte Sião [1], Pouso Alegre [1], Silvianópolis [1], LPI em investigação [1]) e Tocantins [1] (Monte do Carmo). Entre os casos, 73 (86,9%) eram do sexo masculino, com idades entre 2 e 75 anos. Um dos indivíduos tinha histórico de vacinação em 2017 e evoluiu para o óbito. Municípios com detecção do vírus da Febre Amarela em PNH e Humanos, monitoramento 2024/2025. FONTE:SINAN,SISS-Geo,GAL. Dadosatualizadosaté24/03/2025.Dadossujeitosaalterações.",0,,
Informe Semanal nº 06 - COE Dengue e outras Arboviroses - SE 1 a 12.pdf,6,1,12,2025,2025-03-24,11,0,1046,"INFORME SEMANAL No 06
SE 01 a 11/2025 (17/03/2025)
Febre Amarela
Tabela 1. Estados com detecção dovírus da Febre Amarela em PNH e humanos durante o
.
períododemonitoramento 2024/2025
PRIMATAS NÃO-HUMANOS CASOS HUMANOS
REGIÃO UF (LPI)
NOTIFICADOS CONFIRMADOS NOTIFICADOS CONFIRMADOS ÓBITOS LETALIDADE (%)
Norte Acre 2 1
Amapá 4
Amazonas 3
Pará 6 73 41 7 17,9
Rondônia 1 3
Roraima 5 1 4
Tocantins 11 2 7 1 1 100,0
Nordeste Alagoas 7 0
Bahia 17 3
Ceará 3
Maranhão 4
Paraíba 0
Pernambuco 12 1
Piauí 0
Rio Grande do
29 2
Norte
Sergipe 0
Distrito Federal 62 7
Centro- Goiás 35 8
Oeste Mato Grosso 10 8
Mato Grosso do Sul 6
Sudeste Minas Gerais 380 9 31 6 4 60,0
FONTE:SINAN,SISS-Geo,GAL. Dadosatualizadosaté05/03/2025.Dadossujeitosaalterações.
Espírito Santo 26
Rio de Janeiro 46 12
São Paulo 632 51 214 39 23 61,5
Sul Paraná 52 16
Santa Catarina 62 8
Rio Grande do Sul 29 9
LPI em investigação
(notificados por SP [1] eMG - 2 1 50,0
[1])
TOTAL 1398 63 453 89 36 40,4
FONTE:SINAN,SISS-Geo,GAL. Dadosatualizadosaté24/03/2025.Dadossujeitosaalterações.
11","Febre Amarela Tabela 1. Estados com detecção dovírus da Febre Amarela em PNH e humanos durante o . períododemonitoramento 2024/2025 PRIMATAS NÃO-HUMANOS CASOS HUMANOS REGIÃO UF (LPI) NOTIFICADOS CONFIRMADOS NOTIFICADOS CONFIRMADOS ÓBITOS LETALIDADE (%) Norte Acre 2 1 Amapá 4 Amazonas 3 Pará 6 73 41 7 17,9 Rondônia 1 3 Roraima 5 1 4 Tocantins 11 2 7 1 1 100,0 Nordeste Alagoas 7 0 Bahia 17 3 Ceará 3 Maranhão 4 Paraíba 0 Pernambuco 12 1 Piauí 0 Rio Grande do 29 2 Norte Sergipe 0 Distrito Federal 62 7 Centro- Goiás 35 8 Oeste Mato Grosso 10 8 Mato Grosso do Sul 6 Sudeste Minas Gerais 380 9 31 6 4 60,0 FONTE:SINAN,SISS-Geo,GAL. Dadosatualizadosaté05/03/2025.Dadossujeitosaalterações. Espírito Santo 26 Rio de Janeiro 46 12 São Paulo 632 51 214 39 23 61,5 Sul Paraná 52 16 Santa Catarina 62 8 Rio Grande do Sul 29 9 LPI em investigação (notificados por SP [1] eMG - 2 1 50,0 [1]) TOTAL 1398 63 453 89 36 40,4 FONTE:SINAN,SISS-Geo,GAL. Dadosatualizadosaté24/03/2025.Dadossujeitosaalterações.",0,,
Informe Semanal nº 06 - COE Dengue e outras Arboviroses - SE 1 a 12.pdf,6,1,12,2025,2025-03-24,12,0,2155,"INFORME SEMANAL No 06
SE 01 a 12/2025 (24/03/2025)
Ações realizadas
• Reunião da Sala de Situação do DSEI Interior Sul sobre as ações de vigilância e controle
das arboviroses no territórios indígenas do estado do Rio Grande do Sul
• Visita técnica ao estado do Mato Grosso para apoiar as ações de vigilância, assistência e
controle da chikugunya
• Visita técnica ao estado do Amapá para apoiar as ações de vigilância, imunização e
assistência de Febre Amarela
• Visita técnica ao estado do Pará para apoiar as ações de vigilância, imunização e
assistência de Febre Amarela
• Reunião com o Ministerio de Salud de Perú (MINSA) - Experiencias sobre el manejo de la
Fiebre de Oropouche
• Visita técnica para implementação de Ovitrampas em 10 municípios do Estado do Mato
Grosso
• Simulado de Preparação, Vigilância e Resposta em Arboviroses no Estado do Rio Grande
do Sul
• Capacitação sobre manejo integrado de vetores para agentes indígenas (AIS e AISAN) do
território Guarita no estado do Rio Grande do Sul
• Reunião do Comitê Técnico Assessor de Arboviroses (CTA-Arboviroses), com participação
do Ministro da Saúde, membros do CTA e especialistas ad hoc
• Visita técnica para capacitação em novas tecnologias de vigilância entomológica e
controle vetorial, incluindo a estratificação de risco intramunicipal e as Estações
Disseminadoras de Larvicida (EDL), realizada em Recife/PE, com participação de
profissionais dos estados de Pernambuco, Bahia, Ceará e Maranhão.
• Visita técnica para implementação das Estações Disseminadoras de Larvicida (EDL) no
município do Rio de Janeiro/RJ.
• Participação no Oficina de Acolhimento e Integração de Gestores Municipais/2025 no
estado do Rio Grande do Sul
• Reunião com os estados de São Paulo, Rio de Janeiro, Minas Gerais, Paraná para
discussão das ações de vigilância, imunização e assistência de Febre Amarela
• Pactuação das Novas Diretrizes de Prevenção e Controle das Arboviroses Urbanas na
Comissão Intergestores Tripartite – CIT
• Apresentação do cenário nacional de febre amarela no Webinar ""Actualización en Fiebre
Amarilla: Vigilancia y Situación actual en las Américas"", organizado pela OPAS (WDC)
12","Ações realizadas • Reunião da Sala de Situação do DSEI Interior Sul sobre as ações de vigilância e controle das arboviroses no territórios indígenas do estado do Rio Grande do Sul • Visita técnica ao estado do Mato Grosso para apoiar as ações de vigilância, assistência e controle da chikugunya • Visita técnica ao estado do Amapá para apoiar as ações de vigilância, imunização e assistência de Febre Amarela • Visita técnica ao estado do Pará para apoiar as ações de vigilância, imunização e assistência de Febre Amarela • Reunião com o Ministerio de Salud de Perú (MINSA) - Experiencias sobre el manejo de la Fiebre de Oropouche • Visita técnica para implementação de Ovitrampas em 10 municípios do Estado do Mato Grosso • Simulado de Preparação, Vigilância e Resposta em Arboviroses no Estado do Rio Grande do Sul • Capacitação sobre manejo integrado de vetores para agentes indígenas (AIS e AISAN) do território Guarita no estado do Rio Grande do Sul • Reunião do Comitê Técnico Assessor de Arboviroses (CTA-Arboviroses), com participação do Ministro da Saúde, membros do CTA e especialistas ad hoc • Visita técnica para capacitação em novas tecnologias de vigilância entomológica e controle vetorial, incluindo a estratificação de risco intramunicipal e as Estações Disseminadoras de Larvicida (EDL), realizada em Recife/PE, com participação de profissionais dos estados de Pernambuco, Bahia, Ceará e Maranhão. • Visita técnica para implementação das Estações Disseminadoras de Larvicida (EDL) no município do Rio de Janeiro/RJ. • Participação no Oficina de Acolhimento e Integração de Gestores Municipais/2025 no estado do Rio Grande do Sul • Reunião com os estados de São Paulo, Rio de Janeiro, Minas Gerais, Paraná para discussão das ações de vigilância, imunização e assistência de Febre Amarela • Pactuação das Novas Diretrizes de Prevenção e Controle das Arboviroses Urbanas na Comissão Intergestores Tripartite – CIT • Apresentação do cenário nacional de febre amarela no Webinar ""Actualización en Fiebre Amarilla: Vigilancia y Situación actual en las Américas"", organizado pela OPAS (WDC)",0,,
Informe Semanal nº 06 - COE Dengue e outras Arboviroses - SE 1 a 12.pdf,6,1,12,2025,2025-03-24,13,0,422,"INFORME SEMANAL No 06
SE 01 a 12/2025 (24/03/2025)
Insumos distribuídos
Laboratoriais1
426.624
Sorologia Reações
139.395
Biologia Molecular ZDC Reações
150.000
Biologia Molecular OROV/MAYV Reações
3.996
Biologia Molecular Febre Amarela Reações
Inseticidas2
72.368
Larvicida Kg
4.967
Adulticida para PE Kg
167.800
Adulticida para UBV L
1Dadosatualizadosem 25/03/2025.Fonte:CGLAB.
2Dadosatualizadosem28/03/2025.Fonte:SIES
13",Insumos distribuídos Laboratoriais1 426.624 Sorologia Reações 139.395 Biologia Molecular ZDC Reações 150.000 Biologia Molecular OROV/MAYV Reações 3.996 Biologia Molecular Febre Amarela Reações Inseticidas2 72.368 Larvicida Kg 4.967 Adulticida para PE Kg 167.800 Adulticida para UBV L 1Dadosatualizadosem 25/03/2025.Fonte:CGLAB. 2Dadosatualizadosem28/03/2025.Fonte:SIES,0,,
Informe Semanal nº 06 - COE Dengue e outras Arboviroses - SE 1 a 12.pdf,6,1,12,2025,2025-03-24,14,0,1504,"INFORME SEMANAL No 06
SE 01 a 12/2025 (24/03/2025)
Casos prováveis e incidência (por 100.000 habitantes) de dengue, SE 01 a SE 12, Brasil,
2024 e 2025
Casos prováveis (n) Coeficiente de incidência
Região/UF SE 01 aSE 12 SE 01 aSE 12
2024 2025 2024 2025
Norte 27.447 23.783 158,2 137,1
Rondônia 3.705 795 234,3 50,3
Acre 3.139 7.911 378,2 953,1
Amazonas 5.119 2.694 129,9 68,4
Roraima 129 135 20,3 21,2
Pará 9.302 9.777 114,6 120,5
Amapá 4.457 717 607,6 97,7
Tocantins 1.596 1.754 105,6 116,0
Nordeste 128.201 25.835 234,6 47,3
Maranhão 5.344 1.904 78,9 28,1
Piauí 5.335 1.794 163,2 54,9
Ceará 2.973 1.842 33,8 21,0
Rio Grande do Norte 6.536 1.814 197,9 54,9
Paraíba 5.398 2.363 135,8 59,5
Pernambuco 6.468 4.674 71,4 51,6
Alagoas 3.420 773 109,4 24,7
Sergipe 605 506 27,4 22,9
Bahia 92.122 10.165 651,7 71,9
Sudeste 1.858.850 523.055 2.190,8 616,5
Minas Gerais 1.007.220 77.954 4.904,0 379,5
Espírito Santo 73.688 11.662 1.922,2 304,2
Rio de Janeiro 195.188 14.874 1.215,8 92,6
São Paulo 582.754 418.565 1.311,9 942,3
Sul 404.203 69.273 1.350,3 231,4
Paraná 247.005 50.730 2.158,5 443,3
Santa Catarina 95.929 9.113 1.260,6 119,8
Rio Grande do Sul 61.269 9.430 563,1 86,7
Centro-Oeste 383.355 67.688 2.353,6 415,6
Mato Grosso do Sul 8.232 5.709 298,6 207,1
Mato Grosso 16.064 20.501 439,0 560,3
Goiás 149.013 35.826 2.112,1 507,8
Distrito Federal 210.046 5.652 7.456,2 200,6
Brasil 2.802.056 709.634 1.379,9 349,5
FONTE:SinanOn-lineeE-SUS VS(bancodedadosatualizadoem24/03/2025).Dadossujeitosaalteração.
14","Casos prováveis e incidência (por 100.000 habitantes) de dengue, SE 01 a SE 12, Brasil, 2024 e 2025 Casos prováveis (n) Coeficiente de incidência Região/UF SE 01 aSE 12 SE 01 aSE 12 2024 2025 2024 2025 Norte 27.447 23.783 158,2 137,1 Rondônia 3.705 795 234,3 50,3 Acre 3.139 7.911 378,2 953,1 Amazonas 5.119 2.694 129,9 68,4 Roraima 129 135 20,3 21,2 Pará 9.302 9.777 114,6 120,5 Amapá 4.457 717 607,6 97,7 Tocantins 1.596 1.754 105,6 116,0 Nordeste 128.201 25.835 234,6 47,3 Maranhão 5.344 1.904 78,9 28,1 Piauí 5.335 1.794 163,2 54,9 Ceará 2.973 1.842 33,8 21,0 Rio Grande do Norte 6.536 1.814 197,9 54,9 Paraíba 5.398 2.363 135,8 59,5 Pernambuco 6.468 4.674 71,4 51,6 Alagoas 3.420 773 109,4 24,7 Sergipe 605 506 27,4 22,9 Bahia 92.122 10.165 651,7 71,9 Sudeste 1.858.850 523.055 2.190,8 616,5 Minas Gerais 1.007.220 77.954 4.904,0 379,5 Espírito Santo 73.688 11.662 1.922,2 304,2 Rio de Janeiro 195.188 14.874 1.215,8 92,6 São Paulo 582.754 418.565 1.311,9 942,3 Sul 404.203 69.273 1.350,3 231,4 Paraná 247.005 50.730 2.158,5 443,3 Santa Catarina 95.929 9.113 1.260,6 119,8 Rio Grande do Sul 61.269 9.430 563,1 86,7 Centro-Oeste 383.355 67.688 2.353,6 415,6 Mato Grosso do Sul 8.232 5.709 298,6 207,1 Mato Grosso 16.064 20.501 439,0 560,3 Goiás 149.013 35.826 2.112,1 507,8 Distrito Federal 210.046 5.652 7.456,2 200,6 Brasil 2.802.056 709.634 1.379,9 349,5 FONTE:SinanOn-lineeE-SUS VS(bancodedadosatualizadoem24/03/2025).Dadossujeitosaalteração.",1,tabela,"Casos prováveis e incidência (por 100.000 habitantes) de dengue, SE 01 a SE 12, Brasil, 2024 e 2025 Casos prováveis (n) Coeficiente de incidência Região/UF SE 01 aSE 12 SE 01 aSE 12 2024 2025 2024 2025 Norte 27.447 23.783 158,2 137,1 Rondônia 3.705 795 234,3 50,3 Acre 3.139 7.911 378,2 953,1 Amazonas 5.119 2.694 129,9 68,4 Roraima 129 135 20,3 21,2 Pará 9.302 9.777 114,6 120,5 Amapá 4.457 717 607,6 97,7 Tocantins 1.596 1.754 105,6 116,0 Nordeste 128.201 25.835 234,6 47,3 Maranhão 5.344 1.904 78,9 28,1 Piauí 5.335 1.794 163,2 54,9 Ceará 2.973 1.842 33,8 21,0 Rio Grande do Norte 6.536 1.814 197,9 54,9 Paraíba 5.398 2.363 135,8 59,5 Pernambuco 6.468 4.674 71,4 51,6 Alagoas 3.420 773 109,4 24,7 Sergipe 605 506 27,4 22,9 Bahia 92.122 10.165 651,7 71,9 Sudeste 1.858.850 523.055 2.190,8 616,5 Minas Gerais 1.007.220 77.954 4.904,0 379,5 Espírito Santo 73.688 11.662 1.922,2 304,2 Rio de Janeiro 195.188 14.874 1.215,8 92,6 São Paulo 582.754 418.565 1.311,9 942,3 Sul 404.203 69.273 1.350,3 231,4 Paraná 247.005 50.730 2.158,5 443,3 Santa Catarina 95.929 9.113 1.260,6 119,8 Rio Grande do Sul 61.269 9.430 563,1 86,7 Centro-Oeste 383.355 67.688 2.353,6 415,6 Mato Grosso do Sul 8.232 5.709 298,6 207,1 Mato Grosso 16.064 20.501 439,0 560,3 Goiás 149.013 35.826 2.112,1 507,8 Distrito Federal 210.046 5.652 7.456,2 200,6 Brasil 2.802.056 709.634 1.379,9 349,5 FONTE:SinanOn-lineeE-SUS VS(bancodedadosatualizadoem24/03/2025).Dadossujeitosaalteração."
Informe Semanal nº 06 - COE Dengue e outras Arboviroses - SE 1 a 12.pdf,6,1,12,2025,2025-03-24,15,0,1118,"INFORME SEMANAL No 06
SE 01 a 12/2025 (24/03/2025)
Número de casos de dengue grave e dengue com sinais de alarme, SE 01 a SE 12,
Brasil, 2024 e 2025
Dengue grave (n) Dengue com sinais de alarme (n)
SE 01 aSE 12 SE 01 aSE 12
Região/UF
2024 2025 2024 2025
Norte 33 19 339 140
Rondônia 2 1 15 7
Acre 2 1 5 18
Amazonas 9 0 53 6
Roraima 0 1 1 1
Pará 16 14 163 96
Amapá 2 2 72 9
Tocantins 2 0 30 3
Nordeste 176 22 2.449 239
Maranhão 6 2 95 11
Piauí 11 6 149 37
Ceará 3 0 40 10
Rio Grande do Norte 7 0 51 10
Paraíba 4 0 88 5
Pernambuco 3 1 38 9
Alagoas 3 2 52 8
Sergipe 3 1 20 8
Bahia 136 10 1916 141
Sudeste 1.895 515 19.556 7.055
Minas Gerais 962 76 9.260 759
Espírito Santo 64 5 1.298 231
Rio de Janeiro 139 11 2.800 194
São Paulo 730 423 6.198 5.871
Sul 490 56 7.723 859
Paraná 257 47 4.734 772
Santa Catarina 110 4 2.271 42
Rio Grande do Sul 123 5 718 73
Centro-Oeste 663 65 11.654 1.240
Mato Grosso do Sul 14 6 176 113
Mato Grosso 33 22 377 144
Goiás 245 37 2856 958
Distrito Federal 371 0 8245 25
Brasil 3.257 677 41.721 9.533
FONTE:SinanOn-lineeE-SUS VS(bancodedadosatualizadoem24/03/2025).Dadossujeitosaalteração.
15","Número de casos de dengue grave e dengue com sinais de alarme, SE 01 a SE 12, Brasil, 2024 e 2025 Dengue grave (n) Dengue com sinais de alarme (n) SE 01 aSE 12 SE 01 aSE 12 Região/UF 2024 2025 2024 2025 Norte 33 19 339 140 Rondônia 2 1 15 7 Acre 2 1 5 18 Amazonas 9 0 53 6 Roraima 0 1 1 1 Pará 16 14 163 96 Amapá 2 2 72 9 Tocantins 2 0 30 3 Nordeste 176 22 2.449 239 Maranhão 6 2 95 11 Piauí 11 6 149 37 Ceará 3 0 40 10 Rio Grande do Norte 7 0 51 10 Paraíba 4 0 88 5 Pernambuco 3 1 38 9 Alagoas 3 2 52 8 Sergipe 3 1 20 8 Bahia 136 10 1916 141 Sudeste 1.895 515 19.556 7.055 Minas Gerais 962 76 9.260 759 Espírito Santo 64 5 1.298 231 Rio de Janeiro 139 11 2.800 194 São Paulo 730 423 6.198 5.871 Sul 490 56 7.723 859 Paraná 257 47 4.734 772 Santa Catarina 110 4 2.271 42 Rio Grande do Sul 123 5 718 73 Centro-Oeste 663 65 11.654 1.240 Mato Grosso do Sul 14 6 176 113 Mato Grosso 33 22 377 144 Goiás 245 37 2856 958 Distrito Federal 371 0 8245 25 Brasil 3.257 677 41.721 9.533 FONTE:SinanOn-lineeE-SUS VS(bancodedadosatualizadoem24/03/2025).Dadossujeitosaalteração.",1,tabela,"Número de casos de dengue grave e dengue com sinais de alarme, SE 01 a SE 12, Brasil, 2024 e 2025 Dengue grave (n) Dengue com sinais de alarme (n) SE 01 aSE 12 SE 01 aSE 12 Região/UF 2024 2025 2024 2025 Norte 33 19 339 140 Rondônia 2 1 15 7 Acre 2 1 5 18 Amazonas 9 0 53 6 Roraima 0 1 1 1 Pará 16 14 163 96 Amapá 2 2 72 9 Tocantins 2 0 30 3 Nordeste 176 22 2.449 239 Maranhão 6 2 95 11 Piauí 11 6 149 37 Ceará 3 0 40 10 Rio Grande do Norte 7 0 51 10 Paraíba 4 0 88 5 Pernambuco 3 1 38 9 Alagoas 3 2 52 8 Sergipe 3 1 20 8 Bahia 136 10 1916 141 Sudeste 1.895 515 19.556 7.055 Minas Gerais 962 76 9.260 759 Espírito Santo 64 5 1.298 231 Rio de Janeiro 139 11 2.800 194 São Paulo 730 423 6.198 5.871 Sul 490 56 7.723 859 Paraná 257 47 4.734 772 Santa Catarina 110 4 2.271 42 Rio Grande do Sul 123 5 718 73 Centro-Oeste 663 65 11.654 1.240 Mato Grosso do Sul 14 6 176 113 Mato Grosso 33 22 377 144 Goiás 245 37 2856 958 Distrito Federal 371 0 8245 25 Brasil 3.257 677 41.721 9.533 FONTE:SinanOn-lineeE-SUS VS(bancodedadosatualizadoem24/03/2025).Dadossujeitosaalteração."
Informe Semanal nº 06 - COE Dengue e outras Arboviroses - SE 1 a 12.pdf,6,1,12,2025,2025-03-24,16,0,1322,"INFORME SEMANAL No 06
SE 01 a 12/2025 (24/03/2025)
Número de óbitos confirmados, letalidade e óbitos em investigação por dengue, SE 01
a SE 12, Brasil, 2024 e 2025
Óbitos confirmados (n) Taxa de Letalidade Óbitos em Investigação
Região/UF SE 01 aSE 12 SE 01 aSE 12 SE 01 aSE 12
2024 2025 2024 2025 2024 2025
Norte 14 20 3,8 12,6 0 8
Rondônia 3 0 17,6 0,0 0 1
Acre 0 3 0,0 0,0 0 1
Amazonas 4 0 6,5 0,0 0 1
Roraima 0 1 0,0 0,0 0 0
Pará 3 14 1,7 0,0 0 5
Amapá 3 2 4,1 0,0 0 0
Tocantins 1 0 3,1 0,0 0 0
Nordeste 98 7 3,7 2,7 7 27
Maranhão 4 0 4,0 0,0 1 7
Piauí 5 1 3,1 0,0 0 0
Ceará 1 0 2,3 0,0 0 0
Rio Grande do Norte 2 0 3,4 0,0 1 2
Paraíba 4 1 4,3 0,0 0 1
Pernambuco 4 0 9,8 0,0 0 8
Alagoas 2 0 3,6 0,0 0 1
Sergipe 3 1 13,0 0,0 0 0
Bahia 73 4 3,6 2,6 5 8
Sudeste 1.476 303 6,9 4,0 151 535
Minas Gerais 686 24 6,7 2,9 148 63
Espírito Santo 25 0 1,8 0,0 0 7
Rio de Janeiro 138 6 4,7 2,9 0 4
São Paulo 627 273 9,1 4,3 3 461
Sul 489 24 6,0 2,6 1 46
Paraná 299 20 6,0 2,4 0 41
Santa Catarina 109 3 4,6 0,0 0 2
Rio Grande do Sul 81 1 9,6 1,3 1 3
Centro-Oeste 546 23 4,4 1,8 8 68
Mato Grosso do Sul 12 5 6,3 0,0 6 5
Mato Grosso 11 10 2,7 6,0 1 7
Goiás 179 8 5,8 0,8 1 52
Distrito Federal 344 0 4,0 0,0 0 4
Brasil 2.623 377 5,8 3,7 167 684
FONTE:SinanOn-lineeE-SUS VS(bancodedadosatualizadoem24/03/2025).Dadossujeitosaalteração.
16","Número de óbitos confirmados, letalidade e óbitos em investigação por dengue, SE 01 a SE 12, Brasil, 2024 e 2025 Óbitos confirmados (n) Taxa de Letalidade Óbitos em Investigação Região/UF SE 01 aSE 12 SE 01 aSE 12 SE 01 aSE 12 2024 2025 2024 2025 2024 2025 Norte 14 20 3,8 12,6 0 8 Rondônia 3 0 17,6 0,0 0 1 Acre 0 3 0,0 0,0 0 1 Amazonas 4 0 6,5 0,0 0 1 Roraima 0 1 0,0 0,0 0 0 Pará 3 14 1,7 0,0 0 5 Amapá 3 2 4,1 0,0 0 0 Tocantins 1 0 3,1 0,0 0 0 Nordeste 98 7 3,7 2,7 7 27 Maranhão 4 0 4,0 0,0 1 7 Piauí 5 1 3,1 0,0 0 0 Ceará 1 0 2,3 0,0 0 0 Rio Grande do Norte 2 0 3,4 0,0 1 2 Paraíba 4 1 4,3 0,0 0 1 Pernambuco 4 0 9,8 0,0 0 8 Alagoas 2 0 3,6 0,0 0 1 Sergipe 3 1 13,0 0,0 0 0 Bahia 73 4 3,6 2,6 5 8 Sudeste 1.476 303 6,9 4,0 151 535 Minas Gerais 686 24 6,7 2,9 148 63 Espírito Santo 25 0 1,8 0,0 0 7 Rio de Janeiro 138 6 4,7 2,9 0 4 São Paulo 627 273 9,1 4,3 3 461 Sul 489 24 6,0 2,6 1 46 Paraná 299 20 6,0 2,4 0 41 Santa Catarina 109 3 4,6 0,0 0 2 Rio Grande do Sul 81 1 9,6 1,3 1 3 Centro-Oeste 546 23 4,4 1,8 8 68 Mato Grosso do Sul 12 5 6,3 0,0 6 5 Mato Grosso 11 10 2,7 6,0 1 7 Goiás 179 8 5,8 0,8 1 52 Distrito Federal 344 0 4,0 0,0 0 4 Brasil 2.623 377 5,8 3,7 167 684 FONTE:SinanOn-lineeE-SUS VS(bancodedadosatualizadoem24/03/2025).Dadossujeitosaalteração.",1,tabela,"Número de óbitos confirmados, letalidade e óbitos em investigação por dengue, SE 01 a SE 12, Brasil, 2024 e 2025 Óbitos confirmados (n) Taxa de Letalidade Óbitos em Investigação Região/UF SE 01 aSE 12 SE 01 aSE 12 SE 01 aSE 12 2024 2025 2024 2025 2024 2025 Norte 14 20 3,8 12,6 0 8 Rondônia 3 0 17,6 0,0 0 1 Acre 0 3 0,0 0,0 0 1 Amazonas 4 0 6,5 0,0 0 1 Roraima 0 1 0,0 0,0 0 0 Pará 3 14 1,7 0,0 0 5 Amapá 3 2 4,1 0,0 0 0 Tocantins 1 0 3,1 0,0 0 0 Nordeste 98 7 3,7 2,7 7 27 Maranhão 4 0 4,0 0,0 1 7 Piauí 5 1 3,1 0,0 0 0 Ceará 1 0 2,3 0,0 0 0 Rio Grande do Norte 2 0 3,4 0,0 1 2 Paraíba 4 1 4,3 0,0 0 1 Pernambuco 4 0 9,8 0,0 0 8 Alagoas 2 0 3,6 0,0 0 1 Sergipe 3 1 13,0 0,0 0 0 Bahia 73 4 3,6 2,6 5 8 Sudeste 1.476 303 6,9 4,0 151 535 Minas Gerais 686 24 6,7 2,9 148 63 Espírito Santo 25 0 1,8 0,0 0 7 Rio de Janeiro 138 6 4,7 2,9 0 4 São Paulo 627 273 9,1 4,3 3 461 Sul 489 24 6,0 2,6 1 46 Paraná 299 20 6,0 2,4 0 41 Santa Catarina 109 3 4,6 0,0 0 2 Rio Grande do Sul 81 1 9,6 1,3 1 3 Centro-Oeste 546 23 4,4 1,8 8 68 Mato Grosso do Sul 12 5 6,3 0,0 6 5 Mato Grosso 11 10 2,7 6,0 1 7 Goiás 179 8 5,8 0,8 1 52 Distrito Federal 344 0 4,0 0,0 0 4 Brasil 2.623 377 5,8 3,7 167 684 FONTE:SinanOn-lineeE-SUS VS(bancodedadosatualizadoem24/03/2025).Dadossujeitosaalteração."
Informe Semanal nº 06 - COE Dengue e outras Arboviroses - SE 1 a 12.pdf,6,1,12,2025,2025-03-24,17,0,1294,"INFORME SEMANAL No 06
SE 01 a 12/2025 (24/03/2025)
Casos prováveis e incidência (por 100.000 habitantes) de chikungunya, SE 01 a SE 12,
Brasil, 2024 e 2025
Casos Prováveis (n) Coeficiente de Incidência
Região/UF SE 01 aSE 12 SE 01 aSE 12
2024 2025 2024 2025
Norte 1.118 1.361 6,4 7,8
Rondônia 144 529 9,1 33,5
Acre 136 293 16,4 35,3
Amazonas 29 58 0,7 1,5
Roraima 8 19 1,3 3,0
Pará 443 242 5,5 3,0
Amapá 140 26 19,1 3,5
Tocantins 218 194 14,4 12,8
Nordeste 12.394 2.523 22,7 4,6
Maranhão 405 130 6,0 1,9
Piauí 339 77 10,4 2,4
Ceará 328 237 3,7 2,7
Rio Grande do Norte 1.124 453 34,0 13,7
Paraíba 695 293 17,5 7,4
Pernambuco 1.303 661 14,4 7,3
Alagoas 161 31 5,1 1,0
Sergipe 192 40 8,7 1,8
Bahia 7.847 601 55,5 4,3
Sudeste 125.103 14.376 147,4 16,9
Minas Gerais 115.048 6.344 560,2 30,9
Espírito Santo 4.753 853 124,0 22,3
Rio de Janeiro 1.809 869 11,3 5,4
São Paulo 3.493 6.310 7,9 14,2
Sul 364 2.571 1,2 8,6
Paraná 203 2.173 1,8 19,0
Santa Catarina 47 277 0,6 3,6
Rio Grande do Sul 114 121 1,0 1,1
Centro-Oeste 12.281 28.738 75,4 176,4
Mato Grosso do Sul 939 3.764 34,1 136,5
Mato Grosso 6.053 24.415 165,4 667,3
Goiás 5.121 464 72,6 6,6
Distrito Federal 168 95 6,0 3,4
Brasil 151.260 49.569 74,5 24,4
FONTE:SinanOn-lineeE-SUS VS(bancodedadosatualizadoem24/03/2025).Dadossujeitosaalteração.
17","Casos prováveis e incidência (por 100.000 habitantes) de chikungunya, SE 01 a SE 12, Brasil, 2024 e 2025 Casos Prováveis (n) Coeficiente de Incidência Região/UF SE 01 aSE 12 SE 01 aSE 12 2024 2025 2024 2025 Norte 1.118 1.361 6,4 7,8 Rondônia 144 529 9,1 33,5 Acre 136 293 16,4 35,3 Amazonas 29 58 0,7 1,5 Roraima 8 19 1,3 3,0 Pará 443 242 5,5 3,0 Amapá 140 26 19,1 3,5 Tocantins 218 194 14,4 12,8 Nordeste 12.394 2.523 22,7 4,6 Maranhão 405 130 6,0 1,9 Piauí 339 77 10,4 2,4 Ceará 328 237 3,7 2,7 Rio Grande do Norte 1.124 453 34,0 13,7 Paraíba 695 293 17,5 7,4 Pernambuco 1.303 661 14,4 7,3 Alagoas 161 31 5,1 1,0 Sergipe 192 40 8,7 1,8 Bahia 7.847 601 55,5 4,3 Sudeste 125.103 14.376 147,4 16,9 Minas Gerais 115.048 6.344 560,2 30,9 Espírito Santo 4.753 853 124,0 22,3 Rio de Janeiro 1.809 869 11,3 5,4 São Paulo 3.493 6.310 7,9 14,2 Sul 364 2.571 1,2 8,6 Paraná 203 2.173 1,8 19,0 Santa Catarina 47 277 0,6 3,6 Rio Grande do Sul 114 121 1,0 1,1 Centro-Oeste 12.281 28.738 75,4 176,4 Mato Grosso do Sul 939 3.764 34,1 136,5 Mato Grosso 6.053 24.415 165,4 667,3 Goiás 5.121 464 72,6 6,6 Distrito Federal 168 95 6,0 3,4 Brasil 151.260 49.569 74,5 24,4 FONTE:SinanOn-lineeE-SUS VS(bancodedadosatualizadoem24/03/2025).Dadossujeitosaalteração.",0,,
Informe Semanal nº 06 - COE Dengue e outras Arboviroses - SE 1 a 12.pdf,6,1,12,2025,2025-03-24,18,0,957,"INFORME SEMANAL No 06
SE 01 a 12/2025 (24/03/2025)
Número de óbitos confirmados e óbitos em investigação de chikungunya, SE 01 a SE
12, Brasil, 2024 e 2025
Óbitos confirmados Óbitos em Investigação
Região/UF SE 01 aSE 12 SE 01 aSE 12
2024 2025 2024 2025
Norte 1 0 0 1
Rondônia 0 0 0 0
Acre 0 0 0 0
Amazonas 0 0 0 0
Roraima 0 0 0 0
Pará 0 0 0 1
Amapá 1 0 0 0
Tocantins 0 0 0 0
Nordeste 15 1 1 13
Maranhão 1 0 1 3
Piauí 0 0 0 0
Ceará 0 0 0 0
Rio Grande do Norte 1 0 0 1
Paraíba 4 0 0 1
Pernambuco 1 0 0 7
Alagoas 0 0 0 0
Sergipe 1 0 0 0
Bahia 7 1 0 1
Sudeste 101 7 12 19
Minas Gerais 91 2 10 1
Espírito Santo 3 0 0 2
Rio de Janeiro 2 2 0 2
São Paulo 5 3 2 14
Sul 0 1 0 1
Paraná 0 0 0 0
Santa Catarina 0 1 0 1
Rio Grande do Sul 0 0 0 0
Centro-Oeste 15 35 3 19
Mato Grosso do Sul 1 1 1 2
Mato Grosso 4 34 0 13
Goiás 10 0 0 4
Distrito Federal 0 0 2 0
Brasil 132 44 16 53
FONTE:SinanOn-lineeE-SUS VS(bancodedadosatualizadoem24/03/2025).Dadossujeitosaalteração.
18","Número de óbitos confirmados e óbitos em investigação de chikungunya, SE 01 a SE 12, Brasil, 2024 e 2025 Óbitos confirmados Óbitos em Investigação Região/UF SE 01 aSE 12 SE 01 aSE 12 2024 2025 2024 2025 Norte 1 0 0 1 Rondônia 0 0 0 0 Acre 0 0 0 0 Amazonas 0 0 0 0 Roraima 0 0 0 0 Pará 0 0 0 1 Amapá 1 0 0 0 Tocantins 0 0 0 0 Nordeste 15 1 1 13 Maranhão 1 0 1 3 Piauí 0 0 0 0 Ceará 0 0 0 0 Rio Grande do Norte 1 0 0 1 Paraíba 4 0 0 1 Pernambuco 1 0 0 7 Alagoas 0 0 0 0 Sergipe 1 0 0 0 Bahia 7 1 0 1 Sudeste 101 7 12 19 Minas Gerais 91 2 10 1 Espírito Santo 3 0 0 2 Rio de Janeiro 2 2 0 2 São Paulo 5 3 2 14 Sul 0 1 0 1 Paraná 0 0 0 0 Santa Catarina 0 1 0 1 Rio Grande do Sul 0 0 0 0 Centro-Oeste 15 35 3 19 Mato Grosso do Sul 1 1 1 2 Mato Grosso 4 34 0 13 Goiás 10 0 0 4 Distrito Federal 0 0 2 0 Brasil 132 44 16 53 FONTE:SinanOn-lineeE-SUS VS(bancodedadosatualizadoem24/03/2025).Dadossujeitosaalteração.",0,,
Informe Semanal nº 06 - COE Dengue e outras Arboviroses - SE 1 a 12.pdf,6,1,12,2025,2025-03-24,19,0,1136,"INFORME SEMANAL No 06
SE 01 a 12/2025 (24/03/2025)
Casos prováveis e incidência (por 100.000 habitantes) de Zika, SE 01 a SE 10, Brasil,
2024 e 2025.
Casos Prováveis Coeficiente de Incidência
Região/UF SE 01 aSE 10 SE 01 aSE 10
2024 2025 2024 2025
Norte 216 283 1,2 1,6
Rondônia 48 3 3,0 0,2
Acre 43 120 5,2 14,5
Amazonas 38 11 1,0 0,3
Roraima 3 3 0,5 0,5
Pará 28 64 0,3 0,8
Amapá 39 0 5,3 0,0
Tocantins 17 82 1,1 5,4
Nordeste 1.137 354 2,1 0,6
Maranhão 101 68 1,5 1,0
Piauí 2 2 0,1 0,1
Ceará 63 21 0,7 0,2
Rio Grande do
Norte 397 110 12,0 3,3
Paraíba 34 8 0,9 0,2
Pernambuco 35 44 0,4 0,5
Alagoas 24 6 0,8 0,2
Sergipe 13 6 0,6 0,3
Bahia 468 89 3,3 0,6
Sudeste 230 158 0,3 0,2
Minas Gerais 97 16 0,5 0,1
Espírito Santo 48 2 1,3 0,1
Rio de Janeiro 1 4 0,0 0,0
São Paulo 84 136 0,2 0,3
Sul 13 10 0,0 0,0
Paraná 5 7 0,0 0,1
Santa Catarina 3 2 0,0 0,0
Rio Grande do
Sul 5 1 0,0 0,0
Centro-Oeste 171 704 1,0 4,3
Mato Grosso do
Sul 28 15 1,0 0,5
Mato Grosso 110 617 3,0 16,9
Goiás 25 72 0,4 1,0
Distrito Federal 8 0 0,3 0,0
Brasil 1.767 1.509 0,9 0,7
FONTE:SinanOn-lineeE-SUS VS(bancodedadosatualizadoem19/03/2025).Dadossujeitosaalteração.
19","Casos prováveis e incidência (por 100.000 habitantes) de Zika, SE 01 a SE 10, Brasil, 2024 e 2025. Casos Prováveis Coeficiente de Incidência Região/UF SE 01 aSE 10 SE 01 aSE 10 2024 2025 2024 2025 Norte 216 283 1,2 1,6 Rondônia 48 3 3,0 0,2 Acre 43 120 5,2 14,5 Amazonas 38 11 1,0 0,3 Roraima 3 3 0,5 0,5 Pará 28 64 0,3 0,8 Amapá 39 0 5,3 0,0 Tocantins 17 82 1,1 5,4 Nordeste 1.137 354 2,1 0,6 Maranhão 101 68 1,5 1,0 Piauí 2 2 0,1 0,1 Ceará 63 21 0,7 0,2 Rio Grande do Norte 397 110 12,0 3,3 Paraíba 34 8 0,9 0,2 Pernambuco 35 44 0,4 0,5 Alagoas 24 6 0,8 0,2 Sergipe 13 6 0,6 0,3 Bahia 468 89 3,3 0,6 Sudeste 230 158 0,3 0,2 Minas Gerais 97 16 0,5 0,1 Espírito Santo 48 2 1,3 0,1 Rio de Janeiro 1 4 0,0 0,0 São Paulo 84 136 0,2 0,3 Sul 13 10 0,0 0,0 Paraná 5 7 0,0 0,1 Santa Catarina 3 2 0,0 0,0 Rio Grande do Sul 5 1 0,0 0,0 Centro-Oeste 171 704 1,0 4,3 Mato Grosso do Sul 28 15 1,0 0,5 Mato Grosso 110 617 3,0 16,9 Goiás 25 72 0,4 1,0 Distrito Federal 8 0 0,3 0,0 Brasil 1.767 1.509 0,9 0,7 FONTE:SinanOn-lineeE-SUS VS(bancodedadosatualizadoem19/03/2025).Dadossujeitosaalteração.",0,,
Informe Semanal nº 06 - COE Dengue e outras Arboviroses - SE 1 a 12.pdf,6,1,12,2025,2025-03-24,20,0,845,"INFORME SEMANAL No 06
SE 01 a 12/2025 (24/03/2025)
CASOS CONFIRMADOS DE OROPOUCHE POR UF DE LOCAL PROVÁVEL DE INFECÇÃO,
BRASIL, 2024 E 2025.
Casos de Oropouche
Região/UF
2024 2025
SE 01 a SE 12 SE 01 a SE 12
Norte 4.696 31
Rondônia 1.502 1
Acre 263 0
Amazonas 2.826 0
Roraima 7 1
Pará 94 0
Amapá 4 29
Tocantins 0 0
Nordeste 101 631
Maranhão 7 0
Piauí 14 0
Ceará 0 65
Rio Grande do Norte 0 0
Paraíba 0 565
Pernambuco 0 0
Alagoas 0 0
Sergipe 0 0
Bahia 80 1
Sudeste 26 6.275
Minas Gerais 7 157
Espírito Santo 0 5.197
Rio de Janeiro 19 917
São Paulo 0 4
Sul 23 0
Paraná 0 0
Santa Catarina 23 0
Rio Grande do Sul 0 0
Centro-Oeste 1 0
Mato Grosso do Sul 0 0
*LPI em investigação.
Mato Grosso 1 0
Goiás 0 0
Distrito Federal 0 0
Brasil 4.847 6.937
FONTE:GerenciadordeAmbiente Laboratorial(GAL). Dadosatualizadosaté10/03/2024.Dadossujeitosaalterações.
20","CASOS CONFIRMADOS DE OROPOUCHE POR UF DE LOCAL PROVÁVEL DE INFECÇÃO, BRASIL, 2024 E 2025. Casos de Oropouche Região/UF 2024 2025 SE 01 a SE 12 SE 01 a SE 12 Norte 4.696 31 Rondônia 1.502 1 Acre 263 0 Amazonas 2.826 0 Roraima 7 1 Pará 94 0 Amapá 4 29 Tocantins 0 0 Nordeste 101 631 Maranhão 7 0 Piauí 14 0 Ceará 0 65 Rio Grande do Norte 0 0 Paraíba 0 565 Pernambuco 0 0 Alagoas 0 0 Sergipe 0 0 Bahia 80 1 Sudeste 26 6.275 Minas Gerais 7 157 Espírito Santo 0 5.197 Rio de Janeiro 19 917 São Paulo 0 4 Sul 23 0 Paraná 0 0 Santa Catarina 23 0 Rio Grande do Sul 0 0 Centro-Oeste 1 0 Mato Grosso do Sul 0 0 *LPI em investigação. Mato Grosso 1 0 Goiás 0 0 Distrito Federal 0 0 Brasil 4.847 6.937 FONTE:GerenciadordeAmbiente Laboratorial(GAL). Dadosatualizadosaté10/03/2024.Dadossujeitosaalterações.",0,,
Informe Semanal nº 07 - COE Dengue e outras Arboviroses - SE 1 a 13.pdf,7,1,13,2025,2025-03-31,1,0,41,"SE 01 a 13/2025
No 07
31 de março de 2025",SE 01 a 13/2025 No 07 31 de março de 2025,0,,
Informe Semanal nº 07 - COE Dengue e outras Arboviroses - SE 1 a 13.pdf,7,1,13,2025,2025-03-31,2,0,2122,"INFORME SEMANAL No 07
SE 01 a 13/2025 (31/03/2025)
Introdução
Os dados de dengue, chikungunya, e Oropouche apresentados neste
Informe referem-se às semanas epidemiológicas (SE) 01 a 13 de 2025 (que
correspondem ao período entre 29/12/24 e 29/03/2025). Para Zika, os dados
apresentados são do período da SE 01 a SE 12 de 2025 (que se estende de
29/12/24 a 22/03/2025). Os dados são comparados aos dados do mesmo
período de 2024. Para febre amarela, os dados referem-se ao
monitoramento 2024/2025 (julho/2024 a junho/2025), atualizados até
31/03/2025. Os dados detalhados das arboviroses dos anos de 2023 a 2025
podem ser acessados em: https://www.gov.br/saude/pt-br/assuntos/saude-
de-a-a-z/a/aedes-aegypti/monitoramento-das-arboviroses.
Situação Epidemiológica
Dengue
Nas SE 01 a 13 de 2025, foram notificados 807.778 casos prováveis de
dengue, correspondendo a um coeficiente de incidência de 397,8 casos/100
mil habitantes. Quando comparado com o mesmo período de 2024,
observa-se uma redução de 74,6% no número de casos prováveis.
As Regiões Geográficas que apresentam os maiores coeficientes de
incidência são Sudeste, Centro-Oeste e Sul. Entre as Unidades Federativas
(UF), São Paulo, Acre, e Mato Grosso apresentam as maiores incidências.
Os maiores números de casos graves concentram-se nas regiões
Sudeste, Centro-Oeste e Sul. Os óbitos concentram-se na região Sudeste.
Foram confirmados 451 óbitos no período, e 704 estão em investigação.
Foi identificada a circulação dos quatro sorotipos do vírus dengue
(DENV-1, DENV-2, DENV-3 e DENV-4), com aumento da proporção de DENV-
3 desde o último trimestre de 2024. DENV-4 (vírus selvagem) foi detectado em
uma amostra de Minas Gerais. Outras detecções de DENV-4 em Minas
Gerais, Mato Grosso do Sul e Roraima estão em análise.
O coeficiente de incidência de dengue no Brasil encontra-se dentro do
canal endêmico do diagrama de controle, considerando a série histórica. No
entanto, a estimativa nowcasting indica tendência de alta no número de
casos, acima do limite esperado.
Fonte: SinanOn-line (banco de dados atualizado em 31/03/2025). Dados sujeitos a alteração.
2","Introdução Os dados de dengue, chikungunya, e Oropouche apresentados neste Informe referem-se às semanas epidemiológicas (SE) 01 a 13 de 2025 (que correspondem ao período entre 29/12/24 e 29/03/2025). Para Zika, os dados apresentados são do período da SE 01 a SE 12 de 2025 (que se estende de 29/12/24 a 22/03/2025). Os dados são comparados aos dados do mesmo período de 2024. Para febre amarela, os dados referem-se ao monitoramento 2024/2025 (julho/2024 a junho/2025), atualizados até 31/03/2025. Os dados detalhados das arboviroses dos anos de 2023 a 2025 podem ser acessados em: https://www.gov.br/saude/pt-br/assuntos/saudede-a-a-z/a/aedes-aegypti/monitoramento-das-arboviroses. Situação Epidemiológica Dengue Nas SE 01 a 13 de 2025, foram notificados 807.778 casos prováveis de dengue, correspondendo a um coeficiente de incidência de 397,8 casos/100 mil habitantes. Quando comparado com o mesmo período de 2024, observa-se uma redução de 74,6% no número de casos prováveis. As Regiões Geográficas que apresentam os maiores coeficientes de incidência são Sudeste, Centro-Oeste e Sul. Entre as Unidades Federativas (UF), São Paulo, Acre, e Mato Grosso apresentam as maiores incidências. Os maiores números de casos graves concentram-se nas regiões Sudeste, Centro-Oeste e Sul. Os óbitos concentram-se na região Sudeste. Foram confirmados 451 óbitos no período, e 704 estão em investigação. Foi identificada a circulação dos quatro sorotipos do vírus dengue (DENV-1, DENV-2, DENV-3 e DENV-4), com aumento da proporção de DENV3 desde o último trimestre de 2024. DENV-4 (vírus selvagem) foi detectado em uma amostra de Minas Gerais. Outras detecções de DENV-4 em Minas Gerais, Mato Grosso do Sul e Roraima estão em análise. O coeficiente de incidência de dengue no Brasil encontra-se dentro do canal endêmico do diagrama de controle, considerando a série histórica. No entanto, a estimativa nowcasting indica tendência de alta no número de casos, acima do limite esperado. Fonte: SinanOn-line (banco de dados atualizado em 31/03/2025). Dados sujeitos a alteração.",1,narrativa,"Dengue Nas SE 01 a 13 de 2025, foram notificados 807.778 casos prováveis de dengue, correspondendo a um coeficiente de incidência de 397,8 casos/100 mil habitantes. Quando comparado com o mesmo período de 2024, observa-se uma redução de 74,6% no número de casos prováveis. As Regiões Geográficas que apresentam os maiores coeficientes de incidência são Sudeste, Centro-Oeste e Sul. Entre as Unidades Federativas (UF), São Paulo, Acre, e Mato Grosso apresentam as maiores incidências. Os maiores números de casos graves concentram-se nas regiões Sudeste, Centro-Oeste e Sul. Os óbitos concentram-se na região Sudeste. Foram confirmados 451 óbitos no período, e 704 estão em investigação. Foi identificada a circulação dos quatro sorotipos do vírus dengue (DENV-1, DENV-2, DENV-3 e DENV-4), com aumento da proporção de DENV3 desde o último trimestre de 2024. DENV-4 (vírus selvagem) foi detectado em uma amostra de Minas Gerais. Outras detecções de DENV-4 em Minas Gerais, Mato Grosso do Sul e Roraima estão em análise. O coeficiente de incidência de dengue no Brasil encontra-se dentro do canal endêmico do diagrama de controle, considerando a série histórica. No entanto, a estimativa nowcasting indica tendência de alta no número de casos, acima do limite esperado. Fonte: SinanOn-line (banco de dados atualizado em 31/03/2025). Dados sujeitos a alteração."
Informe Semanal nº 07 - COE Dengue e outras Arboviroses - SE 1 a 13.pdf,7,1,13,2025,2025-03-31,3,0,199,"INFORME SEMANAL No 07
SE 01 a 13/2025 (31/03/2025)
Diagrama de controle
Coeficiente de Incidência e óbitos
Fonte: SinanOn-line (banco de dados atualizado em 31/03/2025). Dados sujeitos a alteração.
3",Diagrama de controle Coeficiente de Incidência e óbitos Fonte: SinanOn-line (banco de dados atualizado em 31/03/2025). Dados sujeitos a alteração.,1,narrativa,Diagrama de controle Coeficiente de Incidência e óbitos Fonte: SinanOn-line (banco de dados atualizado em 31/03/2025). Dados sujeitos a alteração.
Informe Semanal nº 07 - COE Dengue e outras Arboviroses - SE 1 a 13.pdf,7,1,13,2025,2025-03-31,4,0,1261,"INFORME SEMANAL No 07
SE 01 a 13/2025 (31/03/2025)
Mapa de Sorotipos Dengue SE 01 a SE 13/2025
Chikungunya
Nas SE 01 a 13 de 2025, foram notificados 56.443 casos prováveis de
chikungunya, correspondendo a um coeficiente de incidência de 27,8
casos/100 mil habitantes. Quando comparado ao mesmo período de
2024, observa-se uma redução de 65,1% no número de casos prováveis.
As Regiões Geográficas que apresentam os maiores coeficientes de
incidência são a Centro-Oeste e a Sudeste. Entre as UFs, Mato Grosso e Mato
Grosso do Sul apresentam as maiores incidências.
Foram confirmados 48 óbitos no período, sendo 37 no estado do Mato
Grosso, quatro em São Paulo, dois em Minas Gerais e no Rio de Janeiro, e um
nos estados de Mato Grosso do Sul, Bahia e Santa Catarina. Encontram-se em
investigação 51 óbitos até o momento, sendo 17 deles na Região Sudeste e
outros 21 na região Centro-Oeste.
O coeficiente de incidência de chikungunya no Brasil encontra-se
abaixo do limite inferior do canal endêmico do diagrama de controle,
considerando a série histórica. No entanto, a estimativa nowcasting
indica tendência de estabilidade no número de casos, dentro do canal
endêmico.
Fonte: SinanOn-line (banco de dados atualizado em 31/03/2025). Dados sujeitos a alteração.
4","Mapa de Sorotipos Dengue SE 01 a SE 13/2025 Chikungunya Nas SE 01 a 13 de 2025, foram notificados 56.443 casos prováveis de chikungunya, correspondendo a um coeficiente de incidência de 27,8 casos/100 mil habitantes. Quando comparado ao mesmo período de 2024, observa-se uma redução de 65,1% no número de casos prováveis. As Regiões Geográficas que apresentam os maiores coeficientes de incidência são a Centro-Oeste e a Sudeste. Entre as UFs, Mato Grosso e Mato Grosso do Sul apresentam as maiores incidências. Foram confirmados 48 óbitos no período, sendo 37 no estado do Mato Grosso, quatro em São Paulo, dois em Minas Gerais e no Rio de Janeiro, e um nos estados de Mato Grosso do Sul, Bahia e Santa Catarina. Encontram-se em investigação 51 óbitos até o momento, sendo 17 deles na Região Sudeste e outros 21 na região Centro-Oeste. O coeficiente de incidência de chikungunya no Brasil encontra-se abaixo do limite inferior do canal endêmico do diagrama de controle, considerando a série histórica. No entanto, a estimativa nowcasting indica tendência de estabilidade no número de casos, dentro do canal endêmico. Fonte: SinanOn-line (banco de dados atualizado em 31/03/2025). Dados sujeitos a alteração.",1,narrativa,Mapa de Sorotipos Dengue SE 01 a SE 13/2025
Informe Semanal nº 07 - COE Dengue e outras Arboviroses - SE 1 a 13.pdf,7,1,13,2025,2025-03-31,5,0,199,"INFORME SEMANAL No 07
SE 01 a 13/2025 (31/03/2025)
Diagrama de controle
Coeficiente de Incidência e óbitos
Fonte: SinanOn-line (banco de dados atualizado em 31/03/2025). Dados sujeitos a alteração.
5",Diagrama de controle Coeficiente de Incidência e óbitos Fonte: SinanOn-line (banco de dados atualizado em 31/03/2025). Dados sujeitos a alteração.,0,,
Informe Semanal nº 07 - COE Dengue e outras Arboviroses - SE 1 a 13.pdf,7,1,13,2025,2025-03-31,6,0,1574,"INFORME SEMANAL No 07
SE 01 a 13/2025 (31/03/2025)
Zika
Entre as Semanas Epidemiológicas 01 e 12 de 2025, foram
notificados 1.810 casos prováveis de Zika no Brasil, com coeficiente de
incidência de 0,9 casos por 100 mil habitantes. Quando comparado ao
mesmo período de 2024, observa-se uma redução de 23,4%. Em relação
às gestantes, 37 foram confirmados e 214 permanecem em investigação.
Não foram confirmados óbitos por Zika no período.
As Regiões Norte e Centro-Oeste apresentam os maiores
coeficientes de incidência. Em relação às UFs, os maiores coeficientes de
incidência estão no Mato Grosso, Acre , Tocantins e Rio Grande do Norte.
O coeficiente de incidência de Zika no Brasil, assim como a
estimativa nowcasting1, encontram-se abaixo dos lim,ites do canal
endêmico do diagrama de controle2, considerando a série histórica.
Diagrama de controle2 Incidência e gestantes
1O nowcasting (linha tracejada vermelha) corrige os atrasos inerentes aos sistemas de vigilância epidemiológica e
estima o número de casos em um determinado momento, considerando os dados disponíveis e as características do
processodenotificação,contribuindoparaaantecipaçãodaavaliaçãodatendênciadealtaoubaixadaincidência.
2 O diagrama decontroleé uma ferramenta gráficaque permite acompanhar a variação do coeficiente de incidência
(linha azul) de uma determinada doença ao longo do tempo em relação ao canal endêmico, que define a faixa de
variaçãoesperadaparaaincidênciadadoençacombaseemdadoshistóricos.
Fonte: Sinan-Net (banco de dados atualizados em 24/03/2025). Dados sujeitos a alteração.
6","Zika Entre as Semanas Epidemiológicas 01 e 12 de 2025, foram notificados 1.810 casos prováveis de Zika no Brasil, com coeficiente de incidência de 0,9 casos por 100 mil habitantes. Quando comparado ao mesmo período de 2024, observa-se uma redução de 23,4%. Em relação às gestantes, 37 foram confirmados e 214 permanecem em investigação. Não foram confirmados óbitos por Zika no período. As Regiões Norte e Centro-Oeste apresentam os maiores coeficientes de incidência. Em relação às UFs, os maiores coeficientes de incidência estão no Mato Grosso, Acre , Tocantins e Rio Grande do Norte. O coeficiente de incidência de Zika no Brasil, assim como a estimativa nowcasting1, encontram-se abaixo dos lim,ites do canal endêmico do diagrama de controle2, considerando a série histórica. Diagrama de controle2 Incidência e gestantes 1O nowcasting (linha tracejada vermelha) corrige os atrasos inerentes aos sistemas de vigilância epidemiológica e estima o número de casos em um determinado momento, considerando os dados disponíveis e as características do processodenotificação,contribuindoparaaantecipaçãodaavaliaçãodatendênciadealtaoubaixadaincidência. 2 O diagrama decontroleé uma ferramenta gráficaque permite acompanhar a variação do coeficiente de incidência (linha azul) de uma determinada doença ao longo do tempo em relação ao canal endêmico, que define a faixa de variaçãoesperadaparaaincidênciadadoençacombaseemdadoshistóricos. Fonte: Sinan-Net (banco de dados atualizados em 24/03/2025). Dados sujeitos a alteração.",0,,
Informe Semanal nº 07 - COE Dengue e outras Arboviroses - SE 1 a 13.pdf,7,1,13,2025,2025-03-31,7,0,988,"INFORME SEMANAL No 07
SE 01 a 13/2025 (31/03/2025)
Dengue
(Incidência)
397,8 451
-74,6%
CASOS/100 MIL HAB. ÓBITOS
Em relação
ao número
807.778 Casos prováveis Óbitos em
704 de casos
investigação
no mesmo
Casos graves e com
12.276
período de
sinais de alarme 3,7% Letalidade1
2024
Chikungunya
(Incidência)
27,8 48
-65,1%
CASOS/100 MIL HAB. ÓBITOS
Em relação
ao número
Óbitos em
56.433 Casos prováveis 51 de casos
investigação
no mesmo
período de
0,1% Letalidade2 2024
Zika
(Incidência)
0,9 0
-23,4%
CASOS/100 MIL HAB. ÓBITOS
Em relação
ao número
1.810 Casos prováveis de casos
251
no mesmo
período de
CASOS PROVÁVEIS
2024
EM GESTANTES
1Para o cálculo da letalidade, foram considerados no denominador os casos de dengue grave e de dengue com sinais de
alarme.
2Paraocálculodaletalidade,foramconsideradosnodenominadoroscasosprováveisdechikungunya.
FONTE:: Sinan On-line (banco de dados atualizado em 31/03/2024); Sinan NET (banco de dados atualizado em
31/03/2025).Dadossujeitosaalteração.
7","Dengue (Incidência) 397,8 451 -74,6% CASOS/100 MIL HAB. ÓBITOS Em relação ao número 807.778 Casos prováveis Óbitos em 704 de casos investigação no mesmo Casos graves e com 12.276 período de sinais de alarme 3,7% Letalidade1 2024 Chikungunya (Incidência) 27,8 48 -65,1% CASOS/100 MIL HAB. ÓBITOS Em relação ao número Óbitos em 56.433 Casos prováveis 51 de casos investigação no mesmo período de 0,1% Letalidade2 2024 Zika (Incidência) 0,9 0 -23,4% CASOS/100 MIL HAB. ÓBITOS Em relação ao número 1.810 Casos prováveis de casos 251 no mesmo período de CASOS PROVÁVEIS 2024 EM GESTANTES 1Para o cálculo da letalidade, foram considerados no denominador os casos de dengue grave e de dengue com sinais de alarme. 2Paraocálculodaletalidade,foramconsideradosnodenominadoroscasosprováveisdechikungunya. FONTE:: Sinan On-line (banco de dados atualizado em 31/03/2024); Sinan NET (banco de dados atualizado em 31/03/2025).Dadossujeitosaalteração.",1,narrativa,"Dengue (Incidência) 397,8 451 -74,6% CASOS/100 MIL HAB. ÓBITOS Em relação ao número 807.778 Casos prováveis Óbitos em 704 de casos investigação no mesmo Casos graves e com 12.276 período de sinais de alarme 3,7% Letalidade1 2024"
Informe Semanal nº 07 - COE Dengue e outras Arboviroses - SE 1 a 13.pdf,7,1,13,2025,2025-03-31,8,0,1033,"INFORME SEMANAL No 07
SE 01 a 13/2025 (31/03/2025)
Oropouche
Entre as SE 01 e 13/2025, foram confirmados 7.320 casos de Oropouche no
Brasil, o que representa um aumento de 45,3% quando comparado com o
mesmo período do ano anterior, em que foram registrados 5.036 casos de
Oropouche. Até o momento, foi identificado 1 óbito suspeito de Oropouche em
2025, no Espírito Santo, com detecção do genoma viral em amostra de soro.
CASOS DE OROPOUCHE POR SE DE INÍCIO DE SINTOMAS, BRASIL, 2024 E 2025
Os casos identificados estão distribuídos de maneira equitativa entre os
sexos, com 52,2% das detecções em indivíduos do sexo masculino. As faixas
etárias entre 20 e 59 anos concentram 70,4% dos casos. Entre os menores de 1
ano, foram registrados 6 casos, sendo 4 no Espírito Santo*, 1 no Rio de Janeiro
e 1 na Paraíba.
CASOS DE OROPOUCHE POR SEXO E FAIXA ETÁRIA, BRASIL, 2025
*
1 casono Espírito Santo emmenorde1 anocom informaçãode sexoignorada.
Fonte: Sinan On-line (banco de dados atualizado em 31/03/2025). Dados sujeitos a alterações.
8","Oropouche Entre as SE 01 e 13/2025, foram confirmados 7.320 casos de Oropouche no Brasil, o que representa um aumento de 45,3% quando comparado com o mesmo período do ano anterior, em que foram registrados 5.036 casos de Oropouche. Até o momento, foi identificado 1 óbito suspeito de Oropouche em 2025, no Espírito Santo, com detecção do genoma viral em amostra de soro. CASOS DE OROPOUCHE POR SE DE INÍCIO DE SINTOMAS, BRASIL, 2024 E 2025 Os casos identificados estão distribuídos de maneira equitativa entre os sexos, com 52,2% das detecções em indivíduos do sexo masculino. As faixas etárias entre 20 e 59 anos concentram 70,4% dos casos. Entre os menores de 1 ano, foram registrados 6 casos, sendo 4 no Espírito Santo*, 1 no Rio de Janeiro e 1 na Paraíba. CASOS DE OROPOUCHE POR SEXO E FAIXA ETÁRIA, BRASIL, 2025 * 1 casono Espírito Santo emmenorde1 anocom informaçãode sexoignorada. Fonte: Sinan On-line (banco de dados atualizado em 31/03/2025). Dados sujeitos a alterações.",0,,
Informe Semanal nº 07 - COE Dengue e outras Arboviroses - SE 1 a 13.pdf,7,1,13,2025,2025-03-31,9,0,1570,"INFORME SEMANAL No 07
SE 01 a 13/2025 (31/03/2025)
Oropouche
Em 2025, a UF com maior número de casos é o Espírito Santo (n=
5.354), cujo aumento vem ocorrendo desde o segundo semestre de 2024.
Destacam-se ainda o aumento dos casos no Rio de Janeiro (n=1.016) e
Paraíba (n=593). Transmissão ativa em 2025 também foi registrada em
Roraima, Amapá, Ceará, Bahia, Minas Gerais e São Paulo.
Os casos identificados no Pará, Mato Grosso, Goiás, Distrito Federal,
Tocantins, Piauí, Pernambuco e Paraná apresentaram Local Provável de
Infecção (LPI) nos estados com transmissão autóctone (Espírito Santo, Rio de
Janeiro e Paraíba). O LPI do caso identificado em Rondônia está em
investigação.
CASOS DE OROPOUCHE POR MUNICÍPIO DE RESIDÊNCIA, BRASIL, 2024 E 2025.
FONTE: Gerenciador de Ambiente Laboratorial (GAL). Dados atualizados até 31/03/2025. Dados sujeitos a alterações.
Febre Amarela
No período de monitoramento 2024/2025 (julho/2024 a junho/2025),
os registros de transmissão do vírus em PNH ocorreram nos estados de São
Paulo [55] (Amparo [2], Atibaia [1], Bragança Paulista [1], Campinas [3],
Colina [1], Cravinhos [1], Guarulhos [1], Joanópolis [3], Louveira [1], Luís
Antônio [1], Mairiporã [1], Osasco [1], Pedra Bela [1], Pinhalzinho [1],
Pitangueiras [2], Ribeirão Preto [23], Serra Azul [1], Serra Negra [2], Socorro
[1] e Valinhos [7]), Minas Gerais [12] (Camanducaia [1], Córrego do Bom
Jesus [1], Estiva [2], Ipuiúna [2], Paraisópolis [1], Poço Fundo [1], Poços de
Caldas [1], Sapucaí-Mirim [2] e Toledo [1]), Tocantins [2] (Palmas) e
Roraima [1] (Alto Alegre).
9","Oropouche Em 2025, a UF com maior número de casos é o Espírito Santo (n= 5.354), cujo aumento vem ocorrendo desde o segundo semestre de 2024. Destacam-se ainda o aumento dos casos no Rio de Janeiro (n=1.016) e Paraíba (n=593). Transmissão ativa em 2025 também foi registrada em Roraima, Amapá, Ceará, Bahia, Minas Gerais e São Paulo. Os casos identificados no Pará, Mato Grosso, Goiás, Distrito Federal, Tocantins, Piauí, Pernambuco e Paraná apresentaram Local Provável de Infecção (LPI) nos estados com transmissão autóctone (Espírito Santo, Rio de Janeiro e Paraíba). O LPI do caso identificado em Rondônia está em investigação. CASOS DE OROPOUCHE POR MUNICÍPIO DE RESIDÊNCIA, BRASIL, 2024 E 2025. FONTE: Gerenciador de Ambiente Laboratorial (GAL). Dados atualizados até 31/03/2025. Dados sujeitos a alterações. Febre Amarela No período de monitoramento 2024/2025 (julho/2024 a junho/2025), os registros de transmissão do vírus em PNH ocorreram nos estados de São Paulo [55] (Amparo [2], Atibaia [1], Bragança Paulista [1], Campinas [3], Colina [1], Cravinhos [1], Guarulhos [1], Joanópolis [3], Louveira [1], Luís Antônio [1], Mairiporã [1], Osasco [1], Pedra Bela [1], Pinhalzinho [1], Pitangueiras [2], Ribeirão Preto [23], Serra Azul [1], Serra Negra [2], Socorro [1] e Valinhos [7]), Minas Gerais [12] (Camanducaia [1], Córrego do Bom Jesus [1], Estiva [2], Ipuiúna [2], Paraisópolis [1], Poço Fundo [1], Poços de Caldas [1], Sapucaí-Mirim [2] e Toledo [1]), Tocantins [2] (Palmas) e Roraima [1] (Alto Alegre).",0,,
Informe Semanal nº 07 - COE Dengue e outras Arboviroses - SE 1 a 13.pdf,7,1,13,2025,2025-03-31,10,0,1084,"INFORME SEMANAL No 07
SE 01 a 13/2025 (31/03/2025)
Febre Amarela
No mesmo período, foram confirmados 91 casos humanos, dos quais
35 evoluíram para o óbito (letalidade de 38,5%). Os casos tiveram os locais
prováveis de infecção nos estados de São Paulo [40] (Águas de Lindoia [1],
Águas de São Pedro [1], Amparo [1], Bragança Paulista [2], Brotas [2],
Caçapava [5], Campinas [3], Joanópolis [9], Nazaré Paulista [1], Pedra Bela
[2], Pedreira [2] , Piracaia [3], Socorro [4], Tuiuti [1], Valinhos [1], Vargem [1],
LPI em investigação [1]), Pará [43] (Breves [42], Cametá [1]), Minas Gerais
[7] (Camanducaia [1], Cambuí [1], Extrema [1], Monte Sião [1], Pouso
Alegre [1], Silvianópolis [1], LPI em investigação [1]) e Tocantins [1] (Monte
do Carmo).
Entre os casos, 80 (87,9%) eram do sexo masculino, com idades entre
2 e 75 anos. Um dos indivíduos tinha histórico de vacinação em 2017 e
evoluiu para o óbito.
Municípios com detecção do vírus da Febre Amarela em PNH e Humanos, monitoramento
2024/2025.
FONTE:SINAN,SISS-Geo,GAL. Dadosatualizadosaté31/03/2025.Dadossujeitosaalterações.
10","Febre Amarela No mesmo período, foram confirmados 91 casos humanos, dos quais 35 evoluíram para o óbito (letalidade de 38,5%). Os casos tiveram os locais prováveis de infecção nos estados de São Paulo [40] (Águas de Lindoia [1], Águas de São Pedro [1], Amparo [1], Bragança Paulista [2], Brotas [2], Caçapava [5], Campinas [3], Joanópolis [9], Nazaré Paulista [1], Pedra Bela [2], Pedreira [2] , Piracaia [3], Socorro [4], Tuiuti [1], Valinhos [1], Vargem [1], LPI em investigação [1]), Pará [43] (Breves [42], Cametá [1]), Minas Gerais [7] (Camanducaia [1], Cambuí [1], Extrema [1], Monte Sião [1], Pouso Alegre [1], Silvianópolis [1], LPI em investigação [1]) e Tocantins [1] (Monte do Carmo). Entre os casos, 80 (87,9%) eram do sexo masculino, com idades entre 2 e 75 anos. Um dos indivíduos tinha histórico de vacinação em 2017 e evoluiu para o óbito. Municípios com detecção do vírus da Febre Amarela em PNH e Humanos, monitoramento 2024/2025. FONTE:SINAN,SISS-Geo,GAL. Dadosatualizadosaté31/03/2025.Dadossujeitosaalterações.",0,,
Informe Semanal nº 07 - COE Dengue e outras Arboviroses - SE 1 a 13.pdf,7,1,13,2025,2025-03-31,11,0,986,"INFORME SEMANAL No 07
SE 01 a 13/2025 (31/03/2025)
Febre Amarela
Tabela 1. Estados com detecção dovírus da Febre Amarela em PNH e humanos durante o
.
períododemonitoramento 2024/2025
PRIMATAS NÃO-HUMANOS CASOS HUMANOS
REGIÃO UF (LPI)
NOTIFICADOS CONFIRMADOS NOTIFICADOS CONFIRMADOS ÓBITOS LETALIDADE (%)
Norte Acre 2 1
Amapá 4
Amazonas 3
Pará 6 108 43 7 16,3
Rondônia 1 3
Roraima 5 1 5
Tocantins 11 2 8 1 1 100,0
Nordeste Alagoas 7 0
Bahia 17 4
Ceará 3
Maranhão 10
Paraíba 1
Pernambuco 12 1
Piauí 0
Rio Grande do
29 4
Norte
Sergipe 0
Distrito Federal 62 7
Centro- Goiás 35 10
Oeste Mato Grosso 10 8
Mato Grosso do Sul 6
Sudeste Minas Gerais 381 12 41 7 4 71,4
FONTE:SINAN,SISS-Geo,GAL. Dadosatualizadosaté05/03/2025.Dadossujeitosaalterações.
Espírito Santo 39
Rio de Janeiro 46 15
São Paulo 707 55 218 40 23 57,5
Sul Paraná 52 17
Santa Catarina 62 9
Rio Grande do Sul 29 9
TOTAL 1474 70 594 91 35 38,5
FONTE:SINAN,SISS-Geo,GAL. Dadosatualizadosaté31/03/2025.Dadossujeitosaalterações.
11","Febre Amarela Tabela 1. Estados com detecção dovírus da Febre Amarela em PNH e humanos durante o . períododemonitoramento 2024/2025 PRIMATAS NÃO-HUMANOS CASOS HUMANOS REGIÃO UF (LPI) NOTIFICADOS CONFIRMADOS NOTIFICADOS CONFIRMADOS ÓBITOS LETALIDADE (%) Norte Acre 2 1 Amapá 4 Amazonas 3 Pará 6 108 43 7 16,3 Rondônia 1 3 Roraima 5 1 5 Tocantins 11 2 8 1 1 100,0 Nordeste Alagoas 7 0 Bahia 17 4 Ceará 3 Maranhão 10 Paraíba 1 Pernambuco 12 1 Piauí 0 Rio Grande do 29 4 Norte Sergipe 0 Distrito Federal 62 7 Centro- Goiás 35 10 Oeste Mato Grosso 10 8 Mato Grosso do Sul 6 Sudeste Minas Gerais 381 12 41 7 4 71,4 FONTE:SINAN,SISS-Geo,GAL. Dadosatualizadosaté05/03/2025.Dadossujeitosaalterações. Espírito Santo 39 Rio de Janeiro 46 15 São Paulo 707 55 218 40 23 57,5 Sul Paraná 52 17 Santa Catarina 62 9 Rio Grande do Sul 29 9 TOTAL 1474 70 594 91 35 38,5 FONTE:SINAN,SISS-Geo,GAL. Dadosatualizadosaté31/03/2025.Dadossujeitosaalterações.",0,,
Informe Semanal nº 07 - COE Dengue e outras Arboviroses - SE 1 a 13.pdf,7,1,13,2025,2025-03-31,12,0,2410,"INFORME SEMANAL No 07
SE 01 a 13/2025 (31/03/2025)
Ações realizadas
• Reunião da Sala de Situação do DSEI Interior Sul sobre as ações de vigilância e controle
das arboviroses no territórios indígenas do estado do Rio Grande do Sul
• Visita técnica ao estado do Mato Grosso para apoiar as ações de vigilância, assistência e
controle da chikugunya
• Visita técnica ao estado do Amapá para apoiar as ações de vigilância, imunização e
assistência de Febre Amarela
• Visita técnica ao estado do Pará para apoiar as ações de vigilância, imunização e
assistência de Febre Amarela
• Reunião com o Ministerio de Salud de Perú (MINSA) - Experiencias sobre el manejo de la
Fiebre de Oropouche
• Visita técnica para implementação de Ovitrampas em 10 municípios do Estado do Mato
Grosso
• Simulado de Preparação, Vigilância e Resposta em Arboviroses no Estado do Rio Grande
do Sul
• Capacitação sobre manejo integrado de vetores para agentes indígenas (AIS e AISAN) do
território Guarita no estado do Rio Grande do Sul
• Reunião do Comitê Técnico Assessor de Arboviroses (CTA-Arboviroses), com participação
do Ministro da Saúde, membros do CTA e especialistas ad hoc
• Visita técnica para capacitação em novas tecnologias de vigilância entomológica e
controle vetorial, incluindo a estratificação de risco intramunicipal e as Estações
Disseminadoras de Larvicida (EDL), realizada em Recife/PE, com participação de
profissionais dos estados de Pernambuco, Bahia, Ceará e Maranhão.
• Visita técnica para implementação das Estações Disseminadoras de Larvicida (EDL) no
município do Rio de Janeiro/RJ.
• Participação no Oficina de Acolhimento e Integração de Gestores Municipais/2025 no
estado do Rio Grande do Sul
• Reunião com os estados de São Paulo, Rio de Janeiro, Minas Gerais, Paraná para
discussão das ações de vigilância, imunização e assistência de Febre Amarela
• Pactuação das Novas Diretrizes de Prevenção e Controle das Arboviroses Urbanas na
Comissão Intergestores Tripartite – CIT
• Apresentação do cenário nacional de febre amarela no Webinar ""Actualización en Fiebre
Amarilla: Vigilancia y Situación actual en las Américas"", organizado pela OPAS (WDC)
• Reunião para discussão dos casos neurológicos possivelmente associados à infecção pelo
vírus Oropouche do Piauí
• Capacitação sobre manejo integrado de vetores para agentes indígenas (AIS e AISAN) do
território Xukuru do Ororubá no estado do Pernambuco
12","Ações realizadas • Reunião da Sala de Situação do DSEI Interior Sul sobre as ações de vigilância e controle das arboviroses no territórios indígenas do estado do Rio Grande do Sul • Visita técnica ao estado do Mato Grosso para apoiar as ações de vigilância, assistência e controle da chikugunya • Visita técnica ao estado do Amapá para apoiar as ações de vigilância, imunização e assistência de Febre Amarela • Visita técnica ao estado do Pará para apoiar as ações de vigilância, imunização e assistência de Febre Amarela • Reunião com o Ministerio de Salud de Perú (MINSA) - Experiencias sobre el manejo de la Fiebre de Oropouche • Visita técnica para implementação de Ovitrampas em 10 municípios do Estado do Mato Grosso • Simulado de Preparação, Vigilância e Resposta em Arboviroses no Estado do Rio Grande do Sul • Capacitação sobre manejo integrado de vetores para agentes indígenas (AIS e AISAN) do território Guarita no estado do Rio Grande do Sul • Reunião do Comitê Técnico Assessor de Arboviroses (CTA-Arboviroses), com participação do Ministro da Saúde, membros do CTA e especialistas ad hoc • Visita técnica para capacitação em novas tecnologias de vigilância entomológica e controle vetorial, incluindo a estratificação de risco intramunicipal e as Estações Disseminadoras de Larvicida (EDL), realizada em Recife/PE, com participação de profissionais dos estados de Pernambuco, Bahia, Ceará e Maranhão. • Visita técnica para implementação das Estações Disseminadoras de Larvicida (EDL) no município do Rio de Janeiro/RJ. • Participação no Oficina de Acolhimento e Integração de Gestores Municipais/2025 no estado do Rio Grande do Sul • Reunião com os estados de São Paulo, Rio de Janeiro, Minas Gerais, Paraná para discussão das ações de vigilância, imunização e assistência de Febre Amarela • Pactuação das Novas Diretrizes de Prevenção e Controle das Arboviroses Urbanas na Comissão Intergestores Tripartite – CIT • Apresentação do cenário nacional de febre amarela no Webinar ""Actualización en Fiebre Amarilla: Vigilancia y Situación actual en las Américas"", organizado pela OPAS (WDC) • Reunião para discussão dos casos neurológicos possivelmente associados à infecção pelo vírus Oropouche do Piauí • Capacitação sobre manejo integrado de vetores para agentes indígenas (AIS e AISAN) do território Xukuru do Ororubá no estado do Pernambuco",0,,
Informe Semanal nº 07 - COE Dengue e outras Arboviroses - SE 1 a 13.pdf,7,1,13,2025,2025-03-31,13,0,422,"INFORME SEMANAL No 07
SE 01 a 13/2025 (31/03/2025)
Insumos distribuídos
Laboratoriais1
426.624
Sorologia Reações
139.395
Biologia Molecular ZDC Reações
150.000
Biologia Molecular OROV/MAYV Reações
3.996
Biologia Molecular Febre Amarela Reações
Inseticidas2
82.100
Larvicida Kg
5.084
Adulticida para PE Kg
175.780
Adulticida para UBV L
1Dadosatualizadosem 02/04/2025.Fonte:CGLAB.
2Dadosatualizadosem02/04/2025.Fonte:SIES
13",Insumos distribuídos Laboratoriais1 426.624 Sorologia Reações 139.395 Biologia Molecular ZDC Reações 150.000 Biologia Molecular OROV/MAYV Reações 3.996 Biologia Molecular Febre Amarela Reações Inseticidas2 82.100 Larvicida Kg 5.084 Adulticida para PE Kg 175.780 Adulticida para UBV L 1Dadosatualizadosem 02/04/2025.Fonte:CGLAB. 2Dadosatualizadosem02/04/2025.Fonte:SIES,0,,
Informe Semanal nº 07 - COE Dengue e outras Arboviroses - SE 1 a 13.pdf,7,1,13,2025,2025-03-31,14,0,1515,"INFORME SEMANAL No 07
SE 01 a 13/2025 (31/03/2025)
Casos prováveis e incidência (por 100.000 habitantes) de dengue, SE 01 a SE 13, Brasil,
2024 e 2025
Casos prováveis (n) Coeficiente de incidência
Região/UF SE 01 aSE 13 SE 01 aSE 13
2024 2025 2024 2025
Norte
29.401 25.361 169,5 146,2
Rondônia 3.864 935 244,4 59,1
Acre 3.231 8.113 389,3 977,4
Amazonas 5.269 2.893 133,7 73,4
Roraima 135 135 21,2 21,2
Pará 10.254 10.647 126,3 131,2
Amapá 4.822 834 657,4 113,7
Tocantins 1.826 1.804 120,8 119,4
Nordeste 150.035 29.074 274,6 53,2
Maranhão 6.113 2.357 90,2 34,8
Piauí
5.970 2.162 182,6 66,1
Ceará
3.447 2.089 39,2 23,8
Rio Grande do Norte
7.413 2.172 224,5 65,8
Paraíba
6.084 2.450 153,1 61,6
Pernambuco
7.373 5.169 81,4 57,1
Alagoas
3.858 861 123,4 27,5
Sergipe
674 454 30,5 20,5
Bahia 109.103 11.360 771,8 80,4
Sudeste
2.102.492 595.954 2.478,0 702,4
Minas Gerais
1.107.412 87.056 5.391,8 423,9
Espírito Santo
81.997 21.261 2.139,0 554,6
Rio de Janeiro
207.758 16.669 1.294,1 103,8
São Paulo 705.325 470.968 1.587,8 1.060,3
Sul 487.816 84.029 1.629,7 280,7
Paraná 289.308 60.481 2.528,2 528,5
Santa Catarina 121.675 10.456 1.599,0 137,4
Rio Grande do Sul
76.833 13.092 706,2 120,3
Centro-Oeste 410.386 73.360 2.519,6 450,4
Mato Grosso do Sul 9.239 6.670 335,1 242,0
Mato Grosso 17.393 21.407 475,4 585,1
Goiás 163.503 39.498 2.317,5 559,8
Distrito Federal 220.251 5.785 7.818,4 205,4
Brasil
3.180.130 807.778 1.566,1 397,8
FONTE:SinanOn-lineeE-SUS VS(bancodedadosatualizadoem31/03/2025).Dadossujeitosaalteração.
14","Casos prováveis e incidência (por 100.000 habitantes) de dengue, SE 01 a SE 13, Brasil, 2024 e 2025 Casos prováveis (n) Coeficiente de incidência Região/UF SE 01 aSE 13 SE 01 aSE 13 2024 2025 2024 2025 Norte 29.401 25.361 169,5 146,2 Rondônia 3.864 935 244,4 59,1 Acre 3.231 8.113 389,3 977,4 Amazonas 5.269 2.893 133,7 73,4 Roraima 135 135 21,2 21,2 Pará 10.254 10.647 126,3 131,2 Amapá 4.822 834 657,4 113,7 Tocantins 1.826 1.804 120,8 119,4 Nordeste 150.035 29.074 274,6 53,2 Maranhão 6.113 2.357 90,2 34,8 Piauí 5.970 2.162 182,6 66,1 Ceará 3.447 2.089 39,2 23,8 Rio Grande do Norte 7.413 2.172 224,5 65,8 Paraíba 6.084 2.450 153,1 61,6 Pernambuco 7.373 5.169 81,4 57,1 Alagoas 3.858 861 123,4 27,5 Sergipe 674 454 30,5 20,5 Bahia 109.103 11.360 771,8 80,4 Sudeste 2.102.492 595.954 2.478,0 702,4 Minas Gerais 1.107.412 87.056 5.391,8 423,9 Espírito Santo 81.997 21.261 2.139,0 554,6 Rio de Janeiro 207.758 16.669 1.294,1 103,8 São Paulo 705.325 470.968 1.587,8 1.060,3 Sul 487.816 84.029 1.629,7 280,7 Paraná 289.308 60.481 2.528,2 528,5 Santa Catarina 121.675 10.456 1.599,0 137,4 Rio Grande do Sul 76.833 13.092 706,2 120,3 Centro-Oeste 410.386 73.360 2.519,6 450,4 Mato Grosso do Sul 9.239 6.670 335,1 242,0 Mato Grosso 17.393 21.407 475,4 585,1 Goiás 163.503 39.498 2.317,5 559,8 Distrito Federal 220.251 5.785 7.818,4 205,4 Brasil 3.180.130 807.778 1.566,1 397,8 FONTE:SinanOn-lineeE-SUS VS(bancodedadosatualizadoem31/03/2025).Dadossujeitosaalteração.",1,tabela,"Casos prováveis e incidência (por 100.000 habitantes) de dengue, SE 01 a SE 13, Brasil, 2024 e 2025 Casos prováveis (n) Coeficiente de incidência Região/UF SE 01 aSE 13 SE 01 aSE 13 2024 2025 2024 2025 Norte 29.401 25.361 169,5 146,2 Rondônia 3.864 935 244,4 59,1 Acre 3.231 8.113 389,3 977,4 Amazonas 5.269 2.893 133,7 73,4 Roraima 135 135 21,2 21,2 Pará 10.254 10.647 126,3 131,2 Amapá 4.822 834 657,4 113,7 Tocantins 1.826 1.804 120,8 119,4 Nordeste 150.035 29.074 274,6 53,2 Maranhão 6.113 2.357 90,2 34,8 Piauí 5.970 2.162 182,6 66,1 Ceará 3.447 2.089 39,2 23,8 Rio Grande do Norte 7.413 2.172 224,5 65,8 Paraíba 6.084 2.450 153,1 61,6 Pernambuco 7.373 5.169 81,4 57,1 Alagoas 3.858 861 123,4 27,5 Sergipe 674 454 30,5 20,5 Bahia 109.103 11.360 771,8 80,4 Sudeste 2.102.492 595.954 2.478,0 702,4 Minas Gerais 1.107.412 87.056 5.391,8 423,9 Espírito Santo 81.997 21.261 2.139,0 554,6 Rio de Janeiro 207.758 16.669 1.294,1 103,8 São Paulo 705.325 470.968 1.587,8 1.060,3 Sul 487.816 84.029 1.629,7 280,7 Paraná 289.308 60.481 2.528,2 528,5 Santa Catarina 121.675 10.456 1.599,0 137,4 Rio Grande do Sul 76.833 13.092 706,2 120,3 Centro-Oeste 410.386 73.360 2.519,6 450,4 Mato Grosso do Sul 9.239 6.670 335,1 242,0 Mato Grosso 17.393 21.407 475,4 585,1 Goiás 163.503 39.498 2.317,5 559,8 Distrito Federal 220.251 5.785 7.818,4 205,4 Brasil 3.180.130 807.778 1.566,1 397,8 FONTE:SinanOn-lineeE-SUS VS(bancodedadosatualizadoem31/03/2025).Dadossujeitosaalteração."
Informe Semanal nº 07 - COE Dengue e outras Arboviroses - SE 1 a 13.pdf,7,1,13,2025,2025-03-31,15,0,1133,"INFORME SEMANAL No 07
SE 01 a 13/2025 (31/03/2025)
Número de casos de dengue grave e dengue com sinais de alarme, SE 01 a SE 13,
Brasil, 2024 e 2025
Dengue grave (n) Dengue com sinais de alarme (n)
SE 01 aSE 13 SE 01 aSE 13
Região/UF
2024 2025 2024 2025
Norte 37 22 376 203
Rondônia
2 1 17 8
Acre
2 1 5 25
Amazonas
9 1 56 6
Roraima
0 1 1 1
Pará
18 16 181 145
Amapá
4 2 83 14
Tocantins
2 0 33 4
Nordeste
249 26 3.017 277
Maranhão
8 2 104 14
Piauí
14 7 165 40
Ceará
3 0 42 10
Rio Grande do Norte
8 1 64 12
Paraíba
4 0 94 5
Pernambuco
5 1 46 15
Alagoas
4 2 61 10
Sergipe
3 1 20 8
Bahia
200 12 2421 163
Sudeste
2.187 627 21.867 8.466
Minas Gerais
1.087 85 10.170 869
Espírito Santo
67 5 1.426 259
Rio de Janeiro
154 12 2.996 210
São Paulo
879 525 7.275 7.128
Sul
596 67 9.076 1.159
Paraná
307 57 5.507 1.001
Santa Catarina
131 5 2.641 57
Rio Grande do Sul
158 5 928 101
Centro-Oeste
710 86 12.269 1.343
Mato Grosso do Sul
14 9 200 145
Mato Grosso
35 22 407 154
Goiás
278 55 3135 1033
Distrito Federal
383 0 8527 11
Brasil
3.779 828 46.605 11.448
FONTE:SinanOn-lineeE-SUS VS(bancodedadosatualizadoem31/03/2025).Dadossujeitosaalteração.
15","Número de casos de dengue grave e dengue com sinais de alarme, SE 01 a SE 13, Brasil, 2024 e 2025 Dengue grave (n) Dengue com sinais de alarme (n) SE 01 aSE 13 SE 01 aSE 13 Região/UF 2024 2025 2024 2025 Norte 37 22 376 203 Rondônia 2 1 17 8 Acre 2 1 5 25 Amazonas 9 1 56 6 Roraima 0 1 1 1 Pará 18 16 181 145 Amapá 4 2 83 14 Tocantins 2 0 33 4 Nordeste 249 26 3.017 277 Maranhão 8 2 104 14 Piauí 14 7 165 40 Ceará 3 0 42 10 Rio Grande do Norte 8 1 64 12 Paraíba 4 0 94 5 Pernambuco 5 1 46 15 Alagoas 4 2 61 10 Sergipe 3 1 20 8 Bahia 200 12 2421 163 Sudeste 2.187 627 21.867 8.466 Minas Gerais 1.087 85 10.170 869 Espírito Santo 67 5 1.426 259 Rio de Janeiro 154 12 2.996 210 São Paulo 879 525 7.275 7.128 Sul 596 67 9.076 1.159 Paraná 307 57 5.507 1.001 Santa Catarina 131 5 2.641 57 Rio Grande do Sul 158 5 928 101 Centro-Oeste 710 86 12.269 1.343 Mato Grosso do Sul 14 9 200 145 Mato Grosso 35 22 407 154 Goiás 278 55 3135 1033 Distrito Federal 383 0 8527 11 Brasil 3.779 828 46.605 11.448 FONTE:SinanOn-lineeE-SUS VS(bancodedadosatualizadoem31/03/2025).Dadossujeitosaalteração.",1,tabela,"Número de casos de dengue grave e dengue com sinais de alarme, SE 01 a SE 13, Brasil, 2024 e 2025 Dengue grave (n) Dengue com sinais de alarme (n) SE 01 aSE 13 SE 01 aSE 13 Região/UF 2024 2025 2024 2025 Norte 37 22 376 203 Rondônia 2 1 17 8 Acre 2 1 5 25 Amazonas 9 1 56 6 Roraima 0 1 1 1 Pará 18 16 181 145 Amapá 4 2 83 14 Tocantins 2 0 33 4 Nordeste 249 26 3.017 277 Maranhão 8 2 104 14 Piauí 14 7 165 40 Ceará 3 0 42 10 Rio Grande do Norte 8 1 64 12 Paraíba 4 0 94 5 Pernambuco 5 1 46 15 Alagoas 4 2 61 10 Sergipe 3 1 20 8 Bahia 200 12 2421 163 Sudeste 2.187 627 21.867 8.466 Minas Gerais 1.087 85 10.170 869 Espírito Santo 67 5 1.426 259 Rio de Janeiro 154 12 2.996 210 São Paulo 879 525 7.275 7.128 Sul 596 67 9.076 1.159 Paraná 307 57 5.507 1.001 Santa Catarina 131 5 2.641 57 Rio Grande do Sul 158 5 928 101 Centro-Oeste 710 86 12.269 1.343 Mato Grosso do Sul 14 9 200 145 Mato Grosso 35 22 407 154 Goiás 278 55 3135 1033 Distrito Federal 383 0 8527 11 Brasil 3.779 828 46.605 11.448 FONTE:SinanOn-lineeE-SUS VS(bancodedadosatualizadoem31/03/2025).Dadossujeitosaalteração."
Informe Semanal nº 07 - COE Dengue e outras Arboviroses - SE 1 a 13.pdf,7,1,13,2025,2025-03-31,16,0,1329,"INFORME SEMANAL No 07
SE 01 a 13/2025 (31/03/2025)
Número de óbitos confirmados, letalidade e óbitos em investigação por dengue, SE 01
a SE 13, Brasil, 2024 e 2025
Óbitos confirmados (n) Taxa de Letalidade Óbitos em Investigação
Região/UF SE 01 aSE 13 SE 01 aSE 13 SE 01 aSE 13
2024 2025 2024 2025 2024 2025
Norte 16 21 3,9 9,3 0 7
Rondônia
4 0 21,1 0,0 0 0
Acre
0 3 0,0 0,0 0 1
Amazonas
4 1 6,2 14,3 0 0
Roraima
0 1 0,0 0,0 0 0
Pará
3 14 1,5 0,0 0 5
Amapá
4 2 4,6 0,0 0 1
Tocantins
1 0 2,9 0,0 0 0
Nordeste
113 9 3,5 3,0 12 29
Maranhão 4 0 3,6 0,0 1 7
Piauí
8 1 4,5 0,0 0 0
Ceará
1 0 2,2 0,0 0 0
Rio Grande do Norte 2 0 2,8 0,0 1 0
Paraíba
4 1 4,1 0,0 0 1
Pernambuco
6 0 11,8 0,0 2 10
Alagoas
2 0 3,1 0,0 0 1
Sergipe
3 1 13,0 0,0 0 0
Bahia
83 6 3,2 3,4 8 10
Sudeste
1.710 360 7,1 4,0 175 554
Minas Gerais
765 28 6,8 2,9 171 67
Espírito Santo
28 0 1,9 0,0 0 10
Rio de Janeiro
150 6 4,8 2,7 0 3
São Paulo
767 326 9,4 4,3 4 474
Sul
596 27 6,2 2,2 1 53
Paraná
361 24 6,2 2,3 0 46
Santa Catarina
137 2 4,9 0,0 0 4
Rio Grande do Sul
98 1 9,0 0,9 1 3
Centro-Oeste
585 34 4,5 2,4 8 61
Mato Grosso do Sul
13 6 6,1 0,0 6 6
Mato Grosso
12 10 2,7 5,7 1 8
Goiás
206 18 6,0 1,7 1 43
Distrito Federal
354 0 4,0 0,0 0 4
Brasil
3.020 451 6,0 3,7 215 704
FONTE:SinanOn-lineeE-SUS VS(bancodedadosatualizadoem31/03/2025).Dadossujeitosaalteração.
16","Número de óbitos confirmados, letalidade e óbitos em investigação por dengue, SE 01 a SE 13, Brasil, 2024 e 2025 Óbitos confirmados (n) Taxa de Letalidade Óbitos em Investigação Região/UF SE 01 aSE 13 SE 01 aSE 13 SE 01 aSE 13 2024 2025 2024 2025 2024 2025 Norte 16 21 3,9 9,3 0 7 Rondônia 4 0 21,1 0,0 0 0 Acre 0 3 0,0 0,0 0 1 Amazonas 4 1 6,2 14,3 0 0 Roraima 0 1 0,0 0,0 0 0 Pará 3 14 1,5 0,0 0 5 Amapá 4 2 4,6 0,0 0 1 Tocantins 1 0 2,9 0,0 0 0 Nordeste 113 9 3,5 3,0 12 29 Maranhão 4 0 3,6 0,0 1 7 Piauí 8 1 4,5 0,0 0 0 Ceará 1 0 2,2 0,0 0 0 Rio Grande do Norte 2 0 2,8 0,0 1 0 Paraíba 4 1 4,1 0,0 0 1 Pernambuco 6 0 11,8 0,0 2 10 Alagoas 2 0 3,1 0,0 0 1 Sergipe 3 1 13,0 0,0 0 0 Bahia 83 6 3,2 3,4 8 10 Sudeste 1.710 360 7,1 4,0 175 554 Minas Gerais 765 28 6,8 2,9 171 67 Espírito Santo 28 0 1,9 0,0 0 10 Rio de Janeiro 150 6 4,8 2,7 0 3 São Paulo 767 326 9,4 4,3 4 474 Sul 596 27 6,2 2,2 1 53 Paraná 361 24 6,2 2,3 0 46 Santa Catarina 137 2 4,9 0,0 0 4 Rio Grande do Sul 98 1 9,0 0,9 1 3 Centro-Oeste 585 34 4,5 2,4 8 61 Mato Grosso do Sul 13 6 6,1 0,0 6 6 Mato Grosso 12 10 2,7 5,7 1 8 Goiás 206 18 6,0 1,7 1 43 Distrito Federal 354 0 4,0 0,0 0 4 Brasil 3.020 451 6,0 3,7 215 704 FONTE:SinanOn-lineeE-SUS VS(bancodedadosatualizadoem31/03/2025).Dadossujeitosaalteração.",1,tabela,"Número de óbitos confirmados, letalidade e óbitos em investigação por dengue, SE 01 a SE 13, Brasil, 2024 e 2025 Óbitos confirmados (n) Taxa de Letalidade Óbitos em Investigação Região/UF SE 01 aSE 13 SE 01 aSE 13 SE 01 aSE 13 2024 2025 2024 2025 2024 2025 Norte 16 21 3,9 9,3 0 7 Rondônia 4 0 21,1 0,0 0 0 Acre 0 3 0,0 0,0 0 1 Amazonas 4 1 6,2 14,3 0 0 Roraima 0 1 0,0 0,0 0 0 Pará 3 14 1,5 0,0 0 5 Amapá 4 2 4,6 0,0 0 1 Tocantins 1 0 2,9 0,0 0 0 Nordeste 113 9 3,5 3,0 12 29 Maranhão 4 0 3,6 0,0 1 7 Piauí 8 1 4,5 0,0 0 0 Ceará 1 0 2,2 0,0 0 0 Rio Grande do Norte 2 0 2,8 0,0 1 0 Paraíba 4 1 4,1 0,0 0 1 Pernambuco 6 0 11,8 0,0 2 10 Alagoas 2 0 3,1 0,0 0 1 Sergipe 3 1 13,0 0,0 0 0 Bahia 83 6 3,2 3,4 8 10 Sudeste 1.710 360 7,1 4,0 175 554 Minas Gerais 765 28 6,8 2,9 171 67 Espírito Santo 28 0 1,9 0,0 0 10 Rio de Janeiro 150 6 4,8 2,7 0 3 São Paulo 767 326 9,4 4,3 4 474 Sul 596 27 6,2 2,2 1 53 Paraná 361 24 6,2 2,3 0 46 Santa Catarina 137 2 4,9 0,0 0 4 Rio Grande do Sul 98 1 9,0 0,9 1 3 Centro-Oeste 585 34 4,5 2,4 8 61 Mato Grosso do Sul 13 6 6,1 0,0 6 6 Mato Grosso 12 10 2,7 5,7 1 8 Goiás 206 18 6,0 1,7 1 43 Distrito Federal 354 0 4,0 0,0 0 4 Brasil 3.020 451 6,0 3,7 215 704 FONTE:SinanOn-lineeE-SUS VS(bancodedadosatualizadoem31/03/2025).Dadossujeitosaalteração."
Informe Semanal nº 07 - COE Dengue e outras Arboviroses - SE 1 a 13.pdf,7,1,13,2025,2025-03-31,17,0,1299,"INFORME SEMANAL No 07
SE 01 a 13/2025 (31/03/2025)
Casos prováveis e incidência (por 100.000 habitantes) de chikungunya, SE 01 a SE 13,
Brasil, 2024 e 2025
Casos Prováveis (n) Coeficiente de Incidência
Região/UF SE 01 aSE 13 SE 01 aSE 13
2024 2025 2024 2025
Norte
1.215 1.693 7,0 9,8
Rondônia
155 879 9,8 55,6
Acre
140 265 16,9 31,9
Amazonas
31 66 0,8 1,7
Roraima
8 19 1,3 3,0
Pará
477 261 5,9 3,2
Amapá
144 16 19,6 2,2
Tocantins
260 187 17,2 12,4
Nordeste
14.128 2.932 25,9 5,4
Maranhão
462 179 6,8 2,6
Piauí
376 90 11,5 2,8
Ceará
360 278 4,1 3,2
Rio Grande do Norte
1.219 529 36,9 16,0
Paraíba
781 308 19,7 7,7
Pernambuco
1.457 751 16,1 8,3
Alagoas
164 53 5,2 1,7
Sergipe
206 43 9,3 1,9
Bahia
9.103 701 64,4 5,0
Sudeste
132.487 15.894 156,1 18,7
Minas Gerais
121.338 6.999 590,8 34,1
Espírito Santo
5.419 1.276 141,4 33,3
Rio de Janeiro
1.936 957 12,1 6,0
São Paulo
3.794 6.662 8,5 15,0
Sul
424 3.470 1,4 11,6
Paraná
231 2.872 2,0 25,1
Santa Catarina
56 420 0,7 5,5
Rio Grande do Sul
137 178 1,3 1,6
Centro-Oeste
13.399 32.444 82,3 199,2
Mato Grosso do Sul
1.049 4.639 38,1 168,3
Mato Grosso
6.685 27.166 182,7 742,5
Goiás
5.481 543 77,7 7,7
Distrito Federal
184 96 6,5 3,4
Brasil
161.653 56.433 79,6 27,8
FONTE:SinanOn-lineeE-SUS VS(bancodedadosatualizadoem31/03/2025).Dadossujeitosaalteração.
17","Casos prováveis e incidência (por 100.000 habitantes) de chikungunya, SE 01 a SE 13, Brasil, 2024 e 2025 Casos Prováveis (n) Coeficiente de Incidência Região/UF SE 01 aSE 13 SE 01 aSE 13 2024 2025 2024 2025 Norte 1.215 1.693 7,0 9,8 Rondônia 155 879 9,8 55,6 Acre 140 265 16,9 31,9 Amazonas 31 66 0,8 1,7 Roraima 8 19 1,3 3,0 Pará 477 261 5,9 3,2 Amapá 144 16 19,6 2,2 Tocantins 260 187 17,2 12,4 Nordeste 14.128 2.932 25,9 5,4 Maranhão 462 179 6,8 2,6 Piauí 376 90 11,5 2,8 Ceará 360 278 4,1 3,2 Rio Grande do Norte 1.219 529 36,9 16,0 Paraíba 781 308 19,7 7,7 Pernambuco 1.457 751 16,1 8,3 Alagoas 164 53 5,2 1,7 Sergipe 206 43 9,3 1,9 Bahia 9.103 701 64,4 5,0 Sudeste 132.487 15.894 156,1 18,7 Minas Gerais 121.338 6.999 590,8 34,1 Espírito Santo 5.419 1.276 141,4 33,3 Rio de Janeiro 1.936 957 12,1 6,0 São Paulo 3.794 6.662 8,5 15,0 Sul 424 3.470 1,4 11,6 Paraná 231 2.872 2,0 25,1 Santa Catarina 56 420 0,7 5,5 Rio Grande do Sul 137 178 1,3 1,6 Centro-Oeste 13.399 32.444 82,3 199,2 Mato Grosso do Sul 1.049 4.639 38,1 168,3 Mato Grosso 6.685 27.166 182,7 742,5 Goiás 5.481 543 77,7 7,7 Distrito Federal 184 96 6,5 3,4 Brasil 161.653 56.433 79,6 27,8 FONTE:SinanOn-lineeE-SUS VS(bancodedadosatualizadoem31/03/2025).Dadossujeitosaalteração.",0,,
Informe Semanal nº 07 - COE Dengue e outras Arboviroses - SE 1 a 13.pdf,7,1,13,2025,2025-03-31,18,0,957,"INFORME SEMANAL No 07
SE 01 a 13/2025 (31/03/2025)
Número de óbitos confirmados e óbitos em investigação de chikungunya, SE 01 a SE
13, Brasil, 2024 e 2025
Óbitos confirmados Óbitos em Investigação
Região/UF SE 01 aSE 13 SE 01 aSE 13
2024 2025 2024 2025
Norte
1 0 0 0
Rondônia
0 0 0 0
Acre
0 0 0 0
Amazonas
0 0 0 0
Roraima
0 0 0 0
Pará
0 0 0 0
Amapá
1 0 0 0
Tocantins
0 0 0 0
Nordeste
16 1 4 11
Maranhão
1 0 1 3
Piauí
0 0 0 0
Ceará
0 0 0 0
Rio Grande do Norte
1 0 0 0
Paraíba
4 0 0 1
Pernambuco
1 0 2 6
Alagoas
0 0 0 0
Sergipe
1 0 0 0
Bahia
8 1 1 1
Sudeste
109 8 13 17
Minas Gerais
98 2 11 1
Espírito Santo
4 0 0 2
Rio de Janeiro
2 2 0 2
São Paulo
5 4 2 12
Sul
0 1 0 2
Paraná
0 0 0 1
Santa Catarina
0 1 0 1
Rio Grande do Sul
0 0 0 0
Centro-Oeste
18 38 6 21
Mato Grosso do Sul
1 1 1 2
Mato Grosso
6 37 1 17
Goiás
11 0 2 2
Distrito Federal
0 0 2 0
Brasil
144 48 23 51
FONTE:SinanOn-lineeE-SUS VS(bancodedadosatualizadoem31/03/2025).Dadossujeitosaalteração.
18","Número de óbitos confirmados e óbitos em investigação de chikungunya, SE 01 a SE 13, Brasil, 2024 e 2025 Óbitos confirmados Óbitos em Investigação Região/UF SE 01 aSE 13 SE 01 aSE 13 2024 2025 2024 2025 Norte 1 0 0 0 Rondônia 0 0 0 0 Acre 0 0 0 0 Amazonas 0 0 0 0 Roraima 0 0 0 0 Pará 0 0 0 0 Amapá 1 0 0 0 Tocantins 0 0 0 0 Nordeste 16 1 4 11 Maranhão 1 0 1 3 Piauí 0 0 0 0 Ceará 0 0 0 0 Rio Grande do Norte 1 0 0 0 Paraíba 4 0 0 1 Pernambuco 1 0 2 6 Alagoas 0 0 0 0 Sergipe 1 0 0 0 Bahia 8 1 1 1 Sudeste 109 8 13 17 Minas Gerais 98 2 11 1 Espírito Santo 4 0 0 2 Rio de Janeiro 2 2 0 2 São Paulo 5 4 2 12 Sul 0 1 0 2 Paraná 0 0 0 1 Santa Catarina 0 1 0 1 Rio Grande do Sul 0 0 0 0 Centro-Oeste 18 38 6 21 Mato Grosso do Sul 1 1 1 2 Mato Grosso 6 37 1 17 Goiás 11 0 2 2 Distrito Federal 0 0 2 0 Brasil 144 48 23 51 FONTE:SinanOn-lineeE-SUS VS(bancodedadosatualizadoem31/03/2025).Dadossujeitosaalteração.",0,,
Informe Semanal nº 07 - COE Dengue e outras Arboviroses - SE 1 a 13.pdf,7,1,13,2025,2025-03-31,19,0,1138,"INFORME SEMANAL No 07
SE 01 a 13/2025 (31/03/2025)
Casos prováveis e incidência (por 100.000 habitantes) de Zika, SE 01 a SE 12, Brasil,
2024 e 2025.
Casos Prováveis Coeficiente de Incidência
Região/UF SE 01 aSE 12 SE 01 aSE 12
2024 2025 2024 2025
Norte 255 342 1,5 2,0
Rondônia 62 9 3,9 0,6
Acre 45 170 5,4 20,5
Amazonas 42 13 1,1 0,3
Roraima 3 4 0,5 0,6
Pará 31 69 0,4 0,9
Amapá 53 3 7,2 0,4
Tocantins 19 74 1,3 4,9
Nordeste 1.598 410 2,9 0,8
Maranhão 125 67 1,8 1,0
Piauí 3 3 0,1 0,1
Ceará 75 32 0,9 0,4
Rio Grande do
Norte 614 149 18,6 4,5
Paraíba 42 5 1,1 0,1
Pernambuco 49 37 0,5 0,4
Alagoas 27 9 0,9 0,23
Sergipe 15 6 0,7 0,3
Bahia 648 102 4,6 0,7
Sudeste 265 179 0,3 0,2
Minas Gerais 119 17 0,6 0,1
Espírito Santo 56 2 1,5 0,1
Rio de Janeiro 1 2 0,0 0,0
São Paulo 89 158 0,2 0,4
Sul 17 9 0,1 0,0
Paraná 5 6 0,0 0,1
Santa Catarina 4 2 0,1 0,0
Rio Grande do
Sul 8 1 0,1 0,0
Centro-Oeste 227 778 1,4 4,8
Mato Grosso do
Sul 43 42 1,6 1,5
Mato Grosso 138 712 3,8 19,5
Goiás 37 23 0,5 0,3
Distrito Federal 9 1 0,3 0,0
Brasil 2.362 1.810 1,2 0,9
FONTE:SinanOn-lineeE-SUS VS(bancodedadosatualizadoem24/03/2025).Dadossujeitosaalteração.
19","Casos prováveis e incidência (por 100.000 habitantes) de Zika, SE 01 a SE 12, Brasil, 2024 e 2025. Casos Prováveis Coeficiente de Incidência Região/UF SE 01 aSE 12 SE 01 aSE 12 2024 2025 2024 2025 Norte 255 342 1,5 2,0 Rondônia 62 9 3,9 0,6 Acre 45 170 5,4 20,5 Amazonas 42 13 1,1 0,3 Roraima 3 4 0,5 0,6 Pará 31 69 0,4 0,9 Amapá 53 3 7,2 0,4 Tocantins 19 74 1,3 4,9 Nordeste 1.598 410 2,9 0,8 Maranhão 125 67 1,8 1,0 Piauí 3 3 0,1 0,1 Ceará 75 32 0,9 0,4 Rio Grande do Norte 614 149 18,6 4,5 Paraíba 42 5 1,1 0,1 Pernambuco 49 37 0,5 0,4 Alagoas 27 9 0,9 0,23 Sergipe 15 6 0,7 0,3 Bahia 648 102 4,6 0,7 Sudeste 265 179 0,3 0,2 Minas Gerais 119 17 0,6 0,1 Espírito Santo 56 2 1,5 0,1 Rio de Janeiro 1 2 0,0 0,0 São Paulo 89 158 0,2 0,4 Sul 17 9 0,1 0,0 Paraná 5 6 0,0 0,1 Santa Catarina 4 2 0,1 0,0 Rio Grande do Sul 8 1 0,1 0,0 Centro-Oeste 227 778 1,4 4,8 Mato Grosso do Sul 43 42 1,6 1,5 Mato Grosso 138 712 3,8 19,5 Goiás 37 23 0,5 0,3 Distrito Federal 9 1 0,3 0,0 Brasil 2.362 1.810 1,2 0,9 FONTE:SinanOn-lineeE-SUS VS(bancodedadosatualizadoem24/03/2025).Dadossujeitosaalteração.",0,,
Informe Semanal nº 07 - COE Dengue e outras Arboviroses - SE 1 a 13.pdf,7,1,13,2025,2025-03-31,20,0,875,"INFORME SEMANAL No 07
SE 01 a 13/2025 (31/03/2025)
CASOS CONFIRMADOS DE OROPOUCHE POR UF DE LOCAL PROVÁVEL DE INFECÇÃO,
BRASIL, 2024 E 2025.
Casos de Oropouche
Região/UF
2024 2025
SE 01 a SE 13 SE 01 a SE 13
Norte 4.824 32
Rondônia 1.560 1*
Acre 264 0
Amazonas 2.885 0
Roraima 7 1
Pará 103 0
Amapá 4 29
Tocantins 1 1*
Nordeste 119 718
Maranhão 7 0
Piauí 15 0
Ceará 0 123
Rio Grande do Norte 0 0
Paraíba 0 593
Pernambuco 0 0
Alagoas 0 0
Sergipe 0 0
Bahia 97 2
Sudeste 57 6.570
Minas Gerais 24 196
Espírito Santo 1 5.354
Rio de Janeiro 32 1.016
São Paulo 0 4*
Sul 35 0
Paraná 0 0
Santa Catarina 35 0
Rio Grande do Sul 0 0
Centro-Oeste 1 0
Mato Grosso do Sul 0 0
*LPI em investigação.
Mato Grosso 1 0
Goiás 0 0
Distrito Federal 0 0
Brasil 5.036 7.320
* LPI em investigação
FONTE:GerenciadordeAmbiente Laboratorial(GAL). Dadosatualizadosaté31/03/2025.Dadossujeitosaalterações.
20","CASOS CONFIRMADOS DE OROPOUCHE POR UF DE LOCAL PROVÁVEL DE INFECÇÃO, BRASIL, 2024 E 2025. Casos de Oropouche Região/UF 2024 2025 SE 01 a SE 13 SE 01 a SE 13 Norte 4.824 32 Rondônia 1.560 1* Acre 264 0 Amazonas 2.885 0 Roraima 7 1 Pará 103 0 Amapá 4 29 Tocantins 1 1* Nordeste 119 718 Maranhão 7 0 Piauí 15 0 Ceará 0 123 Rio Grande do Norte 0 0 Paraíba 0 593 Pernambuco 0 0 Alagoas 0 0 Sergipe 0 0 Bahia 97 2 Sudeste 57 6.570 Minas Gerais 24 196 Espírito Santo 1 5.354 Rio de Janeiro 32 1.016 São Paulo 0 4* Sul 35 0 Paraná 0 0 Santa Catarina 35 0 Rio Grande do Sul 0 0 Centro-Oeste 1 0 Mato Grosso do Sul 0 0 *LPI em investigação. Mato Grosso 1 0 Goiás 0 0 Distrito Federal 0 0 Brasil 5.036 7.320 * LPI em investigação FONTE:GerenciadordeAmbiente Laboratorial(GAL). Dadosatualizadosaté31/03/2025.Dadossujeitosaalterações.",0,,
Informe Semanal nº 08 - COE Dengue e outras Arboviroses - SE 1 a 13.pdf,8,1,14,2025,2025-04-07,1,0,41,"SE 01 a 14/2025
No 08
11 de abril de 2025",SE 01 a 14/2025 No 08 11 de abril de 2025,0,,
Informe Semanal nº 08 - COE Dengue e outras Arboviroses - SE 1 a 13.pdf,8,1,14,2025,2025-04-07,2,0,2137,"INFORME SEMANAL No 08
SE 01 a 14/2025 (07/04/2025)
Introdução
Os dados de dengue, chikungunya, e Oropouche apresentados neste
Informe referem-se às semanas epidemiológicas (SE) 01 a 14 de 2025 (que
correspondem ao período entre 29/12/24 e 07/04/2025). Para Zika, os dados
apresentados são do período da SE 01 a SE 13 de 2025 (que se estende de
29/12/24 a 29/03/2025). Os dados são comparados aos dados do mesmo
período de 2024. Para febre amarela, os dados referem-se ao
monitoramento 2024/2025 (julho/2024 a junho/2025), atualizados até
07/04/2025. Os dados detalhados das arboviroses dos anos de 2023 a 2025
podem ser acessados em: https://www.gov.br/saude/pt-br/assuntos/saude-
de-a-a-z/a/aedes-aegypti/monitoramento-das-arboviroses.
Situação Epidemiológica
Dengue
Nas SE 01 a 14 de 2025, foram notificados 896.680 casos prováveis de
dengue, correspondendo a um coeficiente de incidência de 441,6 casos/100
mil habitantes. Quando comparado com o mesmo período de 2024,
observa-se uma redução de 75,1% no número de casos prováveis.
As Regiões Geográficas que apresentam os maiores coeficientes de
incidência são Sudeste, Centro-Oeste e Sul. Entre as Unidades Federativas
(UF), São Paulo, Acre e Mato Grosso apresentam as maiores incidências.
Os maiores números de casos graves concentram-se nas regiões
Sudeste, Centro-Oeste e Sul. Os óbitos concentram-se na região Sudeste.
Foram confirmados 536 óbitos no período, e 727 estão em investigação.
Foi identificada a circulação dos quatro sorotipos do vírus dengue
(DENV-1, DENV-2, DENV-3 e DENV-4), com aumento da proporção de DENV-
3 desde o último trimestre de 2024. DENV-4 (vírus selvagem) foi detectado em
uma amostra de Minas Gerais. Outras detecções de DENV-4 em Minas
Gerais, Mato Grosso do Sul e Roraima estão em análise.
O coeficiente de incidência de dengue no Brasil encontra-se dentro do
canal endêmico do diagrama de controle, considerando a série histórica. No
entanto, a estimativa nowcasting indica tendência de alta no número de
casos, acima do limite esperado para o período.
Fonte: Sinan On-line (banco de dados atualizado em 07/04/2025). Dados sujeitos a alteração.
2","Introdução Os dados de dengue, chikungunya, e Oropouche apresentados neste Informe referem-se às semanas epidemiológicas (SE) 01 a 14 de 2025 (que correspondem ao período entre 29/12/24 e 07/04/2025). Para Zika, os dados apresentados são do período da SE 01 a SE 13 de 2025 (que se estende de 29/12/24 a 29/03/2025). Os dados são comparados aos dados do mesmo período de 2024. Para febre amarela, os dados referem-se ao monitoramento 2024/2025 (julho/2024 a junho/2025), atualizados até 07/04/2025. Os dados detalhados das arboviroses dos anos de 2023 a 2025 podem ser acessados em: https://www.gov.br/saude/pt-br/assuntos/saudede-a-a-z/a/aedes-aegypti/monitoramento-das-arboviroses. Situação Epidemiológica Dengue Nas SE 01 a 14 de 2025, foram notificados 896.680 casos prováveis de dengue, correspondendo a um coeficiente de incidência de 441,6 casos/100 mil habitantes. Quando comparado com o mesmo período de 2024, observa-se uma redução de 75,1% no número de casos prováveis. As Regiões Geográficas que apresentam os maiores coeficientes de incidência são Sudeste, Centro-Oeste e Sul. Entre as Unidades Federativas (UF), São Paulo, Acre e Mato Grosso apresentam as maiores incidências. Os maiores números de casos graves concentram-se nas regiões Sudeste, Centro-Oeste e Sul. Os óbitos concentram-se na região Sudeste. Foram confirmados 536 óbitos no período, e 727 estão em investigação. Foi identificada a circulação dos quatro sorotipos do vírus dengue (DENV-1, DENV-2, DENV-3 e DENV-4), com aumento da proporção de DENV3 desde o último trimestre de 2024. DENV-4 (vírus selvagem) foi detectado em uma amostra de Minas Gerais. Outras detecções de DENV-4 em Minas Gerais, Mato Grosso do Sul e Roraima estão em análise. O coeficiente de incidência de dengue no Brasil encontra-se dentro do canal endêmico do diagrama de controle, considerando a série histórica. No entanto, a estimativa nowcasting indica tendência de alta no número de casos, acima do limite esperado para o período. Fonte: Sinan On-line (banco de dados atualizado em 07/04/2025). Dados sujeitos a alteração.",1,narrativa,"Dengue Nas SE 01 a 14 de 2025, foram notificados 896.680 casos prováveis de dengue, correspondendo a um coeficiente de incidência de 441,6 casos/100 mil habitantes. Quando comparado com o mesmo período de 2024, observa-se uma redução de 75,1% no número de casos prováveis. As Regiões Geográficas que apresentam os maiores coeficientes de incidência são Sudeste, Centro-Oeste e Sul. Entre as Unidades Federativas (UF), São Paulo, Acre e Mato Grosso apresentam as maiores incidências. Os maiores números de casos graves concentram-se nas regiões Sudeste, Centro-Oeste e Sul. Os óbitos concentram-se na região Sudeste. Foram confirmados 536 óbitos no período, e 727 estão em investigação. Foi identificada a circulação dos quatro sorotipos do vírus dengue (DENV-1, DENV-2, DENV-3 e DENV-4), com aumento da proporção de DENV3 desde o último trimestre de 2024. DENV-4 (vírus selvagem) foi detectado em uma amostra de Minas Gerais. Outras detecções de DENV-4 em Minas Gerais, Mato Grosso do Sul e Roraima estão em análise. O coeficiente de incidência de dengue no Brasil encontra-se dentro do canal endêmico do diagrama de controle, considerando a série histórica. No entanto, a estimativa nowcasting indica tendência de alta no número de casos, acima do limite esperado para o período. Fonte: Sinan On-line (banco de dados atualizado em 07/04/2025). Dados sujeitos a alteração."
Informe Semanal nº 08 - COE Dengue e outras Arboviroses - SE 1 a 13.pdf,8,1,14,2025,2025-04-07,3,0,200,"INFORME SEMANAL No 08
SE 01 a 14/2025 (07/04/2025)
Diagrama de controle
Coeficiente de Incidência e óbitos
Fonte: Sinan On-line (banco de dados atualizado em 07/04/2025). Dados sujeitos a alteração.
3",Diagrama de controle Coeficiente de Incidência e óbitos Fonte: Sinan On-line (banco de dados atualizado em 07/04/2025). Dados sujeitos a alteração.,1,narrativa,Diagrama de controle Coeficiente de Incidência e óbitos Fonte: Sinan On-line (banco de dados atualizado em 07/04/2025). Dados sujeitos a alteração.
Informe Semanal nº 08 - COE Dengue e outras Arboviroses - SE 1 a 13.pdf,8,1,14,2025,2025-04-07,4,0,1338,"INFORME SEMANAL No 08
SE 01 a 14/2025 (07/04/2025)
Mapa de Sorotipos Dengue SE 01 a SE 14/2025
Chikungunya
Nas SE 01 a 14 de 2025, foram notificados 61.051 casos prováveis de
chikungunya, correspondendo a um coeficiente de incidência de 30,1
casos/100 mil habitantes. Quando comparado ao mesmo período de
2024, observa-se uma redução de 62,2% no número de casos prováveis.
As Regiões Geográficas que apresentam os maiores coeficientes de
incidência são a Centro-Oeste e a Sudeste. Entre as UFs, Mato Grosso e Mato
Grosso do Sul apresentam as maiores incidências.
Foram confirmados 54 óbitos no período, sendo 41 no estado do Mato
Grosso, quatro em São Paulo, dois em Minas Gerais, no Rio de Janeiro e em
Santa Catarina, e um nos estados de Mato Grosso do Sul, Bahia e Rio Grande
do Sul. Encontram-se em investigação 62 óbitos até o momento, sendo 30 na
região Centro-Oeste e 15 na Região Sudeste.
O coeficiente de incidência de chikungunya no Brasil encontra-se
abaixo do limite inferior do canal endêmico do diagrama de controle,
considerando a série histórica. No entanto, a estimativa nowcasting flutua
dentro do canal endêmico nas últimas semanas, com tendência de
estabilidade no número de casos, dentro do esperado para o período
sazonal.
Fonte: Sinan On-line (banco de dados atualizado em 07/04/2025). Dados sujeitos a alteração.
4","Mapa de Sorotipos Dengue SE 01 a SE 14/2025 Chikungunya Nas SE 01 a 14 de 2025, foram notificados 61.051 casos prováveis de chikungunya, correspondendo a um coeficiente de incidência de 30,1 casos/100 mil habitantes. Quando comparado ao mesmo período de 2024, observa-se uma redução de 62,2% no número de casos prováveis. As Regiões Geográficas que apresentam os maiores coeficientes de incidência são a Centro-Oeste e a Sudeste. Entre as UFs, Mato Grosso e Mato Grosso do Sul apresentam as maiores incidências. Foram confirmados 54 óbitos no período, sendo 41 no estado do Mato Grosso, quatro em São Paulo, dois em Minas Gerais, no Rio de Janeiro e em Santa Catarina, e um nos estados de Mato Grosso do Sul, Bahia e Rio Grande do Sul. Encontram-se em investigação 62 óbitos até o momento, sendo 30 na região Centro-Oeste e 15 na Região Sudeste. O coeficiente de incidência de chikungunya no Brasil encontra-se abaixo do limite inferior do canal endêmico do diagrama de controle, considerando a série histórica. No entanto, a estimativa nowcasting flutua dentro do canal endêmico nas últimas semanas, com tendência de estabilidade no número de casos, dentro do esperado para o período sazonal. Fonte: Sinan On-line (banco de dados atualizado em 07/04/2025). Dados sujeitos a alteração.",1,narrativa,Mapa de Sorotipos Dengue SE 01 a SE 14/2025
Informe Semanal nº 08 - COE Dengue e outras Arboviroses - SE 1 a 13.pdf,8,1,14,2025,2025-04-07,5,0,200,"INFORME SEMANAL No 08
SE 01 a 14/2025 (07/04/2025)
Diagrama de controle
Coeficiente de Incidência e óbitos
Fonte: Sinan On-line (banco de dados atualizado em 07/04/2025). Dados sujeitos a alteração.
5",Diagrama de controle Coeficiente de Incidência e óbitos Fonte: Sinan On-line (banco de dados atualizado em 07/04/2025). Dados sujeitos a alteração.,0,,
Informe Semanal nº 08 - COE Dengue e outras Arboviroses - SE 1 a 13.pdf,8,1,14,2025,2025-04-07,6,0,1637,"INFORME SEMANAL No 08
SE 01 a 14/2025 (07/04/2025)
Zika
Entre as Semanas Epidemiológicas 01 e 13 de 2025, foram
notificados 2.053 casos prováveis de Zika no Brasil, com coeficiente de
incidência de 1,0 casos/100 mil habitantes. Quando comparado ao
mesmo período de 2024, observa-se uma redução de 20,3%. Em relação
às gestantes, 36 foram confirmados e 151 permanecem em investigação.
Não foram confirmados óbitos por Zika no período.
As Regiões Centro-Oeste e Norte apresentam os maiores
coeficientes de incidência. Em relação às UFs, os maiores coeficientes de
incidência estão no Acre, Mato Grosso, Rio Grande do Norte e Tocantins.
O coeficiente de incidência de Zika no Brasil, encontra-se
abaixo dos limites do canal endêmico do diagrama de controle2,
considerando a série histórica. No entanto, a estimativa nowcasting
indica tendência de alta no número de casos, acima do limite esperado.
Diagrama de controle2 Incidência e gestantes
1O nowcasting (linha tracejada vermelha) corrige os atrasos inerentes aos sistemas de vigilância epidemiológica e
estima o número de casos em um determinado momento, considerando os dados disponíveis e as características do
processodenotificação,contribuindoparaaantecipaçãodaavaliaçãodatendênciadealtaoubaixadaincidência.
2 O diagrama decontroleé uma ferramenta gráficaque permite acompanhar a variação do coeficiente de incidência
(linha azul) de uma determinada doença ao longo do tempo em relação ao canal endêmico, que define a faixa de
variaçãoesperadaparaaincidênciadadoençacombaseemdadoshistóricos.
Fonte: Sinan-Net (banco de dados atualizados em 08/04/2025). Dados sujeitos a alteração.
6","Zika Entre as Semanas Epidemiológicas 01 e 13 de 2025, foram notificados 2.053 casos prováveis de Zika no Brasil, com coeficiente de incidência de 1,0 casos/100 mil habitantes. Quando comparado ao mesmo período de 2024, observa-se uma redução de 20,3%. Em relação às gestantes, 36 foram confirmados e 151 permanecem em investigação. Não foram confirmados óbitos por Zika no período. As Regiões Centro-Oeste e Norte apresentam os maiores coeficientes de incidência. Em relação às UFs, os maiores coeficientes de incidência estão no Acre, Mato Grosso, Rio Grande do Norte e Tocantins. O coeficiente de incidência de Zika no Brasil, encontra-se abaixo dos limites do canal endêmico do diagrama de controle2, considerando a série histórica. No entanto, a estimativa nowcasting indica tendência de alta no número de casos, acima do limite esperado. Diagrama de controle2 Incidência e gestantes 1O nowcasting (linha tracejada vermelha) corrige os atrasos inerentes aos sistemas de vigilância epidemiológica e estima o número de casos em um determinado momento, considerando os dados disponíveis e as características do processodenotificação,contribuindoparaaantecipaçãodaavaliaçãodatendênciadealtaoubaixadaincidência. 2 O diagrama decontroleé uma ferramenta gráficaque permite acompanhar a variação do coeficiente de incidência (linha azul) de uma determinada doença ao longo do tempo em relação ao canal endêmico, que define a faixa de variaçãoesperadaparaaincidênciadadoençacombaseemdadoshistóricos. Fonte: Sinan-Net (banco de dados atualizados em 08/04/2025). Dados sujeitos a alteração.",0,,
Informe Semanal nº 08 - COE Dengue e outras Arboviroses - SE 1 a 13.pdf,8,1,14,2025,2025-04-07,7,0,988,"INFORME SEMANAL No 08
SE 01 a 14/2025 (07/04/2025)
Dengue
(Incidência)
441,6 563
-75,1%
CASOS/100 MIL HAB. ÓBITOS
Em relação
ao número
896.680 Casos prováveis Óbitos em
727 de casos
investigação
no mesmo
Casos graves e com
14.104
período de
sinais de alarme 3,8% Letalidade1
2024
Chikungunya
(Incidência)
30,1 54
-62,2%
CASOS/100 MIL HAB. ÓBITOS
Em relação
ao número
Óbitos em
61.051 Casos prováveis 62 de casos
investigação
no mesmo
período de
0,1% Letalidade2 2024
Zika
(Incidência)
1,0 0
-20,3%
CASOS/100 MIL HAB. ÓBITOS
Em relação
ao número
2.053 Casos prováveis de casos
187
no mesmo
período de
CASOS PROVÁVEIS
2024
EM GESTANTES
1Para o cálculo da letalidade, foram considerados no denominador os casos de dengue grave e de dengue com sinais de
alarme.
2Paraocálculodaletalidade,foramconsideradosnodenominadoroscasosprováveisdechikungunya.
FONTE:: Sinan On-line (banco de dados atualizado em 07/04/2025); Sinan NET (banco de dados atualizado em
08/04/2025).Dadossujeitosaalteração.
7","Dengue (Incidência) 441,6 563 -75,1% CASOS/100 MIL HAB. ÓBITOS Em relação ao número 896.680 Casos prováveis Óbitos em 727 de casos investigação no mesmo Casos graves e com 14.104 período de sinais de alarme 3,8% Letalidade1 2024 Chikungunya (Incidência) 30,1 54 -62,2% CASOS/100 MIL HAB. ÓBITOS Em relação ao número Óbitos em 61.051 Casos prováveis 62 de casos investigação no mesmo período de 0,1% Letalidade2 2024 Zika (Incidência) 1,0 0 -20,3% CASOS/100 MIL HAB. ÓBITOS Em relação ao número 2.053 Casos prováveis de casos 187 no mesmo período de CASOS PROVÁVEIS 2024 EM GESTANTES 1Para o cálculo da letalidade, foram considerados no denominador os casos de dengue grave e de dengue com sinais de alarme. 2Paraocálculodaletalidade,foramconsideradosnodenominadoroscasosprováveisdechikungunya. FONTE:: Sinan On-line (banco de dados atualizado em 07/04/2025); Sinan NET (banco de dados atualizado em 08/04/2025).Dadossujeitosaalteração.",1,narrativa,"Dengue (Incidência) 441,6 563 -75,1% CASOS/100 MIL HAB. ÓBITOS Em relação ao número 896.680 Casos prováveis Óbitos em 727 de casos investigação no mesmo Casos graves e com 14.104 período de sinais de alarme 3,8% Letalidade1 2024"
Informe Semanal nº 08 - COE Dengue e outras Arboviroses - SE 1 a 13.pdf,8,1,14,2025,2025-04-07,8,0,1032,"INFORME SEMANAL No 08
SE 01 a 14/2025 (07/04/2025)
Oropouche
Entre as SE 01 e 14/2025, foram confirmados 7.756 casos de Oropouche no
Brasil, o que representa um aumento de 46,3% quando comparado com o
mesmo período do ano anterior, em que foram registrados 5.298 casos. Até o
momento, foi identificado um óbito suspeito de Oropouche em 2025, no Espírito
Santo, com detecção do genoma viral em amostra de soro.
CASOS DE OROPOUCHE POR SE DE INÍCIO DE SINTOMAS, BRASIL, 2024 E 2025
Os casos identificados estão distribuídos de maneira equitativa entre os
sexos, com 52,2% das detecções em indivíduos do sexo masculino. As faixas
etárias entre 20 e 59 anos concentram 70,2% dos casos. Entre os menores de 1
ano, foram registrados seis casos, sendo quatro no Espírito Santo*, um no Rio
de Janeiro e um na Paraíba.
CASOS DE OROPOUCHE POR SEXO E FAIXA ETÁRIA, BRASIL, 2025
*
Um casono Espírito Santo emmenorde1 anocom informaçãode sexoignorada.
Fonte: Sinan On-line (banco de dados atualizado em 07/04/2025). Dados sujeitos a alterações.
8","Oropouche Entre as SE 01 e 14/2025, foram confirmados 7.756 casos de Oropouche no Brasil, o que representa um aumento de 46,3% quando comparado com o mesmo período do ano anterior, em que foram registrados 5.298 casos. Até o momento, foi identificado um óbito suspeito de Oropouche em 2025, no Espírito Santo, com detecção do genoma viral em amostra de soro. CASOS DE OROPOUCHE POR SE DE INÍCIO DE SINTOMAS, BRASIL, 2024 E 2025 Os casos identificados estão distribuídos de maneira equitativa entre os sexos, com 52,2% das detecções em indivíduos do sexo masculino. As faixas etárias entre 20 e 59 anos concentram 70,2% dos casos. Entre os menores de 1 ano, foram registrados seis casos, sendo quatro no Espírito Santo*, um no Rio de Janeiro e um na Paraíba. CASOS DE OROPOUCHE POR SEXO E FAIXA ETÁRIA, BRASIL, 2025 * Um casono Espírito Santo emmenorde1 anocom informaçãode sexoignorada. Fonte: Sinan On-line (banco de dados atualizado em 07/04/2025). Dados sujeitos a alterações.",0,,
Informe Semanal nº 08 - COE Dengue e outras Arboviroses - SE 1 a 13.pdf,8,1,14,2025,2025-04-07,9,0,1562,"INFORME SEMANAL No 08
SE 01 a 14/2025 (07/04/2025)
Oropouche
Em 2025, a UF com maior número de casos é o Espírito Santo (n=
5.543), cujo aumento vem ocorrendo desde o segundo semestre de 2024.
Destacam-se ainda Rio de Janeiro (n=1.075) e Paraíba (n=604). Transmissão
ativa em 2025 também foi registrada em Roraima, Amapá, Ceará, Bahia,
Minas Gerais e São Paulo.
Os casos identificados no Pará, Mato Grosso, Goiás, Distrito Federal,
Tocantins, Piauí, Pernambuco e Paraná apresentaram Local Provável de
Infecção (LPI) nos estados com transmissão autóctone (Espírito Santo, Rio de
Janeiro e Paraíba). O LPI dos casos identificados em Rondônia e Maranhão
estão em investigação.
CASOS DE OROPOUCHE POR MUNICÍPIO DE RESIDÊNCIA, BRASIL, 2024 E 2025.
FONTE: Gerenciador de Ambiente Laboratorial (GAL). Dados atualizados até 07/04/2025. Dados sujeitos a alterações.
Febre Amarela
No período de monitoramento 2024/2025 (julho/2024 a junho/2025),
os registros de transmissão do vírus em PNH ocorreram nos estados de São
Paulo [55] (Amparo [2], Atibaia [1], Bragança Paulista [1], Campinas [3],
Colina [1], Cravinhos [1], Guarulhos [1], Joanópolis [3], Louveira [1], Luís
Antônio [1], Mairiporã [1], Osasco [1], Pedra Bela [1], Pinhalzinho [1],
Pitangueiras [2], Ribeirão Preto [23], Serra Azul [1], Serra Negra [2], Socorro
[1] e Valinhos [7]), Minas Gerais [12] (Camanducaia [1], Córrego do Bom
Jesus [1], Estiva [2], Ipuiúna [2], Paraisópolis [1], Poço Fundo [1], Poços de
Caldas [1], Sapucaí-Mirim [2] e Toledo [1]), Tocantins [2] (Palmas) e
Roraima [1] (Alto Alegre).
9","Oropouche Em 2025, a UF com maior número de casos é o Espírito Santo (n= 5.543), cujo aumento vem ocorrendo desde o segundo semestre de 2024. Destacam-se ainda Rio de Janeiro (n=1.075) e Paraíba (n=604). Transmissão ativa em 2025 também foi registrada em Roraima, Amapá, Ceará, Bahia, Minas Gerais e São Paulo. Os casos identificados no Pará, Mato Grosso, Goiás, Distrito Federal, Tocantins, Piauí, Pernambuco e Paraná apresentaram Local Provável de Infecção (LPI) nos estados com transmissão autóctone (Espírito Santo, Rio de Janeiro e Paraíba). O LPI dos casos identificados em Rondônia e Maranhão estão em investigação. CASOS DE OROPOUCHE POR MUNICÍPIO DE RESIDÊNCIA, BRASIL, 2024 E 2025. FONTE: Gerenciador de Ambiente Laboratorial (GAL). Dados atualizados até 07/04/2025. Dados sujeitos a alterações. Febre Amarela No período de monitoramento 2024/2025 (julho/2024 a junho/2025), os registros de transmissão do vírus em PNH ocorreram nos estados de São Paulo [55] (Amparo [2], Atibaia [1], Bragança Paulista [1], Campinas [3], Colina [1], Cravinhos [1], Guarulhos [1], Joanópolis [3], Louveira [1], Luís Antônio [1], Mairiporã [1], Osasco [1], Pedra Bela [1], Pinhalzinho [1], Pitangueiras [2], Ribeirão Preto [23], Serra Azul [1], Serra Negra [2], Socorro [1] e Valinhos [7]), Minas Gerais [12] (Camanducaia [1], Córrego do Bom Jesus [1], Estiva [2], Ipuiúna [2], Paraisópolis [1], Poço Fundo [1], Poços de Caldas [1], Sapucaí-Mirim [2] e Toledo [1]), Tocantins [2] (Palmas) e Roraima [1] (Alto Alegre).",0,,
Informe Semanal nº 08 - COE Dengue e outras Arboviroses - SE 1 a 13.pdf,8,1,14,2025,2025-04-07,10,0,1156,"INFORME SEMANAL No 08
SE 01 a 14/2025 (07/04/2025)
Febre Amarela
No mesmo período, foram confirmados 96 casos humanos, dos quais
39 evoluíram para o óbito (letalidade de 40,6%). Os casos tiveram os locais
prováveis de infecção nos estados de São Paulo [44] (Águas de Lindoia [1],
Águas de São Pedro [1], Amparo [1], Bragança Paulista [2], Brotas [2],
Caçapava [6], Campinas [3], Joanópolis [9], Nazaré Paulista [2], Pedra Bela
[2], Pedreira [2] , Piracaia [3], Socorro [4], Tuiuti [1], Valinhos [1], Vargem [1],
LPI em investigação [3]), Pará [41] (Breves [39], Cametá [1], Melgaço
[1]), Minas Gerais [10] (Camanducaia [1], Cambuí [1], Extrema [1], Maria
da Fé [1] Monte Sião [1], Poços de Caldas [1], Pouso Alegre [1], Sapucaí-
Mirim [1], Silvianópolis [1], LPI em investigação [1]) e Tocantins [1] (Monte do
Carmo).
Entre os casos, 86 (89,6%) eram do sexo masculino, com idades entre
10 e 75 anos. Um dos indivíduos tinha histórico de vacinação em 2017 e
evoluiu para o óbito.
Municípios com detecção do vírus da Febre Amarela em PNH e Humanos, monitoramento
2024/2025.
FONTE:SINAN,SISS-Geo,GAL. Dadosatualizadosaté07/04/2025.Dadossujeitosaalterações.
10","Febre Amarela No mesmo período, foram confirmados 96 casos humanos, dos quais 39 evoluíram para o óbito (letalidade de 40,6%). Os casos tiveram os locais prováveis de infecção nos estados de São Paulo [44] (Águas de Lindoia [1], Águas de São Pedro [1], Amparo [1], Bragança Paulista [2], Brotas [2], Caçapava [6], Campinas [3], Joanópolis [9], Nazaré Paulista [2], Pedra Bela [2], Pedreira [2] , Piracaia [3], Socorro [4], Tuiuti [1], Valinhos [1], Vargem [1], LPI em investigação [3]), Pará [41] (Breves [39], Cametá [1], Melgaço [1]), Minas Gerais [10] (Camanducaia [1], Cambuí [1], Extrema [1], Maria da Fé [1] Monte Sião [1], Poços de Caldas [1], Pouso Alegre [1], SapucaíMirim [1], Silvianópolis [1], LPI em investigação [1]) e Tocantins [1] (Monte do Carmo). Entre os casos, 86 (89,6%) eram do sexo masculino, com idades entre 10 e 75 anos. Um dos indivíduos tinha histórico de vacinação em 2017 e evoluiu para o óbito. Municípios com detecção do vírus da Febre Amarela em PNH e Humanos, monitoramento 2024/2025. FONTE:SINAN,SISS-Geo,GAL. Dadosatualizadosaté07/04/2025.Dadossujeitosaalterações.",0,,
Informe Semanal nº 08 - COE Dengue e outras Arboviroses - SE 1 a 13.pdf,8,1,14,2025,2025-04-07,11,0,992,"INFORME SEMANAL No 08
SE 01 a 14/2025 (07/04/2025)
Febre Amarela
Tabela 1. Estados com detecção dovírus da Febre Amarela em PNH e humanos durante o
.
períododemonitoramento 2024/2025
PRIMATAS NÃO-HUMANOS CASOS HUMANOS
REGIÃO UF (LPI)
NOTIFICADOS CONFIRMADOS NOTIFICADOS CONFIRMADOS ÓBITOS LETALIDADE (%)
Norte Acre 2 1
Amapá 12
Amazonas 4
Pará 14 152 41 7 17,7
Rondônia 1 5
Roraima 6 1 6
Tocantins 13 2 11 1 1 100,0
Nordeste Alagoas 7
Bahia 18 4
Ceará 1 3
Maranhão 12
Paraíba 1
Pernambuco 14 2
Piauí
Rio Grande do
29 6
Norte
Sergipe
Distrito Federal 74 8
Centro- Goiás 39 14
Oeste Mato Grosso 12 9
Mato Grosso do Sul 6
Sudeste Minas Gerais 381 12 160 10 5 50,0
FONTE:SINAN,SISS-Geo,GAL. Dadosatualizadosaté05/03/2025.Dadossujeitosaalterações.
Espírito Santo 16 38
Rio de Janeiro 50 17
São Paulo 707 55 460 44 26 56,8
Sul Paraná 62 23
Santa Catarina 70 15
Rio Grande do Sul 35 10
TOTAL 1551 70 979 96 39 40,6
FONTE:SINAN,SISS-Geo,GAL. Dadosatualizadosaté07/04/2025.Dadossujeitosaalterações.
11","Febre Amarela Tabela 1. Estados com detecção dovírus da Febre Amarela em PNH e humanos durante o . períododemonitoramento 2024/2025 PRIMATAS NÃO-HUMANOS CASOS HUMANOS REGIÃO UF (LPI) NOTIFICADOS CONFIRMADOS NOTIFICADOS CONFIRMADOS ÓBITOS LETALIDADE (%) Norte Acre 2 1 Amapá 12 Amazonas 4 Pará 14 152 41 7 17,7 Rondônia 1 5 Roraima 6 1 6 Tocantins 13 2 11 1 1 100,0 Nordeste Alagoas 7 Bahia 18 4 Ceará 1 3 Maranhão 12 Paraíba 1 Pernambuco 14 2 Piauí Rio Grande do 29 6 Norte Sergipe Distrito Federal 74 8 Centro- Goiás 39 14 Oeste Mato Grosso 12 9 Mato Grosso do Sul 6 Sudeste Minas Gerais 381 12 160 10 5 50,0 FONTE:SINAN,SISS-Geo,GAL. Dadosatualizadosaté05/03/2025.Dadossujeitosaalterações. Espírito Santo 16 38 Rio de Janeiro 50 17 São Paulo 707 55 460 44 26 56,8 Sul Paraná 62 23 Santa Catarina 70 15 Rio Grande do Sul 35 10 TOTAL 1551 70 979 96 39 40,6 FONTE:SINAN,SISS-Geo,GAL. Dadosatualizadosaté07/04/2025.Dadossujeitosaalterações.",0,,
Informe Semanal nº 08 - COE Dengue e outras Arboviroses - SE 1 a 13.pdf,8,1,14,2025,2025-04-07,12,0,1091,"INFORME SEMANAL No 08
SE 01 a 14/2025 (07/04/2025)
Ações realizadas
• Visita técnica da equipe COE para apoiar as ações de vigilância, controle e assistencia
nos municípios de Porto Alegre, Alvorada e Viamão no estado do Rio Grande do Sul
• Participação da oficina Projeto primeiros passos/ação Zika nos territórios: cartografia da
rede estadual de cuidado para o fortalecimento da atenção integral às crianças com a
síndrome congênita do Zika e suas famílias no estado da Paraíba
• Coletiva de imprensa para anúncio das novas ações de enfrentamento à dengue -
https://www.youtube.com/watch?time_continue=3&v=vpBxmEUR3M4
• Lançamento das Novas Diretrizes de Prevenção e Controle das Arboviroses -
https://www.gov.br/saude/pt-br/centrais-de-conteudo/publicacoes/svsa/dengue/diretrizes-nacionais-
para-prevencao-e-controle-das-arboviroses-urbanas-vigilancia-entomologica-e-controle-vetorial.pdf
• Participação nas reuniões do Centro de Operações de Emergências Febre Amarela no
estado do Pará
• Reunião com Ministério do Meio Ambiente para fortalecer a política nacional de resíduos
sólidos
12","Ações realizadas • Visita técnica da equipe COE para apoiar as ações de vigilância, controle e assistencia nos municípios de Porto Alegre, Alvorada e Viamão no estado do Rio Grande do Sul • Participação da oficina Projeto primeiros passos/ação Zika nos territórios: cartografia da rede estadual de cuidado para o fortalecimento da atenção integral às crianças com a síndrome congênita do Zika e suas famílias no estado da Paraíba • Coletiva de imprensa para anúncio das novas ações de enfrentamento à dengue - https://www.youtube.com/watch?time_continue=3&v=vpBxmEUR3M4 • Lançamento das Novas Diretrizes de Prevenção e Controle das Arboviroses - https://www.gov.br/saude/pt-br/centrais-de-conteudo/publicacoes/svsa/dengue/diretrizes-nacionaispara-prevencao-e-controle-das-arboviroses-urbanas-vigilancia-entomologica-e-controle-vetorial.pdf • Participação nas reuniões do Centro de Operações de Emergências Febre Amarela no estado do Pará • Reunião com Ministério do Meio Ambiente para fortalecer a política nacional de resíduos sólidos",0,,
Informe Semanal nº 08 - COE Dengue e outras Arboviroses - SE 1 a 13.pdf,8,1,14,2025,2025-04-07,13,0,422,"INFORME SEMANAL No 08
SE 01 a 14/2025 (07/04/2025)
Insumos distribuídos
Laboratoriais1
426.624
Sorologia Reações
139.395
Biologia Molecular ZDC Reações
150.000
Biologia Molecular OROV/MAYV Reações
3.996
Biologia Molecular Febre Amarela Reações
Inseticidas2
88.256
Larvicida Kg
5.619
Adulticida para PE Kg
180.780
Adulticida para UBV L
1Dadosatualizadosem 02/04/2025.Fonte:CGLAB.
2Dadosatualizadosem09/04/2025.Fonte:SIES
13",Insumos distribuídos Laboratoriais1 426.624 Sorologia Reações 139.395 Biologia Molecular ZDC Reações 150.000 Biologia Molecular OROV/MAYV Reações 3.996 Biologia Molecular Febre Amarela Reações Inseticidas2 88.256 Larvicida Kg 5.619 Adulticida para PE Kg 180.780 Adulticida para UBV L 1Dadosatualizadosem 02/04/2025.Fonte:CGLAB. 2Dadosatualizadosem09/04/2025.Fonte:SIES,0,,
Informe Semanal nº 08 - COE Dengue e outras Arboviroses - SE 1 a 13.pdf,8,1,14,2025,2025-04-07,14,0,1519,"INFORME SEMANAL No 08
SE 01 a 14/2025 (07/04/2025)
Casos prováveis e incidência (por 100.000 habitantes) de dengue, SE 01 a SE 14, Brasil,
2024 e 2025
Casos prováveis (n) Coeficiente de incidência
Região/UF SE 01 aSE 14 SE 01 aSE 14
2024 2025 2024 2025
Norte 31.635 26.457 182,3 152,5
Rondônia 4.069 1.027 257,4 65,0
Acre 3.310 8.200 398,8 987,9
Amazonas 5.484 3.208 139,1 81,4
Roraima 147 118 23,1 18,5
Pará 11.325 11.123 139,5 137,0
Amapá 5.232 933 713,3 127,2
Tocantins 2.068 1.848 136,8 122,3
Nordeste 175.636 32.477 321,4 59,4
Maranhão 6.977 2.658 103,0 39,2
Piauí 6.793 2.412 207,8 73,8
Ceará 4.200 2.486 47,8 28,3
Rio Grande do Norte 8.407 2.547 254,6 77,1
Paraíba 6.903 2.685 173,7 67,6
Pernambuco 8.588 5.911 94,8 65,3
Alagoas 4.336 955 138,6 30,5
Sergipe 777 478 35,2 21,6
Bahia 128.655 12.345 910,1 87,3
Sudeste 2.367.463 659.321 2.790,3 777,1
Minas Gerais 1.210.652 96.844 5.894,5 471,5
Espírito Santo 90.587 22.359 2.363,0 583,3
Rio de Janeiro 222.514 18.239 1.386,0 113,6
São Paulo 843.710 521.879 1.899,4 1.174,9
Sul 580.938 99.754 1.940,8 333,3
Paraná 335.438 69.006 2.931,3 603,0
Santa Catarina 149.936 12.391 1.970,4 162,8
Rio Grande do Sul 95.564 18.357 878,3 168,7
Centro-Oeste 441.481 78.671 2.710,5 483,0
Mato Grosso do Sul 10.313 7.518 374,1 272,7
Mato Grosso 19.254 22.367 526,2 611,3
Goiás 181.213 42.676 2.568,5 604,9
Distrito Federal 230.701 6.110 8.189,4 216,9
Brasil 3.597.153 896.680 1.771,5 441,6
FONTE:SinanOn-lineeE-SUS VS(bancodedadosatualizadoem07/04/2025).Dadossujeitosaalteração.
14","Casos prováveis e incidência (por 100.000 habitantes) de dengue, SE 01 a SE 14, Brasil, 2024 e 2025 Casos prováveis (n) Coeficiente de incidência Região/UF SE 01 aSE 14 SE 01 aSE 14 2024 2025 2024 2025 Norte 31.635 26.457 182,3 152,5 Rondônia 4.069 1.027 257,4 65,0 Acre 3.310 8.200 398,8 987,9 Amazonas 5.484 3.208 139,1 81,4 Roraima 147 118 23,1 18,5 Pará 11.325 11.123 139,5 137,0 Amapá 5.232 933 713,3 127,2 Tocantins 2.068 1.848 136,8 122,3 Nordeste 175.636 32.477 321,4 59,4 Maranhão 6.977 2.658 103,0 39,2 Piauí 6.793 2.412 207,8 73,8 Ceará 4.200 2.486 47,8 28,3 Rio Grande do Norte 8.407 2.547 254,6 77,1 Paraíba 6.903 2.685 173,7 67,6 Pernambuco 8.588 5.911 94,8 65,3 Alagoas 4.336 955 138,6 30,5 Sergipe 777 478 35,2 21,6 Bahia 128.655 12.345 910,1 87,3 Sudeste 2.367.463 659.321 2.790,3 777,1 Minas Gerais 1.210.652 96.844 5.894,5 471,5 Espírito Santo 90.587 22.359 2.363,0 583,3 Rio de Janeiro 222.514 18.239 1.386,0 113,6 São Paulo 843.710 521.879 1.899,4 1.174,9 Sul 580.938 99.754 1.940,8 333,3 Paraná 335.438 69.006 2.931,3 603,0 Santa Catarina 149.936 12.391 1.970,4 162,8 Rio Grande do Sul 95.564 18.357 878,3 168,7 Centro-Oeste 441.481 78.671 2.710,5 483,0 Mato Grosso do Sul 10.313 7.518 374,1 272,7 Mato Grosso 19.254 22.367 526,2 611,3 Goiás 181.213 42.676 2.568,5 604,9 Distrito Federal 230.701 6.110 8.189,4 216,9 Brasil 3.597.153 896.680 1.771,5 441,6 FONTE:SinanOn-lineeE-SUS VS(bancodedadosatualizadoem07/04/2025).Dadossujeitosaalteração.",1,tabela,"Casos prováveis e incidência (por 100.000 habitantes) de dengue, SE 01 a SE 14, Brasil, 2024 e 2025 Casos prováveis (n) Coeficiente de incidência Região/UF SE 01 aSE 14 SE 01 aSE 14 2024 2025 2024 2025 Norte 31.635 26.457 182,3 152,5 Rondônia 4.069 1.027 257,4 65,0 Acre 3.310 8.200 398,8 987,9 Amazonas 5.484 3.208 139,1 81,4 Roraima 147 118 23,1 18,5 Pará 11.325 11.123 139,5 137,0 Amapá 5.232 933 713,3 127,2 Tocantins 2.068 1.848 136,8 122,3 Nordeste 175.636 32.477 321,4 59,4 Maranhão 6.977 2.658 103,0 39,2 Piauí 6.793 2.412 207,8 73,8 Ceará 4.200 2.486 47,8 28,3 Rio Grande do Norte 8.407 2.547 254,6 77,1 Paraíba 6.903 2.685 173,7 67,6 Pernambuco 8.588 5.911 94,8 65,3 Alagoas 4.336 955 138,6 30,5 Sergipe 777 478 35,2 21,6 Bahia 128.655 12.345 910,1 87,3 Sudeste 2.367.463 659.321 2.790,3 777,1 Minas Gerais 1.210.652 96.844 5.894,5 471,5 Espírito Santo 90.587 22.359 2.363,0 583,3 Rio de Janeiro 222.514 18.239 1.386,0 113,6 São Paulo 843.710 521.879 1.899,4 1.174,9 Sul 580.938 99.754 1.940,8 333,3 Paraná 335.438 69.006 2.931,3 603,0 Santa Catarina 149.936 12.391 1.970,4 162,8 Rio Grande do Sul 95.564 18.357 878,3 168,7 Centro-Oeste 441.481 78.671 2.710,5 483,0 Mato Grosso do Sul 10.313 7.518 374,1 272,7 Mato Grosso 19.254 22.367 526,2 611,3 Goiás 181.213 42.676 2.568,5 604,9 Distrito Federal 230.701 6.110 8.189,4 216,9 Brasil 3.597.153 896.680 1.771,5 441,6 FONTE:SinanOn-lineeE-SUS VS(bancodedadosatualizadoem07/04/2025).Dadossujeitosaalteração."
Informe Semanal nº 08 - COE Dengue e outras Arboviroses - SE 1 a 13.pdf,8,1,14,2025,2025-04-07,15,0,1144,"INFORME SEMANAL No 08
SE 01 a 14/2025 (07/04/2025)
Número de casos de dengue grave e dengue com sinais de alarme, SE 01 a SE 14,
Brasil, 2024 e 2025
Dengue grave (n) Dengue com sinais de alarme (n)
SE 01 aSE 14 SE 01 aSE 14
Região/UF
2024 2025 2024 2025
Norte 43 23 421 228
Rondônia 2 1 18 8
Acre 2 1 5 28
Amazonas 10 1 60 7
Roraima 0 1 1 1
Pará 22 16 194 164
Amapá 5 3 107 15
Tocantins 2 0 36 5
Nordeste 317 30 3.626 316
Maranhão 10 3 112 19
Piauí 15 7 184 50
Ceará 3 1 44 12
Rio Grande do Norte 8 1 77 13
Paraíba 4 0 100 7
Pernambuco 7 2 53 19
Alagoas 5 2 76 11
Sergipe 3 1 24 9
Bahia 262 13 2956 176
Sudeste 2.477 722 24.312 9.624
Minas Gerais 1.217 92 11.023 967
Espírito Santo 74 6 1.574 276
Rio de Janeiro 164 14 3.213 222
São Paulo 1.022 610 8.502 8.159
Sul 723 79 10.545 1.416
Paraná 372 67 6.403 1.217
Santa Catarina 153 6 2.984 71
Rio Grande do Sul 198 6 1.158 128
Centro-Oeste 776 101 12.982 1.565
Mato Grosso do Sul 17 10 228 151
Mato Grosso 39 24 438 169
Goiás 318 67 3468 1228
Distrito Federal 402 0 8848 17
Brasil 4.336 955 51.886 13.149
FONTE:SinanOn-lineeE-SUS VS(bancodedadosatualizadoem07/04/2025).Dadossujeitosaalteração.
15","Número de casos de dengue grave e dengue com sinais de alarme, SE 01 a SE 14, Brasil, 2024 e 2025 Dengue grave (n) Dengue com sinais de alarme (n) SE 01 aSE 14 SE 01 aSE 14 Região/UF 2024 2025 2024 2025 Norte 43 23 421 228 Rondônia 2 1 18 8 Acre 2 1 5 28 Amazonas 10 1 60 7 Roraima 0 1 1 1 Pará 22 16 194 164 Amapá 5 3 107 15 Tocantins 2 0 36 5 Nordeste 317 30 3.626 316 Maranhão 10 3 112 19 Piauí 15 7 184 50 Ceará 3 1 44 12 Rio Grande do Norte 8 1 77 13 Paraíba 4 0 100 7 Pernambuco 7 2 53 19 Alagoas 5 2 76 11 Sergipe 3 1 24 9 Bahia 262 13 2956 176 Sudeste 2.477 722 24.312 9.624 Minas Gerais 1.217 92 11.023 967 Espírito Santo 74 6 1.574 276 Rio de Janeiro 164 14 3.213 222 São Paulo 1.022 610 8.502 8.159 Sul 723 79 10.545 1.416 Paraná 372 67 6.403 1.217 Santa Catarina 153 6 2.984 71 Rio Grande do Sul 198 6 1.158 128 Centro-Oeste 776 101 12.982 1.565 Mato Grosso do Sul 17 10 228 151 Mato Grosso 39 24 438 169 Goiás 318 67 3468 1228 Distrito Federal 402 0 8848 17 Brasil 4.336 955 51.886 13.149 FONTE:SinanOn-lineeE-SUS VS(bancodedadosatualizadoem07/04/2025).Dadossujeitosaalteração.",1,tabela,"Número de casos de dengue grave e dengue com sinais de alarme, SE 01 a SE 14, Brasil, 2024 e 2025 Dengue grave (n) Dengue com sinais de alarme (n) SE 01 aSE 14 SE 01 aSE 14 Região/UF 2024 2025 2024 2025 Norte 43 23 421 228 Rondônia 2 1 18 8 Acre 2 1 5 28 Amazonas 10 1 60 7 Roraima 0 1 1 1 Pará 22 16 194 164 Amapá 5 3 107 15 Tocantins 2 0 36 5 Nordeste 317 30 3.626 316 Maranhão 10 3 112 19 Piauí 15 7 184 50 Ceará 3 1 44 12 Rio Grande do Norte 8 1 77 13 Paraíba 4 0 100 7 Pernambuco 7 2 53 19 Alagoas 5 2 76 11 Sergipe 3 1 24 9 Bahia 262 13 2956 176 Sudeste 2.477 722 24.312 9.624 Minas Gerais 1.217 92 11.023 967 Espírito Santo 74 6 1.574 276 Rio de Janeiro 164 14 3.213 222 São Paulo 1.022 610 8.502 8.159 Sul 723 79 10.545 1.416 Paraná 372 67 6.403 1.217 Santa Catarina 153 6 2.984 71 Rio Grande do Sul 198 6 1.158 128 Centro-Oeste 776 101 12.982 1.565 Mato Grosso do Sul 17 10 228 151 Mato Grosso 39 24 438 169 Goiás 318 67 3468 1228 Distrito Federal 402 0 8848 17 Brasil 4.336 955 51.886 13.149 FONTE:SinanOn-lineeE-SUS VS(bancodedadosatualizadoem07/04/2025).Dadossujeitosaalteração."
Informe Semanal nº 08 - COE Dengue e outras Arboviroses - SE 1 a 13.pdf,8,1,14,2025,2025-04-07,16,0,1334,"INFORME SEMANAL No 08
SE 01 a 14/2025 (07/04/2025)
Número de óbitos confirmados, letalidade e óbitos em investigação por dengue, SE 01
a SE 14, Brasil, 2024 e 2025
Óbitos confirmados (n) Taxa de Letalidade Óbitos em Investigação
Região/UF SE 01 aSE 14 SE 01 aSE 14 SE 01 aSE 14
2024 2025 2024 2025 2024 2025
Norte 19 22 4,1 8,8 0 6
Rondônia 4 0 20,0 0,0 0 0
Acre 0 3 0,0 0,0 0 1
Amazonas 5 1 7,1 12,5 0 0
Roraima 0 1 0,0 0,0 0 0
Pará 4 14 1,9 0,0 0 5
Amapá 5 3 4,5 0,0 0 0
Tocantins 1 0 2,6 0,0 0 0
Nordeste 135 9 3,4 2,6 15 36
Maranhão 4 0 3,3 0,0 2 9
Piauí 10 1 5,0 0,0 0 1
Ceará 1 0 2,1 0,0 0 0
Rio Grande do Norte 2 0 2,4 0,0 1 0
Paraíba 4 1 3,8 0,0 0 5
Pernambuco 8 0 13,3 0,0 2 10
Alagoas 2 0 2,5 0,0 0 1
Sergipe 3 1 11,1 0,0 0 0
Bahia 101 6 3,1 3,2 10 10
Sudeste 1.909 425 7,1 4,1 190 566
Minas Gerais 839 33 6,9 3,1 184 78
Espírito Santo 32 0 1,9 0,0 0 11
Rio de Janeiro 158 7 4,7 3,0 0 4
São Paulo 880 385 9,2 4,4 6 473
Sul 699 40 6,2 2,7 1 56
Paraná 411 34 6,1 2,6 0 45
Santa Catarina 160 3 5,1 0,0 0 8
Rio Grande do Sul 128 3 9,4 2,2 1 3
Centro-Oeste 634 40 4,6 2,4 9 63
Mato Grosso do Sul 14 6 5,7 0,0 6 6
Mato Grosso 12 11 2,5 5,7 1 10
Goiás 237 23 6,3 1,8 1 44
Distrito Federal 371 0 4,0 0,0 1 3
Brasil 3.396 536 6,0 3,8 215 727
FONTE:SinanOn-lineeE-SUS VS(bancodedadosatualizadoem07/04/2025).Dadossujeitosaalteração.
16","Número de óbitos confirmados, letalidade e óbitos em investigação por dengue, SE 01 a SE 14, Brasil, 2024 e 2025 Óbitos confirmados (n) Taxa de Letalidade Óbitos em Investigação Região/UF SE 01 aSE 14 SE 01 aSE 14 SE 01 aSE 14 2024 2025 2024 2025 2024 2025 Norte 19 22 4,1 8,8 0 6 Rondônia 4 0 20,0 0,0 0 0 Acre 0 3 0,0 0,0 0 1 Amazonas 5 1 7,1 12,5 0 0 Roraima 0 1 0,0 0,0 0 0 Pará 4 14 1,9 0,0 0 5 Amapá 5 3 4,5 0,0 0 0 Tocantins 1 0 2,6 0,0 0 0 Nordeste 135 9 3,4 2,6 15 36 Maranhão 4 0 3,3 0,0 2 9 Piauí 10 1 5,0 0,0 0 1 Ceará 1 0 2,1 0,0 0 0 Rio Grande do Norte 2 0 2,4 0,0 1 0 Paraíba 4 1 3,8 0,0 0 5 Pernambuco 8 0 13,3 0,0 2 10 Alagoas 2 0 2,5 0,0 0 1 Sergipe 3 1 11,1 0,0 0 0 Bahia 101 6 3,1 3,2 10 10 Sudeste 1.909 425 7,1 4,1 190 566 Minas Gerais 839 33 6,9 3,1 184 78 Espírito Santo 32 0 1,9 0,0 0 11 Rio de Janeiro 158 7 4,7 3,0 0 4 São Paulo 880 385 9,2 4,4 6 473 Sul 699 40 6,2 2,7 1 56 Paraná 411 34 6,1 2,6 0 45 Santa Catarina 160 3 5,1 0,0 0 8 Rio Grande do Sul 128 3 9,4 2,2 1 3 Centro-Oeste 634 40 4,6 2,4 9 63 Mato Grosso do Sul 14 6 5,7 0,0 6 6 Mato Grosso 12 11 2,5 5,7 1 10 Goiás 237 23 6,3 1,8 1 44 Distrito Federal 371 0 4,0 0,0 1 3 Brasil 3.396 536 6,0 3,8 215 727 FONTE:SinanOn-lineeE-SUS VS(bancodedadosatualizadoem07/04/2025).Dadossujeitosaalteração.",1,tabela,"Número de óbitos confirmados, letalidade e óbitos em investigação por dengue, SE 01 a SE 14, Brasil, 2024 e 2025 Óbitos confirmados (n) Taxa de Letalidade Óbitos em Investigação Região/UF SE 01 aSE 14 SE 01 aSE 14 SE 01 aSE 14 2024 2025 2024 2025 2024 2025 Norte 19 22 4,1 8,8 0 6 Rondônia 4 0 20,0 0,0 0 0 Acre 0 3 0,0 0,0 0 1 Amazonas 5 1 7,1 12,5 0 0 Roraima 0 1 0,0 0,0 0 0 Pará 4 14 1,9 0,0 0 5 Amapá 5 3 4,5 0,0 0 0 Tocantins 1 0 2,6 0,0 0 0 Nordeste 135 9 3,4 2,6 15 36 Maranhão 4 0 3,3 0,0 2 9 Piauí 10 1 5,0 0,0 0 1 Ceará 1 0 2,1 0,0 0 0 Rio Grande do Norte 2 0 2,4 0,0 1 0 Paraíba 4 1 3,8 0,0 0 5 Pernambuco 8 0 13,3 0,0 2 10 Alagoas 2 0 2,5 0,0 0 1 Sergipe 3 1 11,1 0,0 0 0 Bahia 101 6 3,1 3,2 10 10 Sudeste 1.909 425 7,1 4,1 190 566 Minas Gerais 839 33 6,9 3,1 184 78 Espírito Santo 32 0 1,9 0,0 0 11 Rio de Janeiro 158 7 4,7 3,0 0 4 São Paulo 880 385 9,2 4,4 6 473 Sul 699 40 6,2 2,7 1 56 Paraná 411 34 6,1 2,6 0 45 Santa Catarina 160 3 5,1 0,0 0 8 Rio Grande do Sul 128 3 9,4 2,2 1 3 Centro-Oeste 634 40 4,6 2,4 9 63 Mato Grosso do Sul 14 6 5,7 0,0 6 6 Mato Grosso 12 11 2,5 5,7 1 10 Goiás 237 23 6,3 1,8 1 44 Distrito Federal 371 0 4,0 0,0 1 3 Brasil 3.396 536 6,0 3,8 215 727 FONTE:SinanOn-lineeE-SUS VS(bancodedadosatualizadoem07/04/2025).Dadossujeitosaalteração."
Informe Semanal nº 08 - COE Dengue e outras Arboviroses - SE 1 a 13.pdf,8,1,14,2025,2025-04-07,17,0,1306,"INFORME SEMANAL No 08
SE 01 a 14/2025 (07/04/2025)
Casos prováveis e incidência (por 100.000 habitantes) de chikungunya, SE 01 a SE 14,
Brasil, 2024 e 2025
Casos Prováveis (n) Coeficiente de Incidência
Região/UF SE 01 aSE 14 SE 01 aSE 14
2024 2025 2024 2025
Norte 1.215 1.784 7,0 10,3
Rondônia 155 1.064 9,8 67,3
Acre 140 166 16,9 20,0
Amazonas 31 73 0,8 1,9
Roraima 8 16 1,3 2,5
Pará 477 252 5,9 3,1
Amapá 144 17 19,6 2,3
Tocantins 260 196 17,2 13,0
Nordeste 14.128 3.149 25,9 5,8
Maranhão 462 165 6,8 2,4
Piauí 376 113 11,5 3,5
Ceará 360 290 4,1 3,3
Rio Grande do Norte 1.219 565 36,9 17,1
Paraíba 781 317 19,7 8,0
Pernambuco 1.457 847 16,1 9,4
Alagoas 164 67 5,2 2,1
Sergipe 206 50 9,3 2,3
Bahia 9.103 735 64,4 5,2
Sudeste 132.487 17.280 156,1 20,4
Minas Gerais 121.338 7.871 590,8 38,3
Espírito Santo 5.419 1.391 141,4 36,3
Rio de Janeiro 1.936 1.011 12,1 6,3
São Paulo 3.794 7.007 8,5 15,8
Sul 424 4.147 1,4 13,9
Paraná 231 3.403 2,0 29,7
Santa Catarina 56 520 0,7 6,8
Rio Grande do Sul 137 224 1,3 2,1
Centro-Oeste 13.399 34.691 82,3 213,0
Mato Grosso do Sul 1.049 5.078 38,1 184,2
Mato Grosso 6.685 28.869 182,7 789,0
Goiás 5.481 639 77,7 9,1
Distrito Federal 184 105 6,5 3,7
Brasil 161.653 61.051 79,6 30,1
FONTE:SinanOn-lineeE-SUS VS(bancodedadosatualizadoem07/04/2025).Dadossujeitosaalteração.
17","Casos prováveis e incidência (por 100.000 habitantes) de chikungunya, SE 01 a SE 14, Brasil, 2024 e 2025 Casos Prováveis (n) Coeficiente de Incidência Região/UF SE 01 aSE 14 SE 01 aSE 14 2024 2025 2024 2025 Norte 1.215 1.784 7,0 10,3 Rondônia 155 1.064 9,8 67,3 Acre 140 166 16,9 20,0 Amazonas 31 73 0,8 1,9 Roraima 8 16 1,3 2,5 Pará 477 252 5,9 3,1 Amapá 144 17 19,6 2,3 Tocantins 260 196 17,2 13,0 Nordeste 14.128 3.149 25,9 5,8 Maranhão 462 165 6,8 2,4 Piauí 376 113 11,5 3,5 Ceará 360 290 4,1 3,3 Rio Grande do Norte 1.219 565 36,9 17,1 Paraíba 781 317 19,7 8,0 Pernambuco 1.457 847 16,1 9,4 Alagoas 164 67 5,2 2,1 Sergipe 206 50 9,3 2,3 Bahia 9.103 735 64,4 5,2 Sudeste 132.487 17.280 156,1 20,4 Minas Gerais 121.338 7.871 590,8 38,3 Espírito Santo 5.419 1.391 141,4 36,3 Rio de Janeiro 1.936 1.011 12,1 6,3 São Paulo 3.794 7.007 8,5 15,8 Sul 424 4.147 1,4 13,9 Paraná 231 3.403 2,0 29,7 Santa Catarina 56 520 0,7 6,8 Rio Grande do Sul 137 224 1,3 2,1 Centro-Oeste 13.399 34.691 82,3 213,0 Mato Grosso do Sul 1.049 5.078 38,1 184,2 Mato Grosso 6.685 28.869 182,7 789,0 Goiás 5.481 639 77,7 9,1 Distrito Federal 184 105 6,5 3,7 Brasil 161.653 61.051 79,6 30,1 FONTE:SinanOn-lineeE-SUS VS(bancodedadosatualizadoem07/04/2025).Dadossujeitosaalteração.",0,,
Informe Semanal nº 08 - COE Dengue e outras Arboviroses - SE 1 a 13.pdf,8,1,14,2025,2025-04-07,18,0,957,"INFORME SEMANAL No 08
SE 01 a 14/2025 (07/04/2025)
Número de óbitos confirmados e óbitos em investigação de chikungunya, SE 01 a SE
14, Brasil, 2024 e 2025
Óbitos confirmados Óbitos em Investigação
Região/UF SE 01 aSE 14 SE 01 aSE 14
2024 2025 2024 2025
Norte 1 0 0 0
Rondônia 0 0 0 0
Acre 0 0 0 0
Amazonas 0 0 0 0
Roraima 0 0 0 0
Pará 0 0 0 0
Amapá 1 0 0 0
Tocantins 0 0 0 0
Nordeste 17 1 5 11
Maranhão 1 0 1 4
Piauí 0 0 0 0
Ceará 0 0 0 0
Rio Grande do Norte 1 0 0 0
Paraíba 4 0 0 1
Pernambuco 2 0 2 5
Alagoas 0 0 0 0
Sergipe 1 0 0 0
Bahia 8 1 2 1
Sudeste 111 8 14 15
Minas Gerais 99 2 12 1
Espírito Santo 4 0 0 2
Rio de Janeiro 2 2 0 2
São Paulo 6 4 2 10
Sul 0 3 0 6
Paraná 0 0 0 1
Santa Catarina 0 2 0 2
Rio Grande do Sul 0 1 0 3
Centro-Oeste 18 42 6 30
Mato Grosso do Sul 1 1 1 3
Mato Grosso 6 41 1 25
Goiás 11 0 2 2
Distrito Federal 0 0 2 0
Brasil 147 54 25 62
FONTE:SinanOn-lineeE-SUS VS(bancodedadosatualizadoem07/04/2025).Dadossujeitosaalteração.
18","Número de óbitos confirmados e óbitos em investigação de chikungunya, SE 01 a SE 14, Brasil, 2024 e 2025 Óbitos confirmados Óbitos em Investigação Região/UF SE 01 aSE 14 SE 01 aSE 14 2024 2025 2024 2025 Norte 1 0 0 0 Rondônia 0 0 0 0 Acre 0 0 0 0 Amazonas 0 0 0 0 Roraima 0 0 0 0 Pará 0 0 0 0 Amapá 1 0 0 0 Tocantins 0 0 0 0 Nordeste 17 1 5 11 Maranhão 1 0 1 4 Piauí 0 0 0 0 Ceará 0 0 0 0 Rio Grande do Norte 1 0 0 0 Paraíba 4 0 0 1 Pernambuco 2 0 2 5 Alagoas 0 0 0 0 Sergipe 1 0 0 0 Bahia 8 1 2 1 Sudeste 111 8 14 15 Minas Gerais 99 2 12 1 Espírito Santo 4 0 0 2 Rio de Janeiro 2 2 0 2 São Paulo 6 4 2 10 Sul 0 3 0 6 Paraná 0 0 0 1 Santa Catarina 0 2 0 2 Rio Grande do Sul 0 1 0 3 Centro-Oeste 18 42 6 30 Mato Grosso do Sul 1 1 1 3 Mato Grosso 6 41 1 25 Goiás 11 0 2 2 Distrito Federal 0 0 2 0 Brasil 147 54 25 62 FONTE:SinanOn-lineeE-SUS VS(bancodedadosatualizadoem07/04/2025).Dadossujeitosaalteração.",0,,
Informe Semanal nº 08 - COE Dengue e outras Arboviroses - SE 1 a 13.pdf,8,1,14,2025,2025-04-07,19,0,1139,"INFORME SEMANAL No 08
SE 01 a 14/2025 (07/04/2025)
Casos prováveis e incidência (por 100.000 habitantes) de Zika, SE 01 a SE 13, Brasil,
2024 e 2025.
Casos Prováveis Coeficiente de Incidência
Região/UF SE01 a SE13 SE01 a SE13
2024 2025 2024 2025
Norte 283 464 1,6 2,7
Rondônia 64 9 4,0 0,6
Acre 49 309 5,9 37,2
Amazonas 46 14 1,2 0,4
Roraima 3 4 0,5 0,6
Pará 40 45 0,5 0,6
Amapá 60 3 8,2 0,4
Tocantins 21 80 1,4 5,3
Nordeste 1.741 515 3,2 0,9
Maranhão 144 85 2,1 1,3
Piauí 3 5 0,1 0,2
Ceará 81 32 0,9 0,4
Rio Grande do Norte
659 209 20,0 6,3
Paraíba 45 10 1,1 0,3
Pernambuco 52 47 0,6 0,5
Alagoas 27 11 0,9 0,4
Sergipe 17 9 0,8 0,4
Bahia 713 107 5,0 0,8
Sudeste 280 134 0,3 0,2
Minas Gerais 128 27 0,6 0,1
Espírito Santo 58 2 1,5 0,1
Rio de Janeiro 1 3 0,0 0,0
São Paulo 93 102 0,2 0,2
Sul 19 10 0,1 0,0
Paraná 7 6 0,1 0,1
Santa Catarina 4 4 0,1 0,1
Rio Grande do Sul 8 0 0,1 0,0
Centro-Oeste 254 930 1,6 5,7
Mato Grosso do Sul 49 97 1,8 3,5
Mato Grosso 152 809 4,2 22,1
Goiás 43 24 0,6 0,3
Distrito Federal 10 0 0,4 0,0
Brasil 2.577 2.053 1,3 1,0
FONTE:SinanOn-lineeE-SUS VS(bancodedadosatualizadoem08/04/2025).Dadossujeitosaalteração.
19","Casos prováveis e incidência (por 100.000 habitantes) de Zika, SE 01 a SE 13, Brasil, 2024 e 2025. Casos Prováveis Coeficiente de Incidência Região/UF SE01 a SE13 SE01 a SE13 2024 2025 2024 2025 Norte 283 464 1,6 2,7 Rondônia 64 9 4,0 0,6 Acre 49 309 5,9 37,2 Amazonas 46 14 1,2 0,4 Roraima 3 4 0,5 0,6 Pará 40 45 0,5 0,6 Amapá 60 3 8,2 0,4 Tocantins 21 80 1,4 5,3 Nordeste 1.741 515 3,2 0,9 Maranhão 144 85 2,1 1,3 Piauí 3 5 0,1 0,2 Ceará 81 32 0,9 0,4 Rio Grande do Norte 659 209 20,0 6,3 Paraíba 45 10 1,1 0,3 Pernambuco 52 47 0,6 0,5 Alagoas 27 11 0,9 0,4 Sergipe 17 9 0,8 0,4 Bahia 713 107 5,0 0,8 Sudeste 280 134 0,3 0,2 Minas Gerais 128 27 0,6 0,1 Espírito Santo 58 2 1,5 0,1 Rio de Janeiro 1 3 0,0 0,0 São Paulo 93 102 0,2 0,2 Sul 19 10 0,1 0,0 Paraná 7 6 0,1 0,1 Santa Catarina 4 4 0,1 0,1 Rio Grande do Sul 8 0 0,1 0,0 Centro-Oeste 254 930 1,6 5,7 Mato Grosso do Sul 49 97 1,8 3,5 Mato Grosso 152 809 4,2 22,1 Goiás 43 24 0,6 0,3 Distrito Federal 10 0 0,4 0,0 Brasil 2.577 2.053 1,3 1,0 FONTE:SinanOn-lineeE-SUS VS(bancodedadosatualizadoem08/04/2025).Dadossujeitosaalteração.",0,,
Informe Semanal nº 08 - COE Dengue e outras Arboviroses - SE 1 a 13.pdf,8,1,14,2025,2025-04-07,20,0,973,"INFORME SEMANAL No 08
SE 01 a 14/2025 (07/04/2025)
CASOS CONFIRMADOS DE OROPOUCHE POR UF DE LOCAL PROVÁVEL DE INFECÇÃO,
BRASIL, 2024 E 2025.
Casos de Oropouche
Região/UF
2024 2025 2025
SE 01 a SE 14 SE 01 a SE 14 4 últimas SE
Norte 4.981 35 5
Rondônia 1.624 2 2
Acre 268 0 0
Amazonas 2.958 0 0
Roraima 7 1 0
Pará 116 0 0
Amapá 5 29 0
Tocantins 3 3 3
Nordeste 157 828 230
Maranhão 8 0 0
Piauí 18 1 0
Ceará 0 221 176
Rio Grande do
0
Norte 0 0
Paraíba 0 604 54
Pernambuco 0 0 0
Alagoas 0 0 0
Sergipe 0 0 0
Bahia 131 2 0
Sudeste 114 6.893 791
Minas Gerais 65 270 59
Espírito Santo 3 5.543 507
Rio de Janeiro 46 1.075 225
São Paulo 0 5 0
Sul 44 0 0
Paraná 0 0 0
Santa Catarina 44 0 0
Rio Grande do Sul 0 0 0
Centro-Oeste 2 0 0
Mato G*rLPoI sesmo i ndveos tigSauçlão. 1 0 0
Mato Grosso 1 0 0
Goiás 0 0 0
Distrito Federal 0 0 0
Brasil 5.298 7.756 1.026
* LPI em investigação
FONTE:GerenciadordeAmbiente Laboratorial(GAL). Dadosatualizadosaté07/04/2025.Dadossujeitosaalterações.
20","CASOS CONFIRMADOS DE OROPOUCHE POR UF DE LOCAL PROVÁVEL DE INFECÇÃO, BRASIL, 2024 E 2025. Casos de Oropouche Região/UF 2024 2025 2025 SE 01 a SE 14 SE 01 a SE 14 4 últimas SE Norte 4.981 35 5 Rondônia 1.624 2 2 Acre 268 0 0 Amazonas 2.958 0 0 Roraima 7 1 0 Pará 116 0 0 Amapá 5 29 0 Tocantins 3 3 3 Nordeste 157 828 230 Maranhão 8 0 0 Piauí 18 1 0 Ceará 0 221 176 Rio Grande do 0 Norte 0 0 Paraíba 0 604 54 Pernambuco 0 0 0 Alagoas 0 0 0 Sergipe 0 0 0 Bahia 131 2 0 Sudeste 114 6.893 791 Minas Gerais 65 270 59 Espírito Santo 3 5.543 507 Rio de Janeiro 46 1.075 225 São Paulo 0 5 0 Sul 44 0 0 Paraná 0 0 0 Santa Catarina 44 0 0 Rio Grande do Sul 0 0 0 Centro-Oeste 2 0 0 Mato G*rLPoI sesmo i ndveos tigSauçlão. 1 0 0 Mato Grosso 1 0 0 Goiás 0 0 0 Distrito Federal 0 0 0 Brasil 5.298 7.756 1.026 * LPI em investigação FONTE:GerenciadordeAmbiente Laboratorial(GAL). Dadosatualizadosaté07/04/2025.Dadossujeitosaalterações.",0,,
Informe Semanal nº 09 - COE Dengue e outras Arboviroses - SE 1 a 15.pdf,9,1,15,2025,2025-04-14,1,0,41,"SE 01 a 15/2025
No 09
23 de abril de 2025",SE 01 a 15/2025 No 09 23 de abril de 2025,0,,
Informe Semanal nº 09 - COE Dengue e outras Arboviroses - SE 1 a 15.pdf,9,1,15,2025,2025-04-14,2,0,2259,"INFORME SEMANAL No 09
SE 01 a 15/2025 (14/04/2025)
Introdução
Os dados de dengue, chikungunya, e Oropouche apresentados neste
Informe referem-se às semanas epidemiológicas (SE) 01 a 15 de 2025 (que
correspondem ao período entre 29/12/24 e 12/04/2025). Para Zika, os dados
apresentados são do período da SE 01 a SE 13 de 2025 (que se estende de
29/12/24 a 29/03/2025). Os dados são comparados aos dados do mesmo
período de 2024. Para febre amarela, os dados referem-se ao
monitoramento 2024/2025 (julho/2024 a junho/2025), atualizados até
14/04/2025. Os dados detalhados das arboviroses dos anos de 2023 a 2025
podem ser acessados em: https://www.gov.br/saude/pt-br/assuntos/saude-
de-a-a-z/a/aedes-aegypti/monitoramento-das-arboviroses.
Situação Epidemiológica
Dengue
Nas SE 01 a 15 de 2025, foram notificados 983.138 casos prováveis de
dengue, correspondendo a um coeficiente de incidência de 484,2 casos/100 mil
habitantes. Quando comparado com o mesmo período de 2024, observa-se uma
redução de 75,5% no número de casos prováveis.
As Regiões Geográficas que apresentam os maiores coeficientes de
incidência são Sudeste, Centro-Oeste e Sul. Entre as Unidades Federativas (UF),
São Paulo, Acre e Paraná apresentam as maiores incidências.
Os maiores números de casos graves concentram-se nas regiões
Sudeste, Centro-Oeste e Sul. A maior parte dos óbitos está na região Sudeste.
Foram confirmados 622 óbitos no período, e 741 estão em investigação.
Foi identificada a circulação dos quatro sorotipos do vírus dengue (DENV-1,
DENV-2, DENV-3 e DENV-4), com predominância do DENV-2. Aumento da
proporção de DENV-3 foi observada desde o último trimestre de 2024. DENV-4
(vírus selvagem) foi detectado em duas amostras de Minas Gerais e três de São
Paulo. Outras detecções de DENV-4 em Minas Gerais, Mato Grosso do Sul, São
Paulo, Paraná e Roraima estão em análise.
O coeficiente de incidência de dengue no Brasil encontra-se dentro dos limites
do canal endêmico definidos pelo diagrama de controle. Contudo, a estimativa
por nowcasting indica acima do limite superior esperado para o período atual,
embora com tendência de queda, retorna à faixa endêmica na atual semana.
Fonte: SinanOn-line (banco de dados atualizado em 14/04/2025). Dados sujeitos a alteração.
2","Introdução Os dados de dengue, chikungunya, e Oropouche apresentados neste Informe referem-se às semanas epidemiológicas (SE) 01 a 15 de 2025 (que correspondem ao período entre 29/12/24 e 12/04/2025). Para Zika, os dados apresentados são do período da SE 01 a SE 13 de 2025 (que se estende de 29/12/24 a 29/03/2025). Os dados são comparados aos dados do mesmo período de 2024. Para febre amarela, os dados referem-se ao monitoramento 2024/2025 (julho/2024 a junho/2025), atualizados até 14/04/2025. Os dados detalhados das arboviroses dos anos de 2023 a 2025 podem ser acessados em: https://www.gov.br/saude/pt-br/assuntos/saudede-a-a-z/a/aedes-aegypti/monitoramento-das-arboviroses. Situação Epidemiológica Dengue Nas SE 01 a 15 de 2025, foram notificados 983.138 casos prováveis de dengue, correspondendo a um coeficiente de incidência de 484,2 casos/100 mil habitantes. Quando comparado com o mesmo período de 2024, observa-se uma redução de 75,5% no número de casos prováveis. As Regiões Geográficas que apresentam os maiores coeficientes de incidência são Sudeste, Centro-Oeste e Sul. Entre as Unidades Federativas (UF), São Paulo, Acre e Paraná apresentam as maiores incidências. Os maiores números de casos graves concentram-se nas regiões Sudeste, Centro-Oeste e Sul. A maior parte dos óbitos está na região Sudeste. Foram confirmados 622 óbitos no período, e 741 estão em investigação. Foi identificada a circulação dos quatro sorotipos do vírus dengue (DENV-1, DENV-2, DENV-3 e DENV-4), com predominância do DENV-2. Aumento da proporção de DENV-3 foi observada desde o último trimestre de 2024. DENV-4 (vírus selvagem) foi detectado em duas amostras de Minas Gerais e três de São Paulo. Outras detecções de DENV-4 em Minas Gerais, Mato Grosso do Sul, São Paulo, Paraná e Roraima estão em análise. O coeficiente de incidência de dengue no Brasil encontra-se dentro dos limites do canal endêmico definidos pelo diagrama de controle. Contudo, a estimativa por nowcasting indica acima do limite superior esperado para o período atual, embora com tendência de queda, retorna à faixa endêmica na atual semana. Fonte: SinanOn-line (banco de dados atualizado em 14/04/2025). Dados sujeitos a alteração.",1,narrativa,"Dengue Nas SE 01 a 15 de 2025, foram notificados 983.138 casos prováveis de dengue, correspondendo a um coeficiente de incidência de 484,2 casos/100 mil habitantes. Quando comparado com o mesmo período de 2024, observa-se uma redução de 75,5% no número de casos prováveis. As Regiões Geográficas que apresentam os maiores coeficientes de incidência são Sudeste, Centro-Oeste e Sul. Entre as Unidades Federativas (UF), São Paulo, Acre e Paraná apresentam as maiores incidências. Os maiores números de casos graves concentram-se nas regiões Sudeste, Centro-Oeste e Sul. A maior parte dos óbitos está na região Sudeste. Foram confirmados 622 óbitos no período, e 741 estão em investigação. Foi identificada a circulação dos quatro sorotipos do vírus dengue (DENV-1, DENV-2, DENV-3 e DENV-4), com predominância do DENV-2. Aumento da proporção de DENV-3 foi observada desde o último trimestre de 2024. DENV-4 (vírus selvagem) foi detectado em duas amostras de Minas Gerais e três de São Paulo. Outras detecções de DENV-4 em Minas Gerais, Mato Grosso do Sul, São Paulo, Paraná e Roraima estão em análise. O coeficiente de incidência de dengue no Brasil encontra-se dentro dos limites do canal endêmico definidos pelo diagrama de controle. Contudo, a estimativa por nowcasting indica acima do limite superior esperado para o período atual, embora com tendência de queda, retorna à faixa endêmica na atual semana. Fonte: SinanOn-line (banco de dados atualizado em 14/04/2025). Dados sujeitos a alteração."
Informe Semanal nº 09 - COE Dengue e outras Arboviroses - SE 1 a 15.pdf,9,1,15,2025,2025-04-14,3,0,199,"INFORME SEMANAL No 09
SE 01 a 15/2025 (14/04/2025)
Diagrama de controle
Coeficiente de Incidência e óbitos
Fonte: SinanOn-line (banco de dados atualizado em 14/04/2025). Dados sujeitos a alteração.
3",Diagrama de controle Coeficiente de Incidência e óbitos Fonte: SinanOn-line (banco de dados atualizado em 14/04/2025). Dados sujeitos a alteração.,1,narrativa,Diagrama de controle Coeficiente de Incidência e óbitos Fonte: SinanOn-line (banco de dados atualizado em 14/04/2025). Dados sujeitos a alteração.
Informe Semanal nº 09 - COE Dengue e outras Arboviroses - SE 1 a 15.pdf,9,1,15,2025,2025-04-14,4,0,1329,"INFORME SEMANAL No 09
SE 01 a 15/2025 (14/04/2025)
Mapa de Sorotipos Dengue SE 01 a SE 15/2025
Chikungunya
Nas SE 01 a 15 de 2025, foram notificados 68.167 casos prováveis de
chikungunya, correspondendo a um coeficiente de incidência de 33,6
casos/100 mil habitantes. Quando comparado ao mesmo período de
2024, observa-se uma redução de 62,6% no número de casos prováveis.
As Regiões Geográficas que apresentam os maiores coeficientes de
incidência são a Centro-Oeste e a Sudeste. Entre as UFs, Mato Grosso e Mato
Grosso do Sul apresentam as maiores incidências.
Foram confirmados 57 óbitos no período, sendo 41 no Mato Grosso,
quatro em São Paulo, três em Santa Catarina, dois em Minas Gerais, Rio de
Janeiro e Mato Grosso do Sul, e um na Bahia, Pernambuco e Rio Grande do
Sul. Encontram-se em investigação 56 óbitos até o momento, sendo 30 na
região Centro-Oeste e 14 na Região Sudeste.
O coeficiente de incidência de chikungunya no Brasil encontra-se
abaixo do limite inferior do canal endêmico do diagrama de controle,
considerando a série histórica. No entanto, a estimativa nowcasting flutua
dentro do canal endêmico nas últimas semanas, com tendência de
estabilidade no número de casos, dentro do esperado para o período
sazonal.
Fonte: SinanOn-line (banco de dados atualizado em 14/04/2025). Dados sujeitos a alteração.
4","Mapa de Sorotipos Dengue SE 01 a SE 15/2025 Chikungunya Nas SE 01 a 15 de 2025, foram notificados 68.167 casos prováveis de chikungunya, correspondendo a um coeficiente de incidência de 33,6 casos/100 mil habitantes. Quando comparado ao mesmo período de 2024, observa-se uma redução de 62,6% no número de casos prováveis. As Regiões Geográficas que apresentam os maiores coeficientes de incidência são a Centro-Oeste e a Sudeste. Entre as UFs, Mato Grosso e Mato Grosso do Sul apresentam as maiores incidências. Foram confirmados 57 óbitos no período, sendo 41 no Mato Grosso, quatro em São Paulo, três em Santa Catarina, dois em Minas Gerais, Rio de Janeiro e Mato Grosso do Sul, e um na Bahia, Pernambuco e Rio Grande do Sul. Encontram-se em investigação 56 óbitos até o momento, sendo 30 na região Centro-Oeste e 14 na Região Sudeste. O coeficiente de incidência de chikungunya no Brasil encontra-se abaixo do limite inferior do canal endêmico do diagrama de controle, considerando a série histórica. No entanto, a estimativa nowcasting flutua dentro do canal endêmico nas últimas semanas, com tendência de estabilidade no número de casos, dentro do esperado para o período sazonal. Fonte: SinanOn-line (banco de dados atualizado em 14/04/2025). Dados sujeitos a alteração.",1,narrativa,Mapa de Sorotipos Dengue SE 01 a SE 15/2025
Informe Semanal nº 09 - COE Dengue e outras Arboviroses - SE 1 a 15.pdf,9,1,15,2025,2025-04-14,5,0,199,"INFORME SEMANAL No 09
SE 01 a 15/2025 (14/04/2025)
Diagrama de controle
Coeficiente de Incidência e óbitos
Fonte: SinanOn-line (banco de dados atualizado em 14/04/2025). Dados sujeitos a alteração.
5",Diagrama de controle Coeficiente de Incidência e óbitos Fonte: SinanOn-line (banco de dados atualizado em 14/04/2025). Dados sujeitos a alteração.,0,,
Informe Semanal nº 09 - COE Dengue e outras Arboviroses - SE 1 a 15.pdf,9,1,15,2025,2025-04-14,6,0,1637,"INFORME SEMANAL No 09
SE 01 a 15/2025 (14/04/2025)
Zika
Entre as Semanas Epidemiológicas 01 e 13 de 2025, foram
notificados 2.053 casos prováveis de Zika no Brasil, com coeficiente de
incidência de 1,0 casos/100 mil habitantes. Quando comparado ao
mesmo período de 2024, observa-se uma redução de 20,3%. Em relação
às gestantes, 36 foram confirmados e 151 permanecem em investigação.
Não foram confirmados óbitos por Zika no período.
As Regiões Centro-Oeste e Norte apresentam os maiores
coeficientes de incidência. Em relação às UFs, os maiores coeficientes de
incidência estão no Acre, Mato Grosso, Rio Grande do Norte e Tocantins.
O coeficiente de incidência de Zika no Brasil, encontra-se
abaixo dos limites do canal endêmico do diagrama de controle2,
considerando a série histórica. No entanto, a estimativa nowcasting
indica tendência de alta no número de casos, acima do limite esperado.
Diagrama de controle2 Incidência e gestantes
1O nowcasting (linha tracejada vermelha) corrige os atrasos inerentes aos sistemas de vigilância epidemiológica e
estima o número de casos em um determinado momento, considerando os dados disponíveis e as características do
processodenotificação,contribuindoparaaantecipaçãodaavaliaçãodatendênciadealtaoubaixadaincidência.
2 O diagrama decontroleé uma ferramenta gráficaque permite acompanhar a variação do coeficiente de incidência
(linha azul) de uma determinada doença ao longo do tempo em relação ao canal endêmico, que define a faixa de
variaçãoesperadaparaaincidênciadadoençacombaseemdadoshistóricos.
Fonte: Sinan-Net (banco de dados atualizados em 08/04/2025). Dados sujeitos a alteração.
6","Zika Entre as Semanas Epidemiológicas 01 e 13 de 2025, foram notificados 2.053 casos prováveis de Zika no Brasil, com coeficiente de incidência de 1,0 casos/100 mil habitantes. Quando comparado ao mesmo período de 2024, observa-se uma redução de 20,3%. Em relação às gestantes, 36 foram confirmados e 151 permanecem em investigação. Não foram confirmados óbitos por Zika no período. As Regiões Centro-Oeste e Norte apresentam os maiores coeficientes de incidência. Em relação às UFs, os maiores coeficientes de incidência estão no Acre, Mato Grosso, Rio Grande do Norte e Tocantins. O coeficiente de incidência de Zika no Brasil, encontra-se abaixo dos limites do canal endêmico do diagrama de controle2, considerando a série histórica. No entanto, a estimativa nowcasting indica tendência de alta no número de casos, acima do limite esperado. Diagrama de controle2 Incidência e gestantes 1O nowcasting (linha tracejada vermelha) corrige os atrasos inerentes aos sistemas de vigilância epidemiológica e estima o número de casos em um determinado momento, considerando os dados disponíveis e as características do processodenotificação,contribuindoparaaantecipaçãodaavaliaçãodatendênciadealtaoubaixadaincidência. 2 O diagrama decontroleé uma ferramenta gráficaque permite acompanhar a variação do coeficiente de incidência (linha azul) de uma determinada doença ao longo do tempo em relação ao canal endêmico, que define a faixa de variaçãoesperadaparaaincidênciadadoençacombaseemdadoshistóricos. Fonte: Sinan-Net (banco de dados atualizados em 08/04/2025). Dados sujeitos a alteração.",0,,
Informe Semanal nº 09 - COE Dengue e outras Arboviroses - SE 1 a 15.pdf,9,1,15,2025,2025-04-14,7,0,988,"INFORME SEMANAL No 09
SE 01 a 15/2025 (14/04/2025)
Dengue
(Incidência)
484,2 622
-75,5%
CASOS/100 MIL HAB. ÓBITOS
Em relação
ao número
983.138 Casos prováveis Óbitos em
741 de casos
investigação
no mesmo
Casos graves e com
15.956
período de
sinais de alarme 3,9% Letalidade1
2024
Chikungunya
(Incidência)
33,6 57
-62,2%
CASOS/100 MIL HAB. ÓBITOS
Em relação
ao número
Óbitos em
68.167 Casos prováveis 56 de casos
investigação
no mesmo
período de
0,1% Letalidade2 2024
Zika
(Incidência)
1,0 0
-20,3%
CASOS/100 MIL HAB. ÓBITOS
Em relação
ao número
2.053 Casos prováveis de casos
187
no mesmo
período de
CASOS PROVÁVEIS
2024
EM GESTANTES
1Para o cálculo da letalidade, foram considerados no denominador os casos de dengue grave e de dengue com sinais de
alarme.
2Paraocálculodaletalidade,foramconsideradosnodenominadoroscasosprováveisdechikungunya.
FONTE:: Sinan On-line (banco de dados atualizado em 14/04/2025); Sinan NET (banco de dados atualizado em
08/04/2025).Dadossujeitosaalteração.
7","Dengue (Incidência) 484,2 622 -75,5% CASOS/100 MIL HAB. ÓBITOS Em relação ao número 983.138 Casos prováveis Óbitos em 741 de casos investigação no mesmo Casos graves e com 15.956 período de sinais de alarme 3,9% Letalidade1 2024 Chikungunya (Incidência) 33,6 57 -62,2% CASOS/100 MIL HAB. ÓBITOS Em relação ao número Óbitos em 68.167 Casos prováveis 56 de casos investigação no mesmo período de 0,1% Letalidade2 2024 Zika (Incidência) 1,0 0 -20,3% CASOS/100 MIL HAB. ÓBITOS Em relação ao número 2.053 Casos prováveis de casos 187 no mesmo período de CASOS PROVÁVEIS 2024 EM GESTANTES 1Para o cálculo da letalidade, foram considerados no denominador os casos de dengue grave e de dengue com sinais de alarme. 2Paraocálculodaletalidade,foramconsideradosnodenominadoroscasosprováveisdechikungunya. FONTE:: Sinan On-line (banco de dados atualizado em 14/04/2025); Sinan NET (banco de dados atualizado em 08/04/2025).Dadossujeitosaalteração.",1,narrativa,"Dengue (Incidência) 484,2 622 -75,5% CASOS/100 MIL HAB. ÓBITOS Em relação ao número 983.138 Casos prováveis Óbitos em 741 de casos investigação no mesmo Casos graves e com 15.956 período de sinais de alarme 3,9% Letalidade1 2024"
Informe Semanal nº 09 - COE Dengue e outras Arboviroses - SE 1 a 15.pdf,9,1,15,2025,2025-04-14,8,0,1055,"INFORME SEMANAL No 09
SE 01 a 15/2025 (14/04/2025)
Oropouche
Entre as SE 01 e 15/2025, foram confirmados 8.430 casos de Oropouche no
Brasil, o que representa um aumento de 51,6% quando comparado com o
mesmo período do ano anterior, em que foram registrados 5.561 casos. Até o
momento, foram identificados dois óbito suspeitos de Oropouche em 2025, no
Espírito Santo e em Pernambuco, com detecção do genoma viral em amostras
de soro.
CASOS DE OROPOUCHE POR SE DE INÍCIO DE SINTOMAS, BRASIL, 2024 E 2025
Os casos identificados estão distribuídos de maneira equitativa entre os
sexos, com 52,1% das detecções em indivíduos do sexo masculino. As faixas
etárias entre 20 e 59 anos concentram 70,1% dos casos. Entre os menores de 1
ano, foram registrados 10 casos, sendo cinco no Rio de Janeiro, quatro no
Espírito Santo* e um na Paraíba.
CASOS DE OROPOUCHE POR SEXO E FAIXA ETÁRIA, BRASIL, 2025
*Um casono Espírito Santo emmenorde1 anocom informaçãode sexoignorada.
Fonte: Sinan On-line (banco de dados atualizado em 14/04/2025). Dados sujeitos a alterações.
8","Oropouche Entre as SE 01 e 15/2025, foram confirmados 8.430 casos de Oropouche no Brasil, o que representa um aumento de 51,6% quando comparado com o mesmo período do ano anterior, em que foram registrados 5.561 casos. Até o momento, foram identificados dois óbito suspeitos de Oropouche em 2025, no Espírito Santo e em Pernambuco, com detecção do genoma viral em amostras de soro. CASOS DE OROPOUCHE POR SE DE INÍCIO DE SINTOMAS, BRASIL, 2024 E 2025 Os casos identificados estão distribuídos de maneira equitativa entre os sexos, com 52,1% das detecções em indivíduos do sexo masculino. As faixas etárias entre 20 e 59 anos concentram 70,1% dos casos. Entre os menores de 1 ano, foram registrados 10 casos, sendo cinco no Rio de Janeiro, quatro no Espírito Santo* e um na Paraíba. CASOS DE OROPOUCHE POR SEXO E FAIXA ETÁRIA, BRASIL, 2025 *Um casono Espírito Santo emmenorde1 anocom informaçãode sexoignorada. Fonte: Sinan On-line (banco de dados atualizado em 14/04/2025). Dados sujeitos a alterações.",0,,
Informe Semanal nº 09 - COE Dengue e outras Arboviroses - SE 1 a 15.pdf,9,1,15,2025,2025-04-14,9,0,1613,"INFORME SEMANAL No 09
SE 01 a 15/2025 (14/04/2025)
Oropouche
Em 2025, a UF com maior número de casos é o Espírito Santo (n=
5.716), cujo aumento vem ocorrendo desde o segundo semestre de 2024.
Destacam-se ainda Rio de Janeiro (n=1.280), Paraíba (n=611) e Ceará
(n=344). Transmissão ativa em 2025 também foi registrada em Roraima,
Amapá, Ceará, Bahia, Minas Gerais e São Paulo.
Os casos identificados no Pará, Mato Grosso, Goiás, Distrito Federal,
Tocantins, Piauí, Pernambuco e Paraná apresentaram Local Provável de
Infecção (LPI) em estados com transmissão autóctone (Espírito Santo, Rio de
Janeiro e Paraíba). O LPI dos casos identificados em Rondônia e Santa
Catarina estão em investigação.
CASOS DE OROPOUCHE POR MUNICÍPIO DE RESIDÊNCIA, BRASIL, 2024 E 2025.
FONTE: Gerenciador de Ambiente Laboratorial (GAL). Dados atualizados até 07/04/2025. Dados sujeitos a alterações.
Febre Amarela
No período de monitoramento 2024/2025 (julho/2024 a junho/2025),
os registros de transmissão do vírus em PNH ocorreram nos estados de São
Paulo [65] (Amparo [2], Atibaia [1], Bragança Paulista [1], Campinas [3],
Colina [1], Cravinhos [1], Guarulhos [1], Joanópolis [3], Louveira [1], Luís
Antônio [2], Mairiporã [2], Osasco [1], Pedra Bela [1], Pinhalzinho [1],
Pitangueiras [2], Ribeirão Preto [30], Santa Rita do Passa Quatro [1], Serra
Azul [1] Serra Negra [2], Socorro [1] e Valinhos [7]), Minas Gerais [12]
(Camanducaia [1], Córrego do Bom Jesus [1], Estiva [2], Ipuiúna [2],
Paraisópolis [1], Poço Fundo [1], Poços de Caldas [1], Sapucaí-Mirim [2] e
Toledo [1]), Tocantins [2] (Palmas) e Roraima [1] (Alto Alegre).
9","Oropouche Em 2025, a UF com maior número de casos é o Espírito Santo (n= 5.716), cujo aumento vem ocorrendo desde o segundo semestre de 2024. Destacam-se ainda Rio de Janeiro (n=1.280), Paraíba (n=611) e Ceará (n=344). Transmissão ativa em 2025 também foi registrada em Roraima, Amapá, Ceará, Bahia, Minas Gerais e São Paulo. Os casos identificados no Pará, Mato Grosso, Goiás, Distrito Federal, Tocantins, Piauí, Pernambuco e Paraná apresentaram Local Provável de Infecção (LPI) em estados com transmissão autóctone (Espírito Santo, Rio de Janeiro e Paraíba). O LPI dos casos identificados em Rondônia e Santa Catarina estão em investigação. CASOS DE OROPOUCHE POR MUNICÍPIO DE RESIDÊNCIA, BRASIL, 2024 E 2025. FONTE: Gerenciador de Ambiente Laboratorial (GAL). Dados atualizados até 07/04/2025. Dados sujeitos a alterações. Febre Amarela No período de monitoramento 2024/2025 (julho/2024 a junho/2025), os registros de transmissão do vírus em PNH ocorreram nos estados de São Paulo [65] (Amparo [2], Atibaia [1], Bragança Paulista [1], Campinas [3], Colina [1], Cravinhos [1], Guarulhos [1], Joanópolis [3], Louveira [1], Luís Antônio [2], Mairiporã [2], Osasco [1], Pedra Bela [1], Pinhalzinho [1], Pitangueiras [2], Ribeirão Preto [30], Santa Rita do Passa Quatro [1], Serra Azul [1] Serra Negra [2], Socorro [1] e Valinhos [7]), Minas Gerais [12] (Camanducaia [1], Córrego do Bom Jesus [1], Estiva [2], Ipuiúna [2], Paraisópolis [1], Poço Fundo [1], Poços de Caldas [1], Sapucaí-Mirim [2] e Toledo [1]), Tocantins [2] (Palmas) e Roraima [1] (Alto Alegre).",0,,
Informe Semanal nº 09 - COE Dengue e outras Arboviroses - SE 1 a 15.pdf,9,1,15,2025,2025-04-14,10,0,1158,"INFORME SEMANAL No 09
SE 01 a 15/2025 (14/04/2025)
Febre Amarela
No período, foram confirmados 96 casos humanos, dos quais 39
evoluíram para o óbito (letalidade estimada de 40,6%). Os casos tiveram os
locais prováveis de infecção nos estados de São Paulo [44] (Águas de
Lindoia [1], Águas de São Pedro [1], Amparo [1], Bragança Paulista [2],
Brotas [2], Caçapava [6], Campinas [3], Joanópolis [9], Nazaré Paulista [2],
Pedra Bela [2], Pedreira [2] , Piracaia [3], Socorro [4], Tuiuti [1], Valinhos [1],
Vargem [1], LPI em investigação [3]), Pará [41] (Breves [39], Cametá [1],
Melgaço [1]), Minas Gerais [10] (Camanducaia [1], Cambuí [1], Extrema
[1], Maria da Fé [1] Monte Sião [1], Poços de Caldas [1], Pouso Alegre [1],
Sapucaí-Mirim [1], Silvianópolis [1], LPI em investigação [1]) e Tocantins [1]
(Monte do Carmo).
Entre os casos, 86 (89,6%) eram do sexo masculino, com idades entre
10 e 75 anos. Um dos indivíduos tinha histórico de vacinação em 2017 e
evoluiu para o óbito.
Municípios com detecção do vírus da Febre Amarela em PNH e Humanos, monitoramento
2024/2025.
FONTE:SINAN,SISS-Geo,GAL. Dadosatualizadosaté14/04/2025.Dadossujeitosaalterações.
10","Febre Amarela No período, foram confirmados 96 casos humanos, dos quais 39 evoluíram para o óbito (letalidade estimada de 40,6%). Os casos tiveram os locais prováveis de infecção nos estados de São Paulo [44] (Águas de Lindoia [1], Águas de São Pedro [1], Amparo [1], Bragança Paulista [2], Brotas [2], Caçapava [6], Campinas [3], Joanópolis [9], Nazaré Paulista [2], Pedra Bela [2], Pedreira [2] , Piracaia [3], Socorro [4], Tuiuti [1], Valinhos [1], Vargem [1], LPI em investigação [3]), Pará [41] (Breves [39], Cametá [1], Melgaço [1]), Minas Gerais [10] (Camanducaia [1], Cambuí [1], Extrema [1], Maria da Fé [1] Monte Sião [1], Poços de Caldas [1], Pouso Alegre [1], Sapucaí-Mirim [1], Silvianópolis [1], LPI em investigação [1]) e Tocantins [1] (Monte do Carmo). Entre os casos, 86 (89,6%) eram do sexo masculino, com idades entre 10 e 75 anos. Um dos indivíduos tinha histórico de vacinação em 2017 e evoluiu para o óbito. Municípios com detecção do vírus da Febre Amarela em PNH e Humanos, monitoramento 2024/2025. FONTE:SINAN,SISS-Geo,GAL. Dadosatualizadosaté14/04/2025.Dadossujeitosaalterações.",0,,
Informe Semanal nº 09 - COE Dengue e outras Arboviroses - SE 1 a 15.pdf,9,1,15,2025,2025-04-14,11,0,992,"INFORME SEMANAL No 09
SE 01 a 15/2025 (14/04/2025)
Febre Amarela
Tabela 1. Estados com detecção dovírus da Febre Amarela em PNH e humanos durante o
.
períododemonitoramento 2024/2025
PRIMATAS NÃO-HUMANOS CASOS HUMANOS
REGIÃO UF (LPI)
NOTIFICADOS CONFIRMADOS NOTIFICADOS CONFIRMADOS ÓBITOS LETALIDADE (%)
Norte Acre 2 1
Amapá 12
Amazonas 4
Pará 18 152 41 7 17,1
Rondônia 1 5
Roraima 6 1 6
Tocantins 13 2 11 1 1 100,0
Nordeste Alagoas 7
Bahia 18 4
Ceará 1 3
Maranhão 12
Paraíba 1
Pernambuco 14 2
Piauí
Rio Grande do
29 6
Norte
Sergipe
Distrito Federal 74 8
Centro- Goiás 39 14
Oeste Mato Grosso 12 9
Mato Grosso do Sul 6
Sudeste Minas Gerais 381 12 160 10 5 50,0
FONTE:SINAN,SISS-Geo,GAL. Dadosatualizadosaté05/03/2025.Dadossujeitosaalterações.
Espírito Santo 16 38
Rio de Janeiro 50 17
São Paulo 769 65 460 44 26 59,1
Sul Paraná 77 23
Santa Catarina 92 15
Rio Grande do Sul 35 10
TOTAL 1654 80 979 96 39 40,6
FONTE:SINAN,SISS-Geo,GAL. Dadosatualizadosaté14/04/2025.Dadossujeitosaalterações.
11","Febre Amarela Tabela 1. Estados com detecção dovírus da Febre Amarela em PNH e humanos durante o . períododemonitoramento 2024/2025 PRIMATAS NÃO-HUMANOS CASOS HUMANOS REGIÃO UF (LPI) NOTIFICADOS CONFIRMADOS NOTIFICADOS CONFIRMADOS ÓBITOS LETALIDADE (%) Norte Acre 2 1 Amapá 12 Amazonas 4 Pará 18 152 41 7 17,1 Rondônia 1 5 Roraima 6 1 6 Tocantins 13 2 11 1 1 100,0 Nordeste Alagoas 7 Bahia 18 4 Ceará 1 3 Maranhão 12 Paraíba 1 Pernambuco 14 2 Piauí Rio Grande do 29 6 Norte Sergipe Distrito Federal 74 8 Centro- Goiás 39 14 Oeste Mato Grosso 12 9 Mato Grosso do Sul 6 Sudeste Minas Gerais 381 12 160 10 5 50,0 FONTE:SINAN,SISS-Geo,GAL. Dadosatualizadosaté05/03/2025.Dadossujeitosaalterações. Espírito Santo 16 38 Rio de Janeiro 50 17 São Paulo 769 65 460 44 26 59,1 Sul Paraná 77 23 Santa Catarina 92 15 Rio Grande do Sul 35 10 TOTAL 1654 80 979 96 39 40,6 FONTE:SINAN,SISS-Geo,GAL. Dadosatualizadosaté14/04/2025.Dadossujeitosaalterações.",0,,
Informe Semanal nº 09 - COE Dengue e outras Arboviroses - SE 1 a 15.pdf,9,1,15,2025,2025-04-14,12,0,1042,"INFORME SEMANAL No 09
SE 01 a 15/2025 (14/04/2025)
Ações realizadas
• Visita técnica para apoiar as ações de vigilância e controle nos municípios de Porto
Alegre, Alvorada e Viamão no estado do Rio Grande do Sul
• Participação da oficina Projeto primeiros passos/ação Zika nos territórios: cartografia da
rede estadual de cuidado para o fortalecimento da atenção integral às crianças com a
síndrome congênita do Zika e suas famílias no estado da Paraíba
• Coletiva de imprensa para anúncio das novas ações de enfrentamento à dengue -
https://www.youtube.com/watch?time_continue=3&v=vpBxmEUR3M4
• Lançamento das Novas Diretrizes de Prevenção e Controle das Arboviroses -
https://www.gov.br/saude/pt-br/centrais-de-
conteudo/publicacoes/svsa/dengue/diretrizes-nacionais-para-prevencao-e-controle-das-
arboviroses-urbanas-vigilancia-entomologica-e-controle-vetorial.pdf
• Capacitação de Febre Amarela para médicos e enfermeiro do estado do Pará no estado
de São Paulo
• Participação do Coe Dengue e outras Arboviroses no COE do estado do Pará
12","Ações realizadas • Visita técnica para apoiar as ações de vigilância e controle nos municípios de Porto Alegre, Alvorada e Viamão no estado do Rio Grande do Sul • Participação da oficina Projeto primeiros passos/ação Zika nos territórios: cartografia da rede estadual de cuidado para o fortalecimento da atenção integral às crianças com a síndrome congênita do Zika e suas famílias no estado da Paraíba • Coletiva de imprensa para anúncio das novas ações de enfrentamento à dengue - https://www.youtube.com/watch?time_continue=3&v=vpBxmEUR3M4 • Lançamento das Novas Diretrizes de Prevenção e Controle das Arboviroses - https://www.gov.br/saude/pt-br/centrais-deconteudo/publicacoes/svsa/dengue/diretrizes-nacionais-para-prevencao-e-controle-dasarboviroses-urbanas-vigilancia-entomologica-e-controle-vetorial.pdf • Capacitação de Febre Amarela para médicos e enfermeiro do estado do Pará no estado de São Paulo • Participação do Coe Dengue e outras Arboviroses no COE do estado do Pará",0,,
Informe Semanal nº 09 - COE Dengue e outras Arboviroses - SE 1 a 15.pdf,9,1,15,2025,2025-04-14,13,0,422,"INFORME SEMANAL No 09
SE 01 a 15/2025 (14/04/2025)
Insumos distribuídos
Laboratoriais1
466.656
Sorologia Reações
176.874
Biologia Molecular ZDC Reações
178.874
Biologia Molecular OROV/MAYV Reações
Biologia Molecular Febre Amarela 9.692 Reações
Inseticidas2
95.576
Larvicida Kg
5.649
Adulticida para PE Kg
181.720
Adulticida para UBV L
1Dadosatualizadosem 15/04/2025.Fonte:CGLAB.
2Dadosatualizadosem11/04/2025.Fonte:SIES
13",Insumos distribuídos Laboratoriais1 466.656 Sorologia Reações 176.874 Biologia Molecular ZDC Reações 178.874 Biologia Molecular OROV/MAYV Reações Biologia Molecular Febre Amarela 9.692 Reações Inseticidas2 95.576 Larvicida Kg 5.649 Adulticida para PE Kg 181.720 Adulticida para UBV L 1Dadosatualizadosem 15/04/2025.Fonte:CGLAB. 2Dadosatualizadosem11/04/2025.Fonte:SIES,0,,
Informe Semanal nº 09 - COE Dengue e outras Arboviroses - SE 1 a 15.pdf,9,1,15,2025,2025-04-14,14,0,1531,"INFORME SEMANAL No 09
SE 01 a 15/2025 (14/04/2025)
Casos prováveis e incidência (por 100.000 habitantes) de dengue, SE 01 a SE 15, Brasil,
2024 e 2025
Casos prováveis (n) Coeficiente de incidência
Região/UF SE 01 aSE 15 SE 01 aSE 15
2024 2025 2024 2025
Norte
33.525 27.588 193,2 159,0
Rondônia
4.205 1.352 266,0 85,5
Acre
3.393 7.828 408,8 943,1
Amazonas
5.650 3.506 143,4 89,0
Roraima
153 125 24,0 19,6
Pará
12.203 11.671 150,4 143,8
Amapá
5.553 1.072 757,0 146,1
Tocantins
2.368 2.034 156,7 134,6
Nordeste
199.058 36.185 364,3 66,2
Maranhão
7.777 3.050 114,8 45,0
Piauí
7.541 2.894 230,7 88,5
Ceará
5.046 2.758 57,4 31,4
Rio Grande do Norte
9.296 2.883 281,5 87,3
Paraíba
7.618 2.924 191,7 73,6
Pernambuco
9.658 6.463 106,6 71,4
Alagoas
4.891 1.172 156,4 37,5
Sergipe
850 511 38,5 23,1
Bahia
146.381 13.530 1.035,5 95,7
Sudeste
2.635.677 719.271 3.106,4 847,7
Minas Gerais
1.305.229 105.845 6.355,0 515,3
Espírito Santo
97.815 23.005 2.551,6 600,1
Rio de Janeiro
234.959 19.688 1.463,5 122,6
São Paulo
997.674 570.733 2.246,0 1.284,8
Sul
677.453 116.560 2.263,2 389,4
Paraná
380.520 77.456 3.325,3 676,9
Santa Catarina
180.262 14.079 2.368,9 185,0
Rio Grande do Sul
116.671 25.025 1.072,3 230,0
Centro-Oeste
472.118 83.534 2.898,6 512,9
Mato Grosso do Sul
11.472 8.621 416,1 312,7
Mato Grosso
21.081 22.787 576,2 622,8
Goiás
199.376 45.726 2.825,9 648,1
Distrito Federal
240.189 6.400 8.526,2 227,2
Brasil
4.017.831 983.138 1.978,6 484,2
FONTE:SinanOn-lineeE-SUS VS(bancodedadosatualizadoem14/04/2025).Dadossujeitosaalteração.
14","Casos prováveis e incidência (por 100.000 habitantes) de dengue, SE 01 a SE 15, Brasil, 2024 e 2025 Casos prováveis (n) Coeficiente de incidência Região/UF SE 01 aSE 15 SE 01 aSE 15 2024 2025 2024 2025 Norte 33.525 27.588 193,2 159,0 Rondônia 4.205 1.352 266,0 85,5 Acre 3.393 7.828 408,8 943,1 Amazonas 5.650 3.506 143,4 89,0 Roraima 153 125 24,0 19,6 Pará 12.203 11.671 150,4 143,8 Amapá 5.553 1.072 757,0 146,1 Tocantins 2.368 2.034 156,7 134,6 Nordeste 199.058 36.185 364,3 66,2 Maranhão 7.777 3.050 114,8 45,0 Piauí 7.541 2.894 230,7 88,5 Ceará 5.046 2.758 57,4 31,4 Rio Grande do Norte 9.296 2.883 281,5 87,3 Paraíba 7.618 2.924 191,7 73,6 Pernambuco 9.658 6.463 106,6 71,4 Alagoas 4.891 1.172 156,4 37,5 Sergipe 850 511 38,5 23,1 Bahia 146.381 13.530 1.035,5 95,7 Sudeste 2.635.677 719.271 3.106,4 847,7 Minas Gerais 1.305.229 105.845 6.355,0 515,3 Espírito Santo 97.815 23.005 2.551,6 600,1 Rio de Janeiro 234.959 19.688 1.463,5 122,6 São Paulo 997.674 570.733 2.246,0 1.284,8 Sul 677.453 116.560 2.263,2 389,4 Paraná 380.520 77.456 3.325,3 676,9 Santa Catarina 180.262 14.079 2.368,9 185,0 Rio Grande do Sul 116.671 25.025 1.072,3 230,0 Centro-Oeste 472.118 83.534 2.898,6 512,9 Mato Grosso do Sul 11.472 8.621 416,1 312,7 Mato Grosso 21.081 22.787 576,2 622,8 Goiás 199.376 45.726 2.825,9 648,1 Distrito Federal 240.189 6.400 8.526,2 227,2 Brasil 4.017.831 983.138 1.978,6 484,2 FONTE:SinanOn-lineeE-SUS VS(bancodedadosatualizadoem14/04/2025).Dadossujeitosaalteração.",1,tabela,"Casos prováveis e incidência (por 100.000 habitantes) de dengue, SE 01 a SE 15, Brasil, 2024 e 2025 Casos prováveis (n) Coeficiente de incidência Região/UF SE 01 aSE 15 SE 01 aSE 15 2024 2025 2024 2025 Norte 33.525 27.588 193,2 159,0 Rondônia 4.205 1.352 266,0 85,5 Acre 3.393 7.828 408,8 943,1 Amazonas 5.650 3.506 143,4 89,0 Roraima 153 125 24,0 19,6 Pará 12.203 11.671 150,4 143,8 Amapá 5.553 1.072 757,0 146,1 Tocantins 2.368 2.034 156,7 134,6 Nordeste 199.058 36.185 364,3 66,2 Maranhão 7.777 3.050 114,8 45,0 Piauí 7.541 2.894 230,7 88,5 Ceará 5.046 2.758 57,4 31,4 Rio Grande do Norte 9.296 2.883 281,5 87,3 Paraíba 7.618 2.924 191,7 73,6 Pernambuco 9.658 6.463 106,6 71,4 Alagoas 4.891 1.172 156,4 37,5 Sergipe 850 511 38,5 23,1 Bahia 146.381 13.530 1.035,5 95,7 Sudeste 2.635.677 719.271 3.106,4 847,7 Minas Gerais 1.305.229 105.845 6.355,0 515,3 Espírito Santo 97.815 23.005 2.551,6 600,1 Rio de Janeiro 234.959 19.688 1.463,5 122,6 São Paulo 997.674 570.733 2.246,0 1.284,8 Sul 677.453 116.560 2.263,2 389,4 Paraná 380.520 77.456 3.325,3 676,9 Santa Catarina 180.262 14.079 2.368,9 185,0 Rio Grande do Sul 116.671 25.025 1.072,3 230,0 Centro-Oeste 472.118 83.534 2.898,6 512,9 Mato Grosso do Sul 11.472 8.621 416,1 312,7 Mato Grosso 21.081 22.787 576,2 622,8 Goiás 199.376 45.726 2.825,9 648,1 Distrito Federal 240.189 6.400 8.526,2 227,2 Brasil 4.017.831 983.138 1.978,6 484,2 FONTE:SinanOn-lineeE-SUS VS(bancodedadosatualizadoem14/04/2025).Dadossujeitosaalteração."
Informe Semanal nº 09 - COE Dengue e outras Arboviroses - SE 1 a 15.pdf,9,1,15,2025,2025-04-14,15,0,1151,"INFORME SEMANAL No 09
SE 01 a 15/2025 (14/04/2025)
Número de casos de dengue grave e dengue com sinais de alarme, SE 01 a SE 15,
Brasil, 2024 e 2025
Dengue grave (n) Dengue com sinais de alarme (n)
SE 01 aSE 15 SE 01 aSE 15
Região/UF
2024 2025 2024 2025
Norte 51 24 444 252
Rondônia
3 1 18 9
Acre
2 1 5 30
Amazonas
11 2 60 8
Roraima
0 1 1 1
Pará
24 16 203 183
Amapá
6 3 120 15
Tocantins
5 0 37 6
Nordeste
424 37 4.181 373
Maranhão
11 3 122 26
Piauí
21 10 198 57
Ceará
3 2 56 12
Rio Grande do Norte
8 1 87 15
Paraíba
4 0 107 8
Pernambuco
9 2 62 23
Alagoas
9 3 90 15
Sergipe
3 1 26 10
Bahia
356 15 3433 207
Sudeste
2.793 821 26.708 10.833
Minas Gerais
1.327 102 11.760 1.098
Espírito Santo
77 6 1.671 286
Rio de Janeiro
173 15 3.382 236
São Paulo
1.216 698 9.895 9.213
Sul
841 90 11.994 1.768
Paraná
430 75 7.204 1.532
Santa Catarina
187 7 3.403 86
Rio Grande do Sul
224 8 1.387 150
Centro-Oeste
851 103 13.743 1.655
Mato Grosso do Sul
21 13 261 153
Mato Grosso
43 26 466 190
Goiás
365 64 3874 1303
Distrito Federal
422 0 9142 9
Brasil
4.960 1.075 57.070 14.881
FONTE:SinanOn-lineeE-SUS VS(bancodedadosatualizadoem14/04/2025).Dadossujeitosaalteração.
15","Número de casos de dengue grave e dengue com sinais de alarme, SE 01 a SE 15, Brasil, 2024 e 2025 Dengue grave (n) Dengue com sinais de alarme (n) SE 01 aSE 15 SE 01 aSE 15 Região/UF 2024 2025 2024 2025 Norte 51 24 444 252 Rondônia 3 1 18 9 Acre 2 1 5 30 Amazonas 11 2 60 8 Roraima 0 1 1 1 Pará 24 16 203 183 Amapá 6 3 120 15 Tocantins 5 0 37 6 Nordeste 424 37 4.181 373 Maranhão 11 3 122 26 Piauí 21 10 198 57 Ceará 3 2 56 12 Rio Grande do Norte 8 1 87 15 Paraíba 4 0 107 8 Pernambuco 9 2 62 23 Alagoas 9 3 90 15 Sergipe 3 1 26 10 Bahia 356 15 3433 207 Sudeste 2.793 821 26.708 10.833 Minas Gerais 1.327 102 11.760 1.098 Espírito Santo 77 6 1.671 286 Rio de Janeiro 173 15 3.382 236 São Paulo 1.216 698 9.895 9.213 Sul 841 90 11.994 1.768 Paraná 430 75 7.204 1.532 Santa Catarina 187 7 3.403 86 Rio Grande do Sul 224 8 1.387 150 Centro-Oeste 851 103 13.743 1.655 Mato Grosso do Sul 21 13 261 153 Mato Grosso 43 26 466 190 Goiás 365 64 3874 1303 Distrito Federal 422 0 9142 9 Brasil 4.960 1.075 57.070 14.881 FONTE:SinanOn-lineeE-SUS VS(bancodedadosatualizadoem14/04/2025).Dadossujeitosaalteração.",1,tabela,"Número de casos de dengue grave e dengue com sinais de alarme, SE 01 a SE 15, Brasil, 2024 e 2025 Dengue grave (n) Dengue com sinais de alarme (n) SE 01 aSE 15 SE 01 aSE 15 Região/UF 2024 2025 2024 2025 Norte 51 24 444 252 Rondônia 3 1 18 9 Acre 2 1 5 30 Amazonas 11 2 60 8 Roraima 0 1 1 1 Pará 24 16 203 183 Amapá 6 3 120 15 Tocantins 5 0 37 6 Nordeste 424 37 4.181 373 Maranhão 11 3 122 26 Piauí 21 10 198 57 Ceará 3 2 56 12 Rio Grande do Norte 8 1 87 15 Paraíba 4 0 107 8 Pernambuco 9 2 62 23 Alagoas 9 3 90 15 Sergipe 3 1 26 10 Bahia 356 15 3433 207 Sudeste 2.793 821 26.708 10.833 Minas Gerais 1.327 102 11.760 1.098 Espírito Santo 77 6 1.671 286 Rio de Janeiro 173 15 3.382 236 São Paulo 1.216 698 9.895 9.213 Sul 841 90 11.994 1.768 Paraná 430 75 7.204 1.532 Santa Catarina 187 7 3.403 86 Rio Grande do Sul 224 8 1.387 150 Centro-Oeste 851 103 13.743 1.655 Mato Grosso do Sul 21 13 261 153 Mato Grosso 43 26 466 190 Goiás 365 64 3874 1303 Distrito Federal 422 0 9142 9 Brasil 4.960 1.075 57.070 14.881 FONTE:SinanOn-lineeE-SUS VS(bancodedadosatualizadoem14/04/2025).Dadossujeitosaalteração."
Informe Semanal nº 09 - COE Dengue e outras Arboviroses - SE 1 a 15.pdf,9,1,15,2025,2025-04-14,16,0,1338,"INFORME SEMANAL No 09
SE 01 a 15/2025 (14/04/2025)
Número de óbitos confirmados, letalidade e óbitos em investigação por dengue, SE 01
a SE 15, Brasil, 2024 e 2025
Óbitos confirmados (n) Taxa de Letalidade Óbitos em Investigação
Região/UF SE 01 aSE 15 SE 01 aSE 15 SE 01 aSE 15
2024 2025 2024 2025 2024 2025
Norte 23 22 4,6 8,0 0 7
Rondônia
4 0 19,0 0,0 0 0
Acre
0 3 0,0 0,0 0 0
Amazonas
5 1 7,0 10,0 0 0
Roraima
0 1 0,0 0,0 0 0
Pará
5 14 2,2 0,0 0 6
Amapá
6 3 4,8 0,0 0 1
Tocantins
3 0 7,1 0,0 0 0
Nordeste
157 12 3,4 2,9 21 39
Maranhão 4 0 3,0 0,0 2 10
Piauí
12 3 5,5 0,0 0 2
Ceará
1 0 1,7 0,0 0 0
Rio Grande do Norte 2 0 2,1 0,0 1 1
Paraíba
6 1 5,4 0,0 0 5
Pernambuco
8 1 11,3 0,0 3 9
Alagoas
5 0 5,1 0,0 0 1
Sergipe
3 1 10,3 0,0 0 0
Bahia
116 6 3,1 2,7 15 11
Sudeste
2.135 495 7,2 4,2 218 571
Minas Gerais
904 40 6,9 3,3 211 80
Espírito Santo
32 0 1,8 0,0 0 12
Rio de Janeiro
169 7 4,8 2,8 0 4
São Paulo
1.030 448 9,3 4,5 7 475
Sul
809 53 6,3 2,9 1 59
Paraná
468 43 6,1 2,7 0 47
Santa Catarina
194 5 5,4 0,0 0 8
Rio Grande do Sul
147 5 9,1 3,2 1 4
Centro-Oeste
673 40 4,6 2,3 10 65
Mato Grosso do Sul
16 6 5,7 0,0 6 8
Mato Grosso
12 11 2,4 5,1 1 10
Goiás
259 23 6,1 1,7 2 44
Distrito Federal
386 0 4,0 0,0 1 3
Brasil
3.797 622 6,1 3,9 250 741
FONTE:SinanOn-lineeE-SUS VS(bancodedadosatualizadoem14/04/2025).Dadossujeitosaalteração.
16","Número de óbitos confirmados, letalidade e óbitos em investigação por dengue, SE 01 a SE 15, Brasil, 2024 e 2025 Óbitos confirmados (n) Taxa de Letalidade Óbitos em Investigação Região/UF SE 01 aSE 15 SE 01 aSE 15 SE 01 aSE 15 2024 2025 2024 2025 2024 2025 Norte 23 22 4,6 8,0 0 7 Rondônia 4 0 19,0 0,0 0 0 Acre 0 3 0,0 0,0 0 0 Amazonas 5 1 7,0 10,0 0 0 Roraima 0 1 0,0 0,0 0 0 Pará 5 14 2,2 0,0 0 6 Amapá 6 3 4,8 0,0 0 1 Tocantins 3 0 7,1 0,0 0 0 Nordeste 157 12 3,4 2,9 21 39 Maranhão 4 0 3,0 0,0 2 10 Piauí 12 3 5,5 0,0 0 2 Ceará 1 0 1,7 0,0 0 0 Rio Grande do Norte 2 0 2,1 0,0 1 1 Paraíba 6 1 5,4 0,0 0 5 Pernambuco 8 1 11,3 0,0 3 9 Alagoas 5 0 5,1 0,0 0 1 Sergipe 3 1 10,3 0,0 0 0 Bahia 116 6 3,1 2,7 15 11 Sudeste 2.135 495 7,2 4,2 218 571 Minas Gerais 904 40 6,9 3,3 211 80 Espírito Santo 32 0 1,8 0,0 0 12 Rio de Janeiro 169 7 4,8 2,8 0 4 São Paulo 1.030 448 9,3 4,5 7 475 Sul 809 53 6,3 2,9 1 59 Paraná 468 43 6,1 2,7 0 47 Santa Catarina 194 5 5,4 0,0 0 8 Rio Grande do Sul 147 5 9,1 3,2 1 4 Centro-Oeste 673 40 4,6 2,3 10 65 Mato Grosso do Sul 16 6 5,7 0,0 6 8 Mato Grosso 12 11 2,4 5,1 1 10 Goiás 259 23 6,1 1,7 2 44 Distrito Federal 386 0 4,0 0,0 1 3 Brasil 3.797 622 6,1 3,9 250 741 FONTE:SinanOn-lineeE-SUS VS(bancodedadosatualizadoem14/04/2025).Dadossujeitosaalteração.",1,tabela,"Número de óbitos confirmados, letalidade e óbitos em investigação por dengue, SE 01 a SE 15, Brasil, 2024 e 2025 Óbitos confirmados (n) Taxa de Letalidade Óbitos em Investigação Região/UF SE 01 aSE 15 SE 01 aSE 15 SE 01 aSE 15 2024 2025 2024 2025 2024 2025 Norte 23 22 4,6 8,0 0 7 Rondônia 4 0 19,0 0,0 0 0 Acre 0 3 0,0 0,0 0 0 Amazonas 5 1 7,0 10,0 0 0 Roraima 0 1 0,0 0,0 0 0 Pará 5 14 2,2 0,0 0 6 Amapá 6 3 4,8 0,0 0 1 Tocantins 3 0 7,1 0,0 0 0 Nordeste 157 12 3,4 2,9 21 39 Maranhão 4 0 3,0 0,0 2 10 Piauí 12 3 5,5 0,0 0 2 Ceará 1 0 1,7 0,0 0 0 Rio Grande do Norte 2 0 2,1 0,0 1 1 Paraíba 6 1 5,4 0,0 0 5 Pernambuco 8 1 11,3 0,0 3 9 Alagoas 5 0 5,1 0,0 0 1 Sergipe 3 1 10,3 0,0 0 0 Bahia 116 6 3,1 2,7 15 11 Sudeste 2.135 495 7,2 4,2 218 571 Minas Gerais 904 40 6,9 3,3 211 80 Espírito Santo 32 0 1,8 0,0 0 12 Rio de Janeiro 169 7 4,8 2,8 0 4 São Paulo 1.030 448 9,3 4,5 7 475 Sul 809 53 6,3 2,9 1 59 Paraná 468 43 6,1 2,7 0 47 Santa Catarina 194 5 5,4 0,0 0 8 Rio Grande do Sul 147 5 9,1 3,2 1 4 Centro-Oeste 673 40 4,6 2,3 10 65 Mato Grosso do Sul 16 6 5,7 0,0 6 8 Mato Grosso 12 11 2,4 5,1 1 10 Goiás 259 23 6,1 1,7 2 44 Distrito Federal 386 0 4,0 0,0 1 3 Brasil 3.797 622 6,1 3,9 250 741 FONTE:SinanOn-lineeE-SUS VS(bancodedadosatualizadoem14/04/2025).Dadossujeitosaalteração."
Informe Semanal nº 09 - COE Dengue e outras Arboviroses - SE 1 a 15.pdf,9,1,15,2025,2025-04-14,17,0,1314,"INFORME SEMANAL No 09
SE 01 a 15/2025 (14/04/2025)
Casos prováveis e incidência (por 100.000 habitantes) de chikungunya, SE 01 a SE 15,
Brasil, 2024 e 2025
Casos Prováveis (n) Coeficiente de Incidência
Região/UF SE 01 aSE 15 SE 01 aSE 15
2024 2025 2024 2025
Norte
1.452 2.103 8,4 12,1
Rondônia
166 1.348 10,5 85,3
Acre
151 158 18,2 19,0
Amazonas
32 77 0,8 2,0
Roraima
11 21 1,7 3,3
Pará
563 256 6,9 3,2
Amapá
161 17 21,9 2,3
Tocantins
368 226 24,3 15,0
Nordeste
17.297 3.641 31,7 6,7
Maranhão
606 194 8,9 2,9
Piauí
465 176 14,2 5,4
Ceará
492 334 5,6 3,8
Rio Grande do Norte
1.464 706 44,3 21,4
Paraíba
948 337 23,9 8,5
Pernambuco
1.829 916 20,2 10,1
Alagoas
185 100 5,9 3,2
Sergipe
232 47 10,5 2,1
Bahia
11.076 831 78,4 5,9
Sudeste
146.938 18.492 173,2 21,8
Minas Gerais
133.545 8.277 650,2 40,3
Espírito Santo
6.570 1.480 171,4 38,6
Rio de Janeiro
2.385 1.060 14,9 6,6
São Paulo
4.438 7.675 10,0 17,3
Sul
571 5.166 1,9 17,3
Paraná
309 4.146 2,7 36,2
Santa Catarina
74 654 1,0 8,6
Rio Grande do Sul
188 366 1,7 3,4
Centro-Oeste
16.166 38.765 99,3 238,0
Mato Grosso do Sul
1.370 6.676 49,7 242,2
Mato Grosso
8.103 31.242 221,5 853,9
Goiás
6.471 743 91,7 10,5
Distrito Federal
222 104 7,9 3,7
Brasil
182.424 68.167 89,8 33,6
FONTE:SinanOn-lineeE-SUS VS(bancodedadosatualizadoem14/04/2025).Dadossujeitosaalteração.
17","Casos prováveis e incidência (por 100.000 habitantes) de chikungunya, SE 01 a SE 15, Brasil, 2024 e 2025 Casos Prováveis (n) Coeficiente de Incidência Região/UF SE 01 aSE 15 SE 01 aSE 15 2024 2025 2024 2025 Norte 1.452 2.103 8,4 12,1 Rondônia 166 1.348 10,5 85,3 Acre 151 158 18,2 19,0 Amazonas 32 77 0,8 2,0 Roraima 11 21 1,7 3,3 Pará 563 256 6,9 3,2 Amapá 161 17 21,9 2,3 Tocantins 368 226 24,3 15,0 Nordeste 17.297 3.641 31,7 6,7 Maranhão 606 194 8,9 2,9 Piauí 465 176 14,2 5,4 Ceará 492 334 5,6 3,8 Rio Grande do Norte 1.464 706 44,3 21,4 Paraíba 948 337 23,9 8,5 Pernambuco 1.829 916 20,2 10,1 Alagoas 185 100 5,9 3,2 Sergipe 232 47 10,5 2,1 Bahia 11.076 831 78,4 5,9 Sudeste 146.938 18.492 173,2 21,8 Minas Gerais 133.545 8.277 650,2 40,3 Espírito Santo 6.570 1.480 171,4 38,6 Rio de Janeiro 2.385 1.060 14,9 6,6 São Paulo 4.438 7.675 10,0 17,3 Sul 571 5.166 1,9 17,3 Paraná 309 4.146 2,7 36,2 Santa Catarina 74 654 1,0 8,6 Rio Grande do Sul 188 366 1,7 3,4 Centro-Oeste 16.166 38.765 99,3 238,0 Mato Grosso do Sul 1.370 6.676 49,7 242,2 Mato Grosso 8.103 31.242 221,5 853,9 Goiás 6.471 743 91,7 10,5 Distrito Federal 222 104 7,9 3,7 Brasil 182.424 68.167 89,8 33,6 FONTE:SinanOn-lineeE-SUS VS(bancodedadosatualizadoem14/04/2025).Dadossujeitosaalteração.",0,,
Informe Semanal nº 09 - COE Dengue e outras Arboviroses - SE 1 a 15.pdf,9,1,15,2025,2025-04-14,18,0,957,"INFORME SEMANAL No 09
SE 01 a 15/2025 (14/04/2025)
Número de óbitos confirmados e óbitos em investigação de chikungunya, SE 01 a SE
15, Brasil, 2024 e 2025
Óbitos confirmados Óbitos em Investigação
Região/UF SE 01 aSE 15 SE 01 aSE 15
2024 2025 2024 2025
Norte
1 0 0 1
Rondônia
0 0 0 0
Acre
0 0 0 0
Amazonas
0 0 0 0
Roraima
0 0 0 0
Pará
0 0 0 1
Amapá
1 0 0 0
Tocantins
0 0 0 0
Nordeste
18 2 7 10
Maranhão
1 0 1 5
Piauí
0 0 1 0
Ceará
0 0 0 0
Rio Grande do Norte
1 0 0 0
Paraíba
5 0 0 1
Pernambuco
2 1 3 4
Alagoas
0 0 0 0
Sergipe
1 0 0 0
Bahia
8 1 2 0
Sudeste
114 8 14 14
Minas Gerais
101 2 12 1
Espírito Santo
4 0 0 2
Rio de Janeiro
2 2 0 2
São Paulo
7 4 2 9
Sul
0 4 0 1
Paraná
0 0 0 0
Santa Catarina
0 3 0 1
Rio Grande do Sul
0 1 0 0
Centro-Oeste
20 43 6 30
Mato Grosso do Sul
1 2 1 3
Mato Grosso
7 41 1 25
Goiás
12 0 2 2
Distrito Federal
0 0 2 0
Brasil
153 57 27 56
FONTE:SinanOn-lineeE-SUS VS(bancodedadosatualizadoem14/04/2025).Dadossujeitosaalteração.
18","Número de óbitos confirmados e óbitos em investigação de chikungunya, SE 01 a SE 15, Brasil, 2024 e 2025 Óbitos confirmados Óbitos em Investigação Região/UF SE 01 aSE 15 SE 01 aSE 15 2024 2025 2024 2025 Norte 1 0 0 1 Rondônia 0 0 0 0 Acre 0 0 0 0 Amazonas 0 0 0 0 Roraima 0 0 0 0 Pará 0 0 0 1 Amapá 1 0 0 0 Tocantins 0 0 0 0 Nordeste 18 2 7 10 Maranhão 1 0 1 5 Piauí 0 0 1 0 Ceará 0 0 0 0 Rio Grande do Norte 1 0 0 0 Paraíba 5 0 0 1 Pernambuco 2 1 3 4 Alagoas 0 0 0 0 Sergipe 1 0 0 0 Bahia 8 1 2 0 Sudeste 114 8 14 14 Minas Gerais 101 2 12 1 Espírito Santo 4 0 0 2 Rio de Janeiro 2 2 0 2 São Paulo 7 4 2 9 Sul 0 4 0 1 Paraná 0 0 0 0 Santa Catarina 0 3 0 1 Rio Grande do Sul 0 1 0 0 Centro-Oeste 20 43 6 30 Mato Grosso do Sul 1 2 1 3 Mato Grosso 7 41 1 25 Goiás 12 0 2 2 Distrito Federal 0 0 2 0 Brasil 153 57 27 56 FONTE:SinanOn-lineeE-SUS VS(bancodedadosatualizadoem14/04/2025).Dadossujeitosaalteração.",0,,
Informe Semanal nº 09 - COE Dengue e outras Arboviroses - SE 1 a 15.pdf,9,1,15,2025,2025-04-14,19,0,1141,"INFORME SEMANAL No 09
SE 01 a 15/2025 (14/04/2025)
Casos prováveis e incidência (por 100.000 habitantes) de Zika, SE 01 a SE 13, Brasil,
2024 e 2025.
Casos Prováveis Coeficiente de Incidência
Região/UF SE 01 aSE 13 SE 01 aSE 13
2024 2025 2024 2025
Norte
283 464 1,6 2,7
Rondônia 64 9 4,0 0,6
Acre 49 309 5,9 37,2
Amazonas 46 14 1,2 0,4
Roraima 3 4 0,5 0,6
Pará 40 45 0,5 0,6
Amapá 60 3 8,2 0,4
Tocantins 21 80 1,4 5,3
Nordeste 1.741 515 3,2 0,9
Maranhão 144 85 2,1 1,3
Piauí 3 5 0,1 0,2
Ceará 81 32 0,9 0,4
Rio Grande do
Norte 659 209 20,0 6,3
Paraíba
45 10 1,1 0,3
Pernambuco
52 47 0,6 0,5
Alagoas
27 11 0,9 0,4
Sergipe
17 9 0,8 0,4
Bahia
713 107 5,0 0,8
Sudeste
280 134 0,3 0,2
Minas Gerais
128 27 0,6 0,1
Espírito Santo
58 2 1,5 0,1
Rio de Janeiro
1 3 0,0 0,0
São Paulo
93 102 0,2 0,2
Sul
19 10 0,1 0,0
Paraná
7 6 0,1 0,1
Santa Catarina
4 4 0,1 0,1
Rio Grande do
Sul 8 0 0,1 0,0
Centro-Oeste
254 930 1,6 5,7
Mato Grosso do
Sul 49 97 1,8 3,5
Mato Grosso
152 809 4,2 22,1
Goiás
43 24 0,6 0,3
Distrito Federal
10 0 0,4 0,0
Brasil
2.577 2.053 1,3 1,0
FONTE:SinanOn-lineeE-SUS VS(bancodedadosatualizadoem08/04/2025).Dadossujeitosaalteração.
19","Casos prováveis e incidência (por 100.000 habitantes) de Zika, SE 01 a SE 13, Brasil, 2024 e 2025. Casos Prováveis Coeficiente de Incidência Região/UF SE 01 aSE 13 SE 01 aSE 13 2024 2025 2024 2025 Norte 283 464 1,6 2,7 Rondônia 64 9 4,0 0,6 Acre 49 309 5,9 37,2 Amazonas 46 14 1,2 0,4 Roraima 3 4 0,5 0,6 Pará 40 45 0,5 0,6 Amapá 60 3 8,2 0,4 Tocantins 21 80 1,4 5,3 Nordeste 1.741 515 3,2 0,9 Maranhão 144 85 2,1 1,3 Piauí 3 5 0,1 0,2 Ceará 81 32 0,9 0,4 Rio Grande do Norte 659 209 20,0 6,3 Paraíba 45 10 1,1 0,3 Pernambuco 52 47 0,6 0,5 Alagoas 27 11 0,9 0,4 Sergipe 17 9 0,8 0,4 Bahia 713 107 5,0 0,8 Sudeste 280 134 0,3 0,2 Minas Gerais 128 27 0,6 0,1 Espírito Santo 58 2 1,5 0,1 Rio de Janeiro 1 3 0,0 0,0 São Paulo 93 102 0,2 0,2 Sul 19 10 0,1 0,0 Paraná 7 6 0,1 0,1 Santa Catarina 4 4 0,1 0,1 Rio Grande do Sul 8 0 0,1 0,0 Centro-Oeste 254 930 1,6 5,7 Mato Grosso do Sul 49 97 1,8 3,5 Mato Grosso 152 809 4,2 22,1 Goiás 43 24 0,6 0,3 Distrito Federal 10 0 0,4 0,0 Brasil 2.577 2.053 1,3 1,0 FONTE:SinanOn-lineeE-SUS VS(bancodedadosatualizadoem08/04/2025).Dadossujeitosaalteração.",0,,
Informe Semanal nº 09 - COE Dengue e outras Arboviroses - SE 1 a 15.pdf,9,1,15,2025,2025-04-14,20,0,979,"INFORME SEMANAL No 09
SE 01 a 15/2025 (14/04/2025)
CASOS CONFIRMADOS DE OROPOUCHE POR UF DE LOCAL PROVÁVEL DE INFECÇÃO,
BRASIL, 2024 E 2025.
Casos de Oropouche
Região/UF
2024 2025 2025
SE 01 a SE 15 SE 01 a SE 15 4 últimas SE
Norte 5.086 64 8
Rondônia 1.657 6 5
Acre 268 0 0
Amazonas 3.020 0 0
Roraima 7 1 0
Pará 123 1 0
Amapá 6 53 0
Tocantins 5 3 3
Nordeste 231 958 288
Maranhão 11 0 0
Piauí 20 1 0
Ceará 0 344 251
Rio Grande do Norte 0 0 0
Paraíba 0 611 36
Pernambuco 0 1 1
Alagoas 0 0 0
Sergipe 0 0 0
Bahia 200 1 0
Sudeste 197 7.407 991
Minas Gerais 124 388 104
Espírito Santo 11 5.716 558
Rio de Janeiro 62 1.280 328
São Paulo 0 23 1
Sul 45 1 1
Paraná 0 0 0
Santa Catarina 45 1 1
Rio Grande do Sul 0 0 0
Centro-Oeste 4 0 0
Mato Grosso do Sul 1 0 0
*LPI em investigação.
Mato Grosso 3 0 0
Goiás 0 0 0
Distrito Federal 0 0 0
Brasil 5.563 8.430 1.288
* LPI em investigação
FONTE:GerenciadordeAmbiente Laboratorial(GAL). Dadosatualizadosaté07/04/2025.Dadossujeitosaalterações.
20","CASOS CONFIRMADOS DE OROPOUCHE POR UF DE LOCAL PROVÁVEL DE INFECÇÃO, BRASIL, 2024 E 2025. Casos de Oropouche Região/UF 2024 2025 2025 SE 01 a SE 15 SE 01 a SE 15 4 últimas SE Norte 5.086 64 8 Rondônia 1.657 6 5 Acre 268 0 0 Amazonas 3.020 0 0 Roraima 7 1 0 Pará 123 1 0 Amapá 6 53 0 Tocantins 5 3 3 Nordeste 231 958 288 Maranhão 11 0 0 Piauí 20 1 0 Ceará 0 344 251 Rio Grande do Norte 0 0 0 Paraíba 0 611 36 Pernambuco 0 1 1 Alagoas 0 0 0 Sergipe 0 0 0 Bahia 200 1 0 Sudeste 197 7.407 991 Minas Gerais 124 388 104 Espírito Santo 11 5.716 558 Rio de Janeiro 62 1.280 328 São Paulo 0 23 1 Sul 45 1 1 Paraná 0 0 0 Santa Catarina 45 1 1 Rio Grande do Sul 0 0 0 Centro-Oeste 4 0 0 Mato Grosso do Sul 1 0 0 *LPI em investigação. Mato Grosso 3 0 0 Goiás 0 0 0 Distrito Federal 0 0 0 Brasil 5.563 8.430 1.288 * LPI em investigação FONTE:GerenciadordeAmbiente Laboratorial(GAL). Dadosatualizadosaté07/04/2025.Dadossujeitosaalterações.",0,,
Informe Semanal nº 10 - COE Dengue e outras Arboviroses - SE 1 a 16.pdf,10,1,16,2025,2025-04-22,1,0,40,"SE 01 a 16/2025
No 10
05 de maio de 2025",SE 01 a 16/2025 No 10 05 de maio de 2025,0,,
Informe Semanal nº 10 - COE Dengue e outras Arboviroses - SE 1 a 16.pdf,10,1,16,2025,2025-04-22,2,0,2176,"INFORME SEMANAL No 10
SE 01 a 16/2025 (22/04/2025)
Introdução
Os dados de dengue, chikungunya, e Oropouche apresentados neste
Informe referem-se às semanas epidemiológicas (SE) 01 a 16 de 2025 (que
correspondem ao período entre 29/12/24 e 19/04/2025). Para Zika, os dados
apresentados são do período da SE 01 a SE 14 de 2025 (que se estende de
29/12/24 a 05/04/2025). Os dados são comparados aos dados do mesmo
período de 2024. Para febre amarela, os dados referem-se ao
monitoramento 2024/2025 (julho/2024 a junho/2025), atualizados até
14/04/2025. Os dados detalhados das arboviroses dos anos de 2023 a 2025
podem ser acessados em: https://www.gov.br/saude/pt-br/assuntos/saude-
de-a-a-z/a/aedes-aegypti/monitoramento-das-arboviroses.
Situação Epidemiológica
Dengue
Nas SE 01 a 16 de 2025, foram notificados 1.051.311 casos prováveis de
dengue, correspondendo a um coeficiente de incidência de 517,7 casos/100 mil
habitantes. Quando comparado com o mesmo período de 2024, observa-se uma
redução de 76,1% no número de casos prováveis.
As Regiões Geográficas que apresentam os maiores coeficientes de
incidência são Sudeste, Centro-Oeste e Sul. Entre as Unidades Federativas (UF), São
Paulo, Acre Paraná, Goiás e Mato Grosso apresentam as maiores incidências.
Os maiores números de casos graves concentram-se nas regiões
Sudeste, Centro-Oeste e Sul. Foram confirmados 703 óbitos no período, e 714 estão
em investigação, sendo a maior parte na região Sudeste.
Foi identificada a circulação dos quatro sorotipos do vírus dengue (DENV-1,
DENV-2, DENV-3 e DENV-4), com predominância do DENV-2. Aumento da
proporção de DENV-3 foi observada desde o último trimestre de 2024. DENV-4 (vírus
selvagem) foi detectado em duas amostras de Minas Gerais e três de São Paulo.
Outras detecções de DENV-4 em Minas Gerais, Mato Grosso do Sul, São Paulo,
Paraná e Roraima estão em análise.
O coeficiente de incidência de dengue no Brasil está abaixo do canal
endêmico, conforme observado no diagrama de controle. A estimativa corrigida
nowcasting1 indica tendência de queda e retorno ao canal endêmico.
Fonte: SinanOn-line (banco de dados atualizado em 22/04/2025). Dados sujeitos a alteração.
2","Introdução Os dados de dengue, chikungunya, e Oropouche apresentados neste Informe referem-se às semanas epidemiológicas (SE) 01 a 16 de 2025 (que correspondem ao período entre 29/12/24 e 19/04/2025). Para Zika, os dados apresentados são do período da SE 01 a SE 14 de 2025 (que se estende de 29/12/24 a 05/04/2025). Os dados são comparados aos dados do mesmo período de 2024. Para febre amarela, os dados referem-se ao monitoramento 2024/2025 (julho/2024 a junho/2025), atualizados até 14/04/2025. Os dados detalhados das arboviroses dos anos de 2023 a 2025 podem ser acessados em: https://www.gov.br/saude/pt-br/assuntos/saudede-a-a-z/a/aedes-aegypti/monitoramento-das-arboviroses. Situação Epidemiológica Dengue Nas SE 01 a 16 de 2025, foram notificados 1.051.311 casos prováveis de dengue, correspondendo a um coeficiente de incidência de 517,7 casos/100 mil habitantes. Quando comparado com o mesmo período de 2024, observa-se uma redução de 76,1% no número de casos prováveis. As Regiões Geográficas que apresentam os maiores coeficientes de incidência são Sudeste, Centro-Oeste e Sul. Entre as Unidades Federativas (UF), São Paulo, Acre Paraná, Goiás e Mato Grosso apresentam as maiores incidências. Os maiores números de casos graves concentram-se nas regiões Sudeste, Centro-Oeste e Sul. Foram confirmados 703 óbitos no período, e 714 estão em investigação, sendo a maior parte na região Sudeste. Foi identificada a circulação dos quatro sorotipos do vírus dengue (DENV-1, DENV-2, DENV-3 e DENV-4), com predominância do DENV-2. Aumento da proporção de DENV-3 foi observada desde o último trimestre de 2024. DENV-4 (vírus selvagem) foi detectado em duas amostras de Minas Gerais e três de São Paulo. Outras detecções de DENV-4 em Minas Gerais, Mato Grosso do Sul, São Paulo, Paraná e Roraima estão em análise. O coeficiente de incidência de dengue no Brasil está abaixo do canal endêmico, conforme observado no diagrama de controle. A estimativa corrigida nowcasting1 indica tendência de queda e retorno ao canal endêmico. Fonte: SinanOn-line (banco de dados atualizado em 22/04/2025). Dados sujeitos a alteração.",1,narrativa,"Dengue Nas SE 01 a 16 de 2025, foram notificados 1.051.311 casos prováveis de dengue, correspondendo a um coeficiente de incidência de 517,7 casos/100 mil habitantes. Quando comparado com o mesmo período de 2024, observa-se uma redução de 76,1% no número de casos prováveis. As Regiões Geográficas que apresentam os maiores coeficientes de incidência são Sudeste, Centro-Oeste e Sul. Entre as Unidades Federativas (UF), São Paulo, Acre Paraná, Goiás e Mato Grosso apresentam as maiores incidências. Os maiores números de casos graves concentram-se nas regiões Sudeste, Centro-Oeste e Sul. Foram confirmados 703 óbitos no período, e 714 estão em investigação, sendo a maior parte na região Sudeste. Foi identificada a circulação dos quatro sorotipos do vírus dengue (DENV-1, DENV-2, DENV-3 e DENV-4), com predominância do DENV-2. Aumento da proporção de DENV-3 foi observada desde o último trimestre de 2024. DENV-4 (vírus selvagem) foi detectado em duas amostras de Minas Gerais e três de São Paulo. Outras detecções de DENV-4 em Minas Gerais, Mato Grosso do Sul, São Paulo, Paraná e Roraima estão em análise. O coeficiente de incidência de dengue no Brasil está abaixo do canal endêmico, conforme observado no diagrama de controle. A estimativa corrigida nowcasting1 indica tendência de queda e retorno ao canal endêmico. Fonte: SinanOn-line (banco de dados atualizado em 22/04/2025). Dados sujeitos a alteração."
Informe Semanal nº 10 - COE Dengue e outras Arboviroses - SE 1 a 16.pdf,10,1,16,2025,2025-04-22,3,0,200,"INFORME SEMANAL No 10
SE 01 a 16/2025 (22/04/2025)
Diagrama de controle2
Coeficiente de Incidência e óbitos
Fonte: SinanOn-line (banco de dados atualizado em 22/04/2025). Dados sujeitos a alteração.
3",Diagrama de controle2 Coeficiente de Incidência e óbitos Fonte: SinanOn-line (banco de dados atualizado em 22/04/2025). Dados sujeitos a alteração.,1,narrativa,Diagrama de controle2 Coeficiente de Incidência e óbitos Fonte: SinanOn-line (banco de dados atualizado em 22/04/2025). Dados sujeitos a alteração.
Informe Semanal nº 10 - COE Dengue e outras Arboviroses - SE 1 a 16.pdf,10,1,16,2025,2025-04-22,4,0,1132,"INFORME SEMANAL No 10
SE 01 a 16/2025 (22/04/2025)
Mapa de Sorotipos Dengue SE 01 a SE 16/2025
Fonte: GAL/CGLAB/SVSA/MS.
Chikungunya
Nas SE 01 a 16 de 2025, foram notificados 72.442 casos prováveis de
chikungunya, correspondendo a um coeficiente de incidência de 35,7
casos/100 mil habitantes. Quando comparado ao mesmo período de
2024, observa-se uma redução de 62,2% no número de casos prováveis.
A Região Geográfica que apresenta o maior coeficientes de incidência
é a Centro-Oeste, sendo as UFs, Mato Grosso e Mato Grosso do Sul as com
maior coeficiente de incidência. Também destaca-se Rondônia na Região
Norte, com alto coeficiente de incidência.
Foram confirmados 62 óbitos no período, sendo 45 no Mato Grosso.
Encontram-se em investigação 50 óbitos até o momento, sendo 26 na região
Centro-Oeste e 12 na Região Sudeste.
O coeficiente de incidência de chikungunya no Brasil encontra-se
abaixo do limite inferior do canal endêmico do diagrama de controle,
considerando a série histórica, assim como a estimativa corrigida nowcasting.
Fonte: SinanOn-line (banco de dados atualizado em 22/04/2025). Dados sujeitos a alteração.
4","Mapa de Sorotipos Dengue SE 01 a SE 16/2025 Fonte: GAL/CGLAB/SVSA/MS. Chikungunya Nas SE 01 a 16 de 2025, foram notificados 72.442 casos prováveis de chikungunya, correspondendo a um coeficiente de incidência de 35,7 casos/100 mil habitantes. Quando comparado ao mesmo período de 2024, observa-se uma redução de 62,2% no número de casos prováveis. A Região Geográfica que apresenta o maior coeficientes de incidência é a Centro-Oeste, sendo as UFs, Mato Grosso e Mato Grosso do Sul as com maior coeficiente de incidência. Também destaca-se Rondônia na Região Norte, com alto coeficiente de incidência. Foram confirmados 62 óbitos no período, sendo 45 no Mato Grosso. Encontram-se em investigação 50 óbitos até o momento, sendo 26 na região Centro-Oeste e 12 na Região Sudeste. O coeficiente de incidência de chikungunya no Brasil encontra-se abaixo do limite inferior do canal endêmico do diagrama de controle, considerando a série histórica, assim como a estimativa corrigida nowcasting. Fonte: SinanOn-line (banco de dados atualizado em 22/04/2025). Dados sujeitos a alteração.",1,narrativa,Mapa de Sorotipos Dengue SE 01 a SE 16/2025 Fonte: GAL/CGLAB/SVSA/MS.
Informe Semanal nº 10 - COE Dengue e outras Arboviroses - SE 1 a 16.pdf,10,1,16,2025,2025-04-22,5,0,199,"INFORME SEMANAL No 10
SE 01 a 16/2025 (22/04/2025)
Diagrama de controle
Coeficiente de Incidência e óbitos
Fonte: SinanOn-line (banco de dados atualizado em 22/04/2025). Dados sujeitos a alteração.
5",Diagrama de controle Coeficiente de Incidência e óbitos Fonte: SinanOn-line (banco de dados atualizado em 22/04/2025). Dados sujeitos a alteração.,0,,
Informe Semanal nº 10 - COE Dengue e outras Arboviroses - SE 1 a 16.pdf,10,1,16,2025,2025-04-22,6,0,1333,"INFORME SEMANAL No 10
SE 01 a 16/2025 (22/04/2025)
Zika
Entre as Semanas Epidemiológicas 01 e 14 de 2025, foram notificados
2.154 casos prováveis de Zika no Brasil, com coeficiente de incidência de 1,1
casos/100 mil habitantes. Quando comparado ao mesmo período de 2024,
observa-se uma redução de 23,6%. Em relação às gestantes, 43 foram
confirmadas e 155 permanecem em investigação. No mesmo período, foi
notificado um óbito que se encontra em investigação.
A Região Centro-Oeste apresenta o maior coeficiente de incidência.
Em relação às UFs, os maiores coeficientes de incidência estão no Acre em
Mato Grosso.
Incidência e gestantes
1O nowcasting (linha tracejada vermelha) corrige os atrasos inerentes aos sistemas de vigilância epidemiológica e
estima o número de casos em um determinado momento, considerando os dados disponíveis e as características do
processodenotificação,contribuindoparaaantecipaçãodaavaliaçãodatendênciadealtaoubaixadaincidência.
2 O diagrama decontroleé uma ferramenta gráficaque permite acompanhar a variação do coeficiente de incidência
(linha azul) de uma determinada doença ao longo do tempo em relação ao canal endêmico, que define a faixa de
variaçãoesperadaparaaincidênciadadoençacombaseemdadoshistóricos.
Fonte: Sinan-Net (banco de dados atualizados em 14/04/2025). Dados sujeitos a alteração.
6","Zika Entre as Semanas Epidemiológicas 01 e 14 de 2025, foram notificados 2.154 casos prováveis de Zika no Brasil, com coeficiente de incidência de 1,1 casos/100 mil habitantes. Quando comparado ao mesmo período de 2024, observa-se uma redução de 23,6%. Em relação às gestantes, 43 foram confirmadas e 155 permanecem em investigação. No mesmo período, foi notificado um óbito que se encontra em investigação. A Região Centro-Oeste apresenta o maior coeficiente de incidência. Em relação às UFs, os maiores coeficientes de incidência estão no Acre em Mato Grosso. Incidência e gestantes 1O nowcasting (linha tracejada vermelha) corrige os atrasos inerentes aos sistemas de vigilância epidemiológica e estima o número de casos em um determinado momento, considerando os dados disponíveis e as características do processodenotificação,contribuindoparaaantecipaçãodaavaliaçãodatendênciadealtaoubaixadaincidência. 2 O diagrama decontroleé uma ferramenta gráficaque permite acompanhar a variação do coeficiente de incidência (linha azul) de uma determinada doença ao longo do tempo em relação ao canal endêmico, que define a faixa de variaçãoesperadaparaaincidênciadadoençacombaseemdadoshistóricos. Fonte: Sinan-Net (banco de dados atualizados em 14/04/2025). Dados sujeitos a alteração.",0,,
Informe Semanal nº 10 - COE Dengue e outras Arboviroses - SE 1 a 16.pdf,10,1,16,2025,2025-04-22,7,0,1005,"INFORME SEMANAL No 10
SE 01 a 16/2025 (22/04/2025)
Dengue
(Incidência)
517,7 703
-76,1%
CASOS/100 MIL HAB. ÓBITOS
Em relação
ao número
1.051.311Casos prováveis Óbitos em
714 de casos
investigação
no mesmo
Casos graves e com
17.622
período de
sinais de alarme 4,0% Letalidade1
2024
Chikungunya
(Incidência)
35,7 62
-62,2%
CASOS/100 MIL HAB. ÓBITOS
Em relação
ao número
Óbitos em
72.442 Casos prováveis 50 de casos
investigação
no mesmo
período de
0,1% Letalidade2 2024
Zika
0
(Incidência)
1,1
-23,6%
ÓBITOS
CASOS/100 MIL HAB.
Óbito em
1 Em relação
investigação
ao número
2.154 Casos prováveis de casos
43
no mesmo
período de
GESTANTES
2024
CONFIRMADAS
155 Em investigação
1Paraocálculodaletalidade,foramconsideradosnodenominadoroscasosdedenguegraveededenguecomsinaisdealarme.
2Paraocálculodaletalidade,foramconsideradosnodenominadoroscasosprováveisdechikungunya.
FONTE:: Sinan On-line (banco de dados atualizado em 22/04/2025); Sinan NET (banco de dados atualizado em14/04/2025).
Dadossujeitosaalteração.
7","Dengue (Incidência) 517,7 703 -76,1% CASOS/100 MIL HAB. ÓBITOS Em relação ao número 1.051.311Casos prováveis Óbitos em 714 de casos investigação no mesmo Casos graves e com 17.622 período de sinais de alarme 4,0% Letalidade1 2024 Chikungunya (Incidência) 35,7 62 -62,2% CASOS/100 MIL HAB. ÓBITOS Em relação ao número Óbitos em 72.442 Casos prováveis 50 de casos investigação no mesmo período de 0,1% Letalidade2 2024 Zika 0 (Incidência) 1,1 -23,6% ÓBITOS CASOS/100 MIL HAB. Óbito em 1 Em relação investigação ao número 2.154 Casos prováveis de casos 43 no mesmo período de GESTANTES 2024 CONFIRMADAS 155 Em investigação 1Paraocálculodaletalidade,foramconsideradosnodenominadoroscasosdedenguegraveededenguecomsinaisdealarme. 2Paraocálculodaletalidade,foramconsideradosnodenominadoroscasosprováveisdechikungunya. FONTE:: Sinan On-line (banco de dados atualizado em 22/04/2025); Sinan NET (banco de dados atualizado em14/04/2025). Dadossujeitosaalteração.",1,narrativa,"Dengue (Incidência) 517,7 703 -76,1% CASOS/100 MIL HAB. ÓBITOS Em relação ao número 1.051.311Casos prováveis Óbitos em 714 de casos investigação no mesmo Casos graves e com 17.622 período de sinais de alarme 4,0% Letalidade1 2024"
Informe Semanal nº 10 - COE Dengue e outras Arboviroses - SE 1 a 16.pdf,10,1,16,2025,2025-04-22,8,0,1042,"INFORME SEMANAL No 10
SE 01 a 16/2025 (22/04/2025)
Oropouche
Entre as SE 01 e 16/2025, foram confirmados 8.901 casos de Oropouche no
Brasil, o que representa um aumento de 52,8% quando comparado com o
mesmo período do ano anterior, em que foram registrados 5.825 casos. Até o
momento, foram identificados dois óbito suspeitos de Oropouche em 2025, no
Espírito Santo e em Pernambuco, com detecção do genoma viral em amostras
de soro.
CASOS DE OROPOUCHE POR SE DE INÍCIO DE SINTOMAS, BRASIL, 2024 E 2025
Os casos identificados estão distribuídos de maneira equitativa entre os
sexos, com 52% das detecções em indivíduos do sexo masculino. As faixas
etárias entre 20 e 59 anos concentram 70,2% dos casos. Entre os menores de 1
ano, foram registrados 10 casos, sendo cinco no Rio de Janeiro, quatro no
Espírito Santo* e um na Paraíba.
CASOS DE OROPOUCHE POR SEXO E FAIXA ETÁRIA, BRASIL, 2025
*Um casono Espírito Santo emmenorde1 anocom informaçãode sexoignorada.
Fonte: GAL(banco de dados atualizado em 22/04/2025). Dados sujeitos a atualização
8","Oropouche Entre as SE 01 e 16/2025, foram confirmados 8.901 casos de Oropouche no Brasil, o que representa um aumento de 52,8% quando comparado com o mesmo período do ano anterior, em que foram registrados 5.825 casos. Até o momento, foram identificados dois óbito suspeitos de Oropouche em 2025, no Espírito Santo e em Pernambuco, com detecção do genoma viral em amostras de soro. CASOS DE OROPOUCHE POR SE DE INÍCIO DE SINTOMAS, BRASIL, 2024 E 2025 Os casos identificados estão distribuídos de maneira equitativa entre os sexos, com 52% das detecções em indivíduos do sexo masculino. As faixas etárias entre 20 e 59 anos concentram 70,2% dos casos. Entre os menores de 1 ano, foram registrados 10 casos, sendo cinco no Rio de Janeiro, quatro no Espírito Santo* e um na Paraíba. CASOS DE OROPOUCHE POR SEXO E FAIXA ETÁRIA, BRASIL, 2025 *Um casono Espírito Santo emmenorde1 anocom informaçãode sexoignorada. Fonte: GAL(banco de dados atualizado em 22/04/2025). Dados sujeitos a atualização",0,,
Informe Semanal nº 10 - COE Dengue e outras Arboviroses - SE 1 a 16.pdf,10,1,16,2025,2025-04-22,9,0,1634,"INFORME SEMANAL No 10
SE 01 a 16/2025 (22/04/2025)
Oropouche
A UF com maior número de casos confirmados em 2025 é o Espírito
Santo (n= 5.826), cujo aumento vem ocorrendo desde o segundo semestre
de 2024. Destacam-se ainda o estado do Rio de Janeiro (n=1.466), Paraíba
(n=618) e Ceará (n=510). Transmissão ativa também foi registrada em
Roraima, Rondônia, Amapá, Bahia, Minas Gerais e São Paulo.
Foram confirmados casos importados nos estados do Pará,
Maranhão, Tocantins, Piauí, Pernambuco, Mato Grosso, Goiás, Distrito
Federal, Paraná e Rio Grande do Sul (Local Provável de Infecção - LPI no
Espírito Santo, Rio de Janeiro e Paraíba). O LPI dos casos identificados no
Mato Grosso do Sul e Santa Catarina estão em investigação.
FONTE: Gerenciador de Ambiente Laboratorial (GAL). Dados atualizados até 22/04/2025. Dados sujeitos a alterações.
Febre Amarela
No período de monitoramento 2024/2025 (julho/2024 a junho/2025),
foram 84 registros de transmissão do vírus em PNH, que ocorreram nos
estados de São Paulo [67] (Amparo [2], Atibaia [1], Bragança Paulista [1],
Caçapava [1], Campinas [4], Colina [1], Cravinhos [1], Guarulhos [1],
Joanópolis [3], Louveira [1], Luís Antônio [2], Mairiporã [2], Osasco
[1], Pedra Bela [1], Pinhalzinho [1], Pitangueiras [2], Ribeirão Preto [30],
Santa Rita do Passa Quatro [1], Serra Azul [1] Serra Negra [2], Socorro [1] e
Valinhos [7]), Minas Gerais [14] (Albertina [1], Camanducaia [1], Córrego
do Bom Jesus [1], Estiva [2], Ipuiúna [2], Paraisópolis [1], Poço Fundo [1],
Poços de Caldas [1], Ponte Nova [1], Sapucaí-Mirim [2] e Toledo [1]),
Tocantins [2] (Palmas) e Roraima [1] (Alto Alegre).
9","Oropouche A UF com maior número de casos confirmados em 2025 é o Espírito Santo (n= 5.826), cujo aumento vem ocorrendo desde o segundo semestre de 2024. Destacam-se ainda o estado do Rio de Janeiro (n=1.466), Paraíba (n=618) e Ceará (n=510). Transmissão ativa também foi registrada em Roraima, Rondônia, Amapá, Bahia, Minas Gerais e São Paulo. Foram confirmados casos importados nos estados do Pará, Maranhão, Tocantins, Piauí, Pernambuco, Mato Grosso, Goiás, Distrito Federal, Paraná e Rio Grande do Sul (Local Provável de Infecção - LPI no Espírito Santo, Rio de Janeiro e Paraíba). O LPI dos casos identificados no Mato Grosso do Sul e Santa Catarina estão em investigação. FONTE: Gerenciador de Ambiente Laboratorial (GAL). Dados atualizados até 22/04/2025. Dados sujeitos a alterações. Febre Amarela No período de monitoramento 2024/2025 (julho/2024 a junho/2025), foram 84 registros de transmissão do vírus em PNH, que ocorreram nos estados de São Paulo [67] (Amparo [2], Atibaia [1], Bragança Paulista [1], Caçapava [1], Campinas [4], Colina [1], Cravinhos [1], Guarulhos [1], Joanópolis [3], Louveira [1], Luís Antônio [2], Mairiporã [2], Osasco [1], Pedra Bela [1], Pinhalzinho [1], Pitangueiras [2], Ribeirão Preto [30], Santa Rita do Passa Quatro [1], Serra Azul [1] Serra Negra [2], Socorro [1] e Valinhos [7]), Minas Gerais [14] (Albertina [1], Camanducaia [1], Córrego do Bom Jesus [1], Estiva [2], Ipuiúna [2], Paraisópolis [1], Poço Fundo [1], Poços de Caldas [1], Ponte Nova [1], Sapucaí-Mirim [2] e Toledo [1]), Tocantins [2] (Palmas) e Roraima [1] (Alto Alegre).",0,,
Informe Semanal nº 10 - COE Dengue e outras Arboviroses - SE 1 a 16.pdf,10,1,16,2025,2025-04-22,10,0,1298,"INFORME SEMANAL No 10
SE 01 a 16/2025 (22/04/2025)
Febre Amarela
No mesmo período, foram confirmados 106 casos humanos, dos quais
43 evoluíram para o óbito (letalidade de 40,6%). Os casos tiveram os locais
prováveis de infecção nos estados de São Paulo [53] (Águas de Lindoia [1],
Águas de São Pedro [1], Amparo [1], Bragança Paulista [2], Brotas [2],
Caçapava [6], Campinas [3], Itatiba [1], Itirapina [1], Jambeiro [2],
Joanópolis [10], Nazaré Paulista [4], Paraibuna [1], Pedra Bela [2], Pedreira
[2] , Piracaia [3], Santa Rita do Passa Quatro [1], São Carlos [1], São José
dos Campos [1], Socorro [4], Tuiuti [1], Valinhos [1], Vargem [1], LPI em
investigação [1]), Pará [42] (Breves [40], Cametá [1], Melgaço [1]), Minas
Gerais [10] (Camanducaia [1], Cambuí [1], Extrema [1], Maria da Fé [1]
Monte Sião [1], Poços de Caldas [1], Pouso Alegre [1], Sapucaí-Mirim [1],
Silvianópolis [1], LPI em investigação [1]) e Tocantins [1] (Monte do Carmo).
Entre os casos, 95 (89,6%) eram do sexo masculino, com idades entre
10 e 75 anos. Um dos indivíduos tinha histórico de vacinação em 2017 (uma
dose) e evoluiu para o óbito.
Municípios com detecção do vírus da Febre Amarela em PNH e Humanos, monitoramento
2024/2025.
FONTE:SINAN,SISS-Geo,GAL. Dadosatualizadosaté22/04/2025.Dadossujeitosaalterações.
10","Febre Amarela No mesmo período, foram confirmados 106 casos humanos, dos quais 43 evoluíram para o óbito (letalidade de 40,6%). Os casos tiveram os locais prováveis de infecção nos estados de São Paulo [53] (Águas de Lindoia [1], Águas de São Pedro [1], Amparo [1], Bragança Paulista [2], Brotas [2], Caçapava [6], Campinas [3], Itatiba [1], Itirapina [1], Jambeiro [2], Joanópolis [10], Nazaré Paulista [4], Paraibuna [1], Pedra Bela [2], Pedreira [2] , Piracaia [3], Santa Rita do Passa Quatro [1], São Carlos [1], São José dos Campos [1], Socorro [4], Tuiuti [1], Valinhos [1], Vargem [1], LPI em investigação [1]), Pará [42] (Breves [40], Cametá [1], Melgaço [1]), Minas Gerais [10] (Camanducaia [1], Cambuí [1], Extrema [1], Maria da Fé [1] Monte Sião [1], Poços de Caldas [1], Pouso Alegre [1], Sapucaí-Mirim [1], Silvianópolis [1], LPI em investigação [1]) e Tocantins [1] (Monte do Carmo). Entre os casos, 95 (89,6%) eram do sexo masculino, com idades entre 10 e 75 anos. Um dos indivíduos tinha histórico de vacinação em 2017 (uma dose) e evoluiu para o óbito. Municípios com detecção do vírus da Febre Amarela em PNH e Humanos, monitoramento 2024/2025. FONTE:SINAN,SISS-Geo,GAL. Dadosatualizadosaté22/04/2025.Dadossujeitosaalterações.",0,,
Informe Semanal nº 10 - COE Dengue e outras Arboviroses - SE 1 a 16.pdf,10,1,16,2025,2025-04-22,11,0,1582,"INFORME SEMANAL No 10
SE 01 a 16/2025 (22/04/2025)
Ações realizadas
• Visita técnica para apoiar as ações de vigilância e controle nos municípios de Porto
Alegre, Alvorada e Viamão no estado do Rio Grande do Sul
• Participação da oficina Projeto primeiros passos/ação Zika nos territórios: cartografia da
rede estadual de cuidado para o fortalecimento da atenção integral às crianças com a
síndrome congênita do Zika e suas famílias no estado da Paraíba
• Coletiva de imprensa para anúncio das novas ações de enfrentamento à dengue -
https://www.youtube.com/watch?time_continue=3&v=vpBxmEUR3M4
• Lançamento das Novas Diretrizes de Prevenção e Controle das Arboviroses -
https://www.gov.br/saude/pt-br/centrais-de-conteudo/publicacoes/svsa/dengue/diretrizes-nacionais-
para-prevencao-e-controle-das-arboviroses-urbanas-vigilancia-entomologica-e-controle-vetorial.pdf
• Capacitação de Febre Amarela para médicos e enfermeiro do estado do Pará
• Participação do Coe dengue e outras arboviroses do estado do Pará
• Reunião com o estado do PA para discussão de casos humanos suspeitos de febre
amarela.
• Realização de webinário “Febre Amarela: fortalecendo as ações de vigilância, assistência
e imunização nos municípios”
• Videoconferência com os estados do Acre, Rondônia, Mato Grosso e Mato Grosso do Sul
para discuti a situação epidemiológica da Chikungunya e ações realizadas
• Visita técnica ao município de Porto Alegre/RS para apoiar as ações de assistência após
decretação de emergência do município
• Participação no videocast 10 Minutinhos d’Agente, do Ministério da Saúde
11","Ações realizadas • Visita técnica para apoiar as ações de vigilância e controle nos municípios de Porto Alegre, Alvorada e Viamão no estado do Rio Grande do Sul • Participação da oficina Projeto primeiros passos/ação Zika nos territórios: cartografia da rede estadual de cuidado para o fortalecimento da atenção integral às crianças com a síndrome congênita do Zika e suas famílias no estado da Paraíba • Coletiva de imprensa para anúncio das novas ações de enfrentamento à dengue - https://www.youtube.com/watch?time_continue=3&v=vpBxmEUR3M4 • Lançamento das Novas Diretrizes de Prevenção e Controle das Arboviroses - https://www.gov.br/saude/pt-br/centrais-de-conteudo/publicacoes/svsa/dengue/diretrizes-nacionaispara-prevencao-e-controle-das-arboviroses-urbanas-vigilancia-entomologica-e-controle-vetorial.pdf • Capacitação de Febre Amarela para médicos e enfermeiro do estado do Pará • Participação do Coe dengue e outras arboviroses do estado do Pará • Reunião com o estado do PA para discussão de casos humanos suspeitos de febre amarela. • Realização de webinário “Febre Amarela: fortalecendo as ações de vigilância, assistência e imunização nos municípios” • Videoconferência com os estados do Acre, Rondônia, Mato Grosso e Mato Grosso do Sul para discuti a situação epidemiológica da Chikungunya e ações realizadas • Visita técnica ao município de Porto Alegre/RS para apoiar as ações de assistência após decretação de emergência do município • Participação no videocast 10 Minutinhos d’Agente, do Ministério da Saúde",0,,
Informe Semanal nº 10 - COE Dengue e outras Arboviroses - SE 1 a 16.pdf,10,1,16,2025,2025-04-22,12,0,421,"INFORME SEMANAL No 10
SE 01 a 16/2025 (22/04/2025)
Insumos distribuídos
Laboratoriais1
470.016
Sorologia Reações
178.986
Biologia Molecular ZDC Reações
182.000
Biologia Molecular OROV/MAYV Reações
Biologia Molecular Febre Amarela 9.692 Reações
Inseticidas2
9.820
Larvicida Kg
5.649
Adulticida para PE Kg
181.720
Adulticida para UBV L
1Dadosatualizadosem 23/04/2025.Fonte:CGLAB.
2Dadosatualizadosem23/04/2025.Fonte:SIES
12",Insumos distribuídos Laboratoriais1 470.016 Sorologia Reações 178.986 Biologia Molecular ZDC Reações 182.000 Biologia Molecular OROV/MAYV Reações Biologia Molecular Febre Amarela 9.692 Reações Inseticidas2 9.820 Larvicida Kg 5.649 Adulticida para PE Kg 181.720 Adulticida para UBV L 1Dadosatualizadosem 23/04/2025.Fonte:CGLAB. 2Dadosatualizadosem23/04/2025.Fonte:SIES,0,,
Informe Semanal nº 10 - COE Dengue e outras Arboviroses - SE 1 a 16.pdf,10,1,16,2025,2025-04-22,13,0,1555,"INFORME SEMANAL No 10
SE 01 a 16/2025 (22/04/2025)
Casos prováveis e coeficiente de incidência (por 100.000 habitantes) de dengue, SE 01
a SE 16, Brasil, 2024 e 2025
Casos prováveis (n) Coeficiente de incidência
Região/UF SE 01 aSE 16 SE 01 aSE 16
2024 2025 2024 2025
Norte
35.414 28.493 204,1 164,2
Rondônia
4.359 1.627 275,7 102,9
Acre
3.492 7.791 420,7 938,6
Amazonas
5.799 3.731 147,1 94,7
Roraima
167 142 26,2 22,3
Pará
13.057 11.807 160,9 145,5
Amapá
5.858 1.147 798,6 156,4
Tocantins
2.682 2.248 177,4 148,7
Nordeste
220.193 38.245 403,0 70,0
Maranhão
8.466 3.197 125,0 47,2
Piauí
8.286 3.125 253,5 95,6
Ceará
5.825 2.541 66,3 28,9
Rio Grande do Norte
10.077 3.120 305,1 94,5
Paraíba
8.266 3.213 208,0 80,8
Pernambuco
10.820 6.904 119,5 76,2
Alagoas
5.420 1.293 173,3 41,3
Sergipe
911 536 41,2 24,3
Bahia
162.122 14.316 1.146,8 101,3
Sudeste
2.873.487 763.744 3.386,7 900,1
Minas Gerais
1.379.578 112.630 6.717,0 548,4
Espírito Santo
104.371 23.674 2.722,6 617,6
Rio de Janeiro
245.028 20.422 1.526,2 127,2
São Paulo
1.144.510 607.018 2.576,5 1.366,5
Sul
772.940 133.034 2.582,2 444,4
Paraná
424.868 84.343 3.712,8 737,1
Santa Catarina
209.930 15.920 2.758,8 209,2
Rio Grande do Sul
138.142 32.771 1.269,6 301,2
Centro-Oeste
500.659 87.795 3.073,8 539,0
Mato Grosso do Sul
12.420 9.155 450,5 332,1
Mato Grosso
23.140 23.957 632,4 654,8
Goiás
217.578 48.290 3.083,9 684,5
Distrito Federal
247.521 6.393 8.786,5 226,9
Brasil
4.402.693 1.051.311 2.168,1 517,7
FONTE:SinanOn-lineeE-SUS VS(bancodedadosatualizadoem22/04/2025).Dadossujeitosaalteração.
13","Casos prováveis e coeficiente de incidência (por 100.000 habitantes) de dengue, SE 01 a SE 16, Brasil, 2024 e 2025 Casos prováveis (n) Coeficiente de incidência Região/UF SE 01 aSE 16 SE 01 aSE 16 2024 2025 2024 2025 Norte 35.414 28.493 204,1 164,2 Rondônia 4.359 1.627 275,7 102,9 Acre 3.492 7.791 420,7 938,6 Amazonas 5.799 3.731 147,1 94,7 Roraima 167 142 26,2 22,3 Pará 13.057 11.807 160,9 145,5 Amapá 5.858 1.147 798,6 156,4 Tocantins 2.682 2.248 177,4 148,7 Nordeste 220.193 38.245 403,0 70,0 Maranhão 8.466 3.197 125,0 47,2 Piauí 8.286 3.125 253,5 95,6 Ceará 5.825 2.541 66,3 28,9 Rio Grande do Norte 10.077 3.120 305,1 94,5 Paraíba 8.266 3.213 208,0 80,8 Pernambuco 10.820 6.904 119,5 76,2 Alagoas 5.420 1.293 173,3 41,3 Sergipe 911 536 41,2 24,3 Bahia 162.122 14.316 1.146,8 101,3 Sudeste 2.873.487 763.744 3.386,7 900,1 Minas Gerais 1.379.578 112.630 6.717,0 548,4 Espírito Santo 104.371 23.674 2.722,6 617,6 Rio de Janeiro 245.028 20.422 1.526,2 127,2 São Paulo 1.144.510 607.018 2.576,5 1.366,5 Sul 772.940 133.034 2.582,2 444,4 Paraná 424.868 84.343 3.712,8 737,1 Santa Catarina 209.930 15.920 2.758,8 209,2 Rio Grande do Sul 138.142 32.771 1.269,6 301,2 Centro-Oeste 500.659 87.795 3.073,8 539,0 Mato Grosso do Sul 12.420 9.155 450,5 332,1 Mato Grosso 23.140 23.957 632,4 654,8 Goiás 217.578 48.290 3.083,9 684,5 Distrito Federal 247.521 6.393 8.786,5 226,9 Brasil 4.402.693 1.051.311 2.168,1 517,7 FONTE:SinanOn-lineeE-SUS VS(bancodedadosatualizadoem22/04/2025).Dadossujeitosaalteração.",1,tabela,"Casos prováveis e coeficiente de incidência (por 100.000 habitantes) de dengue, SE 01 a SE 16, Brasil, 2024 e 2025 Casos prováveis (n) Coeficiente de incidência Região/UF SE 01 aSE 16 SE 01 aSE 16 2024 2025 2024 2025 Norte 35.414 28.493 204,1 164,2 Rondônia 4.359 1.627 275,7 102,9 Acre 3.492 7.791 420,7 938,6 Amazonas 5.799 3.731 147,1 94,7 Roraima 167 142 26,2 22,3 Pará 13.057 11.807 160,9 145,5 Amapá 5.858 1.147 798,6 156,4 Tocantins 2.682 2.248 177,4 148,7 Nordeste 220.193 38.245 403,0 70,0 Maranhão 8.466 3.197 125,0 47,2 Piauí 8.286 3.125 253,5 95,6 Ceará 5.825 2.541 66,3 28,9 Rio Grande do Norte 10.077 3.120 305,1 94,5 Paraíba 8.266 3.213 208,0 80,8 Pernambuco 10.820 6.904 119,5 76,2 Alagoas 5.420 1.293 173,3 41,3 Sergipe 911 536 41,2 24,3 Bahia 162.122 14.316 1.146,8 101,3 Sudeste 2.873.487 763.744 3.386,7 900,1 Minas Gerais 1.379.578 112.630 6.717,0 548,4 Espírito Santo 104.371 23.674 2.722,6 617,6 Rio de Janeiro 245.028 20.422 1.526,2 127,2 São Paulo 1.144.510 607.018 2.576,5 1.366,5 Sul 772.940 133.034 2.582,2 444,4 Paraná 424.868 84.343 3.712,8 737,1 Santa Catarina 209.930 15.920 2.758,8 209,2 Rio Grande do Sul 138.142 32.771 1.269,6 301,2 Centro-Oeste 500.659 87.795 3.073,8 539,0 Mato Grosso do Sul 12.420 9.155 450,5 332,1 Mato Grosso 23.140 23.957 632,4 654,8 Goiás 217.578 48.290 3.083,9 684,5 Distrito Federal 247.521 6.393 8.786,5 226,9 Brasil 4.402.693 1.051.311 2.168,1 517,7 FONTE:SinanOn-lineeE-SUS VS(bancodedadosatualizadoem22/04/2025).Dadossujeitosaalteração."
Informe Semanal nº 10 - COE Dengue e outras Arboviroses - SE 1 a 16.pdf,10,1,16,2025,2025-04-22,14,0,1158,"INFORME SEMANAL No 10
SE 01 a 16/2025 (22/04/2025)
Número de casos de dengue grave e dengue com sinais de alarme, SE 01 a SE 16,
Brasil, 2024 e 2025
Dengue grave (n) Dengue com sinais de alarme (n)
SE 01 aSE 16 SE 01 aSE 16
Região/UF
2024 2025 2024 2025
Norte 51 26 476 272
Rondônia
3 1 20 10
Acre
2 1 5 33
Amazonas
11 2 60 7
Roraima
0 2 1 1
Pará
24 17 219 197
Amapá
6 3 130 15
Tocantins
5 0 41 9
Nordeste
424 42 4.671 418
Maranhão
11 3 130 30
Piauí
21 13 216 66
Ceará
3 2 67 12
Rio Grande do Norte
8 1 93 17
Paraíba
4 0 110 9
Pernambuco
9 2 78 26
Alagoas
9 4 104 15
Sergipe
3 1 29 12
Bahia
356 16 3844 231
Sudeste
2.793 898 29.039 11.922
Minas Gerais
1.327 115 12.330 1.191
Espírito Santo
77 6 1.747 299
Rio de Janeiro
173 17 3.552 252
São Paulo
1.216 760 11.410 10.180
Sul
841 105 13.635 2.095
Paraná
430 90 8.051 1.786
Santa Catarina
187 7 3.931 102
Rio Grande do Sul
224 8 1.653 207
Centro-Oeste
851 109 14.463 1.735
Mato Grosso do Sul
21 14 287 162
Mato Grosso
43 28 490 201
Goiás
365 67 4285 1361
Distrito Federal
422 0 9401 11
Brasil
4.960 1.180 62.284 16.442
FONTE:SinanOn-lineeE-SUS VS(bancodedadosatualizadoem22/04/2025).Dadossujeitosaalteração.
14","Número de casos de dengue grave e dengue com sinais de alarme, SE 01 a SE 16, Brasil, 2024 e 2025 Dengue grave (n) Dengue com sinais de alarme (n) SE 01 aSE 16 SE 01 aSE 16 Região/UF 2024 2025 2024 2025 Norte 51 26 476 272 Rondônia 3 1 20 10 Acre 2 1 5 33 Amazonas 11 2 60 7 Roraima 0 2 1 1 Pará 24 17 219 197 Amapá 6 3 130 15 Tocantins 5 0 41 9 Nordeste 424 42 4.671 418 Maranhão 11 3 130 30 Piauí 21 13 216 66 Ceará 3 2 67 12 Rio Grande do Norte 8 1 93 17 Paraíba 4 0 110 9 Pernambuco 9 2 78 26 Alagoas 9 4 104 15 Sergipe 3 1 29 12 Bahia 356 16 3844 231 Sudeste 2.793 898 29.039 11.922 Minas Gerais 1.327 115 12.330 1.191 Espírito Santo 77 6 1.747 299 Rio de Janeiro 173 17 3.552 252 São Paulo 1.216 760 11.410 10.180 Sul 841 105 13.635 2.095 Paraná 430 90 8.051 1.786 Santa Catarina 187 7 3.931 102 Rio Grande do Sul 224 8 1.653 207 Centro-Oeste 851 109 14.463 1.735 Mato Grosso do Sul 21 14 287 162 Mato Grosso 43 28 490 201 Goiás 365 67 4285 1361 Distrito Federal 422 0 9401 11 Brasil 4.960 1.180 62.284 16.442 FONTE:SinanOn-lineeE-SUS VS(bancodedadosatualizadoem22/04/2025).Dadossujeitosaalteração.",1,tabela,"Número de casos de dengue grave e dengue com sinais de alarme, SE 01 a SE 16, Brasil, 2024 e 2025 Dengue grave (n) Dengue com sinais de alarme (n) SE 01 aSE 16 SE 01 aSE 16 Região/UF 2024 2025 2024 2025 Norte 51 26 476 272 Rondônia 3 1 20 10 Acre 2 1 5 33 Amazonas 11 2 60 7 Roraima 0 2 1 1 Pará 24 17 219 197 Amapá 6 3 130 15 Tocantins 5 0 41 9 Nordeste 424 42 4.671 418 Maranhão 11 3 130 30 Piauí 21 13 216 66 Ceará 3 2 67 12 Rio Grande do Norte 8 1 93 17 Paraíba 4 0 110 9 Pernambuco 9 2 78 26 Alagoas 9 4 104 15 Sergipe 3 1 29 12 Bahia 356 16 3844 231 Sudeste 2.793 898 29.039 11.922 Minas Gerais 1.327 115 12.330 1.191 Espírito Santo 77 6 1.747 299 Rio de Janeiro 173 17 3.552 252 São Paulo 1.216 760 11.410 10.180 Sul 841 105 13.635 2.095 Paraná 430 90 8.051 1.786 Santa Catarina 187 7 3.931 102 Rio Grande do Sul 224 8 1.653 207 Centro-Oeste 851 109 14.463 1.735 Mato Grosso do Sul 21 14 287 162 Mato Grosso 43 28 490 201 Goiás 365 67 4285 1361 Distrito Federal 422 0 9401 11 Brasil 4.960 1.180 62.284 16.442 FONTE:SinanOn-lineeE-SUS VS(bancodedadosatualizadoem22/04/2025).Dadossujeitosaalteração."
Informe Semanal nº 10 - COE Dengue e outras Arboviroses - SE 1 a 16.pdf,10,1,16,2025,2025-04-22,15,0,1336,"INFORME SEMANAL No 10
SE 01 a 16/2025 (22/04/2025)
Número de óbitos confirmados, letalidade e óbitos em investigação por dengue, SE 01
a SE 16, Brasil, 2024 e 2025
Óbitos confirmados (n) Taxa de Letalidade Óbitos em Investigação
Região/UF SE 01 aSE 16 SE 01 aSE 16 SE 01 aSE 16
2024 2025 2024 2025 2024 2025
Norte 25 24 4,7 8,1 0 9
Rondônia
5 0 21,7 0,0 0 0
Acre
0 3 0,0 0,0 0 0
Amazonas
5 1 7,0 11,1 0 0
Roraima
0 2 0,0 0,0 0 0
Pará
6 15 2,5 0,0 0 8
Amapá
6 3 4,4 0,0 0 1
Tocantins
3 0 6,5 0,0 0 0
Nordeste
168 13 3,3 2,8 25 42
Maranhão 4 0 2,8 0,0 3 9
Piauí
13 4 5,5 0,0 0 2
Ceará
1 0 1,4 0,0 0 0
Rio Grande do Norte 2 0 2,0 0,0 1 2
Paraíba
6 1 5,3 0,0 0 7
Pernambuco
9 1 10,3 0,0 3 10
Alagoas
6 0 5,3 0,0 0 1
Sergipe
3 1 9,4 0,0 0 1
Bahia
124 6 3,0 2,4 18 10
Sudeste
2.345 561 7,4 4,4 231 549
Minas Gerais
963 53 7,1 4,1 223 71
Espírito Santo
32 0 1,8 0,0 0 12
Rio de Janeiro
177 8 4,8 3,0 0 3
São Paulo
1.173 500 9,3 4,6 8 463
Sul
935 59 6,5 2,7 1 58
Paraná
525 49 6,2 2,6 0 46
Santa Catarina
225 5 5,5 0,0 0 7
Rio Grande do Sul
185 5 9,9 2,3 1 5
Centro-Oeste
710 46 4,6 2,5 11 62
Mato Grosso do Sul
20 8 6,5 0,0 7 8
Mato Grosso
13 11 2,4 4,8 1 9
Goiás
283 27 6,1 1,9 2 42
Distrito Federal
394 0 4,0 0,0 1 3
Brasil
4.183 703 6,2 4,0 250 714
FONTE:SinanOn-lineeE-SUS VS(bancodedadosatualizadoem22/04/2025).Dadossujeitosaalteração.
15","Número de óbitos confirmados, letalidade e óbitos em investigação por dengue, SE 01 a SE 16, Brasil, 2024 e 2025 Óbitos confirmados (n) Taxa de Letalidade Óbitos em Investigação Região/UF SE 01 aSE 16 SE 01 aSE 16 SE 01 aSE 16 2024 2025 2024 2025 2024 2025 Norte 25 24 4,7 8,1 0 9 Rondônia 5 0 21,7 0,0 0 0 Acre 0 3 0,0 0,0 0 0 Amazonas 5 1 7,0 11,1 0 0 Roraima 0 2 0,0 0,0 0 0 Pará 6 15 2,5 0,0 0 8 Amapá 6 3 4,4 0,0 0 1 Tocantins 3 0 6,5 0,0 0 0 Nordeste 168 13 3,3 2,8 25 42 Maranhão 4 0 2,8 0,0 3 9 Piauí 13 4 5,5 0,0 0 2 Ceará 1 0 1,4 0,0 0 0 Rio Grande do Norte 2 0 2,0 0,0 1 2 Paraíba 6 1 5,3 0,0 0 7 Pernambuco 9 1 10,3 0,0 3 10 Alagoas 6 0 5,3 0,0 0 1 Sergipe 3 1 9,4 0,0 0 1 Bahia 124 6 3,0 2,4 18 10 Sudeste 2.345 561 7,4 4,4 231 549 Minas Gerais 963 53 7,1 4,1 223 71 Espírito Santo 32 0 1,8 0,0 0 12 Rio de Janeiro 177 8 4,8 3,0 0 3 São Paulo 1.173 500 9,3 4,6 8 463 Sul 935 59 6,5 2,7 1 58 Paraná 525 49 6,2 2,6 0 46 Santa Catarina 225 5 5,5 0,0 0 7 Rio Grande do Sul 185 5 9,9 2,3 1 5 Centro-Oeste 710 46 4,6 2,5 11 62 Mato Grosso do Sul 20 8 6,5 0,0 7 8 Mato Grosso 13 11 2,4 4,8 1 9 Goiás 283 27 6,1 1,9 2 42 Distrito Federal 394 0 4,0 0,0 1 3 Brasil 4.183 703 6,2 4,0 250 714 FONTE:SinanOn-lineeE-SUS VS(bancodedadosatualizadoem22/04/2025).Dadossujeitosaalteração.",1,tabela,"Número de óbitos confirmados, letalidade e óbitos em investigação por dengue, SE 01 a SE 16, Brasil, 2024 e 2025 Óbitos confirmados (n) Taxa de Letalidade Óbitos em Investigação Região/UF SE 01 aSE 16 SE 01 aSE 16 SE 01 aSE 16 2024 2025 2024 2025 2024 2025 Norte 25 24 4,7 8,1 0 9 Rondônia 5 0 21,7 0,0 0 0 Acre 0 3 0,0 0,0 0 0 Amazonas 5 1 7,0 11,1 0 0 Roraima 0 2 0,0 0,0 0 0 Pará 6 15 2,5 0,0 0 8 Amapá 6 3 4,4 0,0 0 1 Tocantins 3 0 6,5 0,0 0 0 Nordeste 168 13 3,3 2,8 25 42 Maranhão 4 0 2,8 0,0 3 9 Piauí 13 4 5,5 0,0 0 2 Ceará 1 0 1,4 0,0 0 0 Rio Grande do Norte 2 0 2,0 0,0 1 2 Paraíba 6 1 5,3 0,0 0 7 Pernambuco 9 1 10,3 0,0 3 10 Alagoas 6 0 5,3 0,0 0 1 Sergipe 3 1 9,4 0,0 0 1 Bahia 124 6 3,0 2,4 18 10 Sudeste 2.345 561 7,4 4,4 231 549 Minas Gerais 963 53 7,1 4,1 223 71 Espírito Santo 32 0 1,8 0,0 0 12 Rio de Janeiro 177 8 4,8 3,0 0 3 São Paulo 1.173 500 9,3 4,6 8 463 Sul 935 59 6,5 2,7 1 58 Paraná 525 49 6,2 2,6 0 46 Santa Catarina 225 5 5,5 0,0 0 7 Rio Grande do Sul 185 5 9,9 2,3 1 5 Centro-Oeste 710 46 4,6 2,5 11 62 Mato Grosso do Sul 20 8 6,5 0,0 7 8 Mato Grosso 13 11 2,4 4,8 1 9 Goiás 283 27 6,1 1,9 2 42 Distrito Federal 394 0 4,0 0,0 1 3 Brasil 4.183 703 6,2 4,0 250 714 FONTE:SinanOn-lineeE-SUS VS(bancodedadosatualizadoem22/04/2025).Dadossujeitosaalteração."
Informe Semanal nº 10 - COE Dengue e outras Arboviroses - SE 1 a 16.pdf,10,1,16,2025,2025-04-22,16,0,1334,"INFORME SEMANAL No 10
SE 01 a 16/2025 (22/04/2025)
Casos prováveis e coeficiente de incidência (por 100.000 habitantes) de chikungunya,
SE 01 a SE 16, Brasil, 2024 e 2025
Casos Prováveis (n) Coeficiente de Incidência
Região/UF SE 01 aSE 16 SE 01 aSE 16
2024 2025 2024 2025
Norte
1.587 2.433 9,1 14,0
Rondônia
175 1.654 11,1 104,6
Acre
155 129 18,7 15,5
Amazonas
38 86 1,0 2,2
Roraima
12 24 1,9 3,8
Pará
612 272 7,5 3,4
Amapá
168 17 22,9 2,3
Tocantins
427 251 28,3 16,6
Nordeste
18.564 3.941 34,0 7,2
Maranhão
684 194 10,1 2,9
Piauí
489 201 15,0 6,1
Ceará
544 362 6,2 4,1
Rio Grande do Norte
1.562 777 47,3 23,5
Paraíba
1.010 341 25,4 8,6
Pernambuco
2.001 972 22,1 10,7
Alagoas
194 107 6,2 3,4
Sergipe
244 56 11,0 2,5
Bahia
11.836 931 83,7 6,6
Sudeste
153.033 19.558 180,4 23,1
Minas Gerais
138.546 8.806 674,6 42,9
Espírito Santo
7.099 1.617 185,2 42,2
Rio de Janeiro
2.539 1.066 15,8 6,6
São Paulo
4.849 8.069 10,9 18,2
Sul
640 5.750 2,1 19,2
Paraná
338 4.600 3,0 40,2
Santa Catarina
84 698 1,1 9,2
Rio Grande do Sul
218 452 2,0 4,2
Centro-Oeste
17.687 40.760 108,6 250,2
Mato Grosso do Sul
1.518 7.101 55,1 257,6
Mato Grosso
8.949 32.780 244,6 895,9
Goiás
6.980 766 98,9 10,9
Distrito Federal
240 113 8,5 4,0
Brasil
191.511 72.442 94,3 35,7
FONTE:SinanOn-lineeE-SUS VS(bancodedadosatualizadoem22/04/2025).Dadossujeitosaalteração.
16","Casos prováveis e coeficiente de incidência (por 100.000 habitantes) de chikungunya, SE 01 a SE 16, Brasil, 2024 e 2025 Casos Prováveis (n) Coeficiente de Incidência Região/UF SE 01 aSE 16 SE 01 aSE 16 2024 2025 2024 2025 Norte 1.587 2.433 9,1 14,0 Rondônia 175 1.654 11,1 104,6 Acre 155 129 18,7 15,5 Amazonas 38 86 1,0 2,2 Roraima 12 24 1,9 3,8 Pará 612 272 7,5 3,4 Amapá 168 17 22,9 2,3 Tocantins 427 251 28,3 16,6 Nordeste 18.564 3.941 34,0 7,2 Maranhão 684 194 10,1 2,9 Piauí 489 201 15,0 6,1 Ceará 544 362 6,2 4,1 Rio Grande do Norte 1.562 777 47,3 23,5 Paraíba 1.010 341 25,4 8,6 Pernambuco 2.001 972 22,1 10,7 Alagoas 194 107 6,2 3,4 Sergipe 244 56 11,0 2,5 Bahia 11.836 931 83,7 6,6 Sudeste 153.033 19.558 180,4 23,1 Minas Gerais 138.546 8.806 674,6 42,9 Espírito Santo 7.099 1.617 185,2 42,2 Rio de Janeiro 2.539 1.066 15,8 6,6 São Paulo 4.849 8.069 10,9 18,2 Sul 640 5.750 2,1 19,2 Paraná 338 4.600 3,0 40,2 Santa Catarina 84 698 1,1 9,2 Rio Grande do Sul 218 452 2,0 4,2 Centro-Oeste 17.687 40.760 108,6 250,2 Mato Grosso do Sul 1.518 7.101 55,1 257,6 Mato Grosso 8.949 32.780 244,6 895,9 Goiás 6.980 766 98,9 10,9 Distrito Federal 240 113 8,5 4,0 Brasil 191.511 72.442 94,3 35,7 FONTE:SinanOn-lineeE-SUS VS(bancodedadosatualizadoem22/04/2025).Dadossujeitosaalteração.",0,,
Informe Semanal nº 10 - COE Dengue e outras Arboviroses - SE 1 a 16.pdf,10,1,16,2025,2025-04-22,17,0,956,"INFORME SEMANAL No 10
SE 01 a 16/2025 (22/04/2025)
Número de óbitos confirmados e óbitos em investigação de chikungunya, SE 01 a SE
16, Brasil, 2024 e 2025
Óbitos confirmados Óbitos em Investigação
Região/UF SE 01 aSE 16 SE 01 aSE 16
2024 2025 2024 2025
Norte
1 1 0 1
Rondônia
0 1 0 0
Acre
0 0 0 0
Amazonas
0 0 0 0
Roraima
0 0 0 0
Pará
0 0 0 1
Amapá
1 0 0 0
Tocantins
0 0 0 0
Nordeste
19 2 7 9
Maranhão
1 0 1 4
Piauí
0 0 1 0
Ceará
0 0 0 0
Rio Grande do Norte
1 0 0 0
Paraíba
5 1 0 0
Pernambuco
3 0 3 5
Alagoas
0 0 0 0
Sergipe
1 0 0 0
Bahia
8 1 2 0
Sudeste
120 8 15 12
Minas Gerais
106 2 13 1
Espírito Santo
4 0 0 1
Rio de Janeiro
3 2 0 2
São Paulo
7 4 2 8
Sul
0 4 0 2
Paraná
0 0 0 0
Santa Catarina
0 3 0 1
Rio Grande do Sul
0 1 0 1
Centro-Oeste
20 47 6 26
Mato Grosso do Sul
1 2 1 3
Mato Grosso
7 45 1 21
Goiás
12 0 2 2
Distrito Federal
0 0 2 0
Brasil
160 62 28 50
FONTE:SinanOn-lineeE-SUS VS(bancodedadosatualizadoem22/04/2025).Dadossujeitosaalteração.
17","Número de óbitos confirmados e óbitos em investigação de chikungunya, SE 01 a SE 16, Brasil, 2024 e 2025 Óbitos confirmados Óbitos em Investigação Região/UF SE 01 aSE 16 SE 01 aSE 16 2024 2025 2024 2025 Norte 1 1 0 1 Rondônia 0 1 0 0 Acre 0 0 0 0 Amazonas 0 0 0 0 Roraima 0 0 0 0 Pará 0 0 0 1 Amapá 1 0 0 0 Tocantins 0 0 0 0 Nordeste 19 2 7 9 Maranhão 1 0 1 4 Piauí 0 0 1 0 Ceará 0 0 0 0 Rio Grande do Norte 1 0 0 0 Paraíba 5 1 0 0 Pernambuco 3 0 3 5 Alagoas 0 0 0 0 Sergipe 1 0 0 0 Bahia 8 1 2 0 Sudeste 120 8 15 12 Minas Gerais 106 2 13 1 Espírito Santo 4 0 0 1 Rio de Janeiro 3 2 0 2 São Paulo 7 4 2 8 Sul 0 4 0 2 Paraná 0 0 0 0 Santa Catarina 0 3 0 1 Rio Grande do Sul 0 1 0 1 Centro-Oeste 20 47 6 26 Mato Grosso do Sul 1 2 1 3 Mato Grosso 7 45 1 21 Goiás 12 0 2 2 Distrito Federal 0 0 2 0 Brasil 160 62 28 50 FONTE:SinanOn-lineeE-SUS VS(bancodedadosatualizadoem22/04/2025).Dadossujeitosaalteração.",0,,
Informe Semanal nº 10 - COE Dengue e outras Arboviroses - SE 1 a 16.pdf,10,1,16,2025,2025-04-22,18,0,1161,"INFORME SEMANAL No 10
SE 01 a 16/2025 (22/04/2025)
Casos prováveis e coeficiente de incidência (por 100.000 habitantes) de Zika, SE 01 a
SE 14, Brasil, 2024 e 2025.
Casos Prováveis Coeficiente de Incidência
Região/UF SE 01 aSE 14 SE 01 aSE 14
2024 2025 2024 2025
Norte
328 387 1,9 2,2
Rondônia 70 10 4,4 0,6
Acre 54 232 6,5 28,0
Amazonas 52 15 1,3 0,4
Roraima 3 4 0,5 0,6
Pará 48 45 0,6 0,6
Amapá 75 6 10,2 0,8
Tocantins 26 78 1,7 5,2
Nordeste 1.893 561 3,5 1,0
Maranhão 163 93 2,4 1,4
Piauí 3 5 0,1 0,2
Ceará 85 32 1,0 0,4
Rio Grande do
Norte 725 231 22,0 7,0
Paraíba
49 11 1,2 0,3
Pernambuco
57 58 0,6 0,6
Alagoas
27 12 0,9 0,4
Sergipe
17 11 0,8 0,5
Bahia
767 110 5,4 0,8
Sudeste
294 134 0,3 0,2
Minas Gerais
137 30 0,7 0,1
Espírito Santo
60 2 1,6 0,1
Rio de Janeiro
1 3 0,0 0,0
São Paulo
96 99 0,2 0,2
Sul
21 16 0,1 0,1
Paraná
8 9 0,1 0,1
Santa Catarina
4 4 0,1 0,1
Rio Grande do
Sul 9 3 0,1 0,0
Centro-Oeste
283 1.047 1,7 6,4
Mato Grosso do
Sul 52 155 1,9 5,6
Mato Grosso
174 874 4,8 23,9
Goiás
47 22 0,7 0,3
Distrito Federal
10 0 0,4 0,0
Brasil
2.819 2.154 1,4 1,1
FONTE:SinanOn-lineeE-SUS VS(bancodedadosatualizadoem14/04/2025).Dadossujeitosaalteração.
18","Casos prováveis e coeficiente de incidência (por 100.000 habitantes) de Zika, SE 01 a SE 14, Brasil, 2024 e 2025. Casos Prováveis Coeficiente de Incidência Região/UF SE 01 aSE 14 SE 01 aSE 14 2024 2025 2024 2025 Norte 328 387 1,9 2,2 Rondônia 70 10 4,4 0,6 Acre 54 232 6,5 28,0 Amazonas 52 15 1,3 0,4 Roraima 3 4 0,5 0,6 Pará 48 45 0,6 0,6 Amapá 75 6 10,2 0,8 Tocantins 26 78 1,7 5,2 Nordeste 1.893 561 3,5 1,0 Maranhão 163 93 2,4 1,4 Piauí 3 5 0,1 0,2 Ceará 85 32 1,0 0,4 Rio Grande do Norte 725 231 22,0 7,0 Paraíba 49 11 1,2 0,3 Pernambuco 57 58 0,6 0,6 Alagoas 27 12 0,9 0,4 Sergipe 17 11 0,8 0,5 Bahia 767 110 5,4 0,8 Sudeste 294 134 0,3 0,2 Minas Gerais 137 30 0,7 0,1 Espírito Santo 60 2 1,6 0,1 Rio de Janeiro 1 3 0,0 0,0 São Paulo 96 99 0,2 0,2 Sul 21 16 0,1 0,1 Paraná 8 9 0,1 0,1 Santa Catarina 4 4 0,1 0,1 Rio Grande do Sul 9 3 0,1 0,0 Centro-Oeste 283 1.047 1,7 6,4 Mato Grosso do Sul 52 155 1,9 5,6 Mato Grosso 174 874 4,8 23,9 Goiás 47 22 0,7 0,3 Distrito Federal 10 0 0,4 0,0 Brasil 2.819 2.154 1,4 1,1 FONTE:SinanOn-lineeE-SUS VS(bancodedadosatualizadoem14/04/2025).Dadossujeitosaalteração.",0,,
Informe Semanal nº 10 - COE Dengue e outras Arboviroses - SE 1 a 16.pdf,10,1,16,2025,2025-04-22,19,0,978,"INFORME SEMANAL No 10
SE 01 a 16/2025 (22/04/2025)
CASOS CONFIRMADOS DE OROPOUCHE POR UF DE LOCAL PROVÁVEL DE INFECÇÃO,
BRASIL, 2024 E 2025.
Casos de Oropouche
Região/UF
2024 2025 2025
SE 01 a SE 16 SE 01 a SE 16 4 últimas SE
Norte 5169 65 3
Rondônia 1677 6 3
Acre 272 0 0
Amazonas 3072 0 0
Roraima 8 1 0
Pará 127 1 0
Amapá 6 54 0
Tocantins 7 3 0
Nordeste 336 1.131 374
Maranhão 11 0 0
Piauí 20 1 0
Ceará 0 510 342
Rio Grande do Norte 0 0 0
Paraíba 0 618 31
Pernambuco 1 1 1
Alagoas 0 0 0
Sergipe 0 0 0
Bahia 304 1 0
Sudeste 262 7.703 943
Minas Gerais 154 388 49
Espírito Santo 26 5.826 529
Rio de Janeiro 80 1.466 364
São Paulo 2 23 1
Sul 49 1 1
Paraná 0 0 0
Santa Catarina 49 1 1*
Rio Grande do Sul 0 0 0
Centro-Oeste 9 1 1
Mato Grosso do Sul 1 1 1*
Mato Grosso 8 0 0
*LPI Gemoi áinsvestigação. 0 0 0
Distrito Federal 0 0 0
Brasil 5.825 8.901 1.322
* LPI em investigação
FONTE:GerenciadordeAmbiente Laboratorial(GAL). Dadosatualizadosaté22/04/2025.Dadossujeitosaalterações.
19","CASOS CONFIRMADOS DE OROPOUCHE POR UF DE LOCAL PROVÁVEL DE INFECÇÃO, BRASIL, 2024 E 2025. Casos de Oropouche Região/UF 2024 2025 2025 SE 01 a SE 16 SE 01 a SE 16 4 últimas SE Norte 5169 65 3 Rondônia 1677 6 3 Acre 272 0 0 Amazonas 3072 0 0 Roraima 8 1 0 Pará 127 1 0 Amapá 6 54 0 Tocantins 7 3 0 Nordeste 336 1.131 374 Maranhão 11 0 0 Piauí 20 1 0 Ceará 0 510 342 Rio Grande do Norte 0 0 0 Paraíba 0 618 31 Pernambuco 1 1 1 Alagoas 0 0 0 Sergipe 0 0 0 Bahia 304 1 0 Sudeste 262 7.703 943 Minas Gerais 154 388 49 Espírito Santo 26 5.826 529 Rio de Janeiro 80 1.466 364 São Paulo 2 23 1 Sul 49 1 1 Paraná 0 0 0 Santa Catarina 49 1 1* Rio Grande do Sul 0 0 0 Centro-Oeste 9 1 1 Mato Grosso do Sul 1 1 1* Mato Grosso 8 0 0 *LPI Gemoi áinsvestigação. 0 0 0 Distrito Federal 0 0 0 Brasil 5.825 8.901 1.322 * LPI em investigação FONTE:GerenciadordeAmbiente Laboratorial(GAL). Dadosatualizadosaté22/04/2025.Dadossujeitosaalterações.",0,,
Informe Semanal nº 10 - COE Dengue e outras Arboviroses - SE 1 a 16.pdf,10,1,16,2025,2025-04-22,20,0,694,"INFORME SEMANAL No 10
SE 01 a 16/2025 (22/04/2025)
Febre Amarela
Febre Amarela em primatas não-humanos- PNH e humanos durante o período de
.
monitoramento 2024/2025
PRIMATAS NÃO-HUMANOS CASOS HUMANOS
REGIÃO UF (LPI)
LETALIDADE
NOTIFICADOS CONFIRMADOS NOTIFICADOS CONFIRMADOS ÓBITOS
(%)
Norte AC 2 1
AP 12
AM 4
PA 18 154 42 7 16,7
RO 1 5
RR 6 1 6
TO 20 2 11 1 1 100,0
Nordeste AL 7
BA 18 4
CE 1 3
MA 12
PB 1
PE 14 2
PI
RN 29 6
SE
DF 100 8
Centro- GO 43 14
Oeste MT 14 9
MS 6
Sudeste MG 406 14 160 10 5 50,0
ES 16 38
RJ 50 17
SP 769 67 466 53 30 56,6
Sul PR 77 23
SC 92 15
RS 35 10
TOTAL 1717 84 987 106 43 40,6
FONTE:SINAN,SISS-Geo,GAL. Dadosatualizadosaté22/04/2025.Dadossujeitosaalterações.
20","Febre Amarela Febre Amarela em primatas não-humanos- PNH e humanos durante o período de . monitoramento 2024/2025 PRIMATAS NÃO-HUMANOS CASOS HUMANOS REGIÃO UF (LPI) LETALIDADE NOTIFICADOS CONFIRMADOS NOTIFICADOS CONFIRMADOS ÓBITOS (%) Norte AC 2 1 AP 12 AM 4 PA 18 154 42 7 16,7 RO 1 5 RR 6 1 6 TO 20 2 11 1 1 100,0 Nordeste AL 7 BA 18 4 CE 1 3 MA 12 PB 1 PE 14 2 PI RN 29 6 SE DF 100 8 Centro- GO 43 14 Oeste MT 14 9 MS 6 Sudeste MG 406 14 160 10 5 50,0 ES 16 38 RJ 50 17 SP 769 67 466 53 30 56,6 Sul PR 77 23 SC 92 15 RS 35 10 TOTAL 1717 84 987 106 43 40,6 FONTE:SINAN,SISS-Geo,GAL. Dadosatualizadosaté22/04/2025.Dadossujeitosaalterações.",0,,
Informe Semanal nº 11 - COE Dengue e outras Arboviroses - SE 1 a 17 - 13 de maio.pdf,11,1,17,2025,2025-04-28,1,0,40,"SE 01 a 17/2025
No 11
13 de maio de 2025",SE 01 a 17/2025 No 11 13 de maio de 2025,0,,
Informe Semanal nº 11 - COE Dengue e outras Arboviroses - SE 1 a 17 - 13 de maio.pdf,11,1,17,2025,2025-04-28,2,0,2222,"INFORME SEMANAL No 11
SE 01 a 17/2025 (28/04/2025)
Introdução
Os dados de dengue, chikungunya e Oropouche apresentados neste
Informe referem-se às semanas epidemiológicas (SE) 01 a 17 de 2025 (que
correspondem ao período entre 29/12/24 e 26/04/2025). Para Zika, os dados
apresentados são do período da SE 01 a SE 14 de 2025 (que se estende de
29/12/24 a 05/04/2025). Os dados são comparados aos dados do mesmo
período de 2024. Para febre amarela, os dados referem-se ao
monitoramento 2024/2025 (julho/2024 a junho/2025), atualizados até
28/04/2025. Os dados detalhados das arboviroses dos anos de 2023 a 2025
podem ser acessados em: https://www.gov.br/saude/pt-br/assuntos/saude-
de-a-a-z/a/aedes-aegypti/monitoramento-das-arboviroses.
Situação Epidemiológica
Dengue
Nas SE 01 a 17 de 2025, foram notificados 1.130.286 casos prováveis de
dengue, correspondendo a um coeficiente de incidência de 556,6 casos/100 mil
habitantes. Quando comparado com o mesmo período de 2024, observa-se uma
redução de 76,1% no número de casos prováveis.
As Regiões Geográficas que apresentam os maiores coeficientes de
incidência são Sudeste, Centro-Oeste e Sul. Entre as Unidades Federativas (UF), São
Paulo, Acre, Paraná, Goiás e Mato Grosso apresentam as maiores incidências.
Os maiores números de casos graves concentram-se nas regiões
Sudeste, Centro-Oeste e Sul. A maior parte dos óbitos está na região Sudeste. Foram
confirmados 772 óbitos no período, e 775 estão em investigação.
Foi identificada a circulação dos quatro sorotipos do vírus dengue (DENV-1,
DENV-2, DENV-3 e DENV-4), com predominância do DENV-2. Aumento da
proporção de DENV-3 foi observada desde o último trimestre de 2024. DENV-4 (vírus
selvagem) foi detectado em duas amostras de Minas Gerais e três de São Paulo.
Outras detecções de DENV-4 em Minas Gerais, Mato Grosso do Sul, São Paulo e
Roraima estão em análise.
O coeficiente de incidência de dengue no Brasil encontra-se fora do limite
inferior do canal endêmico do diagrama de controle, considerando a série
histórica. A estimativa nowcasting se encontra dentro do canal endêmico, com
tendência de redução de casos.
Fonte: Sinan On-line (banco de dados atualizado em 28/04/2025). Dados sujeitos a alteração.
2","Introdução Os dados de dengue, chikungunya e Oropouche apresentados neste Informe referem-se às semanas epidemiológicas (SE) 01 a 17 de 2025 (que correspondem ao período entre 29/12/24 e 26/04/2025). Para Zika, os dados apresentados são do período da SE 01 a SE 14 de 2025 (que se estende de 29/12/24 a 05/04/2025). Os dados são comparados aos dados do mesmo período de 2024. Para febre amarela, os dados referem-se ao monitoramento 2024/2025 (julho/2024 a junho/2025), atualizados até 28/04/2025. Os dados detalhados das arboviroses dos anos de 2023 a 2025 podem ser acessados em: https://www.gov.br/saude/pt-br/assuntos/saudede-a-a-z/a/aedes-aegypti/monitoramento-das-arboviroses. Situação Epidemiológica Dengue Nas SE 01 a 17 de 2025, foram notificados 1.130.286 casos prováveis de dengue, correspondendo a um coeficiente de incidência de 556,6 casos/100 mil habitantes. Quando comparado com o mesmo período de 2024, observa-se uma redução de 76,1% no número de casos prováveis. As Regiões Geográficas que apresentam os maiores coeficientes de incidência são Sudeste, Centro-Oeste e Sul. Entre as Unidades Federativas (UF), São Paulo, Acre, Paraná, Goiás e Mato Grosso apresentam as maiores incidências. Os maiores números de casos graves concentram-se nas regiões Sudeste, Centro-Oeste e Sul. A maior parte dos óbitos está na região Sudeste. Foram confirmados 772 óbitos no período, e 775 estão em investigação. Foi identificada a circulação dos quatro sorotipos do vírus dengue (DENV-1, DENV-2, DENV-3 e DENV-4), com predominância do DENV-2. Aumento da proporção de DENV-3 foi observada desde o último trimestre de 2024. DENV-4 (vírus selvagem) foi detectado em duas amostras de Minas Gerais e três de São Paulo. Outras detecções de DENV-4 em Minas Gerais, Mato Grosso do Sul, São Paulo e Roraima estão em análise. O coeficiente de incidência de dengue no Brasil encontra-se fora do limite inferior do canal endêmico do diagrama de controle, considerando a série histórica. A estimativa nowcasting se encontra dentro do canal endêmico, com tendência de redução de casos. Fonte: Sinan On-line (banco de dados atualizado em 28/04/2025). Dados sujeitos a alteração.",1,narrativa,"Dengue Nas SE 01 a 17 de 2025, foram notificados 1.130.286 casos prováveis de dengue, correspondendo a um coeficiente de incidência de 556,6 casos/100 mil habitantes. Quando comparado com o mesmo período de 2024, observa-se uma redução de 76,1% no número de casos prováveis. As Regiões Geográficas que apresentam os maiores coeficientes de incidência são Sudeste, Centro-Oeste e Sul. Entre as Unidades Federativas (UF), São Paulo, Acre, Paraná, Goiás e Mato Grosso apresentam as maiores incidências. Os maiores números de casos graves concentram-se nas regiões Sudeste, Centro-Oeste e Sul. A maior parte dos óbitos está na região Sudeste. Foram confirmados 772 óbitos no período, e 775 estão em investigação. Foi identificada a circulação dos quatro sorotipos do vírus dengue (DENV-1, DENV-2, DENV-3 e DENV-4), com predominância do DENV-2. Aumento da proporção de DENV-3 foi observada desde o último trimestre de 2024. DENV-4 (vírus selvagem) foi detectado em duas amostras de Minas Gerais e três de São Paulo. Outras detecções de DENV-4 em Minas Gerais, Mato Grosso do Sul, São Paulo e Roraima estão em análise. O coeficiente de incidência de dengue no Brasil encontra-se fora do limite inferior do canal endêmico do diagrama de controle, considerando a série histórica. A estimativa nowcasting se encontra dentro do canal endêmico, com tendência de redução de casos. Fonte: Sinan On-line (banco de dados atualizado em 28/04/2025). Dados sujeitos a alteração."
Informe Semanal nº 11 - COE Dengue e outras Arboviroses - SE 1 a 17 - 13 de maio.pdf,11,1,17,2025,2025-04-28,3,0,200,"INFORME SEMANAL No 11
SE 01 a 17/2025 (28/04/2025)
Diagrama de controle
Coeficiente de Incidência e óbitos
Fonte: Sinan On-line (banco de dados atualizado em 28/04/2025). Dados sujeitos a alteração.
3",Diagrama de controle Coeficiente de Incidência e óbitos Fonte: Sinan On-line (banco de dados atualizado em 28/04/2025). Dados sujeitos a alteração.,1,narrativa,Diagrama de controle Coeficiente de Incidência e óbitos Fonte: Sinan On-line (banco de dados atualizado em 28/04/2025). Dados sujeitos a alteração.
Informe Semanal nº 11 - COE Dengue e outras Arboviroses - SE 1 a 17 - 13 de maio.pdf,11,1,17,2025,2025-04-28,4,0,1229,"INFORME SEMANAL No 11
SE 01 a 17/2025 (28/04/2025)
Mapa de Sorotipos Dengue SE 01 a SE 16/2025
Fonte: GAL/CGLAB/SVSA/MS.
Chikungunya
Nas SE 01 a 17 de 2025, foram notificados 77.120 casos prováveis de
chikungunya, correspondendo a um coeficiente de incidência de 38,0
casos/100 mil habitantes. Quando comparado ao mesmo período de
2024, observa-se uma redução de 61,3% no número de casos prováveis.
As Regiões Geográficas que apresentam os maiores coeficientes de
incidência são a Centro-Oeste e a Sudeste. Entre as UFs, Mato Grosso, Mato
Grosso do Sul e Rondônia apresentam as maiores incidências.
Foram confirmados 65 óbitos no período, sendo 47 no Mato Grosso,
quatro em São Paulo, três em Santa Catarina, dois em Minas Gerais, Rio de
Janeiro e Mato Grosso do Sul, e um na Bahia, Pernambuco, Rio Grande do Sul
e Paraíba. Encontram-se em investigação 52 óbitos até o momento, sendo 28
na região Centro-Oeste e 12 na Região Sudeste.
O coeficiente de incidência de chikungunya no Brasil encontra-se
abaixo do limite inferior do canal endêmico do diagrama de controle,
considerando a série histórica, assim como a estimativa nowcasting.
Fonte: Sinan On-line (banco de dados atualizado em 28/04/2025). Dados sujeitos a alteração.
4","Mapa de Sorotipos Dengue SE 01 a SE 16/2025 Fonte: GAL/CGLAB/SVSA/MS. Chikungunya Nas SE 01 a 17 de 2025, foram notificados 77.120 casos prováveis de chikungunya, correspondendo a um coeficiente de incidência de 38,0 casos/100 mil habitantes. Quando comparado ao mesmo período de 2024, observa-se uma redução de 61,3% no número de casos prováveis. As Regiões Geográficas que apresentam os maiores coeficientes de incidência são a Centro-Oeste e a Sudeste. Entre as UFs, Mato Grosso, Mato Grosso do Sul e Rondônia apresentam as maiores incidências. Foram confirmados 65 óbitos no período, sendo 47 no Mato Grosso, quatro em São Paulo, três em Santa Catarina, dois em Minas Gerais, Rio de Janeiro e Mato Grosso do Sul, e um na Bahia, Pernambuco, Rio Grande do Sul e Paraíba. Encontram-se em investigação 52 óbitos até o momento, sendo 28 na região Centro-Oeste e 12 na Região Sudeste. O coeficiente de incidência de chikungunya no Brasil encontra-se abaixo do limite inferior do canal endêmico do diagrama de controle, considerando a série histórica, assim como a estimativa nowcasting. Fonte: Sinan On-line (banco de dados atualizado em 28/04/2025). Dados sujeitos a alteração.",1,narrativa,Mapa de Sorotipos Dengue SE 01 a SE 16/2025 Fonte: GAL/CGLAB/SVSA/MS.
Informe Semanal nº 11 - COE Dengue e outras Arboviroses - SE 1 a 17 - 13 de maio.pdf,11,1,17,2025,2025-04-28,5,0,199,"INFORME SEMANAL No 11
SE 01 a 17/2025 (28/04/2025)
Diagrama de controle
Coeficiente de Incidência e óbitos
Fonte: SinanOn-line (banco de dados atualizado em 28/04/2025). Dados sujeitos a alteração.
5",Diagrama de controle Coeficiente de Incidência e óbitos Fonte: SinanOn-line (banco de dados atualizado em 28/04/2025). Dados sujeitos a alteração.,0,,
Informe Semanal nº 11 - COE Dengue e outras Arboviroses - SE 1 a 17 - 13 de maio.pdf,11,1,17,2025,2025-04-28,6,0,1682,"INFORME SEMANAL No 11
SE 01 a 17/2025 (28/04/2025)
Zika
Entre as Semanas Epidemiológicas 01 e 14 de 2025, foram notificados
2.154 casos prováveis de Zika no Brasil, com coeficiente de incidência de 1,1
casos/100 mil habitantes. Quando comparado ao mesmo período de 2024,
observa-se uma redução de 23,6%. Em relação às gestantes, 43 foram
confirmados e 155 permanecem em investigação. No período, foi notificado
um óbito que se encontra em investigação.
As Regiões Centro-Oeste e Norte apresentam os maiores coeficientes
de incidência. Em relação às UFs, os maiores coeficientes de incidência
estão no Acre, Mato Grosso, Rio Grande do Norte, Mato Grosso do Sul
e Tocantins.
O coeficiente de incidência de Zika no Brasil encontra-se abaixo do
limite inferior do canal endêmico do diagrama de controle2, considerando a
série histórica. No entanto, a estimativa nowcasting indica tendência de alta
no número de casos, acima do limite esperado.
Diagrama de controle2 Incidência e gestantes
1O nowcasting (linha tracejada vermelha) corrige os atrasos inerentes aos sistemas de vigilância epidemiológica e
estima o número de casos em um determinado momento, considerando os dados disponíveis e as características do
processodenotificação,contribuindoparaaantecipaçãodaavaliaçãodatendênciadealtaoubaixadaincidência.
2 O diagrama decontroleé uma ferramenta gráficaque permite acompanhar a variação do coeficiente de incidência
(linha azul) de uma determinada doença ao longo do tempo em relação ao canal endêmico, que define a faixa de
variaçãoesperadaparaaincidênciadadoençacombaseemdadoshistóricos.
Fonte: Sinan-Net (banco de dados atualizados em 14/04/2025). Dados sujeitos a alteração.
6","Zika Entre as Semanas Epidemiológicas 01 e 14 de 2025, foram notificados 2.154 casos prováveis de Zika no Brasil, com coeficiente de incidência de 1,1 casos/100 mil habitantes. Quando comparado ao mesmo período de 2024, observa-se uma redução de 23,6%. Em relação às gestantes, 43 foram confirmados e 155 permanecem em investigação. No período, foi notificado um óbito que se encontra em investigação. As Regiões Centro-Oeste e Norte apresentam os maiores coeficientes de incidência. Em relação às UFs, os maiores coeficientes de incidência estão no Acre, Mato Grosso, Rio Grande do Norte, Mato Grosso do Sul e Tocantins. O coeficiente de incidência de Zika no Brasil encontra-se abaixo do limite inferior do canal endêmico do diagrama de controle2, considerando a série histórica. No entanto, a estimativa nowcasting indica tendência de alta no número de casos, acima do limite esperado. Diagrama de controle2 Incidência e gestantes 1O nowcasting (linha tracejada vermelha) corrige os atrasos inerentes aos sistemas de vigilância epidemiológica e estima o número de casos em um determinado momento, considerando os dados disponíveis e as características do processodenotificação,contribuindoparaaantecipaçãodaavaliaçãodatendênciadealtaoubaixadaincidência. 2 O diagrama decontroleé uma ferramenta gráficaque permite acompanhar a variação do coeficiente de incidência (linha azul) de uma determinada doença ao longo do tempo em relação ao canal endêmico, que define a faixa de variaçãoesperadaparaaincidênciadadoençacombaseemdadoshistóricos. Fonte: Sinan-Net (banco de dados atualizados em 14/04/2025). Dados sujeitos a alteração.",0,,
Informe Semanal nº 11 - COE Dengue e outras Arboviroses - SE 1 a 17 - 13 de maio.pdf,11,1,17,2025,2025-04-28,7,0,989,"INFORME SEMANAL No 11
SE 01 a 17/2025 (28/04/2025)
Dengue
(Incidência)
556,6 772
-76,1%
CASOS/100 MIL HAB. ÓBITOS
Em relação
ao número
1.130.286Casos prováveis Óbitos em
775 de casos
investigação
no mesmo
Casos graves e com
19.204
período de
sinais de alarme 4,0% Letalidade1
2024
Chikungunya
(Incidência)
38,0 65
-61,3%
CASOS/100 MIL HAB. ÓBITOS
Em relação
ao número
Óbitos em
77.120 Casos prováveis 52 de casos
investigação
no mesmo
período de
0,1% Letalidade2 2024
Zika
(Incidência)
1,1 0
-23,6%
CASOS/100 MIL HAB. ÓBITOS
Em relação
ao número
2.154 Casos prováveis de casos
198
no mesmo
período de
CASOS PROVÁVEIS
2024
EM GESTANTES
1Para o cálculo da letalidade, foram considerados no denominador os casos de dengue grave e de dengue com sinais de
alarme.
2Paraocálculodaletalidade,foramconsideradosnodenominadoroscasosprováveisdechikungunya.
FONTE:: Sinan On-line (banco de dados atualizado em 28/04/2025); Sinan NET (banco de dados atualizado em
14/04/2025).Dadossujeitosaalteração.
7","Dengue (Incidência) 556,6 772 -76,1% CASOS/100 MIL HAB. ÓBITOS Em relação ao número 1.130.286Casos prováveis Óbitos em 775 de casos investigação no mesmo Casos graves e com 19.204 período de sinais de alarme 4,0% Letalidade1 2024 Chikungunya (Incidência) 38,0 65 -61,3% CASOS/100 MIL HAB. ÓBITOS Em relação ao número Óbitos em 77.120 Casos prováveis 52 de casos investigação no mesmo período de 0,1% Letalidade2 2024 Zika (Incidência) 1,1 0 -23,6% CASOS/100 MIL HAB. ÓBITOS Em relação ao número 2.154 Casos prováveis de casos 198 no mesmo período de CASOS PROVÁVEIS 2024 EM GESTANTES 1Para o cálculo da letalidade, foram considerados no denominador os casos de dengue grave e de dengue com sinais de alarme. 2Paraocálculodaletalidade,foramconsideradosnodenominadoroscasosprováveisdechikungunya. FONTE:: Sinan On-line (banco de dados atualizado em 28/04/2025); Sinan NET (banco de dados atualizado em 14/04/2025).Dadossujeitosaalteração.",1,narrativa,"Dengue (Incidência) 556,6 772 -76,1% CASOS/100 MIL HAB. ÓBITOS Em relação ao número 1.130.286Casos prováveis Óbitos em 775 de casos investigação no mesmo Casos graves e com 19.204 período de sinais de alarme 4,0% Letalidade1 2024"
Informe Semanal nº 11 - COE Dengue e outras Arboviroses - SE 1 a 17 - 13 de maio.pdf,11,1,17,2025,2025-04-28,8,0,1060,"INFORME SEMANAL No 11
SE 01 a 17/2025 (28/04/2025)
Oropouche
Entre as SE 01 e 17/2025, foram confirmados 9.154 casos de Oropouche no
Brasil, o que representa um aumento de 52,1% quando comparado com o
mesmo período do ano anterior, em que foram registrados 6.018 casos. Até o
momento, foram identificados dois óbitos suspeitos de Oropouche em 2025, no
Espírito Santo e no Rio de Janeiro, com detecção do genoma viral em amostras
de soro.
CASOS DE OROPOUCHE POR SE DE INÍCIO DE SINTOMAS, BRASIL, 2024 E 2025
Os casos identificados estão distribuídos de maneira equitativa entre os
sexos, com 52,1% das detecções em indivíduos do sexo masculino. As faixas
etárias entre 20 e 59 anos concentram 70,3% dos casos. Entre os menores de 1
ano, foram registrados 10 casos, sendo cinco no Rio de Janeiro, quatro no
Espírito Santo* e um na Paraíba.
CASOS DE OROPOUCHE POR SEXO E FAIXA ETÁRIA, BRASIL, 2025
*Um casono Espírito Santo emmenorde1 anocom informaçãode sexoignorada.
Fonte: Sinan On-line (banco de dados atualizado em 28/04/2025). Dados sujeitos a alterações.
8","Oropouche Entre as SE 01 e 17/2025, foram confirmados 9.154 casos de Oropouche no Brasil, o que representa um aumento de 52,1% quando comparado com o mesmo período do ano anterior, em que foram registrados 6.018 casos. Até o momento, foram identificados dois óbitos suspeitos de Oropouche em 2025, no Espírito Santo e no Rio de Janeiro, com detecção do genoma viral em amostras de soro. CASOS DE OROPOUCHE POR SE DE INÍCIO DE SINTOMAS, BRASIL, 2024 E 2025 Os casos identificados estão distribuídos de maneira equitativa entre os sexos, com 52,1% das detecções em indivíduos do sexo masculino. As faixas etárias entre 20 e 59 anos concentram 70,3% dos casos. Entre os menores de 1 ano, foram registrados 10 casos, sendo cinco no Rio de Janeiro, quatro no Espírito Santo* e um na Paraíba. CASOS DE OROPOUCHE POR SEXO E FAIXA ETÁRIA, BRASIL, 2025 *Um casono Espírito Santo emmenorde1 anocom informaçãode sexoignorada. Fonte: Sinan On-line (banco de dados atualizado em 28/04/2025). Dados sujeitos a alterações.",0,,
Informe Semanal nº 11 - COE Dengue e outras Arboviroses - SE 1 a 17 - 13 de maio.pdf,11,1,17,2025,2025-04-28,9,0,1629,"INFORME SEMANAL No 11
SE 01 a 17/2025 (28/04/2025)
Oropouche
Em 2025, a UF com maior número de casos é o Espírito Santo (n=
5.942), cujo aumento vem ocorrendo desde o segundo semestre de 2024.
Destacam-se ainda Rio de Janeiro (n=1.570), Paraíba (n=633) e Ceará
(n=521). Transmissão ativa também foi registrada em Roraima, Rondônia,
Amapá, Bahia, Tocantins, Minas Gerais, São Paulo, Mato Grosso do Sul e
Santa Catarina.
Os casos identificados no Pará, Maranhão, Tocantins, Piauí,
Pernambuco, Mato Grosso, Goiás, Distrito Federal, Paraná e Rio Grande do
Sul apresentaram Local Provável de Infecção (LPI) em estados com
transmissão autóctone (Espírito Santo, Rio de Janeiro e Paraíba).
FONTE: Gerenciador de Ambiente Laboratorial (GAL). Dados atualizados até 28/04/2025. Dados sujeitos a alterações.
Febre Amarela
No período de monitoramento 2024/2025 (julho/2024 a junho/2025),
foram confirmados 85 registros de transmissão do vírus em PNH, que
ocorreram nos estados de São Paulo [68] (Amparo [2], Atibaia
[1], Bragança Paulista [1], Caçapava [1], Campinas [4], Colina [1],
Cravinhos [1], Descalvado [1], Guarulhos [1], Itatiba [1] Joanópolis [3],
Louveira [1], Luís Antônio [2], Mairiporã [2], Osasco [1], Pedra Bela [1],
Pinhalzinho [1], Pitangueiras [2], Ribeirão Preto [30], Santa Rita do Passa
Quatro [1], Serra Azul [1] Serra Negra [2], Socorro [1] e Valinhos [7]), Minas
Gerais [14] (Albertina [1], Camanducaia [1], Córrego do Bom Jesus [1],
Estiva [2], Ipuiúna [2], Paraisópolis [1], Poço Fundo [1], Poços de Caldas [1],
Ponte Nova [1], Sapucaí-Mirim [2] e Toledo [1]), Tocantins [2] (Palmas) e
Roraima [1] (Alto Alegre).
9","Oropouche Em 2025, a UF com maior número de casos é o Espírito Santo (n= 5.942), cujo aumento vem ocorrendo desde o segundo semestre de 2024. Destacam-se ainda Rio de Janeiro (n=1.570), Paraíba (n=633) e Ceará (n=521). Transmissão ativa também foi registrada em Roraima, Rondônia, Amapá, Bahia, Tocantins, Minas Gerais, São Paulo, Mato Grosso do Sul e Santa Catarina. Os casos identificados no Pará, Maranhão, Tocantins, Piauí, Pernambuco, Mato Grosso, Goiás, Distrito Federal, Paraná e Rio Grande do Sul apresentaram Local Provável de Infecção (LPI) em estados com transmissão autóctone (Espírito Santo, Rio de Janeiro e Paraíba). FONTE: Gerenciador de Ambiente Laboratorial (GAL). Dados atualizados até 28/04/2025. Dados sujeitos a alterações. Febre Amarela No período de monitoramento 2024/2025 (julho/2024 a junho/2025), foram confirmados 85 registros de transmissão do vírus em PNH, que ocorreram nos estados de São Paulo [68] (Amparo [2], Atibaia [1], Bragança Paulista [1], Caçapava [1], Campinas [4], Colina [1], Cravinhos [1], Descalvado [1], Guarulhos [1], Itatiba [1] Joanópolis [3], Louveira [1], Luís Antônio [2], Mairiporã [2], Osasco [1], Pedra Bela [1], Pinhalzinho [1], Pitangueiras [2], Ribeirão Preto [30], Santa Rita do Passa Quatro [1], Serra Azul [1] Serra Negra [2], Socorro [1] e Valinhos [7]), Minas Gerais [14] (Albertina [1], Camanducaia [1], Córrego do Bom Jesus [1], Estiva [2], Ipuiúna [2], Paraisópolis [1], Poço Fundo [1], Poços de Caldas [1], Ponte Nova [1], Sapucaí-Mirim [2] e Toledo [1]), Tocantins [2] (Palmas) e Roraima [1] (Alto Alegre).",0,,
Informe Semanal nº 11 - COE Dengue e outras Arboviroses - SE 1 a 17 - 13 de maio.pdf,11,1,17,2025,2025-04-28,10,0,1370,"INFORME SEMANAL No 11
SE 01 a 17/2025 (28/04/2025)
Febre Amarela
No mesmo período, foram confirmados 109 casos humanos de febre
amarela, dos quais 44 evoluíram para óbito, resultando em uma letalidade
de 40,4%. Os casos tiveram os locais prováveis de infecção nos estados de
São Paulo [55] (Águas de Lindóia [1], Águas de São Pedro [1], Amparo [1],
Bragança Paulista [2], Brotas [2], Caçapava [6], Campinas [3], Itatiba [1],
Itirapina [1], Jambeiro [2], Joanópolis [10], Nazaré Paulista [4], Paraibuna [1],
Pedra Bela [2], Pedreira [2], Pindamonhangaba [1], Piracaia [3], Santa Rita
do Passa Quatro [1], São Carlos [1], São José dos Campos [1], Socorro [4],
Taubaté [1], Tuiuti [1], Valinhos [1], Vargem [1] e LPI em investigação [1]),
Pará [42] (Breves [40], Cametá [1], Melgaço [1]), Minas Gerais [11]
(Camanducaia [1], Cambuí [1], Extrema [1], Gonçalves [1], Maria da Fé [1],
Monte Sião [1], Poços de Caldas [1], Pouso Alegre [1], Sapucaí-Mirim [1],
Silvianópolis [1] e LPI em investigação [1]) e Tocantins [1] (Monte do
Carmo).
Entre os casos, 98 (89,9%) eram do sexo masculino, com idades entre
10 e 75 anos. Um dos indivíduos tinha histórico de vacinação em 2017 e
evoluiu para o óbito.
Municípios com detecção do vírus da Febre Amarela em PNH e Humanos, monitoramento
2024/2025.
FONTE:SINAN,SISS-Geo,GAL. Dadosatualizadosaté28/04/2025.Dadossujeitosaalterações.
10","Febre Amarela No mesmo período, foram confirmados 109 casos humanos de febre amarela, dos quais 44 evoluíram para óbito, resultando em uma letalidade de 40,4%. Os casos tiveram os locais prováveis de infecção nos estados de São Paulo [55] (Águas de Lindóia [1], Águas de São Pedro [1], Amparo [1], Bragança Paulista [2], Brotas [2], Caçapava [6], Campinas [3], Itatiba [1], Itirapina [1], Jambeiro [2], Joanópolis [10], Nazaré Paulista [4], Paraibuna [1], Pedra Bela [2], Pedreira [2], Pindamonhangaba [1], Piracaia [3], Santa Rita do Passa Quatro [1], São Carlos [1], São José dos Campos [1], Socorro [4], Taubaté [1], Tuiuti [1], Valinhos [1], Vargem [1] e LPI em investigação [1]), Pará [42] (Breves [40], Cametá [1], Melgaço [1]), Minas Gerais [11] (Camanducaia [1], Cambuí [1], Extrema [1], Gonçalves [1], Maria da Fé [1], Monte Sião [1], Poços de Caldas [1], Pouso Alegre [1], Sapucaí-Mirim [1], Silvianópolis [1] e LPI em investigação [1]) e Tocantins [1] (Monte do Carmo). Entre os casos, 98 (89,9%) eram do sexo masculino, com idades entre 10 e 75 anos. Um dos indivíduos tinha histórico de vacinação em 2017 e evoluiu para o óbito. Municípios com detecção do vírus da Febre Amarela em PNH e Humanos, monitoramento 2024/2025. FONTE:SINAN,SISS-Geo,GAL. Dadosatualizadosaté28/04/2025.Dadossujeitosaalterações.",0,,
Informe Semanal nº 11 - COE Dengue e outras Arboviroses - SE 1 a 17 - 13 de maio.pdf,11,1,17,2025,2025-04-28,11,0,994,"INFORME SEMANAL No 11
SE 01 a 17/2025 (28/04/2025)
Febre Amarela
Tabela 1. Estados com detecção dovírus da Febre Amarela em PNH e humanos durante o
.
períododemonitoramento 2024/2025
PRIMATAS NÃO-HUMANOS CASOS HUMANOS
REGIÃO UF (LPI)
NOTIFICADOS CONFIRMADOS NOTIFICADOS CONFIRMADOS ÓBITOS LETALIDADE (%)
Norte Acre 2 1
Amapá 12
Amazonas 4
Pará 18 154 42 7 16,7
Rondônia 1 5
Roraima 6 1 6
Tocantins 20 2 11 1 1 100,0
Nordeste Alagoas 7
Bahia 18 4
Ceará 1 3
Maranhão 12
Paraíba 1
Pernambuco 14 2
Piauí
Rio Grande do
29 6
Norte
Sergipe
Distrito Federal 100 8
Centro- Goiás 43 14
Oeste Mato Grosso 14 9
Mato Grosso do Sul 6
Sudeste Minas Gerais 406 14 160 11 5 45,5
FONTE:SINAN,SISS-Geo,GAL. Dadosatualizadosaté05/03/2025.Dadossujeitosaalterações.
Espírito Santo 16 38
Rio de Janeiro 50 17
São Paulo 769 68 466 55 31 56,4
Sul Paraná 77 23
Santa Catarina 92 15
Rio Grande do Sul 35 10
TOTAL 1720 85 987 109 44 40,4
FONTE:SINAN,SISS-Geo,GAL. Dadosatualizadosaté28/04/2025.Dadossujeitosaalterações.
11","Febre Amarela Tabela 1. Estados com detecção dovírus da Febre Amarela em PNH e humanos durante o . períododemonitoramento 2024/2025 PRIMATAS NÃO-HUMANOS CASOS HUMANOS REGIÃO UF (LPI) NOTIFICADOS CONFIRMADOS NOTIFICADOS CONFIRMADOS ÓBITOS LETALIDADE (%) Norte Acre 2 1 Amapá 12 Amazonas 4 Pará 18 154 42 7 16,7 Rondônia 1 5 Roraima 6 1 6 Tocantins 20 2 11 1 1 100,0 Nordeste Alagoas 7 Bahia 18 4 Ceará 1 3 Maranhão 12 Paraíba 1 Pernambuco 14 2 Piauí Rio Grande do 29 6 Norte Sergipe Distrito Federal 100 8 Centro- Goiás 43 14 Oeste Mato Grosso 14 9 Mato Grosso do Sul 6 Sudeste Minas Gerais 406 14 160 11 5 45,5 FONTE:SINAN,SISS-Geo,GAL. Dadosatualizadosaté05/03/2025.Dadossujeitosaalterações. Espírito Santo 16 38 Rio de Janeiro 50 17 São Paulo 769 68 466 55 31 56,4 Sul Paraná 77 23 Santa Catarina 92 15 Rio Grande do Sul 35 10 TOTAL 1720 85 987 109 44 40,4 FONTE:SINAN,SISS-Geo,GAL. Dadosatualizadosaté28/04/2025.Dadossujeitosaalterações.",0,,
Informe Semanal nº 11 - COE Dengue e outras Arboviroses - SE 1 a 17 - 13 de maio.pdf,11,1,17,2025,2025-04-28,12,0,2060,"INFORME SEMANAL No 10
SE 01 a 16/2025 (22/04/2025)
Ações realizadas
• Visita técnica para apoiar as ações de vigilância e controle nos municípios de Porto Alegre,
Alvorada e Viamão no estado do Rio Grande do Sul
• Participação da oficina Projeto primeiros passos/ação Zika nos territórios: cartografia da rede
estadual de cuidado para o fortalecimento da atenção integral às crianças com a síndrome
congênita do Zika e suas famílias no estado da Paraíba
• Coletiva de imprensa para anúncio das novas ações de enfrentamento à dengue -
https://www.youtube.com/watch?time_continue=3&v=vpBxmEUR3M4
• Lançamento das Novas Diretrizes de Prevenção e Controle das Arboviroses -
https://www.gov.br/saude/pt-br/centrais-de-conteudo/publicacoes/svsa/dengue/diretrizes-nacionais-
para-prevencao-e-controle-das-arboviroses-urbanas-vigilancia-entomologica-e-controle-vetorial.pdf
• Capacitação de Febre Amarela para médicos e enfermeiro do estado do Pará
• Participação do Coe dengue e outras arboviroses do estado do Pará
• Reunião com o estado do Pará para discussão de casos humanos suspeitos de febre
amarela.
• Realização de webinário “Febre Amarela: fortalecendo as ações de vigilância, assistência e
imunização nos municípios”
• Videoconferência com os estados do Acre, Rondônia, Mato Grosso e Mato Grosso do Sul
para discuti a situação epidemiológica da Chikungunya e ações realizadas
• Visita técnica ao município de Porto Alegre/RS para apoiar as ações de assistência após
decretação de emergência do município
• Participação no videocast 10 Minutinhos d’Agente, do Ministério da Saúde
• Treinamento sobre manejo clinico da chikungunya para profissionais de saúde da assistência
do estado do Rio Grande do Sul
• Capacitação e implementação de Estações Disseminadoras de Larvicidas (EDLs) no
município de Ribeirão Preto/SP
• Projeto primeiros passos/ação Zika nos territórios: cartografia da rede estadual de cuidado
para o fortalecimento da atenção integral às crianças com a síndrome congênita do Zika e
suas famílias no estado do Rio Grande do Norte e Alagoas
12","Ações realizadas • Visita técnica para apoiar as ações de vigilância e controle nos municípios de Porto Alegre, Alvorada e Viamão no estado do Rio Grande do Sul • Participação da oficina Projeto primeiros passos/ação Zika nos territórios: cartografia da rede estadual de cuidado para o fortalecimento da atenção integral às crianças com a síndrome congênita do Zika e suas famílias no estado da Paraíba • Coletiva de imprensa para anúncio das novas ações de enfrentamento à dengue - https://www.youtube.com/watch?time_continue=3&v=vpBxmEUR3M4 • Lançamento das Novas Diretrizes de Prevenção e Controle das Arboviroses - https://www.gov.br/saude/pt-br/centrais-de-conteudo/publicacoes/svsa/dengue/diretrizes-nacionaispara-prevencao-e-controle-das-arboviroses-urbanas-vigilancia-entomologica-e-controle-vetorial.pdf • Capacitação de Febre Amarela para médicos e enfermeiro do estado do Pará • Participação do Coe dengue e outras arboviroses do estado do Pará • Reunião com o estado do Pará para discussão de casos humanos suspeitos de febre amarela. • Realização de webinário “Febre Amarela: fortalecendo as ações de vigilância, assistência e imunização nos municípios” • Videoconferência com os estados do Acre, Rondônia, Mato Grosso e Mato Grosso do Sul para discuti a situação epidemiológica da Chikungunya e ações realizadas • Visita técnica ao município de Porto Alegre/RS para apoiar as ações de assistência após decretação de emergência do município • Participação no videocast 10 Minutinhos d’Agente, do Ministério da Saúde • Treinamento sobre manejo clinico da chikungunya para profissionais de saúde da assistência do estado do Rio Grande do Sul • Capacitação e implementação de Estações Disseminadoras de Larvicidas (EDLs) no município de Ribeirão Preto/SP • Projeto primeiros passos/ação Zika nos territórios: cartografia da rede estadual de cuidado para o fortalecimento da atenção integral às crianças com a síndrome congênita do Zika e suas famílias no estado do Rio Grande do Norte e Alagoas",0,,
Informe Semanal nº 11 - COE Dengue e outras Arboviroses - SE 1 a 17 - 13 de maio.pdf,11,1,17,2025,2025-04-28,13,0,422,"INFORME SEMANAL No 11
SE 01 a 17/2025 (28/04/2025)
Insumos distribuídos
Laboratoriais1
476.736
Sorologia Reações
184.746
Biologia Molecular ZDC Reações
182.000
Biologia Molecular OROV/MAYV Reações
Biologia Molecular Febre Amarela 9.692 Reações
Inseticidas2
98.820
Larvicida Kg
5.699
Adulticida para PE Kg
181.720
Adulticida para UBV L
1Dadosatualizadosem 28/04/2025.Fonte:CGLAB.
2Dadosatualizadosem28/04/2025.Fonte:SIES
13",Insumos distribuídos Laboratoriais1 476.736 Sorologia Reações 184.746 Biologia Molecular ZDC Reações 182.000 Biologia Molecular OROV/MAYV Reações Biologia Molecular Febre Amarela 9.692 Reações Inseticidas2 98.820 Larvicida Kg 5.699 Adulticida para PE Kg 181.720 Adulticida para UBV L 1Dadosatualizadosem 28/04/2025.Fonte:CGLAB. 2Dadosatualizadosem28/04/2025.Fonte:SIES,0,,
Informe Semanal nº 11 - COE Dengue e outras Arboviroses - SE 1 a 17 - 13 de maio.pdf,11,1,17,2025,2025-04-28,14,0,1544,"INFORME SEMANAL No 10
SE 01 a 17/2025 (28/04/2025)
Casos prováveis e incidência (por 100.000 habitantes) de dengue, SE 01 a SE 17, Brasil,
2024 e 2025
Casos prováveis (n) Coeficiente de incidência
Região/UF SE 01 aSE 17 SE 01 aSE 17
2024 2025 2024 2025
Norte
36.861 30.097 212,5 173,5
Rondônia
4.487 1.900 283,8 120,2
Acre
3.564 7.852 429,4 946,0
Amazonas
5.903 3.965 149,8 100,6
Roraima
177 166 27,8 26,1
Pará
13.732 12.273 169,2 151,2
Amapá
6.068 1.236 827,3 168,5
Tocantins
2.930 2.705 193,9 179,0
Nordeste
236.959 41.814 433,6 76,5
Maranhão
8.935 3.488 131,9 51,5
Piauí
8.970 3.418 274,4 104,6
Ceará
6.468 3.003 73,6 34,2
Rio Grande do Norte
10.704 3.524 324,1 106,7
Paraíba
8.714 3.382 219,2 85,1
Pernambuco
11.737 7.549 129,6 83,3
Alagoas
5.928 1.398 189,5 44,7
Sergipe
980 571 44,4 25,8
Bahia
174.523 15.481 1.234,6 109,5
Sudeste
3.085.928 813.796 3.637,0 959,1
Minas Gerais
1.438.462 121.142 7.003,7 589,8
Espírito Santo
109.730 24.258 2.862,4 632,8
Rio de Janeiro
253.134 21.628 1.576,7 134,7
São Paulo
1.284.602 646.768 2.891,9 1.456,0
Sul
852.074 151.075 2.846,6 504,7
Paraná
459.675 91.579 4.017,0 800,3
Santa Catarina
235.421 18.238 3.093,7 239,7
Rio Grande do Sul
156.978 41.258 1.442,7 379,2
Centro-Oeste
525.625 93.504 3.227,1 574,1
Mato Grosso do Sul
13.345 10.137 484,1 367,7
Mato Grosso
25.176 25.002 688,1 683,3
Goiás
234.071 51.970 3.317,7 736,6
Distrito Federal
253.033 6.395 8.982,1 227,0
Brasil
4.737.447 1.130.286 2.333,0 556,6
FONTE:SinanOn-lineeE-SUS VS(bancodedadosatualizadoem28/04/2025).Dadossujeitosaalteração.
14","Casos prováveis e incidência (por 100.000 habitantes) de dengue, SE 01 a SE 17, Brasil, 2024 e 2025 Casos prováveis (n) Coeficiente de incidência Região/UF SE 01 aSE 17 SE 01 aSE 17 2024 2025 2024 2025 Norte 36.861 30.097 212,5 173,5 Rondônia 4.487 1.900 283,8 120,2 Acre 3.564 7.852 429,4 946,0 Amazonas 5.903 3.965 149,8 100,6 Roraima 177 166 27,8 26,1 Pará 13.732 12.273 169,2 151,2 Amapá 6.068 1.236 827,3 168,5 Tocantins 2.930 2.705 193,9 179,0 Nordeste 236.959 41.814 433,6 76,5 Maranhão 8.935 3.488 131,9 51,5 Piauí 8.970 3.418 274,4 104,6 Ceará 6.468 3.003 73,6 34,2 Rio Grande do Norte 10.704 3.524 324,1 106,7 Paraíba 8.714 3.382 219,2 85,1 Pernambuco 11.737 7.549 129,6 83,3 Alagoas 5.928 1.398 189,5 44,7 Sergipe 980 571 44,4 25,8 Bahia 174.523 15.481 1.234,6 109,5 Sudeste 3.085.928 813.796 3.637,0 959,1 Minas Gerais 1.438.462 121.142 7.003,7 589,8 Espírito Santo 109.730 24.258 2.862,4 632,8 Rio de Janeiro 253.134 21.628 1.576,7 134,7 São Paulo 1.284.602 646.768 2.891,9 1.456,0 Sul 852.074 151.075 2.846,6 504,7 Paraná 459.675 91.579 4.017,0 800,3 Santa Catarina 235.421 18.238 3.093,7 239,7 Rio Grande do Sul 156.978 41.258 1.442,7 379,2 Centro-Oeste 525.625 93.504 3.227,1 574,1 Mato Grosso do Sul 13.345 10.137 484,1 367,7 Mato Grosso 25.176 25.002 688,1 683,3 Goiás 234.071 51.970 3.317,7 736,6 Distrito Federal 253.033 6.395 8.982,1 227,0 Brasil 4.737.447 1.130.286 2.333,0 556,6 FONTE:SinanOn-lineeE-SUS VS(bancodedadosatualizadoem28/04/2025).Dadossujeitosaalteração.",1,tabela,"Casos prováveis e incidência (por 100.000 habitantes) de dengue, SE 01 a SE 17, Brasil, 2024 e 2025 Casos prováveis (n) Coeficiente de incidência Região/UF SE 01 aSE 17 SE 01 aSE 17 2024 2025 2024 2025 Norte 36.861 30.097 212,5 173,5 Rondônia 4.487 1.900 283,8 120,2 Acre 3.564 7.852 429,4 946,0 Amazonas 5.903 3.965 149,8 100,6 Roraima 177 166 27,8 26,1 Pará 13.732 12.273 169,2 151,2 Amapá 6.068 1.236 827,3 168,5 Tocantins 2.930 2.705 193,9 179,0 Nordeste 236.959 41.814 433,6 76,5 Maranhão 8.935 3.488 131,9 51,5 Piauí 8.970 3.418 274,4 104,6 Ceará 6.468 3.003 73,6 34,2 Rio Grande do Norte 10.704 3.524 324,1 106,7 Paraíba 8.714 3.382 219,2 85,1 Pernambuco 11.737 7.549 129,6 83,3 Alagoas 5.928 1.398 189,5 44,7 Sergipe 980 571 44,4 25,8 Bahia 174.523 15.481 1.234,6 109,5 Sudeste 3.085.928 813.796 3.637,0 959,1 Minas Gerais 1.438.462 121.142 7.003,7 589,8 Espírito Santo 109.730 24.258 2.862,4 632,8 Rio de Janeiro 253.134 21.628 1.576,7 134,7 São Paulo 1.284.602 646.768 2.891,9 1.456,0 Sul 852.074 151.075 2.846,6 504,7 Paraná 459.675 91.579 4.017,0 800,3 Santa Catarina 235.421 18.238 3.093,7 239,7 Rio Grande do Sul 156.978 41.258 1.442,7 379,2 Centro-Oeste 525.625 93.504 3.227,1 574,1 Mato Grosso do Sul 13.345 10.137 484,1 367,7 Mato Grosso 25.176 25.002 688,1 683,3 Goiás 234.071 51.970 3.317,7 736,6 Distrito Federal 253.033 6.395 8.982,1 227,0 Brasil 4.737.447 1.130.286 2.333,0 556,6 FONTE:SinanOn-lineeE-SUS VS(bancodedadosatualizadoem28/04/2025).Dadossujeitosaalteração."
Informe Semanal nº 11 - COE Dengue e outras Arboviroses - SE 1 a 17 - 13 de maio.pdf,11,1,17,2025,2025-04-28,15,0,1166,"INFORME SEMANAL No 11
SE 01 a 17/2025 (28/04/2025)
Número de casos de dengue grave e dengue com sinais de alarme, SE 01 a SE 17,
Brasil, 2024 e 2025
Dengue grave (n) Dengue com sinais de alarme (n)
SE 01 aSE 17 SE 01 aSE 17
Região/UF
2024 2025 2024 2025
Norte 58 28 498 293
Rondônia
5 1 20 10
Acre
2 1 5 35
Amazonas
11 2 61 7
Roraima
0 2 1 1
Pará
26 18 235 215
Amapá
9 4 134 15
Tocantins
5 0 42 10
Nordeste 526 47 5.021 472
Maranhão
12 4 136 31
Piauí
27 16 245 80
Ceará
4 2 73 13
Rio Grande do Norte
8 1 100 18
Paraíba
4 0 117 10
Pernambuco
12 2 88 35
Alagoas
12 4 126 16
Sergipe
3 1 34 13
Bahia
444 17 4102 256
Sudeste
3.246 974 31.144 12.862
Minas Gerais
1.477 124 12.779 1.301
Espírito Santo
80 6 1.816 307
Rio de Janeiro
192 20 3.693 258
São Paulo
1.497 824 12.856 10.996
Sul
1.086 114 14.927 2.447
Paraná
524 95 8.695 2.056
Santa Catarina
268 7 4.371 116
Rio Grande do Sul
294 12 1.861 275
Centro-Oeste
980 114 15.089 1.853
Mato Grosso do Sul
27 14 317 168
Mato Grosso
49 29 520 211
Goiás
457 71 4686 1461
Distrito Federal
447 0 9566 13
Brasil
5.896 1.277 66.679 17.927
FONTE:SinanOn-lineeE-SUS VS(bancodedadosatualizadoem28/04/2025).Dadossujeitosaalteração.
15","Número de casos de dengue grave e dengue com sinais de alarme, SE 01 a SE 17, Brasil, 2024 e 2025 Dengue grave (n) Dengue com sinais de alarme (n) SE 01 aSE 17 SE 01 aSE 17 Região/UF 2024 2025 2024 2025 Norte 58 28 498 293 Rondônia 5 1 20 10 Acre 2 1 5 35 Amazonas 11 2 61 7 Roraima 0 2 1 1 Pará 26 18 235 215 Amapá 9 4 134 15 Tocantins 5 0 42 10 Nordeste 526 47 5.021 472 Maranhão 12 4 136 31 Piauí 27 16 245 80 Ceará 4 2 73 13 Rio Grande do Norte 8 1 100 18 Paraíba 4 0 117 10 Pernambuco 12 2 88 35 Alagoas 12 4 126 16 Sergipe 3 1 34 13 Bahia 444 17 4102 256 Sudeste 3.246 974 31.144 12.862 Minas Gerais 1.477 124 12.779 1.301 Espírito Santo 80 6 1.816 307 Rio de Janeiro 192 20 3.693 258 São Paulo 1.497 824 12.856 10.996 Sul 1.086 114 14.927 2.447 Paraná 524 95 8.695 2.056 Santa Catarina 268 7 4.371 116 Rio Grande do Sul 294 12 1.861 275 Centro-Oeste 980 114 15.089 1.853 Mato Grosso do Sul 27 14 317 168 Mato Grosso 49 29 520 211 Goiás 457 71 4686 1461 Distrito Federal 447 0 9566 13 Brasil 5.896 1.277 66.679 17.927 FONTE:SinanOn-lineeE-SUS VS(bancodedadosatualizadoem28/04/2025).Dadossujeitosaalteração.",1,tabela,"Número de casos de dengue grave e dengue com sinais de alarme, SE 01 a SE 17, Brasil, 2024 e 2025 Dengue grave (n) Dengue com sinais de alarme (n) SE 01 aSE 17 SE 01 aSE 17 Região/UF 2024 2025 2024 2025 Norte 58 28 498 293 Rondônia 5 1 20 10 Acre 2 1 5 35 Amazonas 11 2 61 7 Roraima 0 2 1 1 Pará 26 18 235 215 Amapá 9 4 134 15 Tocantins 5 0 42 10 Nordeste 526 47 5.021 472 Maranhão 12 4 136 31 Piauí 27 16 245 80 Ceará 4 2 73 13 Rio Grande do Norte 8 1 100 18 Paraíba 4 0 117 10 Pernambuco 12 2 88 35 Alagoas 12 4 126 16 Sergipe 3 1 34 13 Bahia 444 17 4102 256 Sudeste 3.246 974 31.144 12.862 Minas Gerais 1.477 124 12.779 1.301 Espírito Santo 80 6 1.816 307 Rio de Janeiro 192 20 3.693 258 São Paulo 1.497 824 12.856 10.996 Sul 1.086 114 14.927 2.447 Paraná 524 95 8.695 2.056 Santa Catarina 268 7 4.371 116 Rio Grande do Sul 294 12 1.861 275 Centro-Oeste 980 114 15.089 1.853 Mato Grosso do Sul 27 14 317 168 Mato Grosso 49 29 520 211 Goiás 457 71 4686 1461 Distrito Federal 447 0 9566 13 Brasil 5.896 1.277 66.679 17.927 FONTE:SinanOn-lineeE-SUS VS(bancodedadosatualizadoem28/04/2025).Dadossujeitosaalteração."
Informe Semanal nº 11 - COE Dengue e outras Arboviroses - SE 1 a 17 - 13 de maio.pdf,11,1,17,2025,2025-04-28,16,0,1343,"INFORME SEMANAL No 10
SE 01 a 16/2025 (22/04/2025)
Número de óbitos confirmados, letalidade e óbitos em investigação por dengue, SE 01
a SE 17, Brasil, 2024 e 2025
Óbitos confirmados (n) Taxa de Letalidade Óbitos em Investigação
Região/UF SE 01 aSE 17 SE 01 aSE 17 SE 01 aSE 17
2024 2025 2024 2025 2024 2025
Norte 26 28 4,7 8,7 1 11
Rondônia
5 0 20,0 0,0 0 0
Acre
0 3 0,0 0,0 0 0
Amazonas
5 1 6,9 11,1 0 0
Roraima
0 2 0,0 0,0 0 0
Pará
6 19 2,3 0,0 1 10
Amapá
7 3 4,9 0,0 0 1
Tocantins
3 0 6,4 0,0 0 0
Nordeste
183 18 3,3 3,5 27 44
Maranhão 4 1 2,7 0,0 4 8
Piauí
14 8 5,1 0,0 0 2
Ceará
2 0 2,6 0,0 0 0
Rio Grande do Norte 2 0 1,9 0,0 1 2
Paraíba
6 1 5,0 0,0 0 8
Pernambuco
9 2 9,0 0,0 3 12
Alagoas
6 0 4,3 0,0 0 1
Sergipe
3 1 8,1 0,0 0 1
Bahia
137 5 3,0 1,8 19 10
Sudeste
2.518 608 7,3 4,4 239 585
Minas Gerais
1.008 57 7,1 4,0 228 81
Espírito Santo
32 0 1,7 0,0 0 13
Rio de Janeiro
186 8 4,8 2,9 0 4
São Paulo
1.292 543 9,0 4,6 11 487
Sul
1.028 69 6,4 2,7 1 68
Paraná
571 56 6,2 2,6 0 51
Santa Catarina
253 6 5,5 0,0 0 9
Rio Grande do Sul
204 7 9,5 2,4 1 8
Centro-Oeste
745 49 4,6 2,5 11 67
Mato Grosso do Sul
20 10 5,8 0,0 7 6
Mato Grosso
13 12 2,3 5,0 1 9
Goiás
308 27 6,0 1,8 2 49
Distrito Federal
404 0 4,0 0,0 1 3
Brasil
4.500 772 6,2 4,0 279 775
FONTE:SinanOn-lineeE-SUS VS(bancodedadosatualizadoem28/04/2025).Dadossujeitosaalteração.
16","Número de óbitos confirmados, letalidade e óbitos em investigação por dengue, SE 01 a SE 17, Brasil, 2024 e 2025 Óbitos confirmados (n) Taxa de Letalidade Óbitos em Investigação Região/UF SE 01 aSE 17 SE 01 aSE 17 SE 01 aSE 17 2024 2025 2024 2025 2024 2025 Norte 26 28 4,7 8,7 1 11 Rondônia 5 0 20,0 0,0 0 0 Acre 0 3 0,0 0,0 0 0 Amazonas 5 1 6,9 11,1 0 0 Roraima 0 2 0,0 0,0 0 0 Pará 6 19 2,3 0,0 1 10 Amapá 7 3 4,9 0,0 0 1 Tocantins 3 0 6,4 0,0 0 0 Nordeste 183 18 3,3 3,5 27 44 Maranhão 4 1 2,7 0,0 4 8 Piauí 14 8 5,1 0,0 0 2 Ceará 2 0 2,6 0,0 0 0 Rio Grande do Norte 2 0 1,9 0,0 1 2 Paraíba 6 1 5,0 0,0 0 8 Pernambuco 9 2 9,0 0,0 3 12 Alagoas 6 0 4,3 0,0 0 1 Sergipe 3 1 8,1 0,0 0 1 Bahia 137 5 3,0 1,8 19 10 Sudeste 2.518 608 7,3 4,4 239 585 Minas Gerais 1.008 57 7,1 4,0 228 81 Espírito Santo 32 0 1,7 0,0 0 13 Rio de Janeiro 186 8 4,8 2,9 0 4 São Paulo 1.292 543 9,0 4,6 11 487 Sul 1.028 69 6,4 2,7 1 68 Paraná 571 56 6,2 2,6 0 51 Santa Catarina 253 6 5,5 0,0 0 9 Rio Grande do Sul 204 7 9,5 2,4 1 8 Centro-Oeste 745 49 4,6 2,5 11 67 Mato Grosso do Sul 20 10 5,8 0,0 7 6 Mato Grosso 13 12 2,3 5,0 1 9 Goiás 308 27 6,0 1,8 2 49 Distrito Federal 404 0 4,0 0,0 1 3 Brasil 4.500 772 6,2 4,0 279 775 FONTE:SinanOn-lineeE-SUS VS(bancodedadosatualizadoem28/04/2025).Dadossujeitosaalteração.",1,tabela,"Número de óbitos confirmados, letalidade e óbitos em investigação por dengue, SE 01 a SE 17, Brasil, 2024 e 2025 Óbitos confirmados (n) Taxa de Letalidade Óbitos em Investigação Região/UF SE 01 aSE 17 SE 01 aSE 17 SE 01 aSE 17 2024 2025 2024 2025 2024 2025 Norte 26 28 4,7 8,7 1 11 Rondônia 5 0 20,0 0,0 0 0 Acre 0 3 0,0 0,0 0 0 Amazonas 5 1 6,9 11,1 0 0 Roraima 0 2 0,0 0,0 0 0 Pará 6 19 2,3 0,0 1 10 Amapá 7 3 4,9 0,0 0 1 Tocantins 3 0 6,4 0,0 0 0 Nordeste 183 18 3,3 3,5 27 44 Maranhão 4 1 2,7 0,0 4 8 Piauí 14 8 5,1 0,0 0 2 Ceará 2 0 2,6 0,0 0 0 Rio Grande do Norte 2 0 1,9 0,0 1 2 Paraíba 6 1 5,0 0,0 0 8 Pernambuco 9 2 9,0 0,0 3 12 Alagoas 6 0 4,3 0,0 0 1 Sergipe 3 1 8,1 0,0 0 1 Bahia 137 5 3,0 1,8 19 10 Sudeste 2.518 608 7,3 4,4 239 585 Minas Gerais 1.008 57 7,1 4,0 228 81 Espírito Santo 32 0 1,7 0,0 0 13 Rio de Janeiro 186 8 4,8 2,9 0 4 São Paulo 1.292 543 9,0 4,6 11 487 Sul 1.028 69 6,4 2,7 1 68 Paraná 571 56 6,2 2,6 0 51 Santa Catarina 253 6 5,5 0,0 0 9 Rio Grande do Sul 204 7 9,5 2,4 1 8 Centro-Oeste 745 49 4,6 2,5 11 67 Mato Grosso do Sul 20 10 5,8 0,0 7 6 Mato Grosso 13 12 2,3 5,0 1 9 Goiás 308 27 6,0 1,8 2 49 Distrito Federal 404 0 4,0 0,0 1 3 Brasil 4.500 772 6,2 4,0 279 775 FONTE:SinanOn-lineeE-SUS VS(bancodedadosatualizadoem28/04/2025).Dadossujeitosaalteração."
Informe Semanal nº 11 - COE Dengue e outras Arboviroses - SE 1 a 17 - 13 de maio.pdf,11,1,17,2025,2025-04-28,17,0,1324,"INFORME SEMANAL No 11
SE 01 a 17/2025 (28/04/2025)
Casos prováveis e incidência (por 100.000 habitantes) de chikungunya, SE 01 a SE 17,
Brasil, 2024 e 2025
Casos Prováveis (n) Coeficiente de Incidência
Região/UF SE 01 aSE 17 SE 01 aSE 17
2024 2025 2024 2025
Norte 1.679 2.783 9,7 16,0
Rondônia
178 1.940 11,3 122,7
Acre
161 125 19,4 15,1
Amazonas
39 90 1,0 2,3
Roraima
13 20 2,0 3,1
Pará
659 294 8,1 3,6
Amapá
172 19 23,4 2,6
Tocantins
457 295 30,2 19,5
Nordeste
19.504 4.431 35,7 8,1
Maranhão
726 218 10,7 3,2
Piauí
523 250 16,0 7,6
Ceará
587 418 6,7 4,8
Rio Grande do Norte
1.641 861 49,7 26,1
Paraíba
1.062 359 26,7 9,0
Pernambuco
2.121 1.084 23,4 12,0
Alagoas
201 108 6,4 3,5
Sergipe
264 47 11,9 2,1
Bahia
12.379 1.086 87,6 7,7
Sudeste
158.212 20.366 186,5 24,0
Minas Gerais
142.495 9.442 693,8 46,0
Espírito Santo
7.784 1.720 203,1 44,9
Rio de Janeiro
2.689 1.095 16,7 6,8
São Paulo
5.244 8.109 11,8 18,3
Sul
696 6.368 2,3 21,3
Paraná
365 5.149 3,2 45,0
Santa Catarina
91 716 1,2 9,4
Rio Grande do Sul
240 503 2,2 4,6
Centro-Oeste
19.150 43.172 117,6 265,1
Mato Grosso do Sul
1.649 8.086 59,8 293,3
Mato Grosso
9.860 34.079 269,5 931,4
Goiás
7.391 888 104,8 12,6
Distrito Federal
250 119 8,9 4,2
Brasil
199.241 77.120 98,1 38,0
FONTE:SinanOn-lineeE-SUS VS(bancodedadosatualizadoem28/04/2025).Dadossujeitosaalteração.
17","Casos prováveis e incidência (por 100.000 habitantes) de chikungunya, SE 01 a SE 17, Brasil, 2024 e 2025 Casos Prováveis (n) Coeficiente de Incidência Região/UF SE 01 aSE 17 SE 01 aSE 17 2024 2025 2024 2025 Norte 1.679 2.783 9,7 16,0 Rondônia 178 1.940 11,3 122,7 Acre 161 125 19,4 15,1 Amazonas 39 90 1,0 2,3 Roraima 13 20 2,0 3,1 Pará 659 294 8,1 3,6 Amapá 172 19 23,4 2,6 Tocantins 457 295 30,2 19,5 Nordeste 19.504 4.431 35,7 8,1 Maranhão 726 218 10,7 3,2 Piauí 523 250 16,0 7,6 Ceará 587 418 6,7 4,8 Rio Grande do Norte 1.641 861 49,7 26,1 Paraíba 1.062 359 26,7 9,0 Pernambuco 2.121 1.084 23,4 12,0 Alagoas 201 108 6,4 3,5 Sergipe 264 47 11,9 2,1 Bahia 12.379 1.086 87,6 7,7 Sudeste 158.212 20.366 186,5 24,0 Minas Gerais 142.495 9.442 693,8 46,0 Espírito Santo 7.784 1.720 203,1 44,9 Rio de Janeiro 2.689 1.095 16,7 6,8 São Paulo 5.244 8.109 11,8 18,3 Sul 696 6.368 2,3 21,3 Paraná 365 5.149 3,2 45,0 Santa Catarina 91 716 1,2 9,4 Rio Grande do Sul 240 503 2,2 4,6 Centro-Oeste 19.150 43.172 117,6 265,1 Mato Grosso do Sul 1.649 8.086 59,8 293,3 Mato Grosso 9.860 34.079 269,5 931,4 Goiás 7.391 888 104,8 12,6 Distrito Federal 250 119 8,9 4,2 Brasil 199.241 77.120 98,1 38,0 FONTE:SinanOn-lineeE-SUS VS(bancodedadosatualizadoem28/04/2025).Dadossujeitosaalteração.",0,,
Informe Semanal nº 11 - COE Dengue e outras Arboviroses - SE 1 a 17 - 13 de maio.pdf,11,1,17,2025,2025-04-28,18,0,956,"INFORME SEMANAL No 11
SE 01 a 17/2025 (28/04/2025)
Número de óbitos confirmados e óbitos em investigação de chikungunya, SE 01 a SE
17, Brasil, 2024 e 2025
Óbitos confirmados Óbitos em Investigação
Região/UF SE 01 aSE 17 SE 01 aSE 17
2024 2025 2024 2025
Norte
1 1 0 1
Rondônia 0 1 0 0
Acre
0 0 0 0
Amazonas
0 0 0 0
Roraima
0 0 0 0
Pará
0 0 0 1
Amapá
1 0 0 0
Tocantins
0 0 0 0
Nordeste
20 2 7 8
Maranhão
1 0 1 2
Piauí
0 0 1 0
Ceará
0 0 0 0
Rio Grande do Norte
1 0 0 0
Paraíba
5 1 0 0
Pernambuco
3 0 3 6
Alagoas
0 0 0 0
Sergipe
1 0 0 0
Bahia
9 1 2 0
Sudeste
125 8 17 12
Minas Gerais
110 2 14 1
Espírito Santo
4 0 0 1
Rio de Janeiro
3 2 0 2
São Paulo
8 4 3 8
Sul
0 5 0 3
Paraná
0 0 0 1
Santa Catarina
0 3 0 1
Rio Grande do Sul
0 2 0 1
Centro-Oeste
20 49 7 28
Mato Grosso do Sul
1 2 1 4
Mato Grosso
7 47 2 22
Goiás
12 0 2 2
Distrito Federal
0 0 2 0
Brasil
166 65 31 52
FONTE:SinanOn-lineeE-SUS VS(bancodedadosatualizadoem28/04/2025).Dadossujeitosaalteração.
18","Número de óbitos confirmados e óbitos em investigação de chikungunya, SE 01 a SE 17, Brasil, 2024 e 2025 Óbitos confirmados Óbitos em Investigação Região/UF SE 01 aSE 17 SE 01 aSE 17 2024 2025 2024 2025 Norte 1 1 0 1 Rondônia 0 1 0 0 Acre 0 0 0 0 Amazonas 0 0 0 0 Roraima 0 0 0 0 Pará 0 0 0 1 Amapá 1 0 0 0 Tocantins 0 0 0 0 Nordeste 20 2 7 8 Maranhão 1 0 1 2 Piauí 0 0 1 0 Ceará 0 0 0 0 Rio Grande do Norte 1 0 0 0 Paraíba 5 1 0 0 Pernambuco 3 0 3 6 Alagoas 0 0 0 0 Sergipe 1 0 0 0 Bahia 9 1 2 0 Sudeste 125 8 17 12 Minas Gerais 110 2 14 1 Espírito Santo 4 0 0 1 Rio de Janeiro 3 2 0 2 São Paulo 8 4 3 8 Sul 0 5 0 3 Paraná 0 0 0 1 Santa Catarina 0 3 0 1 Rio Grande do Sul 0 2 0 1 Centro-Oeste 20 49 7 28 Mato Grosso do Sul 1 2 1 4 Mato Grosso 7 47 2 22 Goiás 12 0 2 2 Distrito Federal 0 0 2 0 Brasil 166 65 31 52 FONTE:SinanOn-lineeE-SUS VS(bancodedadosatualizadoem28/04/2025).Dadossujeitosaalteração.",0,,
Informe Semanal nº 11 - COE Dengue e outras Arboviroses - SE 1 a 17 - 13 de maio.pdf,11,1,17,2025,2025-04-28,19,0,1146,"INFORME SEMANAL No 11
SE 01 a 17/2025 (28/04/2025)
Casos prováveis e incidência (por 100.000 habitantes) de Zika, SE 01 a SE 14, Brasil,
2024 e 2025.
Casos Prováveis Coeficiente de Incidência
Região/UF SE 01 aSE 14 SE 01 aSE 14
2024 2025 2024 2025
Norte
328 387 1,9 2,2
Rondônia 70 10 4,4 0,6
Acre 54 232 6,5 28,0
Amazonas 52 15 1,3 0,4
Roraima 3 4 0,5 0,6
Pará 48 45 0,6 0,6
Amapá 75 6 10,2 0,8
Tocantins 26 78 1,7 5,2
Nordeste 1.893 561 3,5 1,0
Maranhão 163 93 2,4 1,4
Piauí 3 5 0,1 0,2
Ceará 85 32 1,0 0,4
Rio Grande do
Norte 725 231 22,0 7,0
Paraíba
49 11 1,2 0,3
Pernambuco
57 58 0,6 0,6
Alagoas
27 12 0,9 0,4
Sergipe
17 11 0,8 0,5
Bahia
767 110 5,4 0,8
Sudeste
294 134 0,3 0,2
Minas Gerais
137 30 0,7 0,1
Espírito Santo
60 2 1,6 0,1
Rio de Janeiro
1 3 0,0 0,0
São Paulo
96 99 0,2 0,2
Sul
21 16 0,1 0,1
Paraná
8 9 0,1 0,1
Santa Catarina
4 4 0,1 0,1
Rio Grande do
Sul 9 3 0,1 0,0
Centro-Oeste
283 1.047 1,7 6,4
Mato Grosso do
Sul 52 155 1,9 5,6
Mato Grosso
174 874 4,8 23,9
Goiás
47 22 0,7 0,3
Distrito Federal
10 0 0,4 0,0
Brasil
2.819 2.154 1,4 1,1
FONTE:SinanOn-lineeE-SUS VS(bancodedadosatualizadoem14/04/2025).Dadossujeitosaalteração.
19","Casos prováveis e incidência (por 100.000 habitantes) de Zika, SE 01 a SE 14, Brasil, 2024 e 2025. Casos Prováveis Coeficiente de Incidência Região/UF SE 01 aSE 14 SE 01 aSE 14 2024 2025 2024 2025 Norte 328 387 1,9 2,2 Rondônia 70 10 4,4 0,6 Acre 54 232 6,5 28,0 Amazonas 52 15 1,3 0,4 Roraima 3 4 0,5 0,6 Pará 48 45 0,6 0,6 Amapá 75 6 10,2 0,8 Tocantins 26 78 1,7 5,2 Nordeste 1.893 561 3,5 1,0 Maranhão 163 93 2,4 1,4 Piauí 3 5 0,1 0,2 Ceará 85 32 1,0 0,4 Rio Grande do Norte 725 231 22,0 7,0 Paraíba 49 11 1,2 0,3 Pernambuco 57 58 0,6 0,6 Alagoas 27 12 0,9 0,4 Sergipe 17 11 0,8 0,5 Bahia 767 110 5,4 0,8 Sudeste 294 134 0,3 0,2 Minas Gerais 137 30 0,7 0,1 Espírito Santo 60 2 1,6 0,1 Rio de Janeiro 1 3 0,0 0,0 São Paulo 96 99 0,2 0,2 Sul 21 16 0,1 0,1 Paraná 8 9 0,1 0,1 Santa Catarina 4 4 0,1 0,1 Rio Grande do Sul 9 3 0,1 0,0 Centro-Oeste 283 1.047 1,7 6,4 Mato Grosso do Sul 52 155 1,9 5,6 Mato Grosso 174 874 4,8 23,9 Goiás 47 22 0,7 0,3 Distrito Federal 10 0 0,4 0,0 Brasil 2.819 2.154 1,4 1,1 FONTE:SinanOn-lineeE-SUS VS(bancodedadosatualizadoem14/04/2025).Dadossujeitosaalteração.",0,,
Informe Semanal nº 11 - COE Dengue e outras Arboviroses - SE 1 a 17 - 13 de maio.pdf,11,1,17,2025,2025-04-28,20,0,246,"INFORME SEMANAL No 11
SE 01 a 17/2025 (28/04/2025)
CASOS CONFIRMADOS DE OROPOUCHE POR UF DE LOCAL PROVÁVEL DE INFECÇÃO,
BRASIL, 2024 E 2025.
FONTE:GerenciadordeAmbiente Laboratorial(GAL). Dadosatualizadosaté28/04/2025.Dadossujeitosaalterações.
20","CASOS CONFIRMADOS DE OROPOUCHE POR UF DE LOCAL PROVÁVEL DE INFECÇÃO, BRASIL, 2024 E 2025. FONTE:GerenciadordeAmbiente Laboratorial(GAL). Dadosatualizadosaté28/04/2025.Dadossujeitosaalterações.",0,,
Informe Semanal nº 12 - COE Dengue e outras Arboviroses - SE 1 a 18 - 15 de maio.pdf,12,1,18,2025,2025-05-05,1,0,40,"SE 01 a 18/2025
No 12
15 de maio de 2025",SE 01 a 18/2025 No 12 15 de maio de 2025,0,,
Informe Semanal nº 12 - COE Dengue e outras Arboviroses - SE 1 a 18 - 15 de maio.pdf,12,1,18,2025,2025-05-05,2,0,2267,"INFORME SEMANAL No 12
SE 01 a 18/2025 (05/05/2025)
Introdução
Os dados de dengue, chikungunya e Oropouche apresentados neste
Informe referem-se às semanas epidemiológicas (SE) 01 a 18 de 2025 (que
correspondem ao período entre 29/12/24 e 03/05/2025). Para Zika, os dados
apresentados são do período da SE 01 a SE 15 de 2025 (que se estende de
29/12/24 a 12/04/2025). Os dados são comparados aos dados do mesmo
período de 2024. Para febre amarela, os dados referem-se ao
monitoramento 2024/2025 (julho/2024 a junho/2025), atualizados até
05/05/2025. Os dados detalhados das arboviroses dos anos de 2023 a 2025
podem ser acessados em: https://www.gov.br/saude/pt-br/assuntos/saude-
de-a-a-z/a/aedes-aegypti/monitoramento-das-arboviroses.
Situação Epidemiológica
Dengue
Nas SE 01 a 18 de 2025, foram notificados 1.196.005 casos prováveis de
dengue, correspondendo a um coeficiente de incidência de 589,0 casos/100 mil
habitantes. Quando comparado com o mesmo período de 2024, observa-se uma
redução de 76,4% no número de casos prováveis.
As Regiões Geográficas que apresentam os maiores coeficientes de
incidência são Sudeste, Centro-Oeste e Sul. Entre as Unidades Federativas (UF), São
Paulo, Acre Paraná, Goiás e Mato Grosso apresentam as maiores incidências.
Os maiores números de casos graves concentram-se nas regiões Sudeste, Sul
e Centro-Oeste. A maior parte dos óbitos está na região Sudeste. Foram
confirmados 805 óbitos no período, e 807 estão em investigação.
Foi identificada a circulação dos quatro sorotipos do vírus dengue (DENV-1,
DENV-2, DENV-3 e DENV-4), com predominância do DENV-2. Aumento da
proporção de DENV-3 foi observada desde o último trimestre de 2024. DENV-4 (vírus
selvagem) foi detectado em duas amostras de Minas Gerais e três de São Paulo.
Outras detecções de DENV-4 em Minas Gerais, Mato Grosso do Sul, São Paulo e
Roraima estão em análise.
O coeficiente de incidência de dengue no Brasil encontra-se fora do limite
inferior do canal endêmico do diagrama de controle, considerando a série
histórica. A estimativa nowcasting se encontra dentro do canal endêmico, mas
acima da mediana de casos para o período e com tendência de redução de
casos.
Fonte: SinanOn-line (banco de dados atualizado em 05/05/2025). Dados sujeitos a alteração.
2","Introdução Os dados de dengue, chikungunya e Oropouche apresentados neste Informe referem-se às semanas epidemiológicas (SE) 01 a 18 de 2025 (que correspondem ao período entre 29/12/24 e 03/05/2025). Para Zika, os dados apresentados são do período da SE 01 a SE 15 de 2025 (que se estende de 29/12/24 a 12/04/2025). Os dados são comparados aos dados do mesmo período de 2024. Para febre amarela, os dados referem-se ao monitoramento 2024/2025 (julho/2024 a junho/2025), atualizados até 05/05/2025. Os dados detalhados das arboviroses dos anos de 2023 a 2025 podem ser acessados em: https://www.gov.br/saude/pt-br/assuntos/saudede-a-a-z/a/aedes-aegypti/monitoramento-das-arboviroses. Situação Epidemiológica Dengue Nas SE 01 a 18 de 2025, foram notificados 1.196.005 casos prováveis de dengue, correspondendo a um coeficiente de incidência de 589,0 casos/100 mil habitantes. Quando comparado com o mesmo período de 2024, observa-se uma redução de 76,4% no número de casos prováveis. As Regiões Geográficas que apresentam os maiores coeficientes de incidência são Sudeste, Centro-Oeste e Sul. Entre as Unidades Federativas (UF), São Paulo, Acre Paraná, Goiás e Mato Grosso apresentam as maiores incidências. Os maiores números de casos graves concentram-se nas regiões Sudeste, Sul e Centro-Oeste. A maior parte dos óbitos está na região Sudeste. Foram confirmados 805 óbitos no período, e 807 estão em investigação. Foi identificada a circulação dos quatro sorotipos do vírus dengue (DENV-1, DENV-2, DENV-3 e DENV-4), com predominância do DENV-2. Aumento da proporção de DENV-3 foi observada desde o último trimestre de 2024. DENV-4 (vírus selvagem) foi detectado em duas amostras de Minas Gerais e três de São Paulo. Outras detecções de DENV-4 em Minas Gerais, Mato Grosso do Sul, São Paulo e Roraima estão em análise. O coeficiente de incidência de dengue no Brasil encontra-se fora do limite inferior do canal endêmico do diagrama de controle, considerando a série histórica. A estimativa nowcasting se encontra dentro do canal endêmico, mas acima da mediana de casos para o período e com tendência de redução de casos. Fonte: SinanOn-line (banco de dados atualizado em 05/05/2025). Dados sujeitos a alteração.",1,narrativa,"Dengue Nas SE 01 a 18 de 2025, foram notificados 1.196.005 casos prováveis de dengue, correspondendo a um coeficiente de incidência de 589,0 casos/100 mil habitantes. Quando comparado com o mesmo período de 2024, observa-se uma redução de 76,4% no número de casos prováveis. As Regiões Geográficas que apresentam os maiores coeficientes de incidência são Sudeste, Centro-Oeste e Sul. Entre as Unidades Federativas (UF), São Paulo, Acre Paraná, Goiás e Mato Grosso apresentam as maiores incidências. Os maiores números de casos graves concentram-se nas regiões Sudeste, Sul e Centro-Oeste. A maior parte dos óbitos está na região Sudeste. Foram confirmados 805 óbitos no período, e 807 estão em investigação. Foi identificada a circulação dos quatro sorotipos do vírus dengue (DENV-1, DENV-2, DENV-3 e DENV-4), com predominância do DENV-2. Aumento da proporção de DENV-3 foi observada desde o último trimestre de 2024. DENV-4 (vírus selvagem) foi detectado em duas amostras de Minas Gerais e três de São Paulo. Outras detecções de DENV-4 em Minas Gerais, Mato Grosso do Sul, São Paulo e Roraima estão em análise. O coeficiente de incidência de dengue no Brasil encontra-se fora do limite inferior do canal endêmico do diagrama de controle, considerando a série histórica. A estimativa nowcasting se encontra dentro do canal endêmico, mas acima da mediana de casos para o período e com tendência de redução de casos. Fonte: SinanOn-line (banco de dados atualizado em 05/05/2025). Dados sujeitos a alteração."
Informe Semanal nº 12 - COE Dengue e outras Arboviroses - SE 1 a 18 - 15 de maio.pdf,12,1,18,2025,2025-05-05,3,0,199,"INFORME SEMANAL No 12
SE 01 a 18/2025 (05/05/2025)
Diagrama de controle
Coeficiente de Incidência e óbitos
Fonte: SinanOn-line (banco de dados atualizado em 05/05/2025). Dados sujeitos a alteração.
3",Diagrama de controle Coeficiente de Incidência e óbitos Fonte: SinanOn-line (banco de dados atualizado em 05/05/2025). Dados sujeitos a alteração.,1,narrativa,Diagrama de controle Coeficiente de Incidência e óbitos Fonte: SinanOn-line (banco de dados atualizado em 05/05/2025). Dados sujeitos a alteração.
Informe Semanal nº 12 - COE Dengue e outras Arboviroses - SE 1 a 18 - 15 de maio.pdf,12,1,18,2025,2025-05-05,4,0,1310,"INFORME SEMANAL No 12
SE 01 a 18/2025 (05/05/2025)
Mapa de Sorotipos Dengue SE 01 a SE 18/2025
Fonte: GAL/CGLAB/SVSA/MS.
Chikungunya
Nas SE 01 a 18 de 2025, foram notificados 81.011 casos prováveis de
chikungunya, correspondendo a um coeficiente de incidência de 39,9
casos/100 mil habitantes. Quando comparado ao mesmo período de
2024, observa-se uma redução de 60,9% no número de casos prováveis.
As Regiões Geográficas que apresentam os maiores coeficientes de
incidência são a Centro-Oeste e a Sudeste. Entre as UFs, Mato Grosso, Mato
Grosso do Sul e Rondônia apresentam as maiores incidências.
Foram confirmados 68 óbitos no período, sendo 47 no Mato Grosso,
cinco em Mato Grosso do Sul, quatro em São Paulo, três em Santa Catarina,
dois em Minas Gerais, Rio Grande do Sul e Rio de Janeiro, e um na Bahia,
Rondônia e Paraíba. Encontram-se em investigação 56 óbitos até o
momento, sendo 28 na região Centro-Oeste e 13 na Região Sudeste.
O coeficiente de incidência de chikungunya no Brasil encontra-se
abaixo do limite inferior do canal endêmico do diagrama de controle,
considerando a série histórica. A estimativa nowcasting se encontra dentro
do canal endêmico, e abaixo da mediana de casos da série histórica.
Fonte: SinanOn-line (banco de dados atualizado em 05/05/2025). Dados sujeitos a alteração.
4","Mapa de Sorotipos Dengue SE 01 a SE 18/2025 Fonte: GAL/CGLAB/SVSA/MS. Chikungunya Nas SE 01 a 18 de 2025, foram notificados 81.011 casos prováveis de chikungunya, correspondendo a um coeficiente de incidência de 39,9 casos/100 mil habitantes. Quando comparado ao mesmo período de 2024, observa-se uma redução de 60,9% no número de casos prováveis. As Regiões Geográficas que apresentam os maiores coeficientes de incidência são a Centro-Oeste e a Sudeste. Entre as UFs, Mato Grosso, Mato Grosso do Sul e Rondônia apresentam as maiores incidências. Foram confirmados 68 óbitos no período, sendo 47 no Mato Grosso, cinco em Mato Grosso do Sul, quatro em São Paulo, três em Santa Catarina, dois em Minas Gerais, Rio Grande do Sul e Rio de Janeiro, e um na Bahia, Rondônia e Paraíba. Encontram-se em investigação 56 óbitos até o momento, sendo 28 na região Centro-Oeste e 13 na Região Sudeste. O coeficiente de incidência de chikungunya no Brasil encontra-se abaixo do limite inferior do canal endêmico do diagrama de controle, considerando a série histórica. A estimativa nowcasting se encontra dentro do canal endêmico, e abaixo da mediana de casos da série histórica. Fonte: SinanOn-line (banco de dados atualizado em 05/05/2025). Dados sujeitos a alteração.",1,narrativa,Mapa de Sorotipos Dengue SE 01 a SE 18/2025 Fonte: GAL/CGLAB/SVSA/MS.
Informe Semanal nº 12 - COE Dengue e outras Arboviroses - SE 1 a 18 - 15 de maio.pdf,12,1,18,2025,2025-05-05,5,0,199,"INFORME SEMANAL No 12
SE 01 a 18/2025 (05/05/2025)
Diagrama de controle
Coeficiente de Incidência e óbitos
Fonte: SinanOn-line (banco de dados atualizado em 05/05/2025). Dados sujeitos a alteração.
5",Diagrama de controle Coeficiente de Incidência e óbitos Fonte: SinanOn-line (banco de dados atualizado em 05/05/2025). Dados sujeitos a alteração.,0,,
Informe Semanal nº 12 - COE Dengue e outras Arboviroses - SE 1 a 18 - 15 de maio.pdf,12,1,18,2025,2025-05-05,6,0,1733,"INFORME SEMANAL No 12
SE 01 a 18/2025 (05/05/2025)
Zika
Entre as Semanas Epidemiológicas 01 e 15 de 2025, foram notificados
2.339 casos prováveis de Zika no Brasil, com coeficiente de incidência de 1,2
casos/100 mil habitantes. Quando comparado ao mesmo período de 2024,
observa-se uma redução de 22,2%. Em relação às gestantes, 42 foram
confirmados e 207 permanecem em investigação. No período, foi notificado
um óbito que se encontra em investigação.
As Regiões Centro-Oeste e Norte apresentam os maiores coeficientes
de incidência. Em relação às UFs, os maiores coeficientes de incidência
estão no Acre, Mato Grosso, Rio Grande do Norte, Mato Grosso do Sul
e Tocantins.
O coeficiente de incidência de Zika no Brasil encontra-se abaixo do
limite inferior do canal endêmico do diagrama de controle2, considerando a
série histórica. No entanto, a estimativa nowcasting indica tendência de alta
no número de casos, mas dentro do canal endêmico e acima da mediana
de casos da série histórica.
Diagrama de controle2 Incidência e gestantes
1O nowcasting (linha tracejada vermelha) corrige os atrasos inerentes aos sistemas de vigilância epidemiológica e
estima o número de casos em um determinado momento, considerando os dados disponíveis e as características do
processodenotificação,contribuindoparaaantecipaçãodaavaliaçãodatendênciadealtaoubaixadaincidência.
2 O diagrama decontroleé uma ferramenta gráficaque permite acompanhar a variação do coeficiente de incidência
(linha azul) de uma determinada doença ao longo do tempo em relação ao canal endêmico, que define a faixa de
variaçãoesperadaparaaincidênciadadoençacombaseemdadoshistóricos.
Fonte: Sinan-Net (banco de dados atualizados em 22/04/2025). Dados sujeitos a alteração.
6","Zika Entre as Semanas Epidemiológicas 01 e 15 de 2025, foram notificados 2.339 casos prováveis de Zika no Brasil, com coeficiente de incidência de 1,2 casos/100 mil habitantes. Quando comparado ao mesmo período de 2024, observa-se uma redução de 22,2%. Em relação às gestantes, 42 foram confirmados e 207 permanecem em investigação. No período, foi notificado um óbito que se encontra em investigação. As Regiões Centro-Oeste e Norte apresentam os maiores coeficientes de incidência. Em relação às UFs, os maiores coeficientes de incidência estão no Acre, Mato Grosso, Rio Grande do Norte, Mato Grosso do Sul e Tocantins. O coeficiente de incidência de Zika no Brasil encontra-se abaixo do limite inferior do canal endêmico do diagrama de controle2, considerando a série histórica. No entanto, a estimativa nowcasting indica tendência de alta no número de casos, mas dentro do canal endêmico e acima da mediana de casos da série histórica. Diagrama de controle2 Incidência e gestantes 1O nowcasting (linha tracejada vermelha) corrige os atrasos inerentes aos sistemas de vigilância epidemiológica e estima o número de casos em um determinado momento, considerando os dados disponíveis e as características do processodenotificação,contribuindoparaaantecipaçãodaavaliaçãodatendênciadealtaoubaixadaincidência. 2 O diagrama decontroleé uma ferramenta gráficaque permite acompanhar a variação do coeficiente de incidência (linha azul) de uma determinada doença ao longo do tempo em relação ao canal endêmico, que define a faixa de variaçãoesperadaparaaincidênciadadoençacombaseemdadoshistóricos. Fonte: Sinan-Net (banco de dados atualizados em 22/04/2025). Dados sujeitos a alteração.",0,,
Informe Semanal nº 12 - COE Dengue e outras Arboviroses - SE 1 a 18 - 15 de maio.pdf,12,1,18,2025,2025-05-05,7,0,989,"INFORME SEMANAL No 12
SE 01 a 18/2025 (05/05/2025)
Dengue
(Incidência)
589,0 805
-76,4%
CASOS/100 MIL HAB. ÓBITOS
Em relação
ao número
1.196.005Casos prováveis Óbitos em
807 de casos
investigação
no mesmo
Casos graves e com
20.389
período de
sinais de alarme 6,2% Letalidade1
2024
Chikungunya
(Incidência)
39,9 68
-60,9%
CASOS/100 MIL HAB. ÓBITOS
Em relação
ao número
Óbitos em
81.011 Casos prováveis 56 de casos
investigação
no mesmo
período de
0,1% Letalidade2 2024
Zika
(Incidência)
1,2 0
-22,2%
CASOS/100 MIL HAB. ÓBITOS
Em relação
ao número
2.339 Casos prováveis de casos
249
no mesmo
período de
CASOS PROVÁVEIS
2024
EM GESTANTES
1Para o cálculo da letalidade, foram considerados no denominador os casos de dengue grave e de dengue com sinais de
alarme.
2Paraocálculodaletalidade,foramconsideradosnodenominadoroscasosprováveisdechikungunya.
FONTE:: Sinan On-line (banco de dados atualizado em 05/05/2025); Sinan NET (banco de dados atualizado em
22/04/2025).Dadossujeitosaalteração.
7","Dengue (Incidência) 589,0 805 -76,4% CASOS/100 MIL HAB. ÓBITOS Em relação ao número 1.196.005Casos prováveis Óbitos em 807 de casos investigação no mesmo Casos graves e com 20.389 período de sinais de alarme 6,2% Letalidade1 2024 Chikungunya (Incidência) 39,9 68 -60,9% CASOS/100 MIL HAB. ÓBITOS Em relação ao número Óbitos em 81.011 Casos prováveis 56 de casos investigação no mesmo período de 0,1% Letalidade2 2024 Zika (Incidência) 1,2 0 -22,2% CASOS/100 MIL HAB. ÓBITOS Em relação ao número 2.339 Casos prováveis de casos 249 no mesmo período de CASOS PROVÁVEIS 2024 EM GESTANTES 1Para o cálculo da letalidade, foram considerados no denominador os casos de dengue grave e de dengue com sinais de alarme. 2Paraocálculodaletalidade,foramconsideradosnodenominadoroscasosprováveisdechikungunya. FONTE:: Sinan On-line (banco de dados atualizado em 05/05/2025); Sinan NET (banco de dados atualizado em 22/04/2025).Dadossujeitosaalteração.",1,narrativa,"Dengue (Incidência) 589,0 805 -76,4% CASOS/100 MIL HAB. ÓBITOS Em relação ao número 1.196.005Casos prováveis Óbitos em 807 de casos investigação no mesmo Casos graves e com 20.389 período de sinais de alarme 6,2% Letalidade1 2024"
Informe Semanal nº 12 - COE Dengue e outras Arboviroses - SE 1 a 18 - 15 de maio.pdf,12,1,18,2025,2025-05-05,8,0,1068,"INFORME SEMANAL No 12
SE 01 a 18/2025 (05/05/2025)
Oropouche
Entre as SE 01 e 18/2025, foram confirmados 9.416 casos de Oropouche no
Brasil, o que representa um aumento de 51,3% quando comparado com o
mesmo período do ano anterior, em que foram registrados 6.222 casos. Até o
momento, foram identificados dois óbitos suspeitos de Oropouche em 2025, no
Espírito Santo, Rio de Janeiro e São Paulo, com detecção do genoma viral em
amostras de soro.
CASOS DE OROPOUCHE POR SE DE INÍCIO DE SINTOMAS, BRASIL, 2024 E 2025
Os casos identificados estão distribuídos de maneira equitativa entre os
sexos, com 52,0% das detecções em indivíduos do sexo masculino. As faixas
etárias entre 20 e 59 anos concentram 70,3% dos casos. Entre os menores de 1
ano, foram registrados 10 casos, sendo cinco no Rio de Janeiro, quatro no
Espírito Santo* e um na Paraíba.
CASOS DE OROPOUCHE POR SEXO E FAIXA ETÁRIA, BRASIL, 2025
*Um casono Espírito Santo emmenorde1 anocom informaçãode sexoignorada.
Fonte: Sinan On-line (banco de dados atualizado em 05/05/2025). Dados sujeitos a alterações.
8","Oropouche Entre as SE 01 e 18/2025, foram confirmados 9.416 casos de Oropouche no Brasil, o que representa um aumento de 51,3% quando comparado com o mesmo período do ano anterior, em que foram registrados 6.222 casos. Até o momento, foram identificados dois óbitos suspeitos de Oropouche em 2025, no Espírito Santo, Rio de Janeiro e São Paulo, com detecção do genoma viral em amostras de soro. CASOS DE OROPOUCHE POR SE DE INÍCIO DE SINTOMAS, BRASIL, 2024 E 2025 Os casos identificados estão distribuídos de maneira equitativa entre os sexos, com 52,0% das detecções em indivíduos do sexo masculino. As faixas etárias entre 20 e 59 anos concentram 70,3% dos casos. Entre os menores de 1 ano, foram registrados 10 casos, sendo cinco no Rio de Janeiro, quatro no Espírito Santo* e um na Paraíba. CASOS DE OROPOUCHE POR SEXO E FAIXA ETÁRIA, BRASIL, 2025 *Um casono Espírito Santo emmenorde1 anocom informaçãode sexoignorada. Fonte: Sinan On-line (banco de dados atualizado em 05/05/2025). Dados sujeitos a alterações.",0,,
Informe Semanal nº 12 - COE Dengue e outras Arboviroses - SE 1 a 18 - 15 de maio.pdf,12,1,18,2025,2025-05-05,9,0,1631,"INFORME SEMANAL No 12
SE 01 a 18/2025 (05/05/2025)
Oropouche
Em 2025, a UF com maior número de casos é o Espírito Santo (n=
6.027), cujo aumento vem ocorrendo desde o segundo semestre de 2024.
Destacam-se ainda Rio de Janeiro (n=1.685), Paraíba (n=636) e Ceará
(n=554). Transmissão ativa também foi registrada em Roraima, Rondônia,
Amapá, Tocantins, Bahia, Minas Gerais, São Paulo, Mato Grosso do Sul e
Santa Catarina.
Os casos identificados no Pará, Maranhão, Tocantins, Piauí,
Pernambuco, Mato Grosso, Goiás, Distrito Federal, Paraná e Rio Grande do
Sul apresentaram Local Provável de Infecção (LPI) em estados com
transmissão autóctone (Espírito Santo, Rio de Janeiro e Paraíba).
FONTE: Gerenciador de Ambiente Laboratorial (GAL). Dados atualizados até 05/05/2025. Dados sujeitos a alterações.
Febre Amarela
No período de monitoramento 2024/2025 (julho/2024 a junho/2025),
foram 87 registros de transmissão do vírus em PNH, que ocorreram nos
estados de São Paulo [68] (Amparo [2], Atibaia [1], Bragança Paulista [1],
Caçapava [1], Campinas [3], Colina [1], Cravinhos [1], Descalvado [1],
Guarulhos [1], Itatiba [1] Joanópolis [3], Louveira [1], Luís Antônio [2],
Mairiporã [2], Osasco [1], Pedra Bela [1], Pinhalzinho [1], Pitangueiras [2],
Ribeirão Preto [30], Santa Rita do Passa Quatro [1], Serra Azul [1] Serra
Negra [2], Socorro [1] e Valinhos [7]), Minas Gerais [14] (Albertina [1],
Camanducaia [1], Córrego do Bom Jesus [1], Estiva [2], Ipuiúna [2],
Paraisópolis [1], Poço Fundo [1], Poços de Caldas [1], Ponte Nova [1],
Sapucaí-Mirim [2], Toledo [1] e Virgínia [2]), Tocantins [2] (Palmas) e
Roraima [1] (Alto Alegre).
9","Oropouche Em 2025, a UF com maior número de casos é o Espírito Santo (n= 6.027), cujo aumento vem ocorrendo desde o segundo semestre de 2024. Destacam-se ainda Rio de Janeiro (n=1.685), Paraíba (n=636) e Ceará (n=554). Transmissão ativa também foi registrada em Roraima, Rondônia, Amapá, Tocantins, Bahia, Minas Gerais, São Paulo, Mato Grosso do Sul e Santa Catarina. Os casos identificados no Pará, Maranhão, Tocantins, Piauí, Pernambuco, Mato Grosso, Goiás, Distrito Federal, Paraná e Rio Grande do Sul apresentaram Local Provável de Infecção (LPI) em estados com transmissão autóctone (Espírito Santo, Rio de Janeiro e Paraíba). FONTE: Gerenciador de Ambiente Laboratorial (GAL). Dados atualizados até 05/05/2025. Dados sujeitos a alterações. Febre Amarela No período de monitoramento 2024/2025 (julho/2024 a junho/2025), foram 87 registros de transmissão do vírus em PNH, que ocorreram nos estados de São Paulo [68] (Amparo [2], Atibaia [1], Bragança Paulista [1], Caçapava [1], Campinas [3], Colina [1], Cravinhos [1], Descalvado [1], Guarulhos [1], Itatiba [1] Joanópolis [3], Louveira [1], Luís Antônio [2], Mairiporã [2], Osasco [1], Pedra Bela [1], Pinhalzinho [1], Pitangueiras [2], Ribeirão Preto [30], Santa Rita do Passa Quatro [1], Serra Azul [1] Serra Negra [2], Socorro [1] e Valinhos [7]), Minas Gerais [14] (Albertina [1], Camanducaia [1], Córrego do Bom Jesus [1], Estiva [2], Ipuiúna [2], Paraisópolis [1], Poço Fundo [1], Poços de Caldas [1], Ponte Nova [1], Sapucaí-Mirim [2], Toledo [1] e Virgínia [2]), Tocantins [2] (Palmas) e Roraima [1] (Alto Alegre).",0,,
Informe Semanal nº 12 - COE Dengue e outras Arboviroses - SE 1 a 18 - 15 de maio.pdf,12,1,18,2025,2025-05-05,10,0,1366,"INFORME SEMANAL No 12
SE 01 a 18/2025 (05/05/2025)
Febre Amarela
No mesmo período, foram confirmados 109 casos humanos de febre
amarela, dos quais 44 evoluíram para óbito, resultando em letalidade de
40,4%. Os casos tiveram os locais prováveis de infecção nos estados de São
Paulo [55] (Águas de Lindóia [1], Águas de São Pedro [1], Amparo [1],
Bragança Paulista [2], Brotas [2], Caçapava [6], Campinas [3], Itatiba [1],
Itirapina [1], Jambeiro [2], Joanópolis [10], Nazaré Paulista [4], Paraibuna [1],
Pedra Bela [2], Pedreira [2], Pindamonhangaba [1], Piracaia [3], Santa Rita
do Passa Quatro [1], São Carlos [1], São José dos Campos [1], Socorro [4],
Taubaté [1], Tuiuti [1], Valinhos [1], Vargem [1] e LPI em investigação [1]),
Pará [42] (Breves [40], Cametá [1], Melgaço [1]), Minas Gerais [11]
(Camanducaia [1], Cambuí [1], Extrema [1], Gonçalves [1], Maria da Fé [1],
Monte Sião [1], Poços de Caldas [1], Pouso Alegre [1], Sapucaí-Mirim [1],
Silvianópolis [1] e LPI em investigação [1]) e Tocantins [1] (Monte do
Carmo).
Entre os casos, 98 (89,9%) eram do sexo masculino, com idades entre
10 e 75 anos. Um dos indivíduos tinha histórico de vacinação em 2017 e
evoluiu para o óbito.
Municípios com detecção do vírus da Febre Amarela em PNH e Humanos, monitoramento
2024/2025.
FONTE:SINAN,SISS-Geo,GAL. Dadosatualizadosaté05/05/2025.Dadossujeitosaalterações.
10","Febre Amarela No mesmo período, foram confirmados 109 casos humanos de febre amarela, dos quais 44 evoluíram para óbito, resultando em letalidade de 40,4%. Os casos tiveram os locais prováveis de infecção nos estados de São Paulo [55] (Águas de Lindóia [1], Águas de São Pedro [1], Amparo [1], Bragança Paulista [2], Brotas [2], Caçapava [6], Campinas [3], Itatiba [1], Itirapina [1], Jambeiro [2], Joanópolis [10], Nazaré Paulista [4], Paraibuna [1], Pedra Bela [2], Pedreira [2], Pindamonhangaba [1], Piracaia [3], Santa Rita do Passa Quatro [1], São Carlos [1], São José dos Campos [1], Socorro [4], Taubaté [1], Tuiuti [1], Valinhos [1], Vargem [1] e LPI em investigação [1]), Pará [42] (Breves [40], Cametá [1], Melgaço [1]), Minas Gerais [11] (Camanducaia [1], Cambuí [1], Extrema [1], Gonçalves [1], Maria da Fé [1], Monte Sião [1], Poços de Caldas [1], Pouso Alegre [1], Sapucaí-Mirim [1], Silvianópolis [1] e LPI em investigação [1]) e Tocantins [1] (Monte do Carmo). Entre os casos, 98 (89,9%) eram do sexo masculino, com idades entre 10 e 75 anos. Um dos indivíduos tinha histórico de vacinação em 2017 e evoluiu para o óbito. Municípios com detecção do vírus da Febre Amarela em PNH e Humanos, monitoramento 2024/2025. FONTE:SINAN,SISS-Geo,GAL. Dadosatualizadosaté05/05/2025.Dadossujeitosaalterações.",0,,
Informe Semanal nº 12 - COE Dengue e outras Arboviroses - SE 1 a 18 - 15 de maio.pdf,12,1,18,2025,2025-05-05,11,0,2206,"INFORME SEMANAL No 12
SE 01 a 18/2025 (05/05/2025)
Ações realizadas
• Visita técnica para apoiar as ações de vigilância e controle nos municípios de Porto Alegre,
Alvorada e Viamão no estado do Rio Grande do Sul
• Participação da oficina Projeto primeiros passos/ação Zika nos territórios: cartografia da rede
estadual de cuidado para o fortalecimento da atenção integral às crianças com a síndrome
congênita do Zika e suas famílias no estado da Paraíba
• Coletiva de imprensa para anúncio das novas ações de enfrentamento à dengue -
https://www.youtube.com/watch?time_continue=3&v=vpBxmEUR3M4
• Lançamento das Novas Diretrizes de Prevenção e Controle das Arboviroses -
https://www.gov.br/saude/pt-br/centrais-de-conteudo/publicacoes/svsa/dengue/diretrizes-nacionais-
para-prevencao-e-controle-das-arboviroses-urbanas-vigilancia-entomologica-e-controle-vetorial.pdf
• Capacitação de Febre Amarela para médicos e enfermeiro do estado do Pará
• Participação do Coe dengue e outras arboviroses do estado do Pará
• Reunião com o estado do Pará para discussão de casos humanos suspeitos de febre
amarela.
• Realização de webinário “Febre Amarela: fortalecendo as ações de vigilância, assistência e
imunização nos municípios”
• Videoconferência com os estados do Acre, Rondônia, Mato Grosso e Mato Grosso do Sul
para discuti a situação epidemiológica da Chikungunya e ações realizadas
• Visita técnica ao município de Porto Alegre/RS para apoiar as ações de assistência após
decretação de emergência do município
• Participação no videocast 10 Minutinhos d’Agente, do Ministério da Saúde
• Treinamento sobre manejo clinico da chikungunya para profissionais de saúde da assistência
do estado do Rio Grande do Sul
• Capacitação e implementação de Estações Disseminadoras de Larvicidas (EDLs) no
município de Ribeirão Preto/SP
• Projeto primeiros passos/ação Zika nos territórios: cartografia da rede estadual de cuidado
para o fortalecimento da atenção integral às crianças com a síndrome congênita do Zika e
suas famílias no estado do Rio Grande do Norte e Alagoas
• Webinário Estratégias Integradas entre ACS e ACE para o Fortalecimento da Resposta às
Arboviroses - https://www.youtube.com/watch?v=rfCJD2Y5thM
11","Ações realizadas • Visita técnica para apoiar as ações de vigilância e controle nos municípios de Porto Alegre, Alvorada e Viamão no estado do Rio Grande do Sul • Participação da oficina Projeto primeiros passos/ação Zika nos territórios: cartografia da rede estadual de cuidado para o fortalecimento da atenção integral às crianças com a síndrome congênita do Zika e suas famílias no estado da Paraíba • Coletiva de imprensa para anúncio das novas ações de enfrentamento à dengue - https://www.youtube.com/watch?time_continue=3&v=vpBxmEUR3M4 • Lançamento das Novas Diretrizes de Prevenção e Controle das Arboviroses - https://www.gov.br/saude/pt-br/centrais-de-conteudo/publicacoes/svsa/dengue/diretrizes-nacionaispara-prevencao-e-controle-das-arboviroses-urbanas-vigilancia-entomologica-e-controle-vetorial.pdf • Capacitação de Febre Amarela para médicos e enfermeiro do estado do Pará • Participação do Coe dengue e outras arboviroses do estado do Pará • Reunião com o estado do Pará para discussão de casos humanos suspeitos de febre amarela. • Realização de webinário “Febre Amarela: fortalecendo as ações de vigilância, assistência e imunização nos municípios” • Videoconferência com os estados do Acre, Rondônia, Mato Grosso e Mato Grosso do Sul para discuti a situação epidemiológica da Chikungunya e ações realizadas • Visita técnica ao município de Porto Alegre/RS para apoiar as ações de assistência após decretação de emergência do município • Participação no videocast 10 Minutinhos d’Agente, do Ministério da Saúde • Treinamento sobre manejo clinico da chikungunya para profissionais de saúde da assistência do estado do Rio Grande do Sul • Capacitação e implementação de Estações Disseminadoras de Larvicidas (EDLs) no município de Ribeirão Preto/SP • Projeto primeiros passos/ação Zika nos territórios: cartografia da rede estadual de cuidado para o fortalecimento da atenção integral às crianças com a síndrome congênita do Zika e suas famílias no estado do Rio Grande do Norte e Alagoas • Webinário Estratégias Integradas entre ACS e ACE para o Fortalecimento da Resposta às Arboviroses - https://www.youtube.com/watch?v=rfCJD2Y5thM",0,,
Informe Semanal nº 12 - COE Dengue e outras Arboviroses - SE 1 a 18 - 15 de maio.pdf,12,1,18,2025,2025-05-05,12,0,422,"INFORME SEMANAL No 12
SE 01 a 18/2025 (05/05/2025)
Insumos distribuídos
Laboratoriais1
476.736
Sorologia Reações
184.746
Biologia Molecular ZDC Reações
182.000
Biologia Molecular OROV/MAYV Reações
Biologia Molecular Febre Amarela 9.692 Reações
Inseticidas2
99.727
Larvicida Kg
5.738
Adulticida para PE Kg
181.720
Adulticida para UBV L
1Dadosatualizadosem 06/05/2025.Fonte:CGLAB.
2Dadosatualizadosem06/05/2025.Fonte:SIES
12",Insumos distribuídos Laboratoriais1 476.736 Sorologia Reações 184.746 Biologia Molecular ZDC Reações 182.000 Biologia Molecular OROV/MAYV Reações Biologia Molecular Febre Amarela 9.692 Reações Inseticidas2 99.727 Larvicida Kg 5.738 Adulticida para PE Kg 181.720 Adulticida para UBV L 1Dadosatualizadosem 06/05/2025.Fonte:CGLAB. 2Dadosatualizadosem06/05/2025.Fonte:SIES,0,,
Informe Semanal nº 12 - COE Dengue e outras Arboviroses - SE 1 a 18 - 15 de maio.pdf,12,1,18,2025,2025-05-05,13,0,1548,"INFORME SEMANAL No 12
SE 01 a 18/2025 (05/05/2025)
Casos prováveis e incidência (por 100.000 habitantes) de dengue, SE 01 a SE 18, Brasil,
2024 e 2025
Casos prováveis (n) Coeficiente de incidência
Região/UF SE 01 aSE 18 SE 01 aSE 18
2024 2025 2024 2025
Norte
38.079 31.231 219,5 180,0
Rondônia
4.564 2.280 288,7 144,2
Acre
3.627 7.996 437,0 963,3
Amazonas
6.001 4.099 152,3 104,0
Roraima
186 202 29,2 31,7
Pará
14.285 12.647 176,0 155,8
Amapá
6.269 1.258 854,7 171,5
Tocantins
3.147 2.749 208,2 181,9
Nordeste
251.775 44.804 460,8 82,0
Maranhão
9.338 3.596 137,8 53,1
Piauí
9.522 3.742 291,3 114,5
Ceará
7.120 3.438 81,0 39,1
Rio Grande do Norte
11.200 4.004 339,1 121,2
Paraíba
9.083 3.697 228,5 93,0
Pernambuco
12.586 7.859 138,9 86,8
Alagoas
6.459 1.529 206,5 48,9
Sergipe
1.030 586 46,6 26,5
Bahia
185.437 16.353 1.311,8 115,7
Sudeste
3.297.120 855.261 3.886,0 1.008,0
Minas Gerais
1.492.267 127.388 7.265,6 620,2
Espírito Santo
114.296 24.978 2.981,5 651,6
Rio de Janeiro
261.028 22.577 1.625,9 140,6
São Paulo
1.429.529 680.318 3.218,2 1.531,5
Sul
927.112 166.634 3.097,3 556,7
Paraná
496.858 96.718 4.341,9 845,2
Santa Catarina
257.437 20.433 3.383,1 268,5
Rio Grande do Sul
172.817 49.483 1.588,3 454,8
Centro-Oeste
549.156 98.075 3.371,6 602,1
Mato Grosso do Sul
14.310 10.964 519,1 397,7
Mato Grosso
27.532 25.601 752,5 699,7
Goiás
249.949 54.882 3.542,7 777,9
Distrito Federal
257.365 6.628 9.135,9 235,3
Brasil
5.063.242 1.196.005 2.493,4 589,0
FONTE:SinanOn-lineeE-SUS VS(bancodedadosatualizadoem05/05/2025).Dadossujeitosaalteração.
13","Casos prováveis e incidência (por 100.000 habitantes) de dengue, SE 01 a SE 18, Brasil, 2024 e 2025 Casos prováveis (n) Coeficiente de incidência Região/UF SE 01 aSE 18 SE 01 aSE 18 2024 2025 2024 2025 Norte 38.079 31.231 219,5 180,0 Rondônia 4.564 2.280 288,7 144,2 Acre 3.627 7.996 437,0 963,3 Amazonas 6.001 4.099 152,3 104,0 Roraima 186 202 29,2 31,7 Pará 14.285 12.647 176,0 155,8 Amapá 6.269 1.258 854,7 171,5 Tocantins 3.147 2.749 208,2 181,9 Nordeste 251.775 44.804 460,8 82,0 Maranhão 9.338 3.596 137,8 53,1 Piauí 9.522 3.742 291,3 114,5 Ceará 7.120 3.438 81,0 39,1 Rio Grande do Norte 11.200 4.004 339,1 121,2 Paraíba 9.083 3.697 228,5 93,0 Pernambuco 12.586 7.859 138,9 86,8 Alagoas 6.459 1.529 206,5 48,9 Sergipe 1.030 586 46,6 26,5 Bahia 185.437 16.353 1.311,8 115,7 Sudeste 3.297.120 855.261 3.886,0 1.008,0 Minas Gerais 1.492.267 127.388 7.265,6 620,2 Espírito Santo 114.296 24.978 2.981,5 651,6 Rio de Janeiro 261.028 22.577 1.625,9 140,6 São Paulo 1.429.529 680.318 3.218,2 1.531,5 Sul 927.112 166.634 3.097,3 556,7 Paraná 496.858 96.718 4.341,9 845,2 Santa Catarina 257.437 20.433 3.383,1 268,5 Rio Grande do Sul 172.817 49.483 1.588,3 454,8 Centro-Oeste 549.156 98.075 3.371,6 602,1 Mato Grosso do Sul 14.310 10.964 519,1 397,7 Mato Grosso 27.532 25.601 752,5 699,7 Goiás 249.949 54.882 3.542,7 777,9 Distrito Federal 257.365 6.628 9.135,9 235,3 Brasil 5.063.242 1.196.005 2.493,4 589,0 FONTE:SinanOn-lineeE-SUS VS(bancodedadosatualizadoem05/05/2025).Dadossujeitosaalteração.",1,tabela,"Casos prováveis e incidência (por 100.000 habitantes) de dengue, SE 01 a SE 18, Brasil, 2024 e 2025 Casos prováveis (n) Coeficiente de incidência Região/UF SE 01 aSE 18 SE 01 aSE 18 2024 2025 2024 2025 Norte 38.079 31.231 219,5 180,0 Rondônia 4.564 2.280 288,7 144,2 Acre 3.627 7.996 437,0 963,3 Amazonas 6.001 4.099 152,3 104,0 Roraima 186 202 29,2 31,7 Pará 14.285 12.647 176,0 155,8 Amapá 6.269 1.258 854,7 171,5 Tocantins 3.147 2.749 208,2 181,9 Nordeste 251.775 44.804 460,8 82,0 Maranhão 9.338 3.596 137,8 53,1 Piauí 9.522 3.742 291,3 114,5 Ceará 7.120 3.438 81,0 39,1 Rio Grande do Norte 11.200 4.004 339,1 121,2 Paraíba 9.083 3.697 228,5 93,0 Pernambuco 12.586 7.859 138,9 86,8 Alagoas 6.459 1.529 206,5 48,9 Sergipe 1.030 586 46,6 26,5 Bahia 185.437 16.353 1.311,8 115,7 Sudeste 3.297.120 855.261 3.886,0 1.008,0 Minas Gerais 1.492.267 127.388 7.265,6 620,2 Espírito Santo 114.296 24.978 2.981,5 651,6 Rio de Janeiro 261.028 22.577 1.625,9 140,6 São Paulo 1.429.529 680.318 3.218,2 1.531,5 Sul 927.112 166.634 3.097,3 556,7 Paraná 496.858 96.718 4.341,9 845,2 Santa Catarina 257.437 20.433 3.383,1 268,5 Rio Grande do Sul 172.817 49.483 1.588,3 454,8 Centro-Oeste 549.156 98.075 3.371,6 602,1 Mato Grosso do Sul 14.310 10.964 519,1 397,7 Mato Grosso 27.532 25.601 752,5 699,7 Goiás 249.949 54.882 3.542,7 777,9 Distrito Federal 257.365 6.628 9.135,9 235,3 Brasil 5.063.242 1.196.005 2.493,4 589,0 FONTE:SinanOn-lineeE-SUS VS(bancodedadosatualizadoem05/05/2025).Dadossujeitosaalteração."
Informe Semanal nº 12 - COE Dengue e outras Arboviroses - SE 1 a 18 - 15 de maio.pdf,12,1,18,2025,2025-05-05,14,0,1170,"INFORME SEMANAL No 12
SE 01 a 18/2025 (05/05/2025)
Número de casos de dengue grave e dengue com sinais de alarme, SE 01 a SE 18,
Brasil, 2024 e 2025
Dengue grave (n) Dengue com sinais de alarme (n)
SE 01 aSE 18 SE 01 aSE 18
Região/UF
2024 2025 2024 2025
Norte 58 30 535 306
Rondônia
5 1 21 10
Acre
2 1 5 36
Amazonas
11 2 63 7
Roraima
0 2 1 1
Pará
26 20 249 226
Amapá
9 4 148 15
Tocantins
5 0 48 11
Nordeste 543 47 5.381 517
Maranhão
12 4 141 31
Piauí
31 16 270 91
Ceará
4 2 83 14
Rio Grande do Norte
8 1 107 19
Paraíba
4 0 120 11
Pernambuco
12 2 97 35
Alagoas
12 4 147 19
Sergipe
3 1 34 15
Bahia
457 17 4382 282
Sudeste
3.478 1.034 33.527 13.606
Minas Gerais
1.536 132 13.180 1.404
Espírito Santo
81 6 1.867 318
Rio de Janeiro
203 20 3.849 272
São Paulo
1.658 876 14.631 11.612
Sul
1.199 122 16.223 2.645
Paraná
572 99 9.518 2.210
Santa Catarina
306 7 4.694 124
Rio Grande do Sul
321 16 2.011 311
Centro-Oeste
1.021 117 15.812 1.965
Mato Grosso do Sul
28 14 339 175
Mato Grosso
51 30 558 214
Goiás
491 73 5161 1558
Distrito Federal
451 0 9754 18
Brasil
6.299 1.350 71.478 19.039
FONTE:SinanOn-lineeE-SUS VS(bancodedadosatualizadoem05/05/2025).Dadossujeitosaalteração.
14","Número de casos de dengue grave e dengue com sinais de alarme, SE 01 a SE 18, Brasil, 2024 e 2025 Dengue grave (n) Dengue com sinais de alarme (n) SE 01 aSE 18 SE 01 aSE 18 Região/UF 2024 2025 2024 2025 Norte 58 30 535 306 Rondônia 5 1 21 10 Acre 2 1 5 36 Amazonas 11 2 63 7 Roraima 0 2 1 1 Pará 26 20 249 226 Amapá 9 4 148 15 Tocantins 5 0 48 11 Nordeste 543 47 5.381 517 Maranhão 12 4 141 31 Piauí 31 16 270 91 Ceará 4 2 83 14 Rio Grande do Norte 8 1 107 19 Paraíba 4 0 120 11 Pernambuco 12 2 97 35 Alagoas 12 4 147 19 Sergipe 3 1 34 15 Bahia 457 17 4382 282 Sudeste 3.478 1.034 33.527 13.606 Minas Gerais 1.536 132 13.180 1.404 Espírito Santo 81 6 1.867 318 Rio de Janeiro 203 20 3.849 272 São Paulo 1.658 876 14.631 11.612 Sul 1.199 122 16.223 2.645 Paraná 572 99 9.518 2.210 Santa Catarina 306 7 4.694 124 Rio Grande do Sul 321 16 2.011 311 Centro-Oeste 1.021 117 15.812 1.965 Mato Grosso do Sul 28 14 339 175 Mato Grosso 51 30 558 214 Goiás 491 73 5161 1558 Distrito Federal 451 0 9754 18 Brasil 6.299 1.350 71.478 19.039 FONTE:SinanOn-lineeE-SUS VS(bancodedadosatualizadoem05/05/2025).Dadossujeitosaalteração.",1,tabela,"Número de casos de dengue grave e dengue com sinais de alarme, SE 01 a SE 18, Brasil, 2024 e 2025 Dengue grave (n) Dengue com sinais de alarme (n) SE 01 aSE 18 SE 01 aSE 18 Região/UF 2024 2025 2024 2025 Norte 58 30 535 306 Rondônia 5 1 21 10 Acre 2 1 5 36 Amazonas 11 2 63 7 Roraima 0 2 1 1 Pará 26 20 249 226 Amapá 9 4 148 15 Tocantins 5 0 48 11 Nordeste 543 47 5.381 517 Maranhão 12 4 141 31 Piauí 31 16 270 91 Ceará 4 2 83 14 Rio Grande do Norte 8 1 107 19 Paraíba 4 0 120 11 Pernambuco 12 2 97 35 Alagoas 12 4 147 19 Sergipe 3 1 34 15 Bahia 457 17 4382 282 Sudeste 3.478 1.034 33.527 13.606 Minas Gerais 1.536 132 13.180 1.404 Espírito Santo 81 6 1.867 318 Rio de Janeiro 203 20 3.849 272 São Paulo 1.658 876 14.631 11.612 Sul 1.199 122 16.223 2.645 Paraná 572 99 9.518 2.210 Santa Catarina 306 7 4.694 124 Rio Grande do Sul 321 16 2.011 311 Centro-Oeste 1.021 117 15.812 1.965 Mato Grosso do Sul 28 14 339 175 Mato Grosso 51 30 558 214 Goiás 491 73 5161 1558 Distrito Federal 451 0 9754 18 Brasil 6.299 1.350 71.478 19.039 FONTE:SinanOn-lineeE-SUS VS(bancodedadosatualizadoem05/05/2025).Dadossujeitosaalteração."
Informe Semanal nº 12 - COE Dengue e outras Arboviroses - SE 1 a 18 - 15 de maio.pdf,12,1,18,2025,2025-05-05,15,0,1343,"INFORME SEMANAL No 12
SE 01 a 18/2025 (05/05/2025)
Número de óbitos confirmados, letalidade e óbitos em investigação por dengue, SE 01
a SE 18, Brasil, 2024 e 2025
Óbitos confirmados (n) Taxa de Letalidade Óbitos em Investigação
Região/UF SE 01 aSE 18 SE 01 aSE 18 SE 01 aSE 18
2024 2025 2024 2025 2024 2025
Norte 26 30 4,4 8,9 1 8
Rondônia
5 0 19,2 0,0 0 0
Acre
0 3 0,0 0,0 0 0
Amazonas
5 1 6,8 11,1 0 0
Roraima
0 2 0,0 0,0 0 0
Pará
6 21 2,2 0,0 1 7
Amapá
7 3 4,5 0,0 0 1
Tocantins
3 0 5,7 0,0 0 0
Nordeste
191 18 3,2 3,2 30 45
Maranhão 4 1 2,6 0,0 4 9
Piauí
15 8 5,0 0,0 1 3
Ceará
2 0 2,3 0,0 0 0
Rio Grande do Norte 2 0 1,7 0,0 1 2
Paraíba
7 1 5,6 0,0 0 9
Pernambuco
9 2 8,3 0,0 3 10
Alagoas
6 0 3,8 0,0 0 1
Sergipe
3 1 8,1 0,0 0 1
Bahia
143 5 3,0 1,7 21 10
Sudeste
2.722 633 7,4 4,3 251 607
Minas Gerais
1.055 57 7,2 3,7 240 86
Espírito Santo
34 0 1,7 0,0 0 12
Rio de Janeiro
193 8 4,8 2,7 0 6
São Paulo
1.440 568 8,8 4,5 11 503
Sul
1.096 73 6,3 2,6 1 76
Paraná
609 60 6,0 2,6 0 58
Santa Catarina
266 6 5,3 0,0 0 7
Rio Grande do Sul
221 7 9,5 2,1 1 11
Centro-Oeste
776 51 4,6 2,4 12 71
Mato Grosso do Sul
20 10 5,4 0,0 7 5
Mato Grosso
13 13 2,1 5,3 1 10
Goiás
330 28 5,8 1,7 3 52
Distrito Federal
413 0 4,0 0,0 1 4
Brasil
4.811 805 6,2 3,9 295 807
FONTE:SinanOn-lineeE-SUS VS(bancodedadosatualizadoem05/05/2025).Dadossujeitosaalteração.
15","Número de óbitos confirmados, letalidade e óbitos em investigação por dengue, SE 01 a SE 18, Brasil, 2024 e 2025 Óbitos confirmados (n) Taxa de Letalidade Óbitos em Investigação Região/UF SE 01 aSE 18 SE 01 aSE 18 SE 01 aSE 18 2024 2025 2024 2025 2024 2025 Norte 26 30 4,4 8,9 1 8 Rondônia 5 0 19,2 0,0 0 0 Acre 0 3 0,0 0,0 0 0 Amazonas 5 1 6,8 11,1 0 0 Roraima 0 2 0,0 0,0 0 0 Pará 6 21 2,2 0,0 1 7 Amapá 7 3 4,5 0,0 0 1 Tocantins 3 0 5,7 0,0 0 0 Nordeste 191 18 3,2 3,2 30 45 Maranhão 4 1 2,6 0,0 4 9 Piauí 15 8 5,0 0,0 1 3 Ceará 2 0 2,3 0,0 0 0 Rio Grande do Norte 2 0 1,7 0,0 1 2 Paraíba 7 1 5,6 0,0 0 9 Pernambuco 9 2 8,3 0,0 3 10 Alagoas 6 0 3,8 0,0 0 1 Sergipe 3 1 8,1 0,0 0 1 Bahia 143 5 3,0 1,7 21 10 Sudeste 2.722 633 7,4 4,3 251 607 Minas Gerais 1.055 57 7,2 3,7 240 86 Espírito Santo 34 0 1,7 0,0 0 12 Rio de Janeiro 193 8 4,8 2,7 0 6 São Paulo 1.440 568 8,8 4,5 11 503 Sul 1.096 73 6,3 2,6 1 76 Paraná 609 60 6,0 2,6 0 58 Santa Catarina 266 6 5,3 0,0 0 7 Rio Grande do Sul 221 7 9,5 2,1 1 11 Centro-Oeste 776 51 4,6 2,4 12 71 Mato Grosso do Sul 20 10 5,4 0,0 7 5 Mato Grosso 13 13 2,1 5,3 1 10 Goiás 330 28 5,8 1,7 3 52 Distrito Federal 413 0 4,0 0,0 1 4 Brasil 4.811 805 6,2 3,9 295 807 FONTE:SinanOn-lineeE-SUS VS(bancodedadosatualizadoem05/05/2025).Dadossujeitosaalteração.",1,tabela,"Número de óbitos confirmados, letalidade e óbitos em investigação por dengue, SE 01 a SE 18, Brasil, 2024 e 2025 Óbitos confirmados (n) Taxa de Letalidade Óbitos em Investigação Região/UF SE 01 aSE 18 SE 01 aSE 18 SE 01 aSE 18 2024 2025 2024 2025 2024 2025 Norte 26 30 4,4 8,9 1 8 Rondônia 5 0 19,2 0,0 0 0 Acre 0 3 0,0 0,0 0 0 Amazonas 5 1 6,8 11,1 0 0 Roraima 0 2 0,0 0,0 0 0 Pará 6 21 2,2 0,0 1 7 Amapá 7 3 4,5 0,0 0 1 Tocantins 3 0 5,7 0,0 0 0 Nordeste 191 18 3,2 3,2 30 45 Maranhão 4 1 2,6 0,0 4 9 Piauí 15 8 5,0 0,0 1 3 Ceará 2 0 2,3 0,0 0 0 Rio Grande do Norte 2 0 1,7 0,0 1 2 Paraíba 7 1 5,6 0,0 0 9 Pernambuco 9 2 8,3 0,0 3 10 Alagoas 6 0 3,8 0,0 0 1 Sergipe 3 1 8,1 0,0 0 1 Bahia 143 5 3,0 1,7 21 10 Sudeste 2.722 633 7,4 4,3 251 607 Minas Gerais 1.055 57 7,2 3,7 240 86 Espírito Santo 34 0 1,7 0,0 0 12 Rio de Janeiro 193 8 4,8 2,7 0 6 São Paulo 1.440 568 8,8 4,5 11 503 Sul 1.096 73 6,3 2,6 1 76 Paraná 609 60 6,0 2,6 0 58 Santa Catarina 266 6 5,3 0,0 0 7 Rio Grande do Sul 221 7 9,5 2,1 1 11 Centro-Oeste 776 51 4,6 2,4 12 71 Mato Grosso do Sul 20 10 5,4 0,0 7 5 Mato Grosso 13 13 2,1 5,3 1 10 Goiás 330 28 5,8 1,7 3 52 Distrito Federal 413 0 4,0 0,0 1 4 Brasil 4.811 805 6,2 3,9 295 807 FONTE:SinanOn-lineeE-SUS VS(bancodedadosatualizadoem05/05/2025).Dadossujeitosaalteração."
Informe Semanal nº 12 - COE Dengue e outras Arboviroses - SE 1 a 18 - 15 de maio.pdf,12,1,18,2025,2025-05-05,16,0,1328,"INFORME SEMANAL No 12
SE 01 a 18/2025 (05/05/2025)
Casos prováveis e incidência (por 100.000 habitantes) de chikungunya, SE 01 a SE 18,
Brasil, 2024 e 2025
Casos Prováveis (n) Coeficiente de Incidência
Região/UF SE 01 aSE 18 SE 01 aSE 18
2024 2025 2024 2025
Norte 1.779 3.117 10,3 18,0
Rondônia
185 2.252 11,7 142,4
Acre
164 128 19,8 15,4
Amazonas
40 93 1,0 2,4
Roraima
13 22 2,0 3,5
Pará
698 301 8,6 3,7
Amapá
184 19 25,1 2,6
Tocantins
495 302 32,7 20,0
Nordeste
20.367 4.763 37,3 8,7
Maranhão
759 234 11,2 3,5
Piauí
562 277 17,2 8,5
Ceará
630 458 7,2 5,2
Rio Grande do Norte
1.724 961 52,2 29,1
Paraíba
1.122 373 28,2 9,4
Pernambuco
2.236 1.120 24,7 12,4
Alagoas
207 127 6,6 4,1
Sergipe
279 54 12,6 2,4
Bahia
12.848 1.159 90,9 8,2
Sudeste
163.539 21.129 192,7 24,9
Minas Gerais
146.611 9.810 713,8 47,8
Espírito Santo
8.390 1.817 218,9 47,4
Rio de Janeiro
2.837 1.153 17,7 7,2
São Paulo
5.701 8.349 12,8 18,8
Sul
758 6.746 2,5 22,5
Paraná
399 5.385 3,5 47,1
Santa Catarina
96 778 1,3 10,2
Rio Grande do Sul
263 583 2,4 5,4
Centro-Oeste
20.964 45.256 128,7 277,9
Mato Grosso do Sul
1.755 8.671 63,7 314,5
Mato Grosso
11.004 35.543 300,8 971,4
Goiás
7.943 918 112,6 13,0
Distrito Federal
262 124 9,3 4,4
Brasil
199.241 77.120 102,1 39,9
FONTE:SinanOn-lineeE-SUS VS(bancodedadosatualizadoem05/05/2025).Dadossujeitosaalteração.
16","Casos prováveis e incidência (por 100.000 habitantes) de chikungunya, SE 01 a SE 18, Brasil, 2024 e 2025 Casos Prováveis (n) Coeficiente de Incidência Região/UF SE 01 aSE 18 SE 01 aSE 18 2024 2025 2024 2025 Norte 1.779 3.117 10,3 18,0 Rondônia 185 2.252 11,7 142,4 Acre 164 128 19,8 15,4 Amazonas 40 93 1,0 2,4 Roraima 13 22 2,0 3,5 Pará 698 301 8,6 3,7 Amapá 184 19 25,1 2,6 Tocantins 495 302 32,7 20,0 Nordeste 20.367 4.763 37,3 8,7 Maranhão 759 234 11,2 3,5 Piauí 562 277 17,2 8,5 Ceará 630 458 7,2 5,2 Rio Grande do Norte 1.724 961 52,2 29,1 Paraíba 1.122 373 28,2 9,4 Pernambuco 2.236 1.120 24,7 12,4 Alagoas 207 127 6,6 4,1 Sergipe 279 54 12,6 2,4 Bahia 12.848 1.159 90,9 8,2 Sudeste 163.539 21.129 192,7 24,9 Minas Gerais 146.611 9.810 713,8 47,8 Espírito Santo 8.390 1.817 218,9 47,4 Rio de Janeiro 2.837 1.153 17,7 7,2 São Paulo 5.701 8.349 12,8 18,8 Sul 758 6.746 2,5 22,5 Paraná 399 5.385 3,5 47,1 Santa Catarina 96 778 1,3 10,2 Rio Grande do Sul 263 583 2,4 5,4 Centro-Oeste 20.964 45.256 128,7 277,9 Mato Grosso do Sul 1.755 8.671 63,7 314,5 Mato Grosso 11.004 35.543 300,8 971,4 Goiás 7.943 918 112,6 13,0 Distrito Federal 262 124 9,3 4,4 Brasil 199.241 77.120 102,1 39,9 FONTE:SinanOn-lineeE-SUS VS(bancodedadosatualizadoem05/05/2025).Dadossujeitosaalteração.",0,,
Informe Semanal nº 12 - COE Dengue e outras Arboviroses - SE 1 a 18 - 15 de maio.pdf,12,1,18,2025,2025-05-05,17,0,957,"INFORME SEMANAL No 12
SE 01 a 18/2025 (05/05/2025)
Número de óbitos confirmados e óbitos em investigação de chikungunya, SE 01 a SE
18, Brasil, 2024 e 2025
Óbitos confirmados Óbitos em Investigação
Região/UF SE 01 aSE 18 SE 01 aSE 18
2024 2025 2024 2025
Norte
1 1 0 2
Rondônia 0 1 0 0
Acre
0 0 0 0
Amazonas
0 0 0 0
Roraima
0 0 0 0
Pará
0 0 0 2
Amapá
1 0 0 0
Tocantins
0 0 0 0
Nordeste
20 2 8 11
Maranhão
1 0 1 3
Piauí
0 0 1 0
Ceará
0 0 0 0
Rio Grande do Norte
1 0 0 0
Paraíba
5 1 0 0
Pernambuco
3 0 3 7
Alagoas
0 0 1 0
Sergipe
1 0 0 0
Bahia
9 1 2 1
Sudeste
129 8 19 13
Minas Gerais
112 2 15 1
Espírito Santo
5 0 0 1
Rio de Janeiro
3 2 0 2
São Paulo
9 4 4 9
Sul
0 5 0 2
Paraná
0 0 0 1
Santa Catarina
0 3 0 0
Rio Grande do Sul
0 2 0 1
Centro-Oeste
22 52 7 28
Mato Grosso do Sul
1 5 1 4
Mato Grosso
9 47 2 22
Goiás
12 0 2 2
Distrito Federal
0 0 2 0
Brasil
172 68 31 52
FONTE:SinanOn-lineeE-SUS VS(bancodedadosatualizadoem05/05/2025).Dadossujeitosaalteração.
17","Número de óbitos confirmados e óbitos em investigação de chikungunya, SE 01 a SE 18, Brasil, 2024 e 2025 Óbitos confirmados Óbitos em Investigação Região/UF SE 01 aSE 18 SE 01 aSE 18 2024 2025 2024 2025 Norte 1 1 0 2 Rondônia 0 1 0 0 Acre 0 0 0 0 Amazonas 0 0 0 0 Roraima 0 0 0 0 Pará 0 0 0 2 Amapá 1 0 0 0 Tocantins 0 0 0 0 Nordeste 20 2 8 11 Maranhão 1 0 1 3 Piauí 0 0 1 0 Ceará 0 0 0 0 Rio Grande do Norte 1 0 0 0 Paraíba 5 1 0 0 Pernambuco 3 0 3 7 Alagoas 0 0 1 0 Sergipe 1 0 0 0 Bahia 9 1 2 1 Sudeste 129 8 19 13 Minas Gerais 112 2 15 1 Espírito Santo 5 0 0 1 Rio de Janeiro 3 2 0 2 São Paulo 9 4 4 9 Sul 0 5 0 2 Paraná 0 0 0 1 Santa Catarina 0 3 0 0 Rio Grande do Sul 0 2 0 1 Centro-Oeste 22 52 7 28 Mato Grosso do Sul 1 5 1 4 Mato Grosso 9 47 2 22 Goiás 12 0 2 2 Distrito Federal 0 0 2 0 Brasil 172 68 31 52 FONTE:SinanOn-lineeE-SUS VS(bancodedadosatualizadoem05/05/2025).Dadossujeitosaalteração.",0,,
Informe Semanal nº 12 - COE Dengue e outras Arboviroses - SE 1 a 18 - 15 de maio.pdf,12,1,18,2025,2025-05-05,18,0,1148,"INFORME SEMANAL No 12
SE 01 a 18/2025 (05/05/2025)
Casos prováveis e incidência (por 100.000 habitantes) de Zika, SE 01 a SE 15, Brasil,
2024 e 2025.
Casos Prováveis Coeficiente de Incidência
Região/UF SE 01 aSE 15 SE 01 aSE 15
2024 2025 2024 2025
Norte
373 271 2,1 1,6
Rondônia 74 10 4,7 0,6
Acre 60 232 7,2 28,0
Amazonas 60 15 1,5 0,4
Roraima 3 4 0,5 0,6
Pará 56 45 0,7 0,6
Amapá 89 6 12,1 0,8
Tocantins 31 78 2,1 5,2
Nordeste 1.989 720 3,6 1,3
Maranhão 179 93 2,6 1,4
Piauí 3 5 0,1 0,2
Ceará 89 32 1,0 0,4
Rio Grande do
Norte 769 231 23,3 7,0
Paraíba
50 11 1,3 0,3
Pernambuco
63 58 0,7 0,6
Alagoas
27 12 0,9 0,4
Sergipe
17 11 0,8 0,5
Bahia
792 110 5,6 0,8
Sudeste
313 195 0,4 0,2
Minas Gerais
146 30 0,7 0,1
Espírito Santo
64 2 1,7 0,1
Rio de Janeiro
1 3 0,0 0,0
São Paulo
102 99 0,2 0,2
Sul
24 18 0,1 0,1
Paraná
10 9 0,1 0,1
Santa Catarina
5 4 0,1 0,1
Rio Grande do
Sul 9 3 0,1 0,0
Centro-Oeste
309 1.135 1,9 7,0
Mato Grosso do
Sul 56 155 2,0 5,6
Mato Grosso
193 874 5,3 23,9
Goiás
50 22 0,7 0,3
Distrito Federal
10 4 0,4 0,1
Brasil
3.008 2.339 1,5 1,2
FONTE:SinanOn-lineeE-SUS VS(bancodedadosatualizadoem22/04/2025).Dadossujeitosaalteração.
18","Casos prováveis e incidência (por 100.000 habitantes) de Zika, SE 01 a SE 15, Brasil, 2024 e 2025. Casos Prováveis Coeficiente de Incidência Região/UF SE 01 aSE 15 SE 01 aSE 15 2024 2025 2024 2025 Norte 373 271 2,1 1,6 Rondônia 74 10 4,7 0,6 Acre 60 232 7,2 28,0 Amazonas 60 15 1,5 0,4 Roraima 3 4 0,5 0,6 Pará 56 45 0,7 0,6 Amapá 89 6 12,1 0,8 Tocantins 31 78 2,1 5,2 Nordeste 1.989 720 3,6 1,3 Maranhão 179 93 2,6 1,4 Piauí 3 5 0,1 0,2 Ceará 89 32 1,0 0,4 Rio Grande do Norte 769 231 23,3 7,0 Paraíba 50 11 1,3 0,3 Pernambuco 63 58 0,7 0,6 Alagoas 27 12 0,9 0,4 Sergipe 17 11 0,8 0,5 Bahia 792 110 5,6 0,8 Sudeste 313 195 0,4 0,2 Minas Gerais 146 30 0,7 0,1 Espírito Santo 64 2 1,7 0,1 Rio de Janeiro 1 3 0,0 0,0 São Paulo 102 99 0,2 0,2 Sul 24 18 0,1 0,1 Paraná 10 9 0,1 0,1 Santa Catarina 5 4 0,1 0,1 Rio Grande do Sul 9 3 0,1 0,0 Centro-Oeste 309 1.135 1,9 7,0 Mato Grosso do Sul 56 155 2,0 5,6 Mato Grosso 193 874 5,3 23,9 Goiás 50 22 0,7 0,3 Distrito Federal 10 4 0,4 0,1 Brasil 3.008 2.339 1,5 1,2 FONTE:SinanOn-lineeE-SUS VS(bancodedadosatualizadoem22/04/2025).Dadossujeitosaalteração.",0,,
Informe Semanal nº 12 - COE Dengue e outras Arboviroses - SE 1 a 18 - 15 de maio.pdf,12,1,18,2025,2025-05-05,19,0,246,"INFORME SEMANAL No 12
SE 01 a 18/2025 (05/05/2025)
Casos confirmados de Oropouche por UF de local provável de infecção, Brasil, 2024
e 2025.
FONTE:GerenciadordeAmbiente Laboratorial(GAL). Dadosatualizadosaté05/05/2025.Dadossujeitosaalterações.
19","Casos confirmados de Oropouche por UF de local provável de infecção, Brasil, 2024 e 2025. FONTE:GerenciadordeAmbiente Laboratorial(GAL). Dadosatualizadosaté05/05/2025.Dadossujeitosaalterações.",0,,
Informe Semanal nº 12 - COE Dengue e outras Arboviroses - SE 1 a 18 - 15 de maio.pdf,12,1,18,2025,2025-05-05,20,0,994,"INFORME SEMANAL No 12
SE 01 a 18/2025 (05/05/2025)
Febre Amarela
Tabela 1. Estados com detecção dovírus da Febre Amarela em PNH e humanos durante o
.
períododemonitoramento 2024/2025
PRIMATAS NÃO-HUMANOS CASOS HUMANOS
REGIÃO UF (LPI)
NOTIFICADOS CONFIRMADOS NOTIFICADOS CONFIRMADOS ÓBITOS LETALIDADE (%)
Norte Acre 2 1
Amapá 12
Amazonas 4
Pará 18 154 42 7 16,7
Rondônia 1 5
Roraima 6 1 6
Tocantins 20 2 11 1 1 100,0
Nordeste Alagoas 7
Bahia 18 4
Ceará 1 3
Maranhão 12
Paraíba 1
Pernambuco 14 2
Piauí
Rio Grande do
29 6
Norte
Sergipe
Distrito Federal 100 8
Centro- Goiás 43 14
Oeste Mato Grosso 14 9
Mato Grosso do Sul 6
Sudeste Minas Gerais 406 16 160 11 5 45,5
FONTE:SINAN,SISS-Geo,GAL. Dadosatualizadosaté05/03/2025.Dadossujeitosaalterações.
Espírito Santo 16 38
Rio de Janeiro 50 17
São Paulo 769 68 466 55 31 56,4
Sul Paraná 77 23
Santa Catarina 92 15
Rio Grande do Sul 35 10
TOTAL 1720 87 987 109 44 40,4
FONTE:SINAN,SISS-Geo,GAL. Dadosatualizadosaté05/05/2025.Dadossujeitosaalterações.
20","Febre Amarela Tabela 1. Estados com detecção dovírus da Febre Amarela em PNH e humanos durante o . períododemonitoramento 2024/2025 PRIMATAS NÃO-HUMANOS CASOS HUMANOS REGIÃO UF (LPI) NOTIFICADOS CONFIRMADOS NOTIFICADOS CONFIRMADOS ÓBITOS LETALIDADE (%) Norte Acre 2 1 Amapá 12 Amazonas 4 Pará 18 154 42 7 16,7 Rondônia 1 5 Roraima 6 1 6 Tocantins 20 2 11 1 1 100,0 Nordeste Alagoas 7 Bahia 18 4 Ceará 1 3 Maranhão 12 Paraíba 1 Pernambuco 14 2 Piauí Rio Grande do 29 6 Norte Sergipe Distrito Federal 100 8 Centro- Goiás 43 14 Oeste Mato Grosso 14 9 Mato Grosso do Sul 6 Sudeste Minas Gerais 406 16 160 11 5 45,5 FONTE:SINAN,SISS-Geo,GAL. Dadosatualizadosaté05/03/2025.Dadossujeitosaalterações. Espírito Santo 16 38 Rio de Janeiro 50 17 São Paulo 769 68 466 55 31 56,4 Sul Paraná 77 23 Santa Catarina 92 15 Rio Grande do Sul 35 10 TOTAL 1720 87 987 109 44 40,4 FONTE:SINAN,SISS-Geo,GAL. Dadosatualizadosaté05/05/2025.Dadossujeitosaalterações.",0,,
Informe semanal nº 13.pdf,13,1,19,2025,2025-05-12,1,0,40,"SE 01 a 19/2025
No 13
16 de maio de 2025",SE 01 a 19/2025 No 13 16 de maio de 2025,0,,
Informe semanal nº 13.pdf,13,1,19,2025,2025-05-12,2,0,2220,"INFORME SEMANAL No 13
SE 01 a 19/2025 (12/05/2025)
Introdução
Os dados de dengue, chikungunya e Oropouche apresentados neste
Informe referem-se às semanas epidemiológicas (SE) 01 a 19 de 2025 (que
correspondem ao período entre 29/12/24 e 10/05/2025). Para Zika, os dados
apresentados são do período da SE 01 a SE 18 de 2025 (que se estende de
29/12/24 a 03/05/2025). Os dados são comparados aos dados do mesmo
período de 2024. Para febre amarela, os dados referem-se ao monitoramento
2024/2025 (julho/2024 a junho/2025), atualizados até 12/05/2025. Os dados
detalhados das arboviroses dos anos de 2023 a 2025 podem ser acessados em:
https://www.gov.br/saude/pt-br/assuntos/saude-de-a-a-z/a/aedes-
aegypti/monitoramento-das-arboviroses.
Situação Epidemiológica
Dengue
Nas SE 01 a 19 de 2025, foram notificados 1.277.148 casos prováveis de
dengue, correspondendo a um coeficiente de incidência de 628,9 casos/100 mil
habitantes. Quando comparado com o mesmo período de 2024, observa-se
uma redução de 76,3% no número de casos prováveis.
As Regiões Geográficas que apresentam os maiores coeficientes de
incidência são Sudeste, Centro-Oeste e Sul. Entre as Unidades Federativas (UF),
destacam-se São Paulo, Acre, Paraná, Goiás e Mato Grosso.
Os maiores números de casos graves concentram-se nas regiões Sudeste,
Sul e Centro-Oeste. A maior parte dos óbitos está na região Sudeste. Foram
confirmados 865 óbitos no período, e 830 estão em investigação.
Foi identificada a circulação dos quatro sorotipos do vírus dengue (DENV-
1, DENV-2, DENV-3 e DENV-4), com predominância do DENV-2. Aumento da
proporção de DENV-3 foi observada desde o último trimestre de 2024. DENV-4 foi
detectado em duas amostras de Minas Gerais (vírus selvagem e vírus vacinal) e
três de São Paulo. Outras detecções de DENV-4 em Mato Grosso do Sul, São
Paulo, e Roraima estão em análise.
O coeficiente de incidência de dengue no Brasil encontra-se dentro do
canal endêmico do diagrama de controle, considerando a série histórica. A
estimativa nowcasting se encontra dentro do canal endêmico, mas com
tendência de aumento de casos, para fora do limite superior.
Fonte: SinanOn-line (banco de dados atualizado em 12/05/2025). Dados sujeitos a alteração.
2","Introdução Os dados de dengue, chikungunya e Oropouche apresentados neste Informe referem-se às semanas epidemiológicas (SE) 01 a 19 de 2025 (que correspondem ao período entre 29/12/24 e 10/05/2025). Para Zika, os dados apresentados são do período da SE 01 a SE 18 de 2025 (que se estende de 29/12/24 a 03/05/2025). Os dados são comparados aos dados do mesmo período de 2024. Para febre amarela, os dados referem-se ao monitoramento 2024/2025 (julho/2024 a junho/2025), atualizados até 12/05/2025. Os dados detalhados das arboviroses dos anos de 2023 a 2025 podem ser acessados em: https://www.gov.br/saude/pt-br/assuntos/saude-de-a-a-z/a/aedesaegypti/monitoramento-das-arboviroses. Situação Epidemiológica Dengue Nas SE 01 a 19 de 2025, foram notificados 1.277.148 casos prováveis de dengue, correspondendo a um coeficiente de incidência de 628,9 casos/100 mil habitantes. Quando comparado com o mesmo período de 2024, observa-se uma redução de 76,3% no número de casos prováveis. As Regiões Geográficas que apresentam os maiores coeficientes de incidência são Sudeste, Centro-Oeste e Sul. Entre as Unidades Federativas (UF), destacam-se São Paulo, Acre, Paraná, Goiás e Mato Grosso. Os maiores números de casos graves concentram-se nas regiões Sudeste, Sul e Centro-Oeste. A maior parte dos óbitos está na região Sudeste. Foram confirmados 865 óbitos no período, e 830 estão em investigação. Foi identificada a circulação dos quatro sorotipos do vírus dengue (DENV1, DENV-2, DENV-3 e DENV-4), com predominância do DENV-2. Aumento da proporção de DENV-3 foi observada desde o último trimestre de 2024. DENV-4 foi detectado em duas amostras de Minas Gerais (vírus selvagem e vírus vacinal) e três de São Paulo. Outras detecções de DENV-4 em Mato Grosso do Sul, São Paulo, e Roraima estão em análise. O coeficiente de incidência de dengue no Brasil encontra-se dentro do canal endêmico do diagrama de controle, considerando a série histórica. A estimativa nowcasting se encontra dentro do canal endêmico, mas com tendência de aumento de casos, para fora do limite superior. Fonte: SinanOn-line (banco de dados atualizado em 12/05/2025). Dados sujeitos a alteração.",1,narrativa,"Dengue Nas SE 01 a 19 de 2025, foram notificados 1.277.148 casos prováveis de dengue, correspondendo a um coeficiente de incidência de 628,9 casos/100 mil habitantes. Quando comparado com o mesmo período de 2024, observa-se uma redução de 76,3% no número de casos prováveis. As Regiões Geográficas que apresentam os maiores coeficientes de incidência são Sudeste, Centro-Oeste e Sul. Entre as Unidades Federativas (UF), destacam-se São Paulo, Acre, Paraná, Goiás e Mato Grosso. Os maiores números de casos graves concentram-se nas regiões Sudeste, Sul e Centro-Oeste. A maior parte dos óbitos está na região Sudeste. Foram confirmados 865 óbitos no período, e 830 estão em investigação. Foi identificada a circulação dos quatro sorotipos do vírus dengue (DENV1, DENV-2, DENV-3 e DENV-4), com predominância do DENV-2. Aumento da proporção de DENV-3 foi observada desde o último trimestre de 2024. DENV-4 foi detectado em duas amostras de Minas Gerais (vírus selvagem e vírus vacinal) e três de São Paulo. Outras detecções de DENV-4 em Mato Grosso do Sul, São Paulo, e Roraima estão em análise. O coeficiente de incidência de dengue no Brasil encontra-se dentro do canal endêmico do diagrama de controle, considerando a série histórica. A estimativa nowcasting se encontra dentro do canal endêmico, mas com tendência de aumento de casos, para fora do limite superior. Fonte: SinanOn-line (banco de dados atualizado em 12/05/2025). Dados sujeitos a alteração."
Informe semanal nº 13.pdf,13,1,19,2025,2025-05-12,3,0,199,"INFORME SEMANAL No 13
SE 01 a 19/2025 (12/05/2025)
Diagrama de controle
Coeficiente de Incidência e óbitos
Fonte: SinanOn-line (banco de dados atualizado em 12/05/2025). Dados sujeitos a alteração.
3",Diagrama de controle Coeficiente de Incidência e óbitos Fonte: SinanOn-line (banco de dados atualizado em 12/05/2025). Dados sujeitos a alteração.,1,narrativa,Diagrama de controle Coeficiente de Incidência e óbitos Fonte: SinanOn-line (banco de dados atualizado em 12/05/2025). Dados sujeitos a alteração.
Informe semanal nº 13.pdf,13,1,19,2025,2025-05-12,4,0,1318,"INFORME SEMANAL No 13
SE 01 a 19/2025 (12/05/2025)
Mapa de Sorotipos Dengue SE 01 a SE 19/2025
Fonte: GAL/CGLAB/SVSA/MS.
Chikungunya
Nas SE 01 a 19 de 2025, foram notificados 86.308 casos prováveis de
chikungunya, correspondendo a um coeficiente de incidência de 42,5
casos/100 mil habitantes. Quando comparado ao mesmo período de
2024, observa-se uma redução de 60,0% no número de casos prováveis.
As Regiões Geográficas que apresentam os maiores coeficientes de
incidência são a Centro-Oeste e a Sudeste. Entre as UFs, Mato Grosso, Mato
Grosso do Sul e Rondônia apresentam as maiores incidências.
Foram confirmados 71 óbitos no período, sendo 49 no Mato Grosso,
cinco em Mato Grosso do Sul, quatro em São Paulo, três em Santa Catarina,
dois em Minas Gerais, Rio Grande do Sul e Rio de Janeiro, e um na Bahia,
Rondônia, Paraná e Paraíba. Encontram-se em investigação 61 óbitos até o
momento, sendo 27 na região Centro-Oeste e 16 na Região Sudeste.
O coeficiente de incidência de chikungunya no Brasil encontra-se
abaixo do limite inferior do canal endêmico do diagrama de controle,
considerando a série histórica. A estimativa nowcasting se encontra dentro
do canal endêmico, e abaixo da mediana de casos da série histórica.
Fonte: SinanOn-line (banco de dados atualizado em 12/05/2025). Dados sujeitos a alteração.
4","Mapa de Sorotipos Dengue SE 01 a SE 19/2025 Fonte: GAL/CGLAB/SVSA/MS. Chikungunya Nas SE 01 a 19 de 2025, foram notificados 86.308 casos prováveis de chikungunya, correspondendo a um coeficiente de incidência de 42,5 casos/100 mil habitantes. Quando comparado ao mesmo período de 2024, observa-se uma redução de 60,0% no número de casos prováveis. As Regiões Geográficas que apresentam os maiores coeficientes de incidência são a Centro-Oeste e a Sudeste. Entre as UFs, Mato Grosso, Mato Grosso do Sul e Rondônia apresentam as maiores incidências. Foram confirmados 71 óbitos no período, sendo 49 no Mato Grosso, cinco em Mato Grosso do Sul, quatro em São Paulo, três em Santa Catarina, dois em Minas Gerais, Rio Grande do Sul e Rio de Janeiro, e um na Bahia, Rondônia, Paraná e Paraíba. Encontram-se em investigação 61 óbitos até o momento, sendo 27 na região Centro-Oeste e 16 na Região Sudeste. O coeficiente de incidência de chikungunya no Brasil encontra-se abaixo do limite inferior do canal endêmico do diagrama de controle, considerando a série histórica. A estimativa nowcasting se encontra dentro do canal endêmico, e abaixo da mediana de casos da série histórica. Fonte: SinanOn-line (banco de dados atualizado em 12/05/2025). Dados sujeitos a alteração.",1,narrativa,Mapa de Sorotipos Dengue SE 01 a SE 19/2025 Fonte: GAL/CGLAB/SVSA/MS.
Informe semanal nº 13.pdf,13,1,19,2025,2025-05-12,5,0,199,"INFORME SEMANAL No 13
SE 01 a 19/2025 (12/05/2025)
Diagrama de controle
Coeficiente de Incidência e óbitos
Fonte: SinanOn-line (banco de dados atualizado em 12/05/2025). Dados sujeitos a alteração.
5",Diagrama de controle Coeficiente de Incidência e óbitos Fonte: SinanOn-line (banco de dados atualizado em 12/05/2025). Dados sujeitos a alteração.,0,,
Informe semanal nº 13.pdf,13,1,19,2025,2025-05-12,6,0,1702,"INFORME SEMANAL No 13
SE 01 a 19/2025 (12/05/2025)
Zika
Entre as Semanas Epidemiológicas 01 e 18 de 2025, foram notificados
2.982 casos prováveis de Zika no Brasil, com coeficiente de incidência de 1,5
casos/100 mil habitantes. Quando comparado ao mesmo período de 2024,
observa-se uma redução de 10,6%. Em relação às gestantes, 54 foram
confirmados e 250 permanecem em investigação. No período, foi notificado
um óbito, que se encontra em investigação.
As Regiões Centro-Oeste e Norte apresentam os maiores coeficientes
de incidência. Em relação às UFs, os maiores coeficientes de incidência
estão no Mato Grosso, Acre, Mato Grosso do Sul, Rio Grande do
Norte e Tocantins.
O coeficiente de incidência de Zika no Brasil, encontra-se abaixo do
limite inferior do canal endêmico do diagrama de controle2, considerando a
série histórica. No entanto, a estimativa nowcasting indica tendência de alta
no número de casos, acima do limite superior do canal endêmico.
Diagrama de controle2 Incidência e gestantes
1O nowcasting (linha tracejada vermelha) corrige os atrasos inerentes aos sistemas de vigilância epidemiológica e
estima o número de casos em um determinado momento, considerando os dados disponíveis e as características do
processodenotificação,contribuindoparaaantecipaçãodaavaliaçãodatendênciadealtaoubaixadaincidência.
2 O diagrama decontroleé uma ferramenta gráficaque permite acompanhar a variação do coeficiente de incidência
(linha azul) de uma determinada doença ao longo do tempo em relação ao canal endêmico, que define a faixa de
variaçãoesperadaparaaincidênciadadoençacombaseemdadoshistóricos.
Fonte: Sinan-Net (banco de dados atualizados em 07/05/2025). Dados sujeitos a alteração.
6","Zika Entre as Semanas Epidemiológicas 01 e 18 de 2025, foram notificados 2.982 casos prováveis de Zika no Brasil, com coeficiente de incidência de 1,5 casos/100 mil habitantes. Quando comparado ao mesmo período de 2024, observa-se uma redução de 10,6%. Em relação às gestantes, 54 foram confirmados e 250 permanecem em investigação. No período, foi notificado um óbito, que se encontra em investigação. As Regiões Centro-Oeste e Norte apresentam os maiores coeficientes de incidência. Em relação às UFs, os maiores coeficientes de incidência estão no Mato Grosso, Acre, Mato Grosso do Sul, Rio Grande do Norte e Tocantins. O coeficiente de incidência de Zika no Brasil, encontra-se abaixo do limite inferior do canal endêmico do diagrama de controle2, considerando a série histórica. No entanto, a estimativa nowcasting indica tendência de alta no número de casos, acima do limite superior do canal endêmico. Diagrama de controle2 Incidência e gestantes 1O nowcasting (linha tracejada vermelha) corrige os atrasos inerentes aos sistemas de vigilância epidemiológica e estima o número de casos em um determinado momento, considerando os dados disponíveis e as características do processodenotificação,contribuindoparaaantecipaçãodaavaliaçãodatendênciadealtaoubaixadaincidência. 2 O diagrama decontroleé uma ferramenta gráficaque permite acompanhar a variação do coeficiente de incidência (linha azul) de uma determinada doença ao longo do tempo em relação ao canal endêmico, que define a faixa de variaçãoesperadaparaaincidênciadadoençacombaseemdadoshistóricos. Fonte: Sinan-Net (banco de dados atualizados em 07/05/2025). Dados sujeitos a alteração.",0,,
Informe semanal nº 13.pdf,13,1,19,2025,2025-05-12,7,0,990,"INFORME SEMANAL No 13
SE 01 a 19/2025 (12/05/2025)
Dengue
(Incidência)
628,9 865
-76,3%
CASOS/100 MIL HAB. ÓBITOS
Em relação
ao número
1.277.148 Casos prováveis Óbitos em
830 de casos
investigação
no mesmo
Casos graves e com
22.062
período de
sinais de alarme 3,9% Letalidade1
2024
Chikungunya
(Incidência)
42,5 71
-60,0%
CASOS/100 MIL HAB. ÓBITOS
Em relação
ao número
Óbitos em
86.308 Casos prováveis 61 de casos
investigação
no mesmo
período de
0,1% Letalidade2 2024
Zika
(Incidência)
1,5 0
-10,6%
CASOS/100 MIL HAB. ÓBITOS
Em relação
ao número
2.982 Casos prováveis de casos
304
no mesmo
período de
CASOS PROVÁVEIS
2024
EM GESTANTES
1Para o cálculo da letalidade, foram considerados no denominador os casos de dengue grave e de dengue com sinais de
alarme.
2Paraocálculodaletalidade,foramconsideradosnodenominadoroscasosprováveisdechikungunya.
FONTE:: Sinan On-line (banco de dados atualizado em 12/05/2025); Sinan NET (banco de dados atualizado em
07/05/2025).Dadossujeitosaalteração.
7","Dengue (Incidência) 628,9 865 -76,3% CASOS/100 MIL HAB. ÓBITOS Em relação ao número 1.277.148 Casos prováveis Óbitos em 830 de casos investigação no mesmo Casos graves e com 22.062 período de sinais de alarme 3,9% Letalidade1 2024 Chikungunya (Incidência) 42,5 71 -60,0% CASOS/100 MIL HAB. ÓBITOS Em relação ao número Óbitos em 86.308 Casos prováveis 61 de casos investigação no mesmo período de 0,1% Letalidade2 2024 Zika (Incidência) 1,5 0 -10,6% CASOS/100 MIL HAB. ÓBITOS Em relação ao número 2.982 Casos prováveis de casos 304 no mesmo período de CASOS PROVÁVEIS 2024 EM GESTANTES 1Para o cálculo da letalidade, foram considerados no denominador os casos de dengue grave e de dengue com sinais de alarme. 2Paraocálculodaletalidade,foramconsideradosnodenominadoroscasosprováveisdechikungunya. FONTE:: Sinan On-line (banco de dados atualizado em 12/05/2025); Sinan NET (banco de dados atualizado em 07/05/2025).Dadossujeitosaalteração.",1,narrativa,"Dengue (Incidência) 628,9 865 -76,3% CASOS/100 MIL HAB. ÓBITOS Em relação ao número 1.277.148 Casos prováveis Óbitos em 830 de casos investigação no mesmo Casos graves e com 22.062 período de sinais de alarme 3,9% Letalidade1 2024"
Informe semanal nº 13.pdf,13,1,19,2025,2025-05-12,8,0,1081,"INFORME SEMANAL No 13
SE 01 a 19/2025 (12/05/2025)
Oropouche
Entre as SE 01 e 19/2025, foram confirmados 10.072 casos de Oropouche
no Brasil, o que representa um aumento de 56,4% quando comparado com o
mesmo período do ano anterior, em que foram registrados 6.440 casos. Até o
momento, foram identificados três óbitos suspeitos de Oropouche em 2025, no
Espírito Santo, Rio de Janeiro e São Paulo, com detecção do genoma viral em
amostras de soro.
CASOS DE OROPOUCHE POR SE DE INÍCIO DE SINTOMAS, BRASIL, 2024 E 2025
Os casos identificados estão distribuídos de maneira equitativa entre os
sexos, com 52,2% das detecções em indivíduos do sexo masculino. As faixas
etárias entre 20 e 59 anos concentram 70,5% dos casos. Entre os menores de 1
ano, foram registrados 12 casos, sendo seis no Rio de Janeiro, quatro no
Espírito Santo* , um no Ceará e um na Paraíba.
CASOS DE OROPOUCHE POR SEXO E FAIXA ETÁRIA, BRASIL, 2025
*Um casono Espírito Santo emmenorde1 anocom informaçãode sexoignorada.
Fonte: SinanOn-line (banco de dados atualizado em 12/05/2025). Dados sujeitos a alterações.
8","Oropouche Entre as SE 01 e 19/2025, foram confirmados 10.072 casos de Oropouche no Brasil, o que representa um aumento de 56,4% quando comparado com o mesmo período do ano anterior, em que foram registrados 6.440 casos. Até o momento, foram identificados três óbitos suspeitos de Oropouche em 2025, no Espírito Santo, Rio de Janeiro e São Paulo, com detecção do genoma viral em amostras de soro. CASOS DE OROPOUCHE POR SE DE INÍCIO DE SINTOMAS, BRASIL, 2024 E 2025 Os casos identificados estão distribuídos de maneira equitativa entre os sexos, com 52,2% das detecções em indivíduos do sexo masculino. As faixas etárias entre 20 e 59 anos concentram 70,5% dos casos. Entre os menores de 1 ano, foram registrados 12 casos, sendo seis no Rio de Janeiro, quatro no Espírito Santo* , um no Ceará e um na Paraíba. CASOS DE OROPOUCHE POR SEXO E FAIXA ETÁRIA, BRASIL, 2025 *Um casono Espírito Santo emmenorde1 anocom informaçãode sexoignorada. Fonte: SinanOn-line (banco de dados atualizado em 12/05/2025). Dados sujeitos a alterações.",0,,
Informe semanal nº 13.pdf,13,1,19,2025,2025-05-12,9,0,1648,"INFORME SEMANAL No 13
SE 01 a 19/2025 (12/05/2025)
Oropouche
Em 2025, a UF com maior número de casos é o Espírito Santo (n=
6.118), cujo aumento vem ocorrendo desde o segundo semestre de 2024.
Destacam-se ainda Rio de Janeiro (n=1.900), Paraíba (n=640) e Ceará
(n=573). Transmissão ativa também foi registrada em Roraima, Rondônia,
Amapá, Tocantins, Bahia, Minas Gerais, São Paulo, Mato Grosso do Sul,
Santa Catarina e Paraná.
Os casos identificados no Pará, Maranhão, Tocantins, Piauí,
Pernambuco, Mato Grosso, Goiás, Distrito Federal e Rio Grande do Sul
apresentaram Local Provável de Infecção (LPI) em estados com transmissão
autóctone (Espírito Santo, Rio de Janeiro e Paraíba).
FONTE: Gerenciador de Ambiente Laboratorial (GAL). Dados atualizados até 05/05/2025. Dados sujeitos a alterações.
Febre Amarela
No período de monitoramento 2024/2025 (julho/2024 a junho/2025),
atualizado até 12/05/2025, ocorreram 91 registros de transmissão do vírus
em PNH, nos estados de São Paulo [72] (Amparo [2], Atibaia [1], Bragança
Paulista [1], Caçapava [1], Campinas [3], Colina [1], Cravinhos [1],
Descalvado [1], Guarulhos [1], Itatiba [1] Joanópolis [3], Louveira [1], Luís
Antônio [6], Mairiporã [2], Osasco [1], Pedra Bela [1], Pinhalzinho [1],
Pitangueiras [2], Ribeirão Preto [30], Santa Rita do Passa Quatro [1], Serra
Azul [1], Serra Negra [2], Socorro [1] e Valinhos [7]), Minas Gerais [16]
(Albertina [1], Camanducaia [1], Córrego do Bom Jesus [1], Estiva [2],
Ipuiúna [2], Paraisópolis [1], Poço Fundo [1], Poços de Caldas [1], Ponte
Nova [1], Sapucaí-Mirim [2], Toledo[1] e Virgínia [2]), Tocantins [2] (Palmas)
e Roraima [1] (Alto Alegre).
9","Oropouche Em 2025, a UF com maior número de casos é o Espírito Santo (n= 6.118), cujo aumento vem ocorrendo desde o segundo semestre de 2024. Destacam-se ainda Rio de Janeiro (n=1.900), Paraíba (n=640) e Ceará (n=573). Transmissão ativa também foi registrada em Roraima, Rondônia, Amapá, Tocantins, Bahia, Minas Gerais, São Paulo, Mato Grosso do Sul, Santa Catarina e Paraná. Os casos identificados no Pará, Maranhão, Tocantins, Piauí, Pernambuco, Mato Grosso, Goiás, Distrito Federal e Rio Grande do Sul apresentaram Local Provável de Infecção (LPI) em estados com transmissão autóctone (Espírito Santo, Rio de Janeiro e Paraíba). FONTE: Gerenciador de Ambiente Laboratorial (GAL). Dados atualizados até 05/05/2025. Dados sujeitos a alterações. Febre Amarela No período de monitoramento 2024/2025 (julho/2024 a junho/2025), atualizado até 12/05/2025, ocorreram 91 registros de transmissão do vírus em PNH, nos estados de São Paulo [72] (Amparo [2], Atibaia [1], Bragança Paulista [1], Caçapava [1], Campinas [3], Colina [1], Cravinhos [1], Descalvado [1], Guarulhos [1], Itatiba [1] Joanópolis [3], Louveira [1], Luís Antônio [6], Mairiporã [2], Osasco [1], Pedra Bela [1], Pinhalzinho [1], Pitangueiras [2], Ribeirão Preto [30], Santa Rita do Passa Quatro [1], Serra Azul [1], Serra Negra [2], Socorro [1] e Valinhos [7]), Minas Gerais [16] (Albertina [1], Camanducaia [1], Córrego do Bom Jesus [1], Estiva [2], Ipuiúna [2], Paraisópolis [1], Poço Fundo [1], Poços de Caldas [1], Ponte Nova [1], Sapucaí-Mirim [2], Toledo[1] e Virgínia [2]), Tocantins [2] (Palmas) e Roraima [1] (Alto Alegre).",0,,
Informe semanal nº 13.pdf,13,1,19,2025,2025-05-12,10,0,1366,"INFORME SEMANAL No 13
SE 01 a 19/2025 (12/05/2025)
Febre Amarela
No mesmo período, foram confirmados 113 casos humanos de febre
amarela, dos quais 45 evoluíram para óbito, resultando em letalidade de
40,5%. Os casos tiveram os locais prováveis de infecção (LPI) nos estados de
São Paulo [57] (Águas de Lindóia [1], Águas de São Pedro [1], Amparo [1],
Bragança Paulista [2], Brotas [2], Caçapava [6], Campinas [3], Itatiba [1],
Itirapina [1], Jambeiro [3], Joanópolis [11], Monteiro Lobato [1], Nazaré
Paulista [4], Paraibuna [1], Pedra Bela [2], Pedreira [2], Pindamonhangaba
[1], Piracaia [3], Santa Rita do Passa Quatro [1], São Carlos [1], São José dos
Campos [1], Socorro [4], Taubaté [1], Tuiuti [1], Valinhos [1], Vargem [1]),
Pará [44] (Breves [42], Cametá [1], Melgaço [1]), Minas Gerais [11]
(Camanducaia [1], Cambuí [1], Extrema [1], Gonçalves [1], Maria da Fé [1],
Monte Sião [1], Poços de Caldas [1], Pouso Alegre [1], Sapucaí-Mirim [1],
Silvianópolis [1] e Soledade de Minas [1]) e Tocantins [1] (Monte do Carmo).
Entre os casos, 102 (90,3%) eram do sexo masculino, com idades
entre 10 e 75 anos. Um dos indivíduos tinha histórico de vacinação em 2017
e evoluiu para o óbito.
Municípios com detecção do vírus da Febre Amarela em PNH e Humanos, monitoramento
2024/2025.
FONTE:SINAN,SISS-Geo,GAL. Dadosatualizadosaté12/05/2025.Dadossujeitosaalterações.
10","Febre Amarela No mesmo período, foram confirmados 113 casos humanos de febre amarela, dos quais 45 evoluíram para óbito, resultando em letalidade de 40,5%. Os casos tiveram os locais prováveis de infecção (LPI) nos estados de São Paulo [57] (Águas de Lindóia [1], Águas de São Pedro [1], Amparo [1], Bragança Paulista [2], Brotas [2], Caçapava [6], Campinas [3], Itatiba [1], Itirapina [1], Jambeiro [3], Joanópolis [11], Monteiro Lobato [1], Nazaré Paulista [4], Paraibuna [1], Pedra Bela [2], Pedreira [2], Pindamonhangaba [1], Piracaia [3], Santa Rita do Passa Quatro [1], São Carlos [1], São José dos Campos [1], Socorro [4], Taubaté [1], Tuiuti [1], Valinhos [1], Vargem [1]), Pará [44] (Breves [42], Cametá [1], Melgaço [1]), Minas Gerais [11] (Camanducaia [1], Cambuí [1], Extrema [1], Gonçalves [1], Maria da Fé [1], Monte Sião [1], Poços de Caldas [1], Pouso Alegre [1], Sapucaí-Mirim [1], Silvianópolis [1] e Soledade de Minas [1]) e Tocantins [1] (Monte do Carmo). Entre os casos, 102 (90,3%) eram do sexo masculino, com idades entre 10 e 75 anos. Um dos indivíduos tinha histórico de vacinação em 2017 e evoluiu para o óbito. Municípios com detecção do vírus da Febre Amarela em PNH e Humanos, monitoramento 2024/2025. FONTE:SINAN,SISS-Geo,GAL. Dadosatualizadosaté12/05/2025.Dadossujeitosaalterações.",0,,
Informe semanal nº 13.pdf,13,1,19,2025,2025-05-12,11,0,2892,"INFORME SEMANAL No 13
SE 01 a 19/2025 (12/05/2025)
Ações realizadas
• Visita técnica para apoiar as ações de vigilância e controle nos municípios de Porto
Alegre, Alvorada e Viamão no estado do Rio Grande do Sul
• Participação da oficina Projeto primeiros passos/ação Zika nos territórios: cartografia da
rede estadual de cuidado para o fortalecimento da atenção integral às crianças com a
síndrome congênita do Zika e suas famílias no estado da Paraíba
• Coletiva de imprensa para anúncio das novas ações de enfrentamento à dengue -
https://www.youtube.com/watch?time_continue=3&v=vpBxmEUR3M4
• Lançamento das Novas Diretrizes de Prevenção e Controle das Arboviroses -
https://www.gov.br/saude/pt-br/centrais-de-conteudo/publicacoes/svsa/dengue/diretrizes-nacionais-
para-prevencao-e-controle-das-arboviroses-urbanas-vigilancia-entomologica-e-controle-vetorial.pdf
• Capacitação de Febre Amarela para médicos e enfermeiro do estado do Pará
• Participação do Coe dengue e outras arboviroses do estado do Pará
• Reunião com o estado do Pará para discussão de casos humanos suspeitos de febre
amarela.
• Realização de webinário “Febre Amarela: fortalecendo as ações de vigilância, assistência
e imunização nos municípios”
• Videoconferência com os estados do Acre, Rondônia, Mato Grosso e Mato Grosso do Sul
para discuti a situação epidemiológica da Chikungunya e ações realizadas
• Visita técnica ao município de Porto Alegre/RS para apoiar as ações de assistência após
decretação de emergência do município
• Participação no videocast 10 Minutinhos d’Agente, do Ministério da Saúde
• Treinamento sobre manejo clinico da chikungunya para profissionais de saúde da
assistência do estado do Rio Grande do Sul
• Capacitação e implementação de Estações Disseminadoras de Larvicidas (EDLs) no
município de Ribeirão Preto/SP
• Projeto primeiros passos/ação Zika nos territórios: cartografia da rede estadual de cuidado
para o fortalecimento da atenção integral às crianças com a síndrome congênita do Zika
e suas famílias no estado do Rio Grande do Norte e Alagoas
• Participação no ""International Workshop on Yellow Fever modelling in Brazil to address
challenges and scientific advancements in modelling in the context of climate change"",
promovido pela Fiocruz e pelo Imperial College London, no âmbito do Vaccine Impact
Modelling Consortium (VIMC 2.0)
• Pesquisa para o controle vetorial de Culicoides paraensis e investigação da circulação do
vírus Oropouche em amostras de vetores no estado do Espirito Santo
• caracterização ambiental e investigação da circulação do vírus Oropouche a partir de
amostras de vetores coletados no município de Baturité-CE
• Capacitação das Novas Diretrizes Nacional para Prevenção e Controle Das Arboviroses
para os Agentes de Combates as Endemias (ACE) do Estado de Goiás
• Participação do Lançamento do Projeto Todos Contra o Aedes aegypti em Rio Branco/AC
11","Ações realizadas • Visita técnica para apoiar as ações de vigilância e controle nos municípios de Porto Alegre, Alvorada e Viamão no estado do Rio Grande do Sul • Participação da oficina Projeto primeiros passos/ação Zika nos territórios: cartografia da rede estadual de cuidado para o fortalecimento da atenção integral às crianças com a síndrome congênita do Zika e suas famílias no estado da Paraíba • Coletiva de imprensa para anúncio das novas ações de enfrentamento à dengue - https://www.youtube.com/watch?time_continue=3&v=vpBxmEUR3M4 • Lançamento das Novas Diretrizes de Prevenção e Controle das Arboviroses - https://www.gov.br/saude/pt-br/centrais-de-conteudo/publicacoes/svsa/dengue/diretrizes-nacionaispara-prevencao-e-controle-das-arboviroses-urbanas-vigilancia-entomologica-e-controle-vetorial.pdf • Capacitação de Febre Amarela para médicos e enfermeiro do estado do Pará • Participação do Coe dengue e outras arboviroses do estado do Pará • Reunião com o estado do Pará para discussão de casos humanos suspeitos de febre amarela. • Realização de webinário “Febre Amarela: fortalecendo as ações de vigilância, assistência e imunização nos municípios” • Videoconferência com os estados do Acre, Rondônia, Mato Grosso e Mato Grosso do Sul para discuti a situação epidemiológica da Chikungunya e ações realizadas • Visita técnica ao município de Porto Alegre/RS para apoiar as ações de assistência após decretação de emergência do município • Participação no videocast 10 Minutinhos d’Agente, do Ministério da Saúde • Treinamento sobre manejo clinico da chikungunya para profissionais de saúde da assistência do estado do Rio Grande do Sul • Capacitação e implementação de Estações Disseminadoras de Larvicidas (EDLs) no município de Ribeirão Preto/SP • Projeto primeiros passos/ação Zika nos territórios: cartografia da rede estadual de cuidado para o fortalecimento da atenção integral às crianças com a síndrome congênita do Zika e suas famílias no estado do Rio Grande do Norte e Alagoas • Participação no ""International Workshop on Yellow Fever modelling in Brazil to address challenges and scientific advancements in modelling in the context of climate change"", promovido pela Fiocruz e pelo Imperial College London, no âmbito do Vaccine Impact Modelling Consortium (VIMC 2.0) • Pesquisa para o controle vetorial de Culicoides paraensis e investigação da circulação do vírus Oropouche em amostras de vetores no estado do Espirito Santo • caracterização ambiental e investigação da circulação do vírus Oropouche a partir de amostras de vetores coletados no município de Baturité-CE • Capacitação das Novas Diretrizes Nacional para Prevenção e Controle Das Arboviroses para os Agentes de Combates as Endemias (ACE) do Estado de Goiás • Participação do Lançamento do Projeto Todos Contra o Aedes aegypti em Rio Branco/AC",0,,
Informe semanal nº 13.pdf,13,1,19,2025,2025-05-12,12,0,424,"INFORME SEMANAL No 13
SE 01 a 19/2025 (12/05/2025)
Insumos distribuídos
Laboratoriais1
552.576
Sorologia Reações
184.746
Biologia Molecular ZDC Reações
229.899
Biologia Molecular OROV/MAYV Reações
10.642
Biologia Molecular Febre Amarela Reações
Inseticidas2
104.180
Larvicida Kg
5.927
Adulticida para PE Kg
186.720
Adulticida para UBV L
1Dadosatualizadosem 15/05/2025.Fonte:CGLAB.
2Dadosatualizadosem15/05/2025.Fonte:SIES
12",Insumos distribuídos Laboratoriais1 552.576 Sorologia Reações 184.746 Biologia Molecular ZDC Reações 229.899 Biologia Molecular OROV/MAYV Reações 10.642 Biologia Molecular Febre Amarela Reações Inseticidas2 104.180 Larvicida Kg 5.927 Adulticida para PE Kg 186.720 Adulticida para UBV L 1Dadosatualizadosem 15/05/2025.Fonte:CGLAB. 2Dadosatualizadosem15/05/2025.Fonte:SIES,0,,
Informe semanal nº 13.pdf,13,1,19,2025,2025-05-12,13,0,1553,"INFORME SEMANAL No 13
SE 01 a 19/2025 (12/05/2025)
Casos prováveis e incidência (por 100.000 habitantes) de dengue, SE 01 a SE 19, Brasil,
2024 e 2025
Casos prováveis (n) Coeficiente de incidência
Região/UF SE 01 aSE 19 SE 01 aSE 19
2024 2025 2024 2025
Norte
39.192 31.396 225,9 181,0
Rondônia
4.633 2.526 293,0 159,8
Acre
3.678 7.840 443,1 944,5
Amazonas
6.091 4.122 154,5 104,6
Roraima
197 234 31,0 36,8
Pará
14.816 12.593 182,6 155,2
Amapá
6.446 1.278 878,8 174,2
Tocantins
3.331 2.803 220,4 185,4
Nordeste
265.249 48.595 485,4 88,9
Maranhão
9.679 3.959 142,9 58,4
Piauí
10.120 4.131 309,6 126,4
Ceará
7.631 3.937 86,8 44,8
Rio Grande do Norte
11.688 4.361 353,9 132,1
Paraíba
9.467 3.901 238,2 98,2
Pernambuco
13.494 8.560 149,0 94,5
Alagoas
6.986 1.652 223,4 52,8
Sergipe
1.079 620 48,8 28,1
Bahia
195.105 17.474 1.380,2 123,6
Sudeste
3.509.952 906.903 4.136,8 1.068,9
Minas Gerais
1.537.049 136.126 7.483,7 662,8
Espírito Santo
118.951 25.642 3.102,9 668,9
Rio de Janeiro
268.234 23.613 1.670,8 147,1
São Paulo
1.585.718 721.522 3.569,8 1.624,3
Sul
1.004.044 185.657 3.354,3 620,2
Paraná
536.400 104.155 4.687,5 910,2
Santa Catarina
280.620 22.582 3.687,7 296,8
Rio Grande do Sul
187.024 58.920 1.718,9 541,5
Centro-Oeste
570.263 104.597 3.501,2 642,2
Mato Grosso do Sul
15.343 11.653 556,6 422,7
Mato Grosso
29.842 26.378 815,6 720,9
Goiás
264.134 59.626 3.743,8 845,1
Distrito Federal
260.944 6.940 9.263,0 246,4
Brasil
5.388.700 1.277.148 2.653,7 628,9
FONTE:SinanOn-lineeE-SUS VS(bancodedadosatualizadoem12/05/2025).Dadossujeitosaalteração.
13","Casos prováveis e incidência (por 100.000 habitantes) de dengue, SE 01 a SE 19, Brasil, 2024 e 2025 Casos prováveis (n) Coeficiente de incidência Região/UF SE 01 aSE 19 SE 01 aSE 19 2024 2025 2024 2025 Norte 39.192 31.396 225,9 181,0 Rondônia 4.633 2.526 293,0 159,8 Acre 3.678 7.840 443,1 944,5 Amazonas 6.091 4.122 154,5 104,6 Roraima 197 234 31,0 36,8 Pará 14.816 12.593 182,6 155,2 Amapá 6.446 1.278 878,8 174,2 Tocantins 3.331 2.803 220,4 185,4 Nordeste 265.249 48.595 485,4 88,9 Maranhão 9.679 3.959 142,9 58,4 Piauí 10.120 4.131 309,6 126,4 Ceará 7.631 3.937 86,8 44,8 Rio Grande do Norte 11.688 4.361 353,9 132,1 Paraíba 9.467 3.901 238,2 98,2 Pernambuco 13.494 8.560 149,0 94,5 Alagoas 6.986 1.652 223,4 52,8 Sergipe 1.079 620 48,8 28,1 Bahia 195.105 17.474 1.380,2 123,6 Sudeste 3.509.952 906.903 4.136,8 1.068,9 Minas Gerais 1.537.049 136.126 7.483,7 662,8 Espírito Santo 118.951 25.642 3.102,9 668,9 Rio de Janeiro 268.234 23.613 1.670,8 147,1 São Paulo 1.585.718 721.522 3.569,8 1.624,3 Sul 1.004.044 185.657 3.354,3 620,2 Paraná 536.400 104.155 4.687,5 910,2 Santa Catarina 280.620 22.582 3.687,7 296,8 Rio Grande do Sul 187.024 58.920 1.718,9 541,5 Centro-Oeste 570.263 104.597 3.501,2 642,2 Mato Grosso do Sul 15.343 11.653 556,6 422,7 Mato Grosso 29.842 26.378 815,6 720,9 Goiás 264.134 59.626 3.743,8 845,1 Distrito Federal 260.944 6.940 9.263,0 246,4 Brasil 5.388.700 1.277.148 2.653,7 628,9 FONTE:SinanOn-lineeE-SUS VS(bancodedadosatualizadoem12/05/2025).Dadossujeitosaalteração.",1,tabela,"Casos prováveis e incidência (por 100.000 habitantes) de dengue, SE 01 a SE 19, Brasil, 2024 e 2025 Casos prováveis (n) Coeficiente de incidência Região/UF SE 01 aSE 19 SE 01 aSE 19 2024 2025 2024 2025 Norte 39.192 31.396 225,9 181,0 Rondônia 4.633 2.526 293,0 159,8 Acre 3.678 7.840 443,1 944,5 Amazonas 6.091 4.122 154,5 104,6 Roraima 197 234 31,0 36,8 Pará 14.816 12.593 182,6 155,2 Amapá 6.446 1.278 878,8 174,2 Tocantins 3.331 2.803 220,4 185,4 Nordeste 265.249 48.595 485,4 88,9 Maranhão 9.679 3.959 142,9 58,4 Piauí 10.120 4.131 309,6 126,4 Ceará 7.631 3.937 86,8 44,8 Rio Grande do Norte 11.688 4.361 353,9 132,1 Paraíba 9.467 3.901 238,2 98,2 Pernambuco 13.494 8.560 149,0 94,5 Alagoas 6.986 1.652 223,4 52,8 Sergipe 1.079 620 48,8 28,1 Bahia 195.105 17.474 1.380,2 123,6 Sudeste 3.509.952 906.903 4.136,8 1.068,9 Minas Gerais 1.537.049 136.126 7.483,7 662,8 Espírito Santo 118.951 25.642 3.102,9 668,9 Rio de Janeiro 268.234 23.613 1.670,8 147,1 São Paulo 1.585.718 721.522 3.569,8 1.624,3 Sul 1.004.044 185.657 3.354,3 620,2 Paraná 536.400 104.155 4.687,5 910,2 Santa Catarina 280.620 22.582 3.687,7 296,8 Rio Grande do Sul 187.024 58.920 1.718,9 541,5 Centro-Oeste 570.263 104.597 3.501,2 642,2 Mato Grosso do Sul 15.343 11.653 556,6 422,7 Mato Grosso 29.842 26.378 815,6 720,9 Goiás 264.134 59.626 3.743,8 845,1 Distrito Federal 260.944 6.940 9.263,0 246,4 Brasil 5.388.700 1.277.148 2.653,7 628,9 FONTE:SinanOn-lineeE-SUS VS(bancodedadosatualizadoem12/05/2025).Dadossujeitosaalteração."
Informe semanal nº 13.pdf,13,1,19,2025,2025-05-12,14,0,1174,"INFORME SEMANAL No 13
SE 01 a 19/2025 (12/05/2025)
Número de casos de dengue grave e dengue com sinais de alarme, SE 01 a SE 19,
Brasil, 2024 e 2025
Dengue grave (n) Dengue com sinais de alarme (n)
SE 01 aSE 19 SE 01 aSE 19
Região/UF
2024 2025 2024 2025
Norte 60 34 554 341
Rondônia
5 1 22 10
Acre
2 1 7 37
Amazonas
11 3 64 7
Roraima
0 2 1 1
Pará
27 22 257 257
Amapá
9 5 151 18
Tocantins
6 0 52 11
Nordeste 566 55 5.717 583
Maranhão
12 5 146 34
Piauí
34 19 303 111
Ceará
5 2 91 15
Rio Grande do Norte
8 2 108 20
Paraíba
4 0 126 11
Pernambuco
12 2 105 40
Alagoas
14 4 171 20
Sergipe
3 1 36 13
Bahia
474 20 4631 319
Sudeste
3.728 1.081 36.116 14.586
Minas Gerais
1.583 135 13.523 1.478
Espírito Santo
85 6 1.947 328
Rio de Janeiro
212 20 4.020 287
São Paulo
1.848 920 16.626 12.493
Sul
1.310 143 17.581 2.916
Paraná
620 113 10.371 2.410
Santa Catarina
341 8 5.052 159
Rio Grande do Sul
349 22 2.158 347
Centro-Oeste
1.081 125 16.463 2.198
Mato Grosso do Sul
29 15 358 184
Mato Grosso
55 32 605 239
Goiás
537 78 5609 1754
Distrito Federal
460 0 9891 21
Brasil
6.745 1.438 76.431 20.624
FONTE:SinanOn-lineeE-SUS VS(bancodedadosatualizadoem12/05/2025).Dadossujeitosaalteração.
14","Número de casos de dengue grave e dengue com sinais de alarme, SE 01 a SE 19, Brasil, 2024 e 2025 Dengue grave (n) Dengue com sinais de alarme (n) SE 01 aSE 19 SE 01 aSE 19 Região/UF 2024 2025 2024 2025 Norte 60 34 554 341 Rondônia 5 1 22 10 Acre 2 1 7 37 Amazonas 11 3 64 7 Roraima 0 2 1 1 Pará 27 22 257 257 Amapá 9 5 151 18 Tocantins 6 0 52 11 Nordeste 566 55 5.717 583 Maranhão 12 5 146 34 Piauí 34 19 303 111 Ceará 5 2 91 15 Rio Grande do Norte 8 2 108 20 Paraíba 4 0 126 11 Pernambuco 12 2 105 40 Alagoas 14 4 171 20 Sergipe 3 1 36 13 Bahia 474 20 4631 319 Sudeste 3.728 1.081 36.116 14.586 Minas Gerais 1.583 135 13.523 1.478 Espírito Santo 85 6 1.947 328 Rio de Janeiro 212 20 4.020 287 São Paulo 1.848 920 16.626 12.493 Sul 1.310 143 17.581 2.916 Paraná 620 113 10.371 2.410 Santa Catarina 341 8 5.052 159 Rio Grande do Sul 349 22 2.158 347 Centro-Oeste 1.081 125 16.463 2.198 Mato Grosso do Sul 29 15 358 184 Mato Grosso 55 32 605 239 Goiás 537 78 5609 1754 Distrito Federal 460 0 9891 21 Brasil 6.745 1.438 76.431 20.624 FONTE:SinanOn-lineeE-SUS VS(bancodedadosatualizadoem12/05/2025).Dadossujeitosaalteração.",1,tabela,"Número de casos de dengue grave e dengue com sinais de alarme, SE 01 a SE 19, Brasil, 2024 e 2025 Dengue grave (n) Dengue com sinais de alarme (n) SE 01 aSE 19 SE 01 aSE 19 Região/UF 2024 2025 2024 2025 Norte 60 34 554 341 Rondônia 5 1 22 10 Acre 2 1 7 37 Amazonas 11 3 64 7 Roraima 0 2 1 1 Pará 27 22 257 257 Amapá 9 5 151 18 Tocantins 6 0 52 11 Nordeste 566 55 5.717 583 Maranhão 12 5 146 34 Piauí 34 19 303 111 Ceará 5 2 91 15 Rio Grande do Norte 8 2 108 20 Paraíba 4 0 126 11 Pernambuco 12 2 105 40 Alagoas 14 4 171 20 Sergipe 3 1 36 13 Bahia 474 20 4631 319 Sudeste 3.728 1.081 36.116 14.586 Minas Gerais 1.583 135 13.523 1.478 Espírito Santo 85 6 1.947 328 Rio de Janeiro 212 20 4.020 287 São Paulo 1.848 920 16.626 12.493 Sul 1.310 143 17.581 2.916 Paraná 620 113 10.371 2.410 Santa Catarina 341 8 5.052 159 Rio Grande do Sul 349 22 2.158 347 Centro-Oeste 1.081 125 16.463 2.198 Mato Grosso do Sul 29 15 358 184 Mato Grosso 55 32 605 239 Goiás 537 78 5609 1754 Distrito Federal 460 0 9891 21 Brasil 6.745 1.438 76.431 20.624 FONTE:SinanOn-lineeE-SUS VS(bancodedadosatualizadoem12/05/2025).Dadossujeitosaalteração."
Informe semanal nº 13.pdf,13,1,19,2025,2025-05-12,15,0,1346,"INFORME SEMANAL No 13
SE 01 a 19/2025 (12/05/2025)
Número de óbitos confirmados, letalidade e óbitos em investigação por dengue, SE 01
a SE 19, Brasil, 2024 e 2025
Óbitos confirmados (n) Taxa de Letalidade Óbitos em Investigação
Região/UF SE 01 aSE 19 SE 01 aSE 19 SE 01 aSE 19
2024 2025 2024 2025 2024 2025
Norte 27 31 4,4 8,3 1 9
Rondônia
5 0 18,5 0,0 0 0
Acre
0 3 0,0 0,0 0 0
Amazonas
5 1 6,7 10,0 0 1
Roraima
0 2 0,0 0,0 0 0
Pará
6 22 2,1 0,0 1 7
Amapá
7 3 4,4 0,0 0 1
Tocantins
4 0 6,9 0,0 0 0
Nordeste
204 17 3,2 2,7 32 53
Maranhão 5 1 3,2 0,0 4 12
Piauí
15 7 4,5 0,0 1 2
Ceará
2 0 2,1 0,0 0 1
Rio Grande do Norte 2 0 1,7 0,0 1 2
Paraíba
8 1 6,2 0,0 0 11
Pernambuco
9 2 7,7 0,0 3 10
Alagoas
7 0 3,8 0,0 0 1
Sergipe
3 1 7,7 0,0 0 1
Bahia
153 5 3,0 1,5 23 13
Sudeste
2.924 676 7,3 4,3 259 620
Minas Gerais
1.091 61 7,2 3,8 248 84
Espírito Santo
37 0 1,8 0,0 0 12
Rio de Janeiro
206 8 4,9 2,6 0 7
São Paulo
1.590 607 8,6 4,5 11 517
Sul
1.192 86 6,3 2,8 1 76
Paraná
652 66 5,9 2,6 0 61
Santa Catarina
294 7 5,5 0,0 0 3
Rio Grande do Sul
246 13 9,8 3,5 1 12
Centro-Oeste
817 55 4,7 2,4 13 72
Mato Grosso do Sul
23 12 5,9 0,0 8 6
Mato Grosso
15 13 2,3 4,8 1 12
Goiás
362 30 5,9 1,6 3 51
Distrito Federal
417 0 4,0 0,0 1 3
Brasil
5.164 865 6,2 3,9 306 830
FONTE:SinanOn-lineeE-SUS VS(bancodedadosatualizadoem12/05/2025).Dadossujeitosaalteração.
15","Número de óbitos confirmados, letalidade e óbitos em investigação por dengue, SE 01 a SE 19, Brasil, 2024 e 2025 Óbitos confirmados (n) Taxa de Letalidade Óbitos em Investigação Região/UF SE 01 aSE 19 SE 01 aSE 19 SE 01 aSE 19 2024 2025 2024 2025 2024 2025 Norte 27 31 4,4 8,3 1 9 Rondônia 5 0 18,5 0,0 0 0 Acre 0 3 0,0 0,0 0 0 Amazonas 5 1 6,7 10,0 0 1 Roraima 0 2 0,0 0,0 0 0 Pará 6 22 2,1 0,0 1 7 Amapá 7 3 4,4 0,0 0 1 Tocantins 4 0 6,9 0,0 0 0 Nordeste 204 17 3,2 2,7 32 53 Maranhão 5 1 3,2 0,0 4 12 Piauí 15 7 4,5 0,0 1 2 Ceará 2 0 2,1 0,0 0 1 Rio Grande do Norte 2 0 1,7 0,0 1 2 Paraíba 8 1 6,2 0,0 0 11 Pernambuco 9 2 7,7 0,0 3 10 Alagoas 7 0 3,8 0,0 0 1 Sergipe 3 1 7,7 0,0 0 1 Bahia 153 5 3,0 1,5 23 13 Sudeste 2.924 676 7,3 4,3 259 620 Minas Gerais 1.091 61 7,2 3,8 248 84 Espírito Santo 37 0 1,8 0,0 0 12 Rio de Janeiro 206 8 4,9 2,6 0 7 São Paulo 1.590 607 8,6 4,5 11 517 Sul 1.192 86 6,3 2,8 1 76 Paraná 652 66 5,9 2,6 0 61 Santa Catarina 294 7 5,5 0,0 0 3 Rio Grande do Sul 246 13 9,8 3,5 1 12 Centro-Oeste 817 55 4,7 2,4 13 72 Mato Grosso do Sul 23 12 5,9 0,0 8 6 Mato Grosso 15 13 2,3 4,8 1 12 Goiás 362 30 5,9 1,6 3 51 Distrito Federal 417 0 4,0 0,0 1 3 Brasil 5.164 865 6,2 3,9 306 830 FONTE:SinanOn-lineeE-SUS VS(bancodedadosatualizadoem12/05/2025).Dadossujeitosaalteração.",1,tabela,"Número de óbitos confirmados, letalidade e óbitos em investigação por dengue, SE 01 a SE 19, Brasil, 2024 e 2025 Óbitos confirmados (n) Taxa de Letalidade Óbitos em Investigação Região/UF SE 01 aSE 19 SE 01 aSE 19 SE 01 aSE 19 2024 2025 2024 2025 2024 2025 Norte 27 31 4,4 8,3 1 9 Rondônia 5 0 18,5 0,0 0 0 Acre 0 3 0,0 0,0 0 0 Amazonas 5 1 6,7 10,0 0 1 Roraima 0 2 0,0 0,0 0 0 Pará 6 22 2,1 0,0 1 7 Amapá 7 3 4,4 0,0 0 1 Tocantins 4 0 6,9 0,0 0 0 Nordeste 204 17 3,2 2,7 32 53 Maranhão 5 1 3,2 0,0 4 12 Piauí 15 7 4,5 0,0 1 2 Ceará 2 0 2,1 0,0 0 1 Rio Grande do Norte 2 0 1,7 0,0 1 2 Paraíba 8 1 6,2 0,0 0 11 Pernambuco 9 2 7,7 0,0 3 10 Alagoas 7 0 3,8 0,0 0 1 Sergipe 3 1 7,7 0,0 0 1 Bahia 153 5 3,0 1,5 23 13 Sudeste 2.924 676 7,3 4,3 259 620 Minas Gerais 1.091 61 7,2 3,8 248 84 Espírito Santo 37 0 1,8 0,0 0 12 Rio de Janeiro 206 8 4,9 2,6 0 7 São Paulo 1.590 607 8,6 4,5 11 517 Sul 1.192 86 6,3 2,8 1 76 Paraná 652 66 5,9 2,6 0 61 Santa Catarina 294 7 5,5 0,0 0 3 Rio Grande do Sul 246 13 9,8 3,5 1 12 Centro-Oeste 817 55 4,7 2,4 13 72 Mato Grosso do Sul 23 12 5,9 0,0 8 6 Mato Grosso 15 13 2,3 4,8 1 12 Goiás 362 30 5,9 1,6 3 51 Distrito Federal 417 0 4,0 0,0 1 3 Brasil 5.164 865 6,2 3,9 306 830 FONTE:SinanOn-lineeE-SUS VS(bancodedadosatualizadoem12/05/2025).Dadossujeitosaalteração."
Informe semanal nº 13.pdf,13,1,19,2025,2025-05-12,16,0,1336,"INFORME SEMANAL No 13
SE 01 a 19/2025 (12/05/2025)
Casos prováveis e incidência (por 100.000 habitantes) de chikungunya, SE 01 a SE 19,
Brasil, 2024 e 2025
Casos Prováveis (n) Coeficiente de Incidência
Região/UF SE 01 aSE 19 SE 01 aSE 19
2024 2025 2024 2025
Norte 1.870 3.412 10,8 19,7
Rondônia
187 2.456 11,8 155,3
Acre
166 128 20,0 15,4
Amazonas
40 99 1,0 2,5
Roraima
16 26 2,5 4,1
Pará
730 336 9,0 4,1
Amapá
191 20 26,0 2,7
Tocantins
540 347 35,7 23,0
Nordeste
21.239 5.127 38,9 9,4
Maranhão
803 265 11,9 3,9
Piauí
612 281 18,7 8,6
Ceará
670 514 7,6 5,8
Rio Grande do Norte
1.821 1.044 55,1 31,6
Paraíba
1.152 385 29,0 9,7
Pernambuco
2.354 1.195 26,0 13,2
Alagoas
217 140 6,9 4,5
Sergipe
288 63 13,0 2,9
Bahia
13.322 1.240 94,2 8,8
Sudeste
168.650 22.133 198,8 26,1
Minas Gerais
150.478 10.394 732,7 50,6
Espírito Santo
8.983 1.893 234,3 49,4
Rio de Janeiro
2.991 1.202 18,6 7,5
São Paulo
6.198 8.644 14,0 19,5
Sul
823 7.119 2,7 23,8
Paraná
440 5.663 3,8 49,5
Santa Catarina
108 812 1,4 10,7
Rio Grande do Sul
275 644 2,5 5,9
Centro-Oeste
22.950 48.517 140,9 297,9
Mato Grosso do Sul
1.905 9.487 69,1 344,1
Mato Grosso
12.270 37.864 335,4 1.034,9
Goiás
8.503 1.034 120,5 14,7
Distrito Federal
272 132 9,7 4,7
Brasil
215.532 86.308 106,1 42,5
FONTE:SinanOn-lineeE-SUS VS(bancodedadosatualizadoem12/05/2025).Dadossujeitosaalteração.
16","Casos prováveis e incidência (por 100.000 habitantes) de chikungunya, SE 01 a SE 19, Brasil, 2024 e 2025 Casos Prováveis (n) Coeficiente de Incidência Região/UF SE 01 aSE 19 SE 01 aSE 19 2024 2025 2024 2025 Norte 1.870 3.412 10,8 19,7 Rondônia 187 2.456 11,8 155,3 Acre 166 128 20,0 15,4 Amazonas 40 99 1,0 2,5 Roraima 16 26 2,5 4,1 Pará 730 336 9,0 4,1 Amapá 191 20 26,0 2,7 Tocantins 540 347 35,7 23,0 Nordeste 21.239 5.127 38,9 9,4 Maranhão 803 265 11,9 3,9 Piauí 612 281 18,7 8,6 Ceará 670 514 7,6 5,8 Rio Grande do Norte 1.821 1.044 55,1 31,6 Paraíba 1.152 385 29,0 9,7 Pernambuco 2.354 1.195 26,0 13,2 Alagoas 217 140 6,9 4,5 Sergipe 288 63 13,0 2,9 Bahia 13.322 1.240 94,2 8,8 Sudeste 168.650 22.133 198,8 26,1 Minas Gerais 150.478 10.394 732,7 50,6 Espírito Santo 8.983 1.893 234,3 49,4 Rio de Janeiro 2.991 1.202 18,6 7,5 São Paulo 6.198 8.644 14,0 19,5 Sul 823 7.119 2,7 23,8 Paraná 440 5.663 3,8 49,5 Santa Catarina 108 812 1,4 10,7 Rio Grande do Sul 275 644 2,5 5,9 Centro-Oeste 22.950 48.517 140,9 297,9 Mato Grosso do Sul 1.905 9.487 69,1 344,1 Mato Grosso 12.270 37.864 335,4 1.034,9 Goiás 8.503 1.034 120,5 14,7 Distrito Federal 272 132 9,7 4,7 Brasil 215.532 86.308 106,1 42,5 FONTE:SinanOn-lineeE-SUS VS(bancodedadosatualizadoem12/05/2025).Dadossujeitosaalteração.",0,,
Informe semanal nº 13.pdf,13,1,19,2025,2025-05-12,17,0,959,"INFORME SEMANAL No 13
SE 01 a 19/2025 (12/05/2025)
Número de óbitos confirmados e óbitos em investigação de chikungunya, SE 01 a SE
19, Brasil, 2024 e 2025
Óbitos confirmados Óbitos em Investigação
Região/UF SE 01 aSE 19 SE 01 aSE 19
2024 2025 2024 2025
Norte
1 1 0 1
Rondônia 0 1 0 0
Acre
0 0 0 0
Amazonas
0 0 0 0
Roraima
0 0 0 0
Pará
0 0 0 1
Amapá
1 0 0 0
Tocantins
0 0 0 0
Nordeste
20 2 9 12
Maranhão
1 0 1 6
Piauí
0 0 1 0
Ceará
0 0 0 0
Rio Grande do Norte
1 0 0 0
Paraíba
5 1 0 0
Pernambuco
3 0 3 5
Alagoas
0 0 1 0
Sergipe
1 0 0 0
Bahia
9 1 3 1
Sudeste
134 8 19 16
Minas Gerais
115 2 15 1
Espírito Santo
5 0 0 1
Rio de Janeiro
4 2 0 2
São Paulo
10 4 4 12
Sul
0 6 0 5
Paraná
0 1 0 2
Santa Catarina
0 3 0 0
Rio Grande do Sul
0 2 0 3
Centro-Oeste
23 54 8 27
Mato Grosso do Sul
1 5 2 4
Mato Grosso
9 49 2 21
Goiás
13 0 2 2
Distrito Federal
0 0 2 0
Brasil
178 71 36 61
FONTE:SinanOn-lineeE-SUS VS(bancodedadosatualizadoem12/05/2025).Dadossujeitosaalteração.
17","Número de óbitos confirmados e óbitos em investigação de chikungunya, SE 01 a SE 19, Brasil, 2024 e 2025 Óbitos confirmados Óbitos em Investigação Região/UF SE 01 aSE 19 SE 01 aSE 19 2024 2025 2024 2025 Norte 1 1 0 1 Rondônia 0 1 0 0 Acre 0 0 0 0 Amazonas 0 0 0 0 Roraima 0 0 0 0 Pará 0 0 0 1 Amapá 1 0 0 0 Tocantins 0 0 0 0 Nordeste 20 2 9 12 Maranhão 1 0 1 6 Piauí 0 0 1 0 Ceará 0 0 0 0 Rio Grande do Norte 1 0 0 0 Paraíba 5 1 0 0 Pernambuco 3 0 3 5 Alagoas 0 0 1 0 Sergipe 1 0 0 0 Bahia 9 1 3 1 Sudeste 134 8 19 16 Minas Gerais 115 2 15 1 Espírito Santo 5 0 0 1 Rio de Janeiro 4 2 0 2 São Paulo 10 4 4 12 Sul 0 6 0 5 Paraná 0 1 0 2 Santa Catarina 0 3 0 0 Rio Grande do Sul 0 2 0 3 Centro-Oeste 23 54 8 27 Mato Grosso do Sul 1 5 2 4 Mato Grosso 9 49 2 21 Goiás 13 0 2 2 Distrito Federal 0 0 2 0 Brasil 178 71 36 61 FONTE:SinanOn-lineeE-SUS VS(bancodedadosatualizadoem12/05/2025).Dadossujeitosaalteração.",0,,
Informe semanal nº 13.pdf,13,1,19,2025,2025-05-12,18,0,1155,"INFORME SEMANAL No 13
SE 01 a 19/2025 (12/05/2025)
Casos prováveis e incidência (por 100.000 habitantes) de Zika, SE 01 a SE 18, Brasil,
2024 e 2025.
Casos Prováveis Coeficiente de Incidência
Região/UF SE 01 aSE 18 SE 01 aSE 18
2024 2025 2024 2025
Norte
425 303 2,4 1,7
Rondônia 76 13 4,8 0,8
Acre 75 128 9,0 15,4
Amazonas 67 18 1,7 0,5
Roraima 3 4 0,5 0,6
Pará 70 44 0,9 0,5
Amapá 98 6 13,4 0,8
Tocantins 36 90 2,4 6,0
Nordeste 2.187 858 4,0 1,6
Maranhão 208 104 3,1 1,5
Piauí 5 4 0,2 0,1
Ceará 98 36 1,1 0,4
Rio Grande do
Norte 838 440 25,4 13,3
Paraíba
59 8 1,5 0,2
Pernambuco
75 91 0,8 1,0
Alagoas
30 19 1,0 0,6
Sergipe
18 10 0,8 0,5
Bahia
856 146 6,1 1,0
Sudeste
332 220 0,4 0,3
Minas Gerais
154 59 0,7 0,3
Espírito Santo
68 1 1,8 0,0
Rio de Janeiro
1 3 0,0 0,0
São Paulo
109 157 0,2 0,4
Sul
26 30 0,1 0,1
Paraná
10 20 0,1 0,2
Santa Catarina
5 5 0,1 0,1
Rio Grande do
Sul 11 5 0,1 0,0
Centro-Oeste
365 1.571 2,2 9,6
Mato Grosso do
Sul 63 389 2,3 14,1
Mato Grosso
238 1.144 6,5 31,3
Goiás
54 34 0,8 0,5
Distrito Federal
10 4 0,4 0,1
Brasil
3.335 2.982 1,6 1,5
FONTE:SinanOn-lineeE-SUS VS(bancodedadosatualizadoem07/05/2025).Dadossujeitosaalteração.
18","Casos prováveis e incidência (por 100.000 habitantes) de Zika, SE 01 a SE 18, Brasil, 2024 e 2025. Casos Prováveis Coeficiente de Incidência Região/UF SE 01 aSE 18 SE 01 aSE 18 2024 2025 2024 2025 Norte 425 303 2,4 1,7 Rondônia 76 13 4,8 0,8 Acre 75 128 9,0 15,4 Amazonas 67 18 1,7 0,5 Roraima 3 4 0,5 0,6 Pará 70 44 0,9 0,5 Amapá 98 6 13,4 0,8 Tocantins 36 90 2,4 6,0 Nordeste 2.187 858 4,0 1,6 Maranhão 208 104 3,1 1,5 Piauí 5 4 0,2 0,1 Ceará 98 36 1,1 0,4 Rio Grande do Norte 838 440 25,4 13,3 Paraíba 59 8 1,5 0,2 Pernambuco 75 91 0,8 1,0 Alagoas 30 19 1,0 0,6 Sergipe 18 10 0,8 0,5 Bahia 856 146 6,1 1,0 Sudeste 332 220 0,4 0,3 Minas Gerais 154 59 0,7 0,3 Espírito Santo 68 1 1,8 0,0 Rio de Janeiro 1 3 0,0 0,0 São Paulo 109 157 0,2 0,4 Sul 26 30 0,1 0,1 Paraná 10 20 0,1 0,2 Santa Catarina 5 5 0,1 0,1 Rio Grande do Sul 11 5 0,1 0,0 Centro-Oeste 365 1.571 2,2 9,6 Mato Grosso do Sul 63 389 2,3 14,1 Mato Grosso 238 1.144 6,5 31,3 Goiás 54 34 0,8 0,5 Distrito Federal 10 4 0,4 0,1 Brasil 3.335 2.982 1,6 1,5 FONTE:SinanOn-lineeE-SUS VS(bancodedadosatualizadoem07/05/2025).Dadossujeitosaalteração.",0,,
Informe semanal nº 13.pdf,13,1,19,2025,2025-05-12,19,0,246,"INFORME SEMANAL No 13
SE 01 a 19/2025 (12/05/2025)
CASOS CONFIRMADOS DE OROPOUCHE POR UF DE LOCAL PROVÁVEL DE INFECÇÃO,
BRASIL, 2024 E 2025.
FONTE:GerenciadordeAmbiente Laboratorial(GAL). Dadosatualizadosaté28/04/2025.Dadossujeitosaalterações.
19","CASOS CONFIRMADOS DE OROPOUCHE POR UF DE LOCAL PROVÁVEL DE INFECÇÃO, BRASIL, 2024 E 2025. FONTE:GerenciadordeAmbiente Laboratorial(GAL). Dadosatualizadosaté28/04/2025.Dadossujeitosaalterações.",0,,
Informe semanal nº 13.pdf,13,1,19,2025,2025-05-12,20,0,998,"INFORME SEMANAL No 13
SE 01 a 19/2025 (12/05/2025)
Febre Amarela
Tabela 1. Estados com detecção dovírus da Febre Amarela em PNH e humanos durante o
.
períododemonitoramento 2024/2025
PRIMATAS NÃO-HUMANOS CASOS HUMANOS
REGIÃO UF (LPI)
NOTIFICADOS CONFIRMADOS NOTIFICADOS CONFIRMADOS ÓBITOS LETALIDADE (%)
Norte Acre 2 1
Amapá 43
Amazonas 5
Pará 18 211 44 7 15,9
Rondônia 1 6
Roraima 6 1 6
Tocantins 20 2 12 1 1 100,0
Nordeste Alagoas 7 0
Bahia 18 6
Ceará 1 3
Maranhão 12
Paraíba 1
Pernambuco 14 3
Piauí
Rio Grande do
29 6
Norte
Sergipe
Distrito Federal 100 8
Centro- Goiás 43 15
Oeste Mato Grosso 14 10
Mato Grosso do Sul 9
Sudeste Minas Gerais 408 16 446 11 5 45,5
FONTE:SINAN,SISS-Geo,GAL. Dadosatualizadosaté05/03/2025.Dadossujeitosaalterações.
Espírito Santo 16 38
Rio de Janeiro 50 22
São Paulo 779 72 575 57 32 56,1
Sul Paraná 77 28
Santa Catarina 92 17
Rio Grande do Sul 35 11
TOTAL 1730 91 1494 113 45 39,8
FONTE:SINAN,SISS-Geo,GAL. Dadosatualizadosaté12/05/2025.Dadossujeitosaalterações.
20","Febre Amarela Tabela 1. Estados com detecção dovírus da Febre Amarela em PNH e humanos durante o . períododemonitoramento 2024/2025 PRIMATAS NÃO-HUMANOS CASOS HUMANOS REGIÃO UF (LPI) NOTIFICADOS CONFIRMADOS NOTIFICADOS CONFIRMADOS ÓBITOS LETALIDADE (%) Norte Acre 2 1 Amapá 43 Amazonas 5 Pará 18 211 44 7 15,9 Rondônia 1 6 Roraima 6 1 6 Tocantins 20 2 12 1 1 100,0 Nordeste Alagoas 7 0 Bahia 18 6 Ceará 1 3 Maranhão 12 Paraíba 1 Pernambuco 14 3 Piauí Rio Grande do 29 6 Norte Sergipe Distrito Federal 100 8 Centro- Goiás 43 15 Oeste Mato Grosso 14 10 Mato Grosso do Sul 9 Sudeste Minas Gerais 408 16 446 11 5 45,5 FONTE:SINAN,SISS-Geo,GAL. Dadosatualizadosaté05/03/2025.Dadossujeitosaalterações. Espírito Santo 16 38 Rio de Janeiro 50 22 São Paulo 779 72 575 57 32 56,1 Sul Paraná 77 28 Santa Catarina 92 17 Rio Grande do Sul 35 11 TOTAL 1730 91 1494 113 45 39,8 FONTE:SINAN,SISS-Geo,GAL. Dadosatualizadosaté12/05/2025.Dadossujeitosaalterações.",0,,
Informe Semanal nº 14.pdf,14,1,20,2025,2025-05-19,1,0,40,"SE 01 a 20/2025
No 14
26 de maio de 2025",SE 01 a 20/2025 No 14 26 de maio de 2025,0,,
Informe Semanal nº 14.pdf,14,1,20,2025,2025-05-19,2,0,2176,"INFORME SEMANAL No 14
SE 01 a 20/2025 (19/05/2025)
Introdução
Os dados de dengue, chikungunya e Oropouche apresentados neste
Informe referem-se às semanas epidemiológicas (SE) 01 a 20 de 2025 (que
correspondem ao período entre 29/12/24 e 17/05/2025). Para Zika, os dados
apresentados são do período da SE 01 a SE 19 de 2025 (que se estende de
29/12/24 a 14/05/2025). Os dados são comparados aos dados do mesmo
período de 2024. Para febre amarela, os dados referem-se ao monitoramento
2024/2025 (julho/2024 a junho/2025), atualizados até 19/05/2025. Os dados
detalhados das arboviroses dos anos de 2023 a 2025 podem ser acessados em:
https://www.gov.br/saude/pt-br/assuntos/saude-de-a-a-z/a/aedes-
aegypti/monitoramento-das-arboviroses.
Situação Epidemiológica
Dengue
Nas SE 01 a 20 de 2025, foram notificados 1.342.741 casos prováveis de
dengue, correspondendo a um coeficiente de incidência de 661,2 casos/100 mil
habitantes. Quando comparado com o mesmo período de 2024, observa-se
uma redução de 76,3% no número de casos prováveis.
As Regiões Geográficas que apresentam os maiores coeficientes de
incidência são Sudeste, Centro-Oeste e Sul. Entre as Unidades Federativas (UF),
destacam-se São Paulo, Acre, Paraná, Goiás e Mato Grosso.
Os maiores números de casos graves concentram-se nas regiões Sudeste,
Sul e Centro-Oeste. A maior parte dos óbitos está na região Sudeste. Foram
confirmados 940 óbitos no período, e 837 estão em investigação.
Foi identificada a circulação dos quatro sorotipos do vírus dengue (DENV-
1, DENV-2, DENV-3 e DENV-4), com predominância do DENV-2. Aumento da
proporção de DENV-3 foi observada desde o último trimestre de 2024. DENV-4
(vírus selvagem) foi detectado em duas amostras de Minas Gerais e três de São
Paulo. Outras detecções de DENV-4 em Mato Grosso do Sul, São Paulo e
Roraima estão em análise.
O coeficiente de incidência de dengue no Brasil encontra-se dentro do
canal endêmico do diagrama de controle, considerando a série histórica. A
estimativa nowcasting se encontra fora do canal endêmico, mas com
tendência de estabilidade de casos.
Fonte: SinanOn-line (banco de dados atualizado em 19/05/2025). Dados sujeitos a alteração.
2","Introdução Os dados de dengue, chikungunya e Oropouche apresentados neste Informe referem-se às semanas epidemiológicas (SE) 01 a 20 de 2025 (que correspondem ao período entre 29/12/24 e 17/05/2025). Para Zika, os dados apresentados são do período da SE 01 a SE 19 de 2025 (que se estende de 29/12/24 a 14/05/2025). Os dados são comparados aos dados do mesmo período de 2024. Para febre amarela, os dados referem-se ao monitoramento 2024/2025 (julho/2024 a junho/2025), atualizados até 19/05/2025. Os dados detalhados das arboviroses dos anos de 2023 a 2025 podem ser acessados em: https://www.gov.br/saude/pt-br/assuntos/saude-de-a-a-z/a/aedesaegypti/monitoramento-das-arboviroses. Situação Epidemiológica Dengue Nas SE 01 a 20 de 2025, foram notificados 1.342.741 casos prováveis de dengue, correspondendo a um coeficiente de incidência de 661,2 casos/100 mil habitantes. Quando comparado com o mesmo período de 2024, observa-se uma redução de 76,3% no número de casos prováveis. As Regiões Geográficas que apresentam os maiores coeficientes de incidência são Sudeste, Centro-Oeste e Sul. Entre as Unidades Federativas (UF), destacam-se São Paulo, Acre, Paraná, Goiás e Mato Grosso. Os maiores números de casos graves concentram-se nas regiões Sudeste, Sul e Centro-Oeste. A maior parte dos óbitos está na região Sudeste. Foram confirmados 940 óbitos no período, e 837 estão em investigação. Foi identificada a circulação dos quatro sorotipos do vírus dengue (DENV1, DENV-2, DENV-3 e DENV-4), com predominância do DENV-2. Aumento da proporção de DENV-3 foi observada desde o último trimestre de 2024. DENV-4 (vírus selvagem) foi detectado em duas amostras de Minas Gerais e três de São Paulo. Outras detecções de DENV-4 em Mato Grosso do Sul, São Paulo e Roraima estão em análise. O coeficiente de incidência de dengue no Brasil encontra-se dentro do canal endêmico do diagrama de controle, considerando a série histórica. A estimativa nowcasting se encontra fora do canal endêmico, mas com tendência de estabilidade de casos. Fonte: SinanOn-line (banco de dados atualizado em 19/05/2025). Dados sujeitos a alteração.",1,narrativa,"Dengue Nas SE 01 a 20 de 2025, foram notificados 1.342.741 casos prováveis de dengue, correspondendo a um coeficiente de incidência de 661,2 casos/100 mil habitantes. Quando comparado com o mesmo período de 2024, observa-se uma redução de 76,3% no número de casos prováveis. As Regiões Geográficas que apresentam os maiores coeficientes de incidência são Sudeste, Centro-Oeste e Sul. Entre as Unidades Federativas (UF), destacam-se São Paulo, Acre, Paraná, Goiás e Mato Grosso. Os maiores números de casos graves concentram-se nas regiões Sudeste, Sul e Centro-Oeste. A maior parte dos óbitos está na região Sudeste. Foram confirmados 940 óbitos no período, e 837 estão em investigação. Foi identificada a circulação dos quatro sorotipos do vírus dengue (DENV1, DENV-2, DENV-3 e DENV-4), com predominância do DENV-2. Aumento da proporção de DENV-3 foi observada desde o último trimestre de 2024. DENV-4 (vírus selvagem) foi detectado em duas amostras de Minas Gerais e três de São Paulo. Outras detecções de DENV-4 em Mato Grosso do Sul, São Paulo e Roraima estão em análise. O coeficiente de incidência de dengue no Brasil encontra-se dentro do canal endêmico do diagrama de controle, considerando a série histórica. A estimativa nowcasting se encontra fora do canal endêmico, mas com tendência de estabilidade de casos. Fonte: SinanOn-line (banco de dados atualizado em 19/05/2025). Dados sujeitos a alteração."
Informe Semanal nº 14.pdf,14,1,20,2025,2025-05-19,3,0,199,"INFORME SEMANAL No 14
SE 01 a 20/2025 (19/05/2025)
Diagrama de controle
Coeficiente de Incidência e óbitos
Fonte: SinanOn-line (banco de dados atualizado em 19/05/2025). Dados sujeitos a alteração.
3",Diagrama de controle Coeficiente de Incidência e óbitos Fonte: SinanOn-line (banco de dados atualizado em 19/05/2025). Dados sujeitos a alteração.,1,narrativa,Diagrama de controle Coeficiente de Incidência e óbitos Fonte: SinanOn-line (banco de dados atualizado em 19/05/2025). Dados sujeitos a alteração.
Informe Semanal nº 14.pdf,14,1,20,2025,2025-05-19,4,0,1312,"INFORME SEMANAL No 14
SE 01 a 20/2025 (19/05/2025)
Mapa de Sorotipos Dengue SE 01 a SE 20/2025
Fonte: GAL/CGLAB/SVSA/MS.
Chikungunya
Nas SE 01 a 20 de 2025, foram notificados 90.265 casos prováveis de
chikungunya, correspondendo a um coeficiente de incidência de 44,5
casos/100 mil habitantes. Quando comparado ao mesmo período de
2024, observa-se uma redução de 59,4% no número de casos prováveis.
As Regiões Geográficas que apresentam os maiores coeficientes de
incidência são a Centro-Oeste e a Sudeste. Entre as UFs, Mato Grosso, Mato
Grosso do Sul e Rondônia apresentam as maiores incidências.
Foram confirmados 75 óbitos no período, sendo 52 no Mato Grosso,
cinco em Mato Grosso do Sul e em São Paulo, três em Santa Catarina, dois
em Minas Gerais, Rio Grande do Sul e Rio de Janeiro, e um na Bahia,
Rondônia, Paraná e Paraíba. Encontram-se em investigação 68 óbitos até o
momento, sendo 29 na região Centro-Oeste e 17 na Região Sudeste.
O coeficiente de incidência de chikungunya no Brasil encontra-se
abaixo do limite inferior do canal endêmico do diagrama de controle,
considerando a série histórica. A estimativa nowcasting se encontra dentro
do canal endêmico, e abaixo da mediana de casos da série histórica.
Fonte: SinanOn-line (banco de dados atualizado em 19/05/2025). Dados sujeitos a alteração.
4","Mapa de Sorotipos Dengue SE 01 a SE 20/2025 Fonte: GAL/CGLAB/SVSA/MS. Chikungunya Nas SE 01 a 20 de 2025, foram notificados 90.265 casos prováveis de chikungunya, correspondendo a um coeficiente de incidência de 44,5 casos/100 mil habitantes. Quando comparado ao mesmo período de 2024, observa-se uma redução de 59,4% no número de casos prováveis. As Regiões Geográficas que apresentam os maiores coeficientes de incidência são a Centro-Oeste e a Sudeste. Entre as UFs, Mato Grosso, Mato Grosso do Sul e Rondônia apresentam as maiores incidências. Foram confirmados 75 óbitos no período, sendo 52 no Mato Grosso, cinco em Mato Grosso do Sul e em São Paulo, três em Santa Catarina, dois em Minas Gerais, Rio Grande do Sul e Rio de Janeiro, e um na Bahia, Rondônia, Paraná e Paraíba. Encontram-se em investigação 68 óbitos até o momento, sendo 29 na região Centro-Oeste e 17 na Região Sudeste. O coeficiente de incidência de chikungunya no Brasil encontra-se abaixo do limite inferior do canal endêmico do diagrama de controle, considerando a série histórica. A estimativa nowcasting se encontra dentro do canal endêmico, e abaixo da mediana de casos da série histórica. Fonte: SinanOn-line (banco de dados atualizado em 19/05/2025). Dados sujeitos a alteração.",1,narrativa,Mapa de Sorotipos Dengue SE 01 a SE 20/2025 Fonte: GAL/CGLAB/SVSA/MS.
Informe Semanal nº 14.pdf,14,1,20,2025,2025-05-19,5,0,199,"INFORME SEMANAL No 14
SE 01 a 20/2025 (19/05/2025)
Diagrama de controle
Coeficiente de Incidência e óbitos
Fonte: SinanOn-line (banco de dados atualizado em 19/05/2025). Dados sujeitos a alteração.
5",Diagrama de controle Coeficiente de Incidência e óbitos Fonte: SinanOn-line (banco de dados atualizado em 19/05/2025). Dados sujeitos a alteração.,0,,
Informe Semanal nº 14.pdf,14,1,20,2025,2025-05-19,6,0,1610,"INFORME SEMANAL No 14
SE 01 a 19/2025 (12/05/2025)
Zika
Entre as Semanas Epidemiológicas 01 e 19 de 2025, foram notificados
3.163 casos prováveis de Zika no Brasil, com coeficiente de incidência de 1,6
casos/100 mil habitantes. Quando comparado ao mesmo período de 2024,
observa-se uma redução de 11,8%. Em relação às gestantes, 58 foram
confirmadas e 223 permanecem em investigação. No período, foi notificado
um óbito, que se encontra em investigação.
As Regiões Centro-Oeste e Norte apresentam os maiores coeficientes
de incidência. Em relação às UFs, os maiores coeficientes de incidência
estão no Mato Grosso, Rio Grande do Norte, Mato Grosso do Sul e Tocantins.
O coeficiente de incidência de Zika no Brasil, encontra-se abaixo do
limite inferior do canal endêmico do diagrama de controle2, considerando a
série histórica, assim como a estimativa de nowcasting.
Diagrama de controle2 Incidência e gestantes
1O nowcasting (linha tracejada vermelha) corrige os atrasos inerentes aos sistemas de vigilância epidemiológica e
estima o número de casos em um determinado momento, considerando os dados disponíveis e as características do
processodenotificação,contribuindoparaaantecipaçãodaavaliaçãodatendênciadealtaoubaixadaincidência.
2 O diagrama decontroleé uma ferramenta gráficaque permite acompanhar a variação do coeficiente de incidência
(linha azul) de uma determinada doença ao longo do tempo em relação ao canal endêmico, que define a faixa de
variaçãoesperadaparaaincidênciadadoençacombaseemdadoshistóricos.
Fonte: Sinan-Net (banco de dados atualizados em 14/05/2025). Dados sujeitos a alteração.
6","Zika Entre as Semanas Epidemiológicas 01 e 19 de 2025, foram notificados 3.163 casos prováveis de Zika no Brasil, com coeficiente de incidência de 1,6 casos/100 mil habitantes. Quando comparado ao mesmo período de 2024, observa-se uma redução de 11,8%. Em relação às gestantes, 58 foram confirmadas e 223 permanecem em investigação. No período, foi notificado um óbito, que se encontra em investigação. As Regiões Centro-Oeste e Norte apresentam os maiores coeficientes de incidência. Em relação às UFs, os maiores coeficientes de incidência estão no Mato Grosso, Rio Grande do Norte, Mato Grosso do Sul e Tocantins. O coeficiente de incidência de Zika no Brasil, encontra-se abaixo do limite inferior do canal endêmico do diagrama de controle2, considerando a série histórica, assim como a estimativa de nowcasting. Diagrama de controle2 Incidência e gestantes 1O nowcasting (linha tracejada vermelha) corrige os atrasos inerentes aos sistemas de vigilância epidemiológica e estima o número de casos em um determinado momento, considerando os dados disponíveis e as características do processodenotificação,contribuindoparaaantecipaçãodaavaliaçãodatendênciadealtaoubaixadaincidência. 2 O diagrama decontroleé uma ferramenta gráficaque permite acompanhar a variação do coeficiente de incidência (linha azul) de uma determinada doença ao longo do tempo em relação ao canal endêmico, que define a faixa de variaçãoesperadaparaaincidênciadadoençacombaseemdadoshistóricos. Fonte: Sinan-Net (banco de dados atualizados em 14/05/2025). Dados sujeitos a alteração.",0,,
Informe Semanal nº 14.pdf,14,1,20,2025,2025-05-19,7,0,990,"INFORME SEMANAL No 14
SE 01 a 20/2025 (19/05/2025)
Dengue
(Incidência)
661,2 940
-76,3%
CASOS/100 MIL HAB. ÓBITOS
Em relação
ao número
1.342.741 Casos prováveis Óbitos em
837 de casos
investigação
no mesmo
Casos graves e com
23.042
período de
sinais de alarme 4,0% Letalidade1
2024
Chikungunya
(Incidência)
44,5 75
-59,4%
CASOS/100 MIL HAB. ÓBITOS
Em relação
ao número
Óbitos em
90.265 Casos prováveis 68 de casos
investigação
no mesmo
período de
0,1% Letalidade2 2024
Zika
(Incidência)
1,6 0
-11,8%
CASOS/100 MIL HAB. ÓBITOS
Em relação
ao número
3.163 Casos prováveis de casos
281
no mesmo
período de
CASOS PROVÁVEIS
2024
EM GESTANTES
1Para o cálculo da letalidade, foram considerados no denominador os casos de dengue grave e de dengue com sinais de
alarme.
2Paraocálculodaletalidade,foramconsideradosnodenominadoroscasosprováveisdechikungunya.
FONTE:: Sinan On-line (banco de dados atualizado em 19/05/2025); Sinan NET (banco de dados atualizado em
07/05/2025).Dadossujeitosaalteração.
7","Dengue (Incidência) 661,2 940 -76,3% CASOS/100 MIL HAB. ÓBITOS Em relação ao número 1.342.741 Casos prováveis Óbitos em 837 de casos investigação no mesmo Casos graves e com 23.042 período de sinais de alarme 4,0% Letalidade1 2024 Chikungunya (Incidência) 44,5 75 -59,4% CASOS/100 MIL HAB. ÓBITOS Em relação ao número Óbitos em 90.265 Casos prováveis 68 de casos investigação no mesmo período de 0,1% Letalidade2 2024 Zika (Incidência) 1,6 0 -11,8% CASOS/100 MIL HAB. ÓBITOS Em relação ao número 3.163 Casos prováveis de casos 281 no mesmo período de CASOS PROVÁVEIS 2024 EM GESTANTES 1Para o cálculo da letalidade, foram considerados no denominador os casos de dengue grave e de dengue com sinais de alarme. 2Paraocálculodaletalidade,foramconsideradosnodenominadoroscasosprováveisdechikungunya. FONTE:: Sinan On-line (banco de dados atualizado em 19/05/2025); Sinan NET (banco de dados atualizado em 07/05/2025).Dadossujeitosaalteração.",1,narrativa,"Dengue (Incidência) 661,2 940 -76,3% CASOS/100 MIL HAB. ÓBITOS Em relação ao número 1.342.741 Casos prováveis Óbitos em 837 de casos investigação no mesmo Casos graves e com 23.042 período de sinais de alarme 4,0% Letalidade1 2024"
Informe Semanal nº 14.pdf,14,1,20,2025,2025-05-19,8,0,1174,"INFORME SEMANAL No 14
SE 01 a 20/2025 (19/05/2025)
Oropouche
Entre as SE 01 e 20/2025, foram confirmados 10.571 casos de
Oropouche no Brasil, o que representa um aumento de 57,9% quando
comparado com o mesmo período do ano anterior, em que foram
registrados 6.694 casos. Em 2025, até o momento, foram identificados dois
óbitos associados à infecção pelo vírus Oropouche, no Espírito Santo (1), Rio
de Janeiro (1). Ainda, se encontram em investigação outros três óbitos, em
São Paulo (1) e no Rio de Janeiro (2).
CASOS DE OROPOUCHE POR SE DE INÍCIO DE SINTOMAS, BRASIL, 2024 E 2025
Os casos identificados estão distribuídos de maneira equitativa
entre os sexos, com 52,4% das detecções em indivíduos do sexo
masculino. As faixas etárias entre 20 e 59 anos concentram 52,4% dos
casos. Entre os menores de 1 ano, foram registrados 12 casos, sendo seis
no Rio de Janeiro, quatro no Espírito Santo* , um no Ceará e um na
Paraíba.
CASOS DE OROPOUCHE POR SEXO E FAIXA ETÁRIA, BRASIL, 2025
*Um casono Espírito Santo emmenorde1 anocom informaçãode sexoignorada.
Fonte:Gerenciador de Ambiente Laboratorial (GAL) (banco de dados atualizado em 19/05/2025).
Dados sujeitos aalterações.
8","Oropouche Entre as SE 01 e 20/2025, foram confirmados 10.571 casos de Oropouche no Brasil, o que representa um aumento de 57,9% quando comparado com o mesmo período do ano anterior, em que foram registrados 6.694 casos. Em 2025, até o momento, foram identificados dois óbitos associados à infecção pelo vírus Oropouche, no Espírito Santo (1), Rio de Janeiro (1). Ainda, se encontram em investigação outros três óbitos, em São Paulo (1) e no Rio de Janeiro (2). CASOS DE OROPOUCHE POR SE DE INÍCIO DE SINTOMAS, BRASIL, 2024 E 2025 Os casos identificados estão distribuídos de maneira equitativa entre os sexos, com 52,4% das detecções em indivíduos do sexo masculino. As faixas etárias entre 20 e 59 anos concentram 52,4% dos casos. Entre os menores de 1 ano, foram registrados 12 casos, sendo seis no Rio de Janeiro, quatro no Espírito Santo* , um no Ceará e um na Paraíba. CASOS DE OROPOUCHE POR SEXO E FAIXA ETÁRIA, BRASIL, 2025 *Um casono Espírito Santo emmenorde1 anocom informaçãode sexoignorada. Fonte:Gerenciador de Ambiente Laboratorial (GAL) (banco de dados atualizado em 19/05/2025). Dados sujeitos aalterações.",0,,
Informe Semanal nº 14.pdf,14,1,20,2025,2025-05-19,9,0,1667,"INFORME SEMANAL No 14
SE 01 a 20/2025 (19/05/2025)
Oropouche
Em 2025, a UF com maior número de casos é o Espírito Santo (n=
6.200), cujo aumento vem ocorrendo desde o segundo semestre de 2024.
Destacam-se ainda Rio de Janeiro (n=2.013), Paraíba (n=640) e Ceará
(n=596). Transmissão ativa também foi registrada em Roraima, Rondônia,
Amapá, Tocantins, Bahia, Minas Gerais, São Paulo, Mato Grosso do Sul,
Santa Catarina e Paraná.
Os casos identificados no Pará, Maranhão, Piauí, Pernambuco, Mato
Grosso, Goiás, Distrito Federal e Rio Grande do Sul apresentaram Local
Provável de Infecção (LPI) em estados com transmissão autóctone (Espírito
Santo, Rio de Janeiro e Paraíba).
FONTE: Gerenciador de Ambiente Laboratorial (GAL). Dados atualizados até 19/05/2025. Dados sujeitos a alterações.
Febre Amarela
No período de monitoramento 2024/2025 (julho/2024 a junho/2025),
atualizado até 12/05/2025, ocorreram 96 registros de transmissão do vírus
em PNH, nos estados de São Paulo [77] (Amparo [2], Atibaia [1], Bragança
Paulista [1], Caçapava [1], Campinas [4], Colina [1], Cravinhos [1],
Descalvado [1], Guarulhos [1], Itatiba [1], Joanópolis [3], Louveira [1], Luís
Antônio [9], Mairiporã [2], Osasco [1], Pedra Bela [1], Pinhalzinho [1],
Pitangueiras [2], Ribeirão Preto [30], Santa Rita do Passa Quatro [1], Santo
Antônio do Pinhal [1], Serra Azul [1], Serra Negra [2], Socorro [1] e Valinhos
[7]), Minas Gerais [16] (Albertina [1], Camanducaia [1], Córrego do Bom
Jesus [1], Estiva [2], Ipuiúna [2], Paraisópolis [1], Poço Fundo [1], Poços de
Caldas [1], Ponte Nova [1], Sapucaí-Mirim [2], Toledo[1] e Virgínia [2]),
Tocantins [2] (Palmas) e Roraima [1] (Alto Alegre).
9","Oropouche Em 2025, a UF com maior número de casos é o Espírito Santo (n= 6.200), cujo aumento vem ocorrendo desde o segundo semestre de 2024. Destacam-se ainda Rio de Janeiro (n=2.013), Paraíba (n=640) e Ceará (n=596). Transmissão ativa também foi registrada em Roraima, Rondônia, Amapá, Tocantins, Bahia, Minas Gerais, São Paulo, Mato Grosso do Sul, Santa Catarina e Paraná. Os casos identificados no Pará, Maranhão, Piauí, Pernambuco, Mato Grosso, Goiás, Distrito Federal e Rio Grande do Sul apresentaram Local Provável de Infecção (LPI) em estados com transmissão autóctone (Espírito Santo, Rio de Janeiro e Paraíba). FONTE: Gerenciador de Ambiente Laboratorial (GAL). Dados atualizados até 19/05/2025. Dados sujeitos a alterações. Febre Amarela No período de monitoramento 2024/2025 (julho/2024 a junho/2025), atualizado até 12/05/2025, ocorreram 96 registros de transmissão do vírus em PNH, nos estados de São Paulo [77] (Amparo [2], Atibaia [1], Bragança Paulista [1], Caçapava [1], Campinas [4], Colina [1], Cravinhos [1], Descalvado [1], Guarulhos [1], Itatiba [1], Joanópolis [3], Louveira [1], Luís Antônio [9], Mairiporã [2], Osasco [1], Pedra Bela [1], Pinhalzinho [1], Pitangueiras [2], Ribeirão Preto [30], Santa Rita do Passa Quatro [1], Santo Antônio do Pinhal [1], Serra Azul [1], Serra Negra [2], Socorro [1] e Valinhos [7]), Minas Gerais [16] (Albertina [1], Camanducaia [1], Córrego do Bom Jesus [1], Estiva [2], Ipuiúna [2], Paraisópolis [1], Poço Fundo [1], Poços de Caldas [1], Ponte Nova [1], Sapucaí-Mirim [2], Toledo[1] e Virgínia [2]), Tocantins [2] (Palmas) e Roraima [1] (Alto Alegre).",0,,
Informe Semanal nº 14.pdf,14,1,20,2025,2025-05-19,10,0,1377,"INFORME SEMANAL No 14
SE 01 a 20/2025 (19/05/2025)
Febre Amarela
No mesmo período, foram confirmados 114 casos humanos de febre
amarela, dos quais 45 evoluíram para óbito, resultando em letalidade de
39,5%. Os casos tiveram os locais prováveis de infecção (LPI) nos estados de
São Paulo [57] (Águas de Lindóia [1], Águas de São Pedro [1], Amparo [1],
Bragança Paulista [2], Brotas [2], Caçapava [6], Campinas [3], Itatiba [1],
Itirapina [1], Jambeiro [3], Joanópolis [11], Monteiro Lobato [1], Nazaré
Paulista [4], Paraibuna [1], Pedra Bela [2], Pedreira [2], Pindamonhangaba
[1], Piracaia [3], Santa Rita do Passa Quatro [1], São Carlos [1], São José dos
Campos [1], Socorro [4], Taubaté [1], Tuiuti [1], Valinhos [1] e Vargem [1]),
Pará [45] (Afuá [1], Breves [42], Cametá [1], Melgaço [1]), Minas Gerais [11]
(Camanducaia [1], Cambuí [1], Extrema [1], Gonçalves [1], Maria da Fé [1],
Monte Sião [1], Poços de Caldas [1], Pouso Alegre [1], Sapucaí-Mirim [1],
Silvianópolis [1] e Soledade de Minas [1]) e Tocantins [1] (Monte do Carmo).
Entre os casos, 103 (90,4%) eram do sexo masculino, com idades
entre 10 e 75 anos. Um dos indivíduos tinha histórico de vacinação em 2017
e evoluiu para o óbito.
Municípios com detecção do vírus da Febre Amarela em PNH e Humanos, monitoramento
2024/2025.
FONTE:SINAN,SISS-Geo,GAL. Dadosatualizadosaté23/05/2025.Dadossujeitosaalterações.
10","Febre Amarela No mesmo período, foram confirmados 114 casos humanos de febre amarela, dos quais 45 evoluíram para óbito, resultando em letalidade de 39,5%. Os casos tiveram os locais prováveis de infecção (LPI) nos estados de São Paulo [57] (Águas de Lindóia [1], Águas de São Pedro [1], Amparo [1], Bragança Paulista [2], Brotas [2], Caçapava [6], Campinas [3], Itatiba [1], Itirapina [1], Jambeiro [3], Joanópolis [11], Monteiro Lobato [1], Nazaré Paulista [4], Paraibuna [1], Pedra Bela [2], Pedreira [2], Pindamonhangaba [1], Piracaia [3], Santa Rita do Passa Quatro [1], São Carlos [1], São José dos Campos [1], Socorro [4], Taubaté [1], Tuiuti [1], Valinhos [1] e Vargem [1]), Pará [45] (Afuá [1], Breves [42], Cametá [1], Melgaço [1]), Minas Gerais [11] (Camanducaia [1], Cambuí [1], Extrema [1], Gonçalves [1], Maria da Fé [1], Monte Sião [1], Poços de Caldas [1], Pouso Alegre [1], Sapucaí-Mirim [1], Silvianópolis [1] e Soledade de Minas [1]) e Tocantins [1] (Monte do Carmo). Entre os casos, 103 (90,4%) eram do sexo masculino, com idades entre 10 e 75 anos. Um dos indivíduos tinha histórico de vacinação em 2017 e evoluiu para o óbito. Municípios com detecção do vírus da Febre Amarela em PNH e Humanos, monitoramento 2024/2025. FONTE:SINAN,SISS-Geo,GAL. Dadosatualizadosaté23/05/2025.Dadossujeitosaalterações.",0,,
Informe Semanal nº 14.pdf,14,1,20,2025,2025-05-19,11,0,1053,"INFORME SEMANAL No 14
SE 01 a 20/2025 (22/05/2025)
Ações realizadas
• Realização de mais uma etapa da Pesquisa para o controle vetorial de Culicoides
paraensis e investigação da circulação do vírus Oropouche em amostras de vetores no
estado do Espírito Santo
• Investigação para caracterização ambiental e avaliação da circulação do vírus
Oropouche a partir de amostras de vetores coletadas no município de Baturité-CE
• Capacitação sobre as novas Diretrizes Nacionais para Prevenção e Controle das
Arboviroses Urbanas para os Agentes de Combate às Endemias (ACE) do Estado de Goiás
• Participação do Lançamento do Projeto Todos Contra o Aedes aegypti em Rio Branco/AC
• Capacitação de Manejo Integrado de Vetores para Agentes de Combate as Endemias e
Agentes Indígenas e instalação de ovitrampas na aldeia Trevo do Parque do Município de
Itamaraju/BA
• Oficina de fortalecimento da linha de cuidado para crianças com Síndrome Congênita
associada à infecção pelo vírus Zika (SCZ)
• Investigação entomológica de Oropouche no município de Bananeiras-PB
11",Ações realizadas • Realização de mais uma etapa da Pesquisa para o controle vetorial de Culicoides paraensis e investigação da circulação do vírus Oropouche em amostras de vetores no estado do Espírito Santo • Investigação para caracterização ambiental e avaliação da circulação do vírus Oropouche a partir de amostras de vetores coletadas no município de Baturité-CE • Capacitação sobre as novas Diretrizes Nacionais para Prevenção e Controle das Arboviroses Urbanas para os Agentes de Combate às Endemias (ACE) do Estado de Goiás • Participação do Lançamento do Projeto Todos Contra o Aedes aegypti em Rio Branco/AC • Capacitação de Manejo Integrado de Vetores para Agentes de Combate as Endemias e Agentes Indígenas e instalação de ovitrampas na aldeia Trevo do Parque do Município de Itamaraju/BA • Oficina de fortalecimento da linha de cuidado para crianças com Síndrome Congênita associada à infecção pelo vírus Zika (SCZ) • Investigação entomológica de Oropouche no município de Bananeiras-PB,0,,
Informe Semanal nº 14.pdf,14,1,20,2025,2025-05-19,12,0,424,"INFORME SEMANAL No 14
SE 01 a 20/2025 (19/05/2025)
Insumos distribuídos
Laboratoriais1
552.576
Sorologia Reações
229.899
Biologia Molecular ZDC Reações
229.899
Biologia Molecular OROV/MAYV Reações
10.642
Biologia Molecular Febre Amarela Reações
Inseticidas2
110.360
Larvicida Kg
5.995
Adulticida para PE Kg
200.220
Adulticida para UBV L
1Dadosatualizadosem 22/05/2025.Fonte:CGLAB.
2Dadosatualizadosem22/05/2025.Fonte:SIES
12",Insumos distribuídos Laboratoriais1 552.576 Sorologia Reações 229.899 Biologia Molecular ZDC Reações 229.899 Biologia Molecular OROV/MAYV Reações 10.642 Biologia Molecular Febre Amarela Reações Inseticidas2 110.360 Larvicida Kg 5.995 Adulticida para PE Kg 200.220 Adulticida para UBV L 1Dadosatualizadosem 22/05/2025.Fonte:CGLAB. 2Dadosatualizadosem22/05/2025.Fonte:SIES,0,,
Informe Semanal nº 14.pdf,14,1,20,2025,2025-05-19,13,0,1555,"INFORME SEMANAL No 14
SE 01 a 20/2025 (19/05/2025)
Casos prováveis e incidência (por 100.000 habitantes) de dengue, SE 01 a SE 20, Brasil,
2024 e 2025
Casos prováveis (n) Coeficiente de incidência
Região/UF SE 01 aSE 20 SE 01 aSE 20
2024 2025 2024 2025
Norte
40.187 32.098 231,6 185,0
Rondônia
4.688 2.605 296,5 164,8
Acre
3.708 7.875 446,7 948,8
Amazonas
6.164 4.102 156,4 104,1
Roraima
219 251 34,4 39,4
Pará
15.252 12.876 187,9 158,6
Amapá
6.636 1.350 904,7 184,0
Tocantins
3.520 3.039 232,9 201,1
Nordeste
276.375 51.997 505,8 95,2
Maranhão
9.924 4.199 146,5 62,0
Piauí
10.787 4.461 330,0 136,5
Ceará
8.078 3.955 91,9 45,0
Rio Grande do Norte
12.081 4.707 365,8 142,5
Paraíba
9.827 4.160 247,3 104,7
Pernambuco
14.372 9.330 158,7 103,0
Alagoas
7.582 1.955 242,4 62,5
Sergipe
1.126 556 51,0 25,2
Bahia
202.598 18.674 1.433,2 132,1
Sudeste
3.700.086 947.088 4.360,9 1.116,2
Minas Gerais
1.571.485 142.911 7.651,3 695,8
Espírito Santo
123.018 25.868 3.209,0 674,8
Rio de Janeiro
274.053 25.064 1.707,0 156,1
São Paulo
1.731.530 753.245 3.898,0 1.695,7
Sul
1.071.886 200.030 3.580,9 668,3
Paraná
569.611 107.820 4.977,7 942,2
Santa Catarina
300.810 24.664 3.953,0 324,1
Rio Grande do Sul
201.465 67.546 1.851,6 620,8
Centro-Oeste
587.641 111.528 3.607,9 684,7
Mato Grosso do Sul
16.215 12.174 588,2 441,6
Mato Grosso
31.684 27.071 866,0 739,9
Goiás
275.672 65.412 3.907,3 927,1
Distrito Federal
264.070 6.871 9.373,9 243,9
Brasil
5.676.175 1.342.741 2.795,3 661,2
FONTE:SinanOn-lineeE-SUS VS(bancodedadosatualizadoem19/05/2025).Dadossujeitosaalteração.
13","Casos prováveis e incidência (por 100.000 habitantes) de dengue, SE 01 a SE 20, Brasil, 2024 e 2025 Casos prováveis (n) Coeficiente de incidência Região/UF SE 01 aSE 20 SE 01 aSE 20 2024 2025 2024 2025 Norte 40.187 32.098 231,6 185,0 Rondônia 4.688 2.605 296,5 164,8 Acre 3.708 7.875 446,7 948,8 Amazonas 6.164 4.102 156,4 104,1 Roraima 219 251 34,4 39,4 Pará 15.252 12.876 187,9 158,6 Amapá 6.636 1.350 904,7 184,0 Tocantins 3.520 3.039 232,9 201,1 Nordeste 276.375 51.997 505,8 95,2 Maranhão 9.924 4.199 146,5 62,0 Piauí 10.787 4.461 330,0 136,5 Ceará 8.078 3.955 91,9 45,0 Rio Grande do Norte 12.081 4.707 365,8 142,5 Paraíba 9.827 4.160 247,3 104,7 Pernambuco 14.372 9.330 158,7 103,0 Alagoas 7.582 1.955 242,4 62,5 Sergipe 1.126 556 51,0 25,2 Bahia 202.598 18.674 1.433,2 132,1 Sudeste 3.700.086 947.088 4.360,9 1.116,2 Minas Gerais 1.571.485 142.911 7.651,3 695,8 Espírito Santo 123.018 25.868 3.209,0 674,8 Rio de Janeiro 274.053 25.064 1.707,0 156,1 São Paulo 1.731.530 753.245 3.898,0 1.695,7 Sul 1.071.886 200.030 3.580,9 668,3 Paraná 569.611 107.820 4.977,7 942,2 Santa Catarina 300.810 24.664 3.953,0 324,1 Rio Grande do Sul 201.465 67.546 1.851,6 620,8 Centro-Oeste 587.641 111.528 3.607,9 684,7 Mato Grosso do Sul 16.215 12.174 588,2 441,6 Mato Grosso 31.684 27.071 866,0 739,9 Goiás 275.672 65.412 3.907,3 927,1 Distrito Federal 264.070 6.871 9.373,9 243,9 Brasil 5.676.175 1.342.741 2.795,3 661,2 FONTE:SinanOn-lineeE-SUS VS(bancodedadosatualizadoem19/05/2025).Dadossujeitosaalteração.",1,tabela,"Casos prováveis e incidência (por 100.000 habitantes) de dengue, SE 01 a SE 20, Brasil, 2024 e 2025 Casos prováveis (n) Coeficiente de incidência Região/UF SE 01 aSE 20 SE 01 aSE 20 2024 2025 2024 2025 Norte 40.187 32.098 231,6 185,0 Rondônia 4.688 2.605 296,5 164,8 Acre 3.708 7.875 446,7 948,8 Amazonas 6.164 4.102 156,4 104,1 Roraima 219 251 34,4 39,4 Pará 15.252 12.876 187,9 158,6 Amapá 6.636 1.350 904,7 184,0 Tocantins 3.520 3.039 232,9 201,1 Nordeste 276.375 51.997 505,8 95,2 Maranhão 9.924 4.199 146,5 62,0 Piauí 10.787 4.461 330,0 136,5 Ceará 8.078 3.955 91,9 45,0 Rio Grande do Norte 12.081 4.707 365,8 142,5 Paraíba 9.827 4.160 247,3 104,7 Pernambuco 14.372 9.330 158,7 103,0 Alagoas 7.582 1.955 242,4 62,5 Sergipe 1.126 556 51,0 25,2 Bahia 202.598 18.674 1.433,2 132,1 Sudeste 3.700.086 947.088 4.360,9 1.116,2 Minas Gerais 1.571.485 142.911 7.651,3 695,8 Espírito Santo 123.018 25.868 3.209,0 674,8 Rio de Janeiro 274.053 25.064 1.707,0 156,1 São Paulo 1.731.530 753.245 3.898,0 1.695,7 Sul 1.071.886 200.030 3.580,9 668,3 Paraná 569.611 107.820 4.977,7 942,2 Santa Catarina 300.810 24.664 3.953,0 324,1 Rio Grande do Sul 201.465 67.546 1.851,6 620,8 Centro-Oeste 587.641 111.528 3.607,9 684,7 Mato Grosso do Sul 16.215 12.174 588,2 441,6 Mato Grosso 31.684 27.071 866,0 739,9 Goiás 275.672 65.412 3.907,3 927,1 Distrito Federal 264.070 6.871 9.373,9 243,9 Brasil 5.676.175 1.342.741 2.795,3 661,2 FONTE:SinanOn-lineeE-SUS VS(bancodedadosatualizadoem19/05/2025).Dadossujeitosaalteração."
Informe Semanal nº 14.pdf,14,1,20,2025,2025-05-19,14,0,1176,"INFORME SEMANAL No 14
SE 01 a 20/2025 (19/05/2025)
Número de casos de dengue grave e dengue com sinais de alarme, SE 01 a SE 20,
Brasil, 2024 e 2025
Dengue grave (n) Dengue com sinais de alarme (n)
SE 01 aSE 20 SE 01 aSE 20
Região/UF
2024 2025 2024 2025
Norte 64 34 585 365
Rondônia
5 1 23 10
Acre
2 1 8 37
Amazonas
11 3 64 8
Roraima
0 2 1 2
Pará
28 22 267 276
Amapá
11 5 167 21
Tocantins
7 0 55 11
Nordeste 590 58 6.038 643
Maranhão
13 5 157 34
Piauí
37 20 361 116
Ceará
5 2 99 14
Rio Grande do Norte
8 2 113 21
Paraíba
4 0 128 13
Pernambuco
12 4 118 43
Alagoas
15 3 201 21
Sergipe
3 1 37 18
Bahia
493 21 4824 363
Sudeste
3.946 1.145 38.638 15.478
Minas Gerais
1.619 146 13.776 1.598
Espírito Santo
89 8 2.010 330
Rio de Janeiro
219 22 4.155 303
São Paulo
2.019 969 18.697 13.247
Sul
1.391 160 18.949 3.118
Paraná
652 121 11.161 2.580
Santa Catarina
371 10 5.455 171
Rio Grande do Sul
368 29 2.333 367
Centro-Oeste
1.118 131 16.996 2.438
Mato Grosso do Sul
30 14 385 187
Mato Grosso
56 32 639 258
Goiás
565 84 5978 1977
Distrito Federal
467 1 9994 16
Brasil
7.109 1.528 81.206 22.042
FONTE:SinanOn-lineeE-SUS VS(bancodedadosatualizadoem19/05/2025).Dadossujeitosaalteração.
14","Número de casos de dengue grave e dengue com sinais de alarme, SE 01 a SE 20, Brasil, 2024 e 2025 Dengue grave (n) Dengue com sinais de alarme (n) SE 01 aSE 20 SE 01 aSE 20 Região/UF 2024 2025 2024 2025 Norte 64 34 585 365 Rondônia 5 1 23 10 Acre 2 1 8 37 Amazonas 11 3 64 8 Roraima 0 2 1 2 Pará 28 22 267 276 Amapá 11 5 167 21 Tocantins 7 0 55 11 Nordeste 590 58 6.038 643 Maranhão 13 5 157 34 Piauí 37 20 361 116 Ceará 5 2 99 14 Rio Grande do Norte 8 2 113 21 Paraíba 4 0 128 13 Pernambuco 12 4 118 43 Alagoas 15 3 201 21 Sergipe 3 1 37 18 Bahia 493 21 4824 363 Sudeste 3.946 1.145 38.638 15.478 Minas Gerais 1.619 146 13.776 1.598 Espírito Santo 89 8 2.010 330 Rio de Janeiro 219 22 4.155 303 São Paulo 2.019 969 18.697 13.247 Sul 1.391 160 18.949 3.118 Paraná 652 121 11.161 2.580 Santa Catarina 371 10 5.455 171 Rio Grande do Sul 368 29 2.333 367 Centro-Oeste 1.118 131 16.996 2.438 Mato Grosso do Sul 30 14 385 187 Mato Grosso 56 32 639 258 Goiás 565 84 5978 1977 Distrito Federal 467 1 9994 16 Brasil 7.109 1.528 81.206 22.042 FONTE:SinanOn-lineeE-SUS VS(bancodedadosatualizadoem19/05/2025).Dadossujeitosaalteração.",1,tabela,"Número de casos de dengue grave e dengue com sinais de alarme, SE 01 a SE 20, Brasil, 2024 e 2025 Dengue grave (n) Dengue com sinais de alarme (n) SE 01 aSE 20 SE 01 aSE 20 Região/UF 2024 2025 2024 2025 Norte 64 34 585 365 Rondônia 5 1 23 10 Acre 2 1 8 37 Amazonas 11 3 64 8 Roraima 0 2 1 2 Pará 28 22 267 276 Amapá 11 5 167 21 Tocantins 7 0 55 11 Nordeste 590 58 6.038 643 Maranhão 13 5 157 34 Piauí 37 20 361 116 Ceará 5 2 99 14 Rio Grande do Norte 8 2 113 21 Paraíba 4 0 128 13 Pernambuco 12 4 118 43 Alagoas 15 3 201 21 Sergipe 3 1 37 18 Bahia 493 21 4824 363 Sudeste 3.946 1.145 38.638 15.478 Minas Gerais 1.619 146 13.776 1.598 Espírito Santo 89 8 2.010 330 Rio de Janeiro 219 22 4.155 303 São Paulo 2.019 969 18.697 13.247 Sul 1.391 160 18.949 3.118 Paraná 652 121 11.161 2.580 Santa Catarina 371 10 5.455 171 Rio Grande do Sul 368 29 2.333 367 Centro-Oeste 1.118 131 16.996 2.438 Mato Grosso do Sul 30 14 385 187 Mato Grosso 56 32 639 258 Goiás 565 84 5978 1977 Distrito Federal 467 1 9994 16 Brasil 7.109 1.528 81.206 22.042 FONTE:SinanOn-lineeE-SUS VS(bancodedadosatualizadoem19/05/2025).Dadossujeitosaalteração."
Informe Semanal nº 14.pdf,14,1,20,2025,2025-05-19,15,0,1346,"INFORME SEMANAL No 14
SE 01 a 20/2025 (19/05/2025)
Número de óbitos confirmados, letalidade e óbitos em investigação por dengue, SE 01
a SE 20, Brasil, 2024 e 2025
Óbitos confirmados (n) Taxa de Letalidade Óbitos em Investigação
Região/UF SE 01 aSE 20 SE 01 aSE 20 SE 01 aSE 20
2024 2025 2024 2025 2024 2025
Norte 28 32 4,3 8,0 1 11
Rondônia
5 0 17,9 0,0 0 0
Acre
0 3 0,0 0,0 0 0
Amazonas
5 1 6,7 9,1 0 2
Roraima
0 2 0,0 0,0 0 1
Pará
6 23 2,0 0,0 1 8
Amapá
7 3 3,9 0,0 0 0
Tocantins
5 0 8,1 0,0 0 0
Nordeste
211 19 3,2 2,7 37 60
Maranhão 5 1 2,9 0,0 4 12
Piauí
17 7 4,3 0,0 1 2
Ceará
2 0 1,9 0,0 0 5
Rio Grande do Norte 2 0 1,7 0,0 1 2
Paraíba
9 1 6,8 0,0 0 11
Pernambuco
9 3 6,9 0,0 5 11
Alagoas
8 1 3,7 4,2 0 1
Sergipe
3 1 7,5 0,0 0 1
Bahia
156 5 2,9 1,3 26 15
Sudeste
3.093 729 7,3 4,4 271 615
Minas Gerais
1.109 69 7,2 4,0 256 87
Espírito Santo
39 1 1,9 0,3 0 7
Rio de Janeiro
211 9 4,8 2,8 0 9
São Paulo
1.734 650 8,4 4,6 15 512
Sul
1.259 103 6,2 3,1 1 78
Paraná
682 74 5,8 2,7 0 60
Santa Catarina
312 9 5,4 0,0 0 4
Rio Grande do Sul
265 20 9,8 5,1 1 14
Centro-Oeste
836 57 4,6 2,2 15 73
Mato Grosso do Sul
23 12 5,5 0,0 9 7
Mato Grosso
16 13 2,3 4,5 1 10
Goiás
376 32 5,7 1,6 4 53
Distrito Federal
421 0 4,0 0,0 1 3
Brasil
5.427 940 6,1 4,0 325 837
FONTE:SinanOn-lineeE-SUS VS(bancodedadosatualizadoem19/05/2025).Dadossujeitosaalteração.
15","Número de óbitos confirmados, letalidade e óbitos em investigação por dengue, SE 01 a SE 20, Brasil, 2024 e 2025 Óbitos confirmados (n) Taxa de Letalidade Óbitos em Investigação Região/UF SE 01 aSE 20 SE 01 aSE 20 SE 01 aSE 20 2024 2025 2024 2025 2024 2025 Norte 28 32 4,3 8,0 1 11 Rondônia 5 0 17,9 0,0 0 0 Acre 0 3 0,0 0,0 0 0 Amazonas 5 1 6,7 9,1 0 2 Roraima 0 2 0,0 0,0 0 1 Pará 6 23 2,0 0,0 1 8 Amapá 7 3 3,9 0,0 0 0 Tocantins 5 0 8,1 0,0 0 0 Nordeste 211 19 3,2 2,7 37 60 Maranhão 5 1 2,9 0,0 4 12 Piauí 17 7 4,3 0,0 1 2 Ceará 2 0 1,9 0,0 0 5 Rio Grande do Norte 2 0 1,7 0,0 1 2 Paraíba 9 1 6,8 0,0 0 11 Pernambuco 9 3 6,9 0,0 5 11 Alagoas 8 1 3,7 4,2 0 1 Sergipe 3 1 7,5 0,0 0 1 Bahia 156 5 2,9 1,3 26 15 Sudeste 3.093 729 7,3 4,4 271 615 Minas Gerais 1.109 69 7,2 4,0 256 87 Espírito Santo 39 1 1,9 0,3 0 7 Rio de Janeiro 211 9 4,8 2,8 0 9 São Paulo 1.734 650 8,4 4,6 15 512 Sul 1.259 103 6,2 3,1 1 78 Paraná 682 74 5,8 2,7 0 60 Santa Catarina 312 9 5,4 0,0 0 4 Rio Grande do Sul 265 20 9,8 5,1 1 14 Centro-Oeste 836 57 4,6 2,2 15 73 Mato Grosso do Sul 23 12 5,5 0,0 9 7 Mato Grosso 16 13 2,3 4,5 1 10 Goiás 376 32 5,7 1,6 4 53 Distrito Federal 421 0 4,0 0,0 1 3 Brasil 5.427 940 6,1 4,0 325 837 FONTE:SinanOn-lineeE-SUS VS(bancodedadosatualizadoem19/05/2025).Dadossujeitosaalteração.",1,tabela,"Número de óbitos confirmados, letalidade e óbitos em investigação por dengue, SE 01 a SE 20, Brasil, 2024 e 2025 Óbitos confirmados (n) Taxa de Letalidade Óbitos em Investigação Região/UF SE 01 aSE 20 SE 01 aSE 20 SE 01 aSE 20 2024 2025 2024 2025 2024 2025 Norte 28 32 4,3 8,0 1 11 Rondônia 5 0 17,9 0,0 0 0 Acre 0 3 0,0 0,0 0 0 Amazonas 5 1 6,7 9,1 0 2 Roraima 0 2 0,0 0,0 0 1 Pará 6 23 2,0 0,0 1 8 Amapá 7 3 3,9 0,0 0 0 Tocantins 5 0 8,1 0,0 0 0 Nordeste 211 19 3,2 2,7 37 60 Maranhão 5 1 2,9 0,0 4 12 Piauí 17 7 4,3 0,0 1 2 Ceará 2 0 1,9 0,0 0 5 Rio Grande do Norte 2 0 1,7 0,0 1 2 Paraíba 9 1 6,8 0,0 0 11 Pernambuco 9 3 6,9 0,0 5 11 Alagoas 8 1 3,7 4,2 0 1 Sergipe 3 1 7,5 0,0 0 1 Bahia 156 5 2,9 1,3 26 15 Sudeste 3.093 729 7,3 4,4 271 615 Minas Gerais 1.109 69 7,2 4,0 256 87 Espírito Santo 39 1 1,9 0,3 0 7 Rio de Janeiro 211 9 4,8 2,8 0 9 São Paulo 1.734 650 8,4 4,6 15 512 Sul 1.259 103 6,2 3,1 1 78 Paraná 682 74 5,8 2,7 0 60 Santa Catarina 312 9 5,4 0,0 0 4 Rio Grande do Sul 265 20 9,8 5,1 1 14 Centro-Oeste 836 57 4,6 2,2 15 73 Mato Grosso do Sul 23 12 5,5 0,0 9 7 Mato Grosso 16 13 2,3 4,5 1 10 Goiás 376 32 5,7 1,6 4 53 Distrito Federal 421 0 4,0 0,0 1 3 Brasil 5.427 940 6,1 4,0 325 837 FONTE:SinanOn-lineeE-SUS VS(bancodedadosatualizadoem19/05/2025).Dadossujeitosaalteração."
Informe Semanal nº 14.pdf,14,1,20,2025,2025-05-19,16,0,1340,"INFORME SEMANAL No 14
SE 01 a 20/2025 (19/05/2025)
Casos prováveis e incidência (por 100.000 habitantes) de chikungunya, SE 01 a SE 20,
Brasil, 2024 e 2025
Casos Prováveis (n) Coeficiente de Incidência
Região/UF SE 01 aSE 20 SE 01 aSE 20
2024 2025 2024 2025
Norte 1.968 3.490 11,3 20,1
Rondônia
191 2.559 12,1 161,9
Acre
169 105 20,4 12,7
Amazonas
46 99 1,2 2,5
Roraima
19 27 3,0 4,2
Pará
762 306 9,4 3,8
Amapá
197 23 26,9 3,1
Tocantins
584 371 38,6 24,5
Nordeste
21.976 5.548 40,2 10,2
Maranhão
819 291 12,1 4,3
Piauí
640 301 19,6 9,2
Ceará
709 583 8,1 6,6
Rio Grande do Norte
1.889 1.131 57,2 34,2
Paraíba
1.183 440 29,8 11,1
Pernambuco
2.457 1.263 27,1 13,9
Alagoas
238 179 7,6 5,7
Sergipe
303 59 13,7 2,7
Bahia
13.738 1.301 97,2 9,2
Sudeste
173.068 22.670 204,0 26,7
Minas Gerais
153.703 10.999 748,4 53,6
Espírito Santo
9.451 1.986 246,5 51,8
Rio de Janeiro
3.155 1.240 19,7 7,7
São Paulo
6.759 8.445 15,2 19,0
Sul
873 7.721 2,9 25,8
Paraná
467 6.238 4,1 54,5
Santa Catarina
115 807 1,5 10,6
Rio Grande do Sul
291 676 2,7 6,2
Centro-Oeste
24.610 50.836 151,1 312,1
Mato Grosso do Sul
2.001 10.082 72,6 365,7
Mato Grosso
13.361 39.480 365,2 1.079,0
Goiás
8.955 1.130 126,9 16,0
Distrito Federal
293 144 10,4 5,1
Brasil
222.495 90.265 109,6 44,5
FONTE:SinanOn-lineeE-SUS VS(bancodedadosatualizadoem19/05/2025).Dadossujeitosaalteração.
16","Casos prováveis e incidência (por 100.000 habitantes) de chikungunya, SE 01 a SE 20, Brasil, 2024 e 2025 Casos Prováveis (n) Coeficiente de Incidência Região/UF SE 01 aSE 20 SE 01 aSE 20 2024 2025 2024 2025 Norte 1.968 3.490 11,3 20,1 Rondônia 191 2.559 12,1 161,9 Acre 169 105 20,4 12,7 Amazonas 46 99 1,2 2,5 Roraima 19 27 3,0 4,2 Pará 762 306 9,4 3,8 Amapá 197 23 26,9 3,1 Tocantins 584 371 38,6 24,5 Nordeste 21.976 5.548 40,2 10,2 Maranhão 819 291 12,1 4,3 Piauí 640 301 19,6 9,2 Ceará 709 583 8,1 6,6 Rio Grande do Norte 1.889 1.131 57,2 34,2 Paraíba 1.183 440 29,8 11,1 Pernambuco 2.457 1.263 27,1 13,9 Alagoas 238 179 7,6 5,7 Sergipe 303 59 13,7 2,7 Bahia 13.738 1.301 97,2 9,2 Sudeste 173.068 22.670 204,0 26,7 Minas Gerais 153.703 10.999 748,4 53,6 Espírito Santo 9.451 1.986 246,5 51,8 Rio de Janeiro 3.155 1.240 19,7 7,7 São Paulo 6.759 8.445 15,2 19,0 Sul 873 7.721 2,9 25,8 Paraná 467 6.238 4,1 54,5 Santa Catarina 115 807 1,5 10,6 Rio Grande do Sul 291 676 2,7 6,2 Centro-Oeste 24.610 50.836 151,1 312,1 Mato Grosso do Sul 2.001 10.082 72,6 365,7 Mato Grosso 13.361 39.480 365,2 1.079,0 Goiás 8.955 1.130 126,9 16,0 Distrito Federal 293 144 10,4 5,1 Brasil 222.495 90.265 109,6 44,5 FONTE:SinanOn-lineeE-SUS VS(bancodedadosatualizadoem19/05/2025).Dadossujeitosaalteração.",0,,
Informe Semanal nº 14.pdf,14,1,20,2025,2025-05-19,17,0,961,"INFORME SEMANAL No 14
SE 01 a 20/2025 (19/05/2025)
Número de óbitos confirmados e óbitos em investigação de chikungunya, SE 01 a SE
20, Brasil, 2024 e 2025
Óbitos confirmados Óbitos em Investigação
Região/UF SE 01 aSE 20 SE 01 aSE 20
2024 2025 2024 2025
Norte
1 1 0 1
Rondônia 0 1 0 0
Acre
0 0 0 0
Amazonas
0 0 0 0
Roraima
0 0 0 0
Pará
0 0 0 1
Amapá
1 0 0 0
Tocantins
0 0 0 0
Nordeste
21 2 12 16
Maranhão
1 0 1 7
Piauí
0 0 1 0
Ceará
0 0 0 1
Rio Grande do Norte
1 0 0 0
Paraíba
5 1 0 0
Pernambuco
3 0 6 7
Alagoas
1 0 1 0
Sergipe
1 0 0 0
Bahia
9 1 3 1
Sudeste
139 9 19 17
Minas Gerais
119 2 15 1
Espírito Santo
5 0 0 0
Rio de Janeiro
5 2 0 3
São Paulo
10 5 4 13
Sul
0 6 0 5
Paraná
0 1 0 2
Santa Catarina
0 3 0 0
Rio Grande do Sul
0 2 0 3
Centro-Oeste
24 57 8 29
Mato Grosso do Sul
1 5 2 5
Mato Grosso
10 52 2 22
Goiás
13 0 2 2
Distrito Federal
0 0 2 0
Brasil
185 75 39 68
FONTE:SinanOn-lineeE-SUS VS(bancodedadosatualizadoem19/05/2025).Dadossujeitosaalteração.
17","Número de óbitos confirmados e óbitos em investigação de chikungunya, SE 01 a SE 20, Brasil, 2024 e 2025 Óbitos confirmados Óbitos em Investigação Região/UF SE 01 aSE 20 SE 01 aSE 20 2024 2025 2024 2025 Norte 1 1 0 1 Rondônia 0 1 0 0 Acre 0 0 0 0 Amazonas 0 0 0 0 Roraima 0 0 0 0 Pará 0 0 0 1 Amapá 1 0 0 0 Tocantins 0 0 0 0 Nordeste 21 2 12 16 Maranhão 1 0 1 7 Piauí 0 0 1 0 Ceará 0 0 0 1 Rio Grande do Norte 1 0 0 0 Paraíba 5 1 0 0 Pernambuco 3 0 6 7 Alagoas 1 0 1 0 Sergipe 1 0 0 0 Bahia 9 1 3 1 Sudeste 139 9 19 17 Minas Gerais 119 2 15 1 Espírito Santo 5 0 0 0 Rio de Janeiro 5 2 0 3 São Paulo 10 5 4 13 Sul 0 6 0 5 Paraná 0 1 0 2 Santa Catarina 0 3 0 0 Rio Grande do Sul 0 2 0 3 Centro-Oeste 24 57 8 29 Mato Grosso do Sul 1 5 2 5 Mato Grosso 10 52 2 22 Goiás 13 0 2 2 Distrito Federal 0 0 2 0 Brasil 185 75 39 68 FONTE:SinanOn-lineeE-SUS VS(bancodedadosatualizadoem19/05/2025).Dadossujeitosaalteração.",0,,
Informe Semanal nº 14.pdf,14,1,20,2025,2025-05-19,18,0,1157,"INFORME SEMANAL No 14
SE 01 a 20/2025 (19/05/2025)
Casos prováveis e incidência (por 100.000 habitantes) de Zika, SE 01 a SE 19, Brasil,
2024 e 2025.
Casos Prováveis Coeficiente de Incidência
Região/UF SE 01 aSE 19 SE 01 aSE 19
2024 2025 2024 2025
Norte
465 223 2,7 1,3
Rondônia 79 18 5,0 1,1
Acre 80 35 9,6 4,2
Amazonas 68 17 1,7 0,4
Roraima 6 5 0,9 0,8
Pará 78 38 1,0 0,5
Amapá 116 7 15,8 1,0
Tocantins 38 103 2,5 6,8
Nordeste 2.345 963 4,3 1,8
Maranhão 229 130 3,4 1,9
Piauí 5 12 0,2 0,4
Ceará 112 36 1,3 0,4
Rio Grande do
Norte 880 513 26,6 15,5
Paraíba
65 8 1,6 0,2
Pernambuco
88 85 1,0 0,9
Alagoas
33 17 1,1 0,5
Sergipe
19 9 0,9 0,4
Bahia
914 153 6,5 1,1
Sudeste
350 201 0,4 0,2
Minas Gerais
162 66 0,8 0,3
Espírito Santo
72 1 1,9 0,0
Rio de Janeiro
1 3 0,0 0,0
São Paulo
115 131 0,3 0,3
Sul
27 26 0,1 0,1
Paraná
10 17 0,1 0,1
Santa Catarina
5 4 0,1 0,1
Rio Grande do
Sul 12 5 0,1 0,0
Centro-Oeste
401 1.750 2,5 10,7
Mato Grosso do
Sul 66 412 2,4 14,9
Mato Grosso
265 1.301 7,2 35,6
Goiás
60 34 0,9 0,5
Distrito Federal
10 3 0,4 0,1
Brasil
3.588 3.163 1,8 1,6
FONTE:SinanOn-lineeE-SUS VS(bancodedadosatualizadoem14/05/2025).Dadossujeitosaalteração.
18","Casos prováveis e incidência (por 100.000 habitantes) de Zika, SE 01 a SE 19, Brasil, 2024 e 2025. Casos Prováveis Coeficiente de Incidência Região/UF SE 01 aSE 19 SE 01 aSE 19 2024 2025 2024 2025 Norte 465 223 2,7 1,3 Rondônia 79 18 5,0 1,1 Acre 80 35 9,6 4,2 Amazonas 68 17 1,7 0,4 Roraima 6 5 0,9 0,8 Pará 78 38 1,0 0,5 Amapá 116 7 15,8 1,0 Tocantins 38 103 2,5 6,8 Nordeste 2.345 963 4,3 1,8 Maranhão 229 130 3,4 1,9 Piauí 5 12 0,2 0,4 Ceará 112 36 1,3 0,4 Rio Grande do Norte 880 513 26,6 15,5 Paraíba 65 8 1,6 0,2 Pernambuco 88 85 1,0 0,9 Alagoas 33 17 1,1 0,5 Sergipe 19 9 0,9 0,4 Bahia 914 153 6,5 1,1 Sudeste 350 201 0,4 0,2 Minas Gerais 162 66 0,8 0,3 Espírito Santo 72 1 1,9 0,0 Rio de Janeiro 1 3 0,0 0,0 São Paulo 115 131 0,3 0,3 Sul 27 26 0,1 0,1 Paraná 10 17 0,1 0,1 Santa Catarina 5 4 0,1 0,1 Rio Grande do Sul 12 5 0,1 0,0 Centro-Oeste 401 1.750 2,5 10,7 Mato Grosso do Sul 66 412 2,4 14,9 Mato Grosso 265 1.301 7,2 35,6 Goiás 60 34 0,9 0,5 Distrito Federal 10 3 0,4 0,1 Brasil 3.588 3.163 1,8 1,6 FONTE:SinanOn-lineeE-SUS VS(bancodedadosatualizadoem14/05/2025).Dadossujeitosaalteração.",0,,
Informe Semanal nº 14.pdf,14,1,20,2025,2025-05-19,19,0,246,"INFORME SEMANAL No 14
SE 01 a 20/2025 (19/05/2025)
CASOS CONFIRMADOS DE OROPOUCHE POR UF DE LOCAL PROVÁVEL DE INFECÇÃO,
BRASIL, 2024 E 2025.
FONTE:GerenciadordeAmbiente Laboratorial(GAL). Dadosatualizadosaté19/04/2025.Dadossujeitosaalterações.
19","CASOS CONFIRMADOS DE OROPOUCHE POR UF DE LOCAL PROVÁVEL DE INFECÇÃO, BRASIL, 2024 E 2025. FONTE:GerenciadordeAmbiente Laboratorial(GAL). Dadosatualizadosaté19/04/2025.Dadossujeitosaalterações.",0,,
Informe Semanal nº 14.pdf,14,1,20,2025,2025-05-19,20,0,1001,"INFORME SEMANAL No 14
SE 01 a 20/2025 (19/05/2025)
Febre Amarela
Tabela 1. Estados com detecção dovírus da Febre Amarela em PNH e humanos durante o
.
períododemonitoramento 2024/2025
PRIMATAS NÃO-HUMANOS CASOS HUMANOS
REGIÃO UF (LPI)
NOTIFICADOS CONFIRMADOS NOTIFICADOS CONFIRMADOS ÓBITOS LETALIDADE (%)
Norte Acre 2 1
Amapá 1 43
Amazonas 5
Pará 20 211 45 7 15,6
Rondônia 1 6
Roraima 6 1 6
Tocantins 20 2 12 1 1 100,0
Nordeste Alagoas 7 0
Bahia 28 6
Ceará 1 3
Maranhão 12
Paraíba 1
Pernambuco 17 3
Piauí
Rio Grande do
30 6
Norte
Sergipe
Distrito Federal 100 8
Centro- Goiás 50 15
Oeste Mato Grosso 14 10
Mato Grosso do Sul 9
Sudeste Minas Gerais 483 16 446 11 5 45,5
FONTE:SINAN,SISS-Geo,GAL. Dadosatualizadosaté05/03/2025.Dadossujeitosaalterações.
Espírito Santo 16 38
Rio de Janeiro 59 22
São Paulo 939 77 575 57 32 56,1
Sul Paraná 82 28
Santa Catarina 101 17
Rio Grande do Sul 41 11
TOTAL 2018 96 1494 114 45 39,5
FONTE:SINAN,SISS-Geo,GAL. Dadosatualizadosaté23/05/2025.Dadossujeitosaalterações.
20","Febre Amarela Tabela 1. Estados com detecção dovírus da Febre Amarela em PNH e humanos durante o . períododemonitoramento 2024/2025 PRIMATAS NÃO-HUMANOS CASOS HUMANOS REGIÃO UF (LPI) NOTIFICADOS CONFIRMADOS NOTIFICADOS CONFIRMADOS ÓBITOS LETALIDADE (%) Norte Acre 2 1 Amapá 1 43 Amazonas 5 Pará 20 211 45 7 15,6 Rondônia 1 6 Roraima 6 1 6 Tocantins 20 2 12 1 1 100,0 Nordeste Alagoas 7 0 Bahia 28 6 Ceará 1 3 Maranhão 12 Paraíba 1 Pernambuco 17 3 Piauí Rio Grande do 30 6 Norte Sergipe Distrito Federal 100 8 Centro- Goiás 50 15 Oeste Mato Grosso 14 10 Mato Grosso do Sul 9 Sudeste Minas Gerais 483 16 446 11 5 45,5 FONTE:SINAN,SISS-Geo,GAL. Dadosatualizadosaté05/03/2025.Dadossujeitosaalterações. Espírito Santo 16 38 Rio de Janeiro 59 22 São Paulo 939 77 575 57 32 56,1 Sul Paraná 82 28 Santa Catarina 101 17 Rio Grande do Sul 41 11 TOTAL 2018 96 1494 114 45 39,5 FONTE:SINAN,SISS-Geo,GAL. Dadosatualizadosaté23/05/2025.Dadossujeitosaalterações.",0,,
Informe Semanal nº 15.pdf,15,1,21,2025,2025-05-26,1,0,41,"SE 01 a 21/2025
No 15
02 de junho de 2025",SE 01 a 21/2025 No 15 02 de junho de 2025,0,,
Informe Semanal nº 15.pdf,15,1,21,2025,2025-05-26,2,0,2156,"INFORME SEMANAL No 15
SE 01 a 21/2025 (26/05/2025)
Introdução
Os dados de dengue, chikungunya e Oropouche apresentados neste
Informe referem-se às semanas epidemiológicas (SE) 01 a 21 de 2025 (que
correspondem ao período entre 29/12/24 e 24/05/2025). Para Zika, os dados
apresentados são do período da SE 01 a SE 19 de 2025 (que se estende de
29/12/24 a 14/05/2025). Os dados são comparados aos dados do mesmo
período de 2024. Para febre amarela, os dados referem-se ao monitoramento
2024/2025 (julho/2024 a junho/2025), atualizados até 26/05/2025. Os dados
detalhados das arboviroses dos anos de 2023 a 2025 podem ser acessados em:
https://www.gov.br/saude/pt-br/assuntos/saude-de-a-a-z/a/aedes-
aegypti/monitoramento-das-arboviroses.
Situação Epidemiológica
Dengue
Nas SE 01 a 21 de 2025, foram notificados 1.403.561 casos prováveis de
dengue, correspondendo a um coeficiente de incidência de 691,2 casos/100 mil
habitantes. Quando comparado com o mesmo período de 2024, observa-se
uma redução de 76,1% no número de casos prováveis.
As Regiões Geográficas que apresentam os maiores coeficientes de
incidência são Sudeste, Centro-Oeste e Sul. Entre as Unidades Federativas (UF),
destacam-se São Paulo, Acre, Paraná, Goiás e Mato Grosso.
Os maiores números de casos graves concentram-se nas regiões Sudeste,
Sul e Centro-Oeste. A maior parte dos óbitos está na região Sudeste. Foram
confirmados 1.013 óbitos no período, e 830 estão em investigação.
Foi identificada a circulação dos quatro sorotipos do vírus dengue (DENV-
1, DENV-2, DENV-3 e DENV-4), com predominância do DENV-2. Aumento da
proporção de DENV-3 foi observada desde o último trimestre de 2024. DENV-4
foi detectado em seis amostras de Minas Gerais e três de São Paulo. Outras
detecções de DENV-4 em Mato Grosso do Sul, São Paulo e Roraima estão em
análise.
O coeficiente de incidência de dengue no Brasil encontra-se dentro do
canal endêmico do diagrama de controle, considerando a série histórica. A
estimativa nowcasting se encontra fora do canal endêmico, mas com
tendência de redução de casos.
Fonte: SinanOn-line (banco de dados atualizado em 26/05/2025). Dados sujeitos a alteração.
2","Introdução Os dados de dengue, chikungunya e Oropouche apresentados neste Informe referem-se às semanas epidemiológicas (SE) 01 a 21 de 2025 (que correspondem ao período entre 29/12/24 e 24/05/2025). Para Zika, os dados apresentados são do período da SE 01 a SE 19 de 2025 (que se estende de 29/12/24 a 14/05/2025). Os dados são comparados aos dados do mesmo período de 2024. Para febre amarela, os dados referem-se ao monitoramento 2024/2025 (julho/2024 a junho/2025), atualizados até 26/05/2025. Os dados detalhados das arboviroses dos anos de 2023 a 2025 podem ser acessados em: https://www.gov.br/saude/pt-br/assuntos/saude-de-a-a-z/a/aedesaegypti/monitoramento-das-arboviroses. Situação Epidemiológica Dengue Nas SE 01 a 21 de 2025, foram notificados 1.403.561 casos prováveis de dengue, correspondendo a um coeficiente de incidência de 691,2 casos/100 mil habitantes. Quando comparado com o mesmo período de 2024, observa-se uma redução de 76,1% no número de casos prováveis. As Regiões Geográficas que apresentam os maiores coeficientes de incidência são Sudeste, Centro-Oeste e Sul. Entre as Unidades Federativas (UF), destacam-se São Paulo, Acre, Paraná, Goiás e Mato Grosso. Os maiores números de casos graves concentram-se nas regiões Sudeste, Sul e Centro-Oeste. A maior parte dos óbitos está na região Sudeste. Foram confirmados 1.013 óbitos no período, e 830 estão em investigação. Foi identificada a circulação dos quatro sorotipos do vírus dengue (DENV1, DENV-2, DENV-3 e DENV-4), com predominância do DENV-2. Aumento da proporção de DENV-3 foi observada desde o último trimestre de 2024. DENV-4 foi detectado em seis amostras de Minas Gerais e três de São Paulo. Outras detecções de DENV-4 em Mato Grosso do Sul, São Paulo e Roraima estão em análise. O coeficiente de incidência de dengue no Brasil encontra-se dentro do canal endêmico do diagrama de controle, considerando a série histórica. A estimativa nowcasting se encontra fora do canal endêmico, mas com tendência de redução de casos. Fonte: SinanOn-line (banco de dados atualizado em 26/05/2025). Dados sujeitos a alteração.",1,narrativa,"Dengue Nas SE 01 a 21 de 2025, foram notificados 1.403.561 casos prováveis de dengue, correspondendo a um coeficiente de incidência de 691,2 casos/100 mil habitantes. Quando comparado com o mesmo período de 2024, observa-se uma redução de 76,1% no número de casos prováveis. As Regiões Geográficas que apresentam os maiores coeficientes de incidência são Sudeste, Centro-Oeste e Sul. Entre as Unidades Federativas (UF), destacam-se São Paulo, Acre, Paraná, Goiás e Mato Grosso. Os maiores números de casos graves concentram-se nas regiões Sudeste, Sul e Centro-Oeste. A maior parte dos óbitos está na região Sudeste. Foram confirmados 1.013 óbitos no período, e 830 estão em investigação. Foi identificada a circulação dos quatro sorotipos do vírus dengue (DENV1, DENV-2, DENV-3 e DENV-4), com predominância do DENV-2. Aumento da proporção de DENV-3 foi observada desde o último trimestre de 2024. DENV-4 foi detectado em seis amostras de Minas Gerais e três de São Paulo. Outras detecções de DENV-4 em Mato Grosso do Sul, São Paulo e Roraima estão em análise. O coeficiente de incidência de dengue no Brasil encontra-se dentro do canal endêmico do diagrama de controle, considerando a série histórica. A estimativa nowcasting se encontra fora do canal endêmico, mas com tendência de redução de casos. Fonte: SinanOn-line (banco de dados atualizado em 26/05/2025). Dados sujeitos a alteração."
Informe Semanal nº 15.pdf,15,1,21,2025,2025-05-26,3,0,199,"INFORME SEMANAL No 15
SE 01 a 21/2025 (26/05/2025)
Diagrama de controle
Coeficiente de Incidência e óbitos
Fonte: SinanOn-line (banco de dados atualizado em 26/05/2025). Dados sujeitos a alteração.
3",Diagrama de controle Coeficiente de Incidência e óbitos Fonte: SinanOn-line (banco de dados atualizado em 26/05/2025). Dados sujeitos a alteração.,1,narrativa,Diagrama de controle Coeficiente de Incidência e óbitos Fonte: SinanOn-line (banco de dados atualizado em 26/05/2025). Dados sujeitos a alteração.
Informe Semanal nº 15.pdf,15,1,21,2025,2025-05-26,4,0,1308,"INFORME SEMANAL No 15
SE 01 a 21/2025 (26/05/2025)
Mapa de Sorotipos Dengue SE 01 a SE 21/2025
Fonte: GAL/CGLAB/SVSA/MS.
Chikungunya
Nas SE 01 a 21 de 2025, foram notificados 94.534 casos prováveis de
chikungunya, correspondendo a um coeficiente de incidência de 46,6
casos/100 mil habitantes. Quando comparado ao mesmo período de
2024, observa-se uma redução de 58,6% no número de casos prováveis.
As Regiões Geográficas que apresentam os maiores coeficientes de
incidência são a Centro-Oeste e a Sudeste. Entre as UFs, Mato Grosso, Mato
Grosso do Sul e Rondônia apresentam as maiores incidências.
Foram confirmados 79 óbitos no período, sendo 52 no Mato Grosso, seis
em Mato Grosso do Sul e em São Paulo, três em Santa Catarina e Rio Grande
do Sul, dois em Minas Gerais, Paraná e Rio de Janeiro, e um na Bahia,
Rondônia e Paraíba. Encontram-se em investigação 66 óbitos até o
momento, sendo 30 na região Centro-Oeste e 18 na Região Sudeste.
O coeficiente de incidência de chikungunya no Brasil encontra-se
abaixo do limite inferior do canal endêmico do diagrama de controle,
considerando a série histórica. A estimativa nowcasting se encontra fora do
canal endêmico, e com tendência de aumento do número de casos.
Fonte: SinanOn-line (banco de dados atualizado em 26/05/2025). Dados sujeitos a alteração.
4","Mapa de Sorotipos Dengue SE 01 a SE 21/2025 Fonte: GAL/CGLAB/SVSA/MS. Chikungunya Nas SE 01 a 21 de 2025, foram notificados 94.534 casos prováveis de chikungunya, correspondendo a um coeficiente de incidência de 46,6 casos/100 mil habitantes. Quando comparado ao mesmo período de 2024, observa-se uma redução de 58,6% no número de casos prováveis. As Regiões Geográficas que apresentam os maiores coeficientes de incidência são a Centro-Oeste e a Sudeste. Entre as UFs, Mato Grosso, Mato Grosso do Sul e Rondônia apresentam as maiores incidências. Foram confirmados 79 óbitos no período, sendo 52 no Mato Grosso, seis em Mato Grosso do Sul e em São Paulo, três em Santa Catarina e Rio Grande do Sul, dois em Minas Gerais, Paraná e Rio de Janeiro, e um na Bahia, Rondônia e Paraíba. Encontram-se em investigação 66 óbitos até o momento, sendo 30 na região Centro-Oeste e 18 na Região Sudeste. O coeficiente de incidência de chikungunya no Brasil encontra-se abaixo do limite inferior do canal endêmico do diagrama de controle, considerando a série histórica. A estimativa nowcasting se encontra fora do canal endêmico, e com tendência de aumento do número de casos. Fonte: SinanOn-line (banco de dados atualizado em 26/05/2025). Dados sujeitos a alteração.",1,narrativa,Mapa de Sorotipos Dengue SE 01 a SE 21/2025 Fonte: GAL/CGLAB/SVSA/MS.
Informe Semanal nº 15.pdf,15,1,21,2025,2025-05-26,5,0,199,"INFORME SEMANAL No 15
SE 01 a 21/2025 (26/05/2025)
Diagrama de controle
Coeficiente de Incidência e óbitos
Fonte: SinanOn-line (banco de dados atualizado em 26/05/2025). Dados sujeitos a alteração.
5",Diagrama de controle Coeficiente de Incidência e óbitos Fonte: SinanOn-line (banco de dados atualizado em 26/05/2025). Dados sujeitos a alteração.,0,,
Informe Semanal nº 15.pdf,15,1,21,2025,2025-05-26,6,0,1609,"INFORME SEMANAL No 15
SE 01 a 21/2025 (26/05/2025)
Zika
Entre as Semanas Epidemiológicas 01 e 19 de 2025, foram notificados
3.163 casos prováveis de Zika no Brasil, com coeficiente de incidência de 1,6
casos/100 mil habitantes. Quando comparado ao mesmo período de 2024,
observa-se uma redução de 11,8%. Em relação às gestantes, 58 foram
confirmadas e 223 permanecem em investigação. No período, foi notificado
um óbito, que se encontra em investigação.
As Regiões Centro-Oeste e Norte apresentam os maiores coeficientes
de incidência. Em relação às UFs, os maiores coeficientes de incidência
estão no Mato Grosso, Rio Grande do Norte, Mato Grosso do Sul e Tocantins.
O coeficiente de incidência de Zika no Brasil, encontra-se abaixo do
limite inferior do canal endêmico do diagrama de controle2, considerando a
série histórica, assim como a estimativa de nowcasting.
Diagrama de controle2 Incidência e gestantes
1O nowcasting (linha tracejada vermelha) corrige os atrasos inerentes aos sistemas de vigilância epidemiológica e
estima o número de casos em um determinado momento, considerando os dados disponíveis e as características do
processodenotificação,contribuindoparaaantecipaçãodaavaliaçãodatendênciadealtaoubaixadaincidência.
2 O diagrama decontroleé uma ferramentagráficaque permite acompanhar a variação do coeficiente de incidência
(linha azul) de uma determinada doença ao longo do tempo em relação ao canal endêmico, que define a faixa de
variaçãoesperadaparaaincidênciadadoençacombaseemdadoshistóricos.
Fonte: Sinan-Net (banco de dados atualizados em 14/05/2025). Dados sujeitos a alteração.
6","Zika Entre as Semanas Epidemiológicas 01 e 19 de 2025, foram notificados 3.163 casos prováveis de Zika no Brasil, com coeficiente de incidência de 1,6 casos/100 mil habitantes. Quando comparado ao mesmo período de 2024, observa-se uma redução de 11,8%. Em relação às gestantes, 58 foram confirmadas e 223 permanecem em investigação. No período, foi notificado um óbito, que se encontra em investigação. As Regiões Centro-Oeste e Norte apresentam os maiores coeficientes de incidência. Em relação às UFs, os maiores coeficientes de incidência estão no Mato Grosso, Rio Grande do Norte, Mato Grosso do Sul e Tocantins. O coeficiente de incidência de Zika no Brasil, encontra-se abaixo do limite inferior do canal endêmico do diagrama de controle2, considerando a série histórica, assim como a estimativa de nowcasting. Diagrama de controle2 Incidência e gestantes 1O nowcasting (linha tracejada vermelha) corrige os atrasos inerentes aos sistemas de vigilância epidemiológica e estima o número de casos em um determinado momento, considerando os dados disponíveis e as características do processodenotificação,contribuindoparaaantecipaçãodaavaliaçãodatendênciadealtaoubaixadaincidência. 2 O diagrama decontroleé uma ferramentagráficaque permite acompanhar a variação do coeficiente de incidência (linha azul) de uma determinada doença ao longo do tempo em relação ao canal endêmico, que define a faixa de variaçãoesperadaparaaincidênciadadoençacombaseemdadoshistóricos. Fonte: Sinan-Net (banco de dados atualizados em 14/05/2025). Dados sujeitos a alteração.",0,,
Informe Semanal nº 15.pdf,15,1,21,2025,2025-05-26,7,0,992,"INFORME SEMANAL No 15
SE 01 a 21/2025 (26/05/2025)
Dengue
(Incidência)
1.013
691,2
-76,1%
CASOS/100 MIL HAB. ÓBITOS
Em relação
ao número
1.403.561 Casos prováveis Óbitos em
830 de casos
investigação
no mesmo
Casos graves e com
25.131
período de
sinais de alarme 4,0% Letalidade1
2024
Chikungunya
(Incidência)
46,6 79
-58,6%
CASOS/100 MIL HAB. ÓBITOS
Em relação
ao número
Óbitos em
94.534 Casos prováveis 66 de casos
investigação
no mesmo
período de
0,1% Letalidade2 2024
Zika
(Incidência)
1,6 0
-11,8%
CASOS/100 MIL HAB. ÓBITOS
Em relação
ao número
3.163 Casos prováveis de casos
281
no mesmo
período de
CASOS PROVÁVEIS
2024
EM GESTANTES
1Para o cálculo da letalidade, foram considerados no denominador os casos de dengue grave e de dengue com sinais de
alarme.
2Paraocálculodaletalidade,foramconsideradosnodenominadoroscasosprováveisdechikungunya.
FONTE:: Sinan On-line (banco de dados atualizado em 26/05/2025); Sinan NET (banco de dados atualizado em
14/05/2025).Dadossujeitosaalteração.
7","Dengue (Incidência) 1.013 691,2 -76,1% CASOS/100 MIL HAB. ÓBITOS Em relação ao número 1.403.561 Casos prováveis Óbitos em 830 de casos investigação no mesmo Casos graves e com 25.131 período de sinais de alarme 4,0% Letalidade1 2024 Chikungunya (Incidência) 46,6 79 -58,6% CASOS/100 MIL HAB. ÓBITOS Em relação ao número Óbitos em 94.534 Casos prováveis 66 de casos investigação no mesmo período de 0,1% Letalidade2 2024 Zika (Incidência) 1,6 0 -11,8% CASOS/100 MIL HAB. ÓBITOS Em relação ao número 3.163 Casos prováveis de casos 281 no mesmo período de CASOS PROVÁVEIS 2024 EM GESTANTES 1Para o cálculo da letalidade, foram considerados no denominador os casos de dengue grave e de dengue com sinais de alarme. 2Paraocálculodaletalidade,foramconsideradosnodenominadoroscasosprováveisdechikungunya. FONTE:: Sinan On-line (banco de dados atualizado em 26/05/2025); Sinan NET (banco de dados atualizado em 14/05/2025).Dadossujeitosaalteração.",1,narrativa,"Dengue (Incidência) 1.013 691,2 -76,1% CASOS/100 MIL HAB. ÓBITOS Em relação ao número 1.403.561 Casos prováveis Óbitos em 830 de casos investigação no mesmo Casos graves e com 25.131 período de sinais de alarme 4,0% Letalidade1 2024"
Informe Semanal nº 15.pdf,15,1,21,2025,2025-05-26,8,0,1174,"INFORME SEMANAL No 15
SE 01 a 21/2025 (26/05/2025)
Oropouche
Entre as SE 01 e 21/2025, foram confirmados 10.962 casos de Oropouche
no Brasil, o que representa um aumento de 57,6% quando comparado com o
mesmo período do ano anterior, em que foram registrados 6.956 casos. Em 2025,
até o momento, foram identificados 4 óbitos associados à infecção pelo vírus
Oropouche, no Espírito Santo (1) e no Rio de Janeiro (3). Ainda se encontram em
investigação outros três óbitos, em São Paulo (1) e no Rio de Janeiro (2).
CASOS DE OROPOUCHE POR SE DE INÍCIO DE SINTOMAS, BRASIL, 2024 E 2025
Os casos identificados estão distribuídos de maneira equitativa entre os
sexos, com 52,4% das detecções em indivíduos do sexo masculino. As faixas
etárias entre 20 e 59 anos concentram 70,4% dos casos. Entre os menores de 1
ano, foram registrados 12 casos, sendo seis no Rio de Janeiro, quatro no Espírito
Santo* , um no Ceará e um na Paraíba.
CASOS DE OROPOUCHE POR SEXO E FAIXA ETÁRIA, BRASIL, 2025
*Um casono Espírito Santo emmenorde1 anocom informaçãode sexoignorada.
Fonte:Gerenciador de Ambiente Laboratorial (GAL) (banco de dados atualizado em 26/05/2025).
Dados sujeitos aalterações.
8","Oropouche Entre as SE 01 e 21/2025, foram confirmados 10.962 casos de Oropouche no Brasil, o que representa um aumento de 57,6% quando comparado com o mesmo período do ano anterior, em que foram registrados 6.956 casos. Em 2025, até o momento, foram identificados 4 óbitos associados à infecção pelo vírus Oropouche, no Espírito Santo (1) e no Rio de Janeiro (3). Ainda se encontram em investigação outros três óbitos, em São Paulo (1) e no Rio de Janeiro (2). CASOS DE OROPOUCHE POR SE DE INÍCIO DE SINTOMAS, BRASIL, 2024 E 2025 Os casos identificados estão distribuídos de maneira equitativa entre os sexos, com 52,4% das detecções em indivíduos do sexo masculino. As faixas etárias entre 20 e 59 anos concentram 70,4% dos casos. Entre os menores de 1 ano, foram registrados 12 casos, sendo seis no Rio de Janeiro, quatro no Espírito Santo* , um no Ceará e um na Paraíba. CASOS DE OROPOUCHE POR SEXO E FAIXA ETÁRIA, BRASIL, 2025 *Um casono Espírito Santo emmenorde1 anocom informaçãode sexoignorada. Fonte:Gerenciador de Ambiente Laboratorial (GAL) (banco de dados atualizado em 26/05/2025). Dados sujeitos aalterações.",0,,
Informe Semanal nº 15.pdf,15,1,21,2025,2025-05-26,9,0,1667,"INFORME SEMANAL No 15
SE 01 a 21/2025 (26/05/2025)
Oropouche
Em 2025, a UF com maior número de casos é o Espírito Santo (n= 6.239),
cujo aumento vem ocorrendo desde o segundo semestre de 2024. Destacam-se
ainda Rio de Janeiro (n=2.198), Paraíba (n=640) e Ceará (n=614). Transmissão
ativa também foi registrada em Roraima, Rondônia, Amapá, Tocantins, Bahia,
Minas Gerais, São Paulo, Mato Grosso do Sul, Santa Catarina e Paraná.
Os casos identificados no Pará, Maranhão, Piauí, Pernambuco, Mato
Grosso, Goiás, Distrito Federal e Rio Grande do Sul apresentaram Local Provável
de Infecção (LPI) em estados com transmissão autóctone (Espírito Santo, Rio de
Janeiro e Paraíba).
FONTE: Gerenciador de Ambiente Laboratorial (GAL). Dados atualizados até 26/05/2025. Dados sujeitos a alterações.
Febre Amarela
No período de monitoramento 2024/2025 (julho/2024 a junho/2025),
atualizado até 12/05/2025, ocorreram 96 registros de transmissão do vírus
em PNH, nos estados de São Paulo [77] (Amparo [2], Atibaia [1], Bragança
Paulista [1], Caçapava [1], Campinas [4], Colina [1], Cravinhos [1],
Descalvado [1], Guarulhos [1], Itatiba [1], Joanópolis [3], Louveira [1], Luís
Antônio [9], Mairiporã [2], Osasco [1], Pedra Bela [1], Pinhalzinho [1],
Pitangueiras [2], Ribeirão Preto [30], Santa Rita do Passa Quatro [1], Santo
Antônio do Pinhal [1], Serra Azul [1], Serra Negra [2], Socorro [1] e Valinhos
[7]), Minas Gerais [16] (Albertina [1], Camanducaia [1], Córrego do Bom
Jesus [1], Estiva [2], Ipuiúna [2], Paraisópolis [1], Poço Fundo [1], Poços de
Caldas [1], Ponte Nova [1], Sapucaí-Mirim [2], Toledo[1] e Virgínia [2]),
Tocantins [2] (Palmas) e Roraima [1] (Alto Alegre).
9","Oropouche Em 2025, a UF com maior número de casos é o Espírito Santo (n= 6.239), cujo aumento vem ocorrendo desde o segundo semestre de 2024. Destacam-se ainda Rio de Janeiro (n=2.198), Paraíba (n=640) e Ceará (n=614). Transmissão ativa também foi registrada em Roraima, Rondônia, Amapá, Tocantins, Bahia, Minas Gerais, São Paulo, Mato Grosso do Sul, Santa Catarina e Paraná. Os casos identificados no Pará, Maranhão, Piauí, Pernambuco, Mato Grosso, Goiás, Distrito Federal e Rio Grande do Sul apresentaram Local Provável de Infecção (LPI) em estados com transmissão autóctone (Espírito Santo, Rio de Janeiro e Paraíba). FONTE: Gerenciador de Ambiente Laboratorial (GAL). Dados atualizados até 26/05/2025. Dados sujeitos a alterações. Febre Amarela No período de monitoramento 2024/2025 (julho/2024 a junho/2025), atualizado até 12/05/2025, ocorreram 96 registros de transmissão do vírus em PNH, nos estados de São Paulo [77] (Amparo [2], Atibaia [1], Bragança Paulista [1], Caçapava [1], Campinas [4], Colina [1], Cravinhos [1], Descalvado [1], Guarulhos [1], Itatiba [1], Joanópolis [3], Louveira [1], Luís Antônio [9], Mairiporã [2], Osasco [1], Pedra Bela [1], Pinhalzinho [1], Pitangueiras [2], Ribeirão Preto [30], Santa Rita do Passa Quatro [1], Santo Antônio do Pinhal [1], Serra Azul [1], Serra Negra [2], Socorro [1] e Valinhos [7]), Minas Gerais [16] (Albertina [1], Camanducaia [1], Córrego do Bom Jesus [1], Estiva [2], Ipuiúna [2], Paraisópolis [1], Poço Fundo [1], Poços de Caldas [1], Ponte Nova [1], Sapucaí-Mirim [2], Toledo[1] e Virgínia [2]), Tocantins [2] (Palmas) e Roraima [1] (Alto Alegre).",0,,
Informe Semanal nº 15.pdf,15,1,21,2025,2025-05-26,10,0,1377,"INFORME SEMANAL No 15
SE 01 a 21/2025 (26/05/2025)
Febre Amarela
No mesmo período, foram confirmados 114 casos humanos de febre
amarela, dos quais 45 evoluíram para óbito, resultando em letalidade de
39,5%. Os casos tiveram os locais prováveis de infecção (LPI) nos estados de
São Paulo [57] (Águas de Lindóia [1], Águas de São Pedro [1], Amparo [1],
Bragança Paulista [2], Brotas [2], Caçapava [6], Campinas [3], Itatiba [1],
Itirapina [1], Jambeiro [3], Joanópolis [11], Monteiro Lobato [1], Nazaré
Paulista [4], Paraibuna [1], Pedra Bela [2], Pedreira [2], Pindamonhangaba
[1], Piracaia [3], Santa Rita do Passa Quatro [1], São Carlos [1], São José dos
Campos [1], Socorro [4], Taubaté [1], Tuiuti [1], Valinhos [1] e Vargem [1]),
Pará [45] (Afuá [1], Breves [42], Cametá [1], Melgaço [1]), Minas Gerais [11]
(Camanducaia [1], Cambuí [1], Extrema [1], Gonçalves [1], Maria da Fé [1],
Monte Sião [1], Poços de Caldas [1], Pouso Alegre [1], Sapucaí-Mirim [1],
Silvianópolis [1] e Soledade de Minas [1]) e Tocantins [1] (Monte do Carmo).
Entre os casos, 103 (90,4%) eram do sexo masculino, com idades
entre 10 e 75 anos. Um dos indivíduos tinha histórico de vacinação em 2017
e evoluiu para o óbito.
Municípios com detecção do vírus da Febre Amarela em PNH e Humanos, monitoramento
2024/2025.
FONTE:SINAN,SISS-Geo,GAL. Dadosatualizadosaté23/05/2025.Dadossujeitosaalterações.
10","Febre Amarela No mesmo período, foram confirmados 114 casos humanos de febre amarela, dos quais 45 evoluíram para óbito, resultando em letalidade de 39,5%. Os casos tiveram os locais prováveis de infecção (LPI) nos estados de São Paulo [57] (Águas de Lindóia [1], Águas de São Pedro [1], Amparo [1], Bragança Paulista [2], Brotas [2], Caçapava [6], Campinas [3], Itatiba [1], Itirapina [1], Jambeiro [3], Joanópolis [11], Monteiro Lobato [1], Nazaré Paulista [4], Paraibuna [1], Pedra Bela [2], Pedreira [2], Pindamonhangaba [1], Piracaia [3], Santa Rita do Passa Quatro [1], São Carlos [1], São José dos Campos [1], Socorro [4], Taubaté [1], Tuiuti [1], Valinhos [1] e Vargem [1]), Pará [45] (Afuá [1], Breves [42], Cametá [1], Melgaço [1]), Minas Gerais [11] (Camanducaia [1], Cambuí [1], Extrema [1], Gonçalves [1], Maria da Fé [1], Monte Sião [1], Poços de Caldas [1], Pouso Alegre [1], Sapucaí-Mirim [1], Silvianópolis [1] e Soledade de Minas [1]) e Tocantins [1] (Monte do Carmo). Entre os casos, 103 (90,4%) eram do sexo masculino, com idades entre 10 e 75 anos. Um dos indivíduos tinha histórico de vacinação em 2017 e evoluiu para o óbito. Municípios com detecção do vírus da Febre Amarela em PNH e Humanos, monitoramento 2024/2025. FONTE:SINAN,SISS-Geo,GAL. Dadosatualizadosaté23/05/2025.Dadossujeitosaalterações.",0,,
Informe Semanal nº 15.pdf,15,1,21,2025,2025-05-26,11,0,1330,"INFORME SEMANAL No 15
SE 01 a 21/2025 (26/05/2025)
Ações realizadas
• Realização de mais uma etapa da Pesquisa para o controle vetorial de Culicoides
paraensis e investigação da circulação do vírus Oropouche em amostras de vetores no
estado do Espírito Santo
• Investigação para caracterização ambiental e avaliação da circulação do vírus
Oropouche a partir de amostras de vetores coletadas no município de Baturité-CE
• Capacitação sobre as novas Diretrizes Nacionais para Prevenção e Controle das
Arboviroses Urbanas para os Agentes de Combate às Endemias (ACE) do Estado de Goiás
• Participação do Lançamento do Projeto Todos Contra o Aedes aegypti em Rio Branco/AC
• Capacitação de Manejo Integrado de Vetores para Agentes de Combate às Endemias e
Agentes Indígenas e instalação de ovitrampas na aldeia Trevo do Parque do Município de
Itamaraju/BA
• Oficina de fortalecimento da linha de cuidado para crianças com Síndrome Congênita
associada à infecção pelo vírus Zika (SCZ) em Sergipe e Goiás
• Investigação entomológica de Oropouche no município de Bananeiras-PB
• Participação no Workshop Monitoramento Entomológico com Ovitrampas – Avanços e
Desafios no estado do Espirito Santo
• Oficina de fortalecimento da linha de cuidado para crianças com Síndrome Congênita
associada à infecção pelo vírus Zika (SCZ) em Salvador
11",Ações realizadas • Realização de mais uma etapa da Pesquisa para o controle vetorial de Culicoides paraensis e investigação da circulação do vírus Oropouche em amostras de vetores no estado do Espírito Santo • Investigação para caracterização ambiental e avaliação da circulação do vírus Oropouche a partir de amostras de vetores coletadas no município de Baturité-CE • Capacitação sobre as novas Diretrizes Nacionais para Prevenção e Controle das Arboviroses Urbanas para os Agentes de Combate às Endemias (ACE) do Estado de Goiás • Participação do Lançamento do Projeto Todos Contra o Aedes aegypti em Rio Branco/AC • Capacitação de Manejo Integrado de Vetores para Agentes de Combate às Endemias e Agentes Indígenas e instalação de ovitrampas na aldeia Trevo do Parque do Município de Itamaraju/BA • Oficina de fortalecimento da linha de cuidado para crianças com Síndrome Congênita associada à infecção pelo vírus Zika (SCZ) em Sergipe e Goiás • Investigação entomológica de Oropouche no município de Bananeiras-PB • Participação no Workshop Monitoramento Entomológico com Ovitrampas – Avanços e Desafios no estado do Espirito Santo • Oficina de fortalecimento da linha de cuidado para crianças com Síndrome Congênita associada à infecção pelo vírus Zika (SCZ) em Salvador,0,,
Informe Semanal nº 15.pdf,15,1,21,2025,2025-05-26,12,0,424,"INFORME SEMANAL No 15
SE 01 a 21/2025 (26/05/2025)
Insumos distribuídos
Laboratoriais1
554.976
Sorologia Reações
229.899
Biologia Molecular ZDC Reações
229.899
Biologia Molecular OROV/MAYV Reações
10.642
Biologia Molecular Febre Amarela Reações
Inseticidas2
113.000
Larvicida Kg
5.995
Adulticida para PE Kg
200.220
Adulticida para UBV L
1Dadosatualizadosem 22/05/2025.Fonte:CGLAB.
2Dadosatualizadosem30/05/2025.Fonte:SIES
12",Insumos distribuídos Laboratoriais1 554.976 Sorologia Reações 229.899 Biologia Molecular ZDC Reações 229.899 Biologia Molecular OROV/MAYV Reações 10.642 Biologia Molecular Febre Amarela Reações Inseticidas2 113.000 Larvicida Kg 5.995 Adulticida para PE Kg 200.220 Adulticida para UBV L 1Dadosatualizadosem 22/05/2025.Fonte:CGLAB. 2Dadosatualizadosem30/05/2025.Fonte:SIES,0,,
Informe Semanal nº 15.pdf,15,1,21,2025,2025-05-26,13,0,1560,"INFORME SEMANAL No 15
SE 01 a 21/2025 (26/05/2025)
Casos prováveis e incidência (por 100.000 habitantes) de dengue, SE 01 a SE 21, Brasil,
2024 e 2025
Casos prováveis (n) Coeficiente de incidência
Região/UF SE 01 aSE 21 SE 01 aSE 21
2024 2025 2024 2025
Norte
41.023 32.851 236,4 189,3
Rondônia
4.719 2.605 298,5 164,8
Acre
3.742 8.374 450,8 1.008,9
Amazonas
6.243 4.086 158,4 103,7
Roraima
254 282 39,9 44,3
Pará
15.604 12.928 192,3 159,3
Amapá
6.794 1.471 926,2 200,5
Tocantins
3.667 3.105 242,6 205,4
Nordeste
285.455 55.546 522,4 101,6
Maranhão
10.146 4.440 149,8 65,5
Piauí
11.407 4.895 348,9 149,7
Ceará
8.480 4.388 96,5 49,9
Rio Grande do Norte
12.417 4.974 376,0 150,6
Paraíba
10.128 4.309 254,8 108,4
Pernambuco
15.231 9.933 168,1 109,7
Alagoas
8.127 2.165 259,9 69,2
Sergipe
1.171 581 53,0 26,3
Bahia
208.348 19.861 1.473,8 140,5
Sudeste
3.842.894 983.828 4.529,2 1.159,5
Minas Gerais
1.597.439 148.621 7.777,7 723,6
Espírito Santo
126.256 26.113 3.293,5 681,2
Rio de Janeiro
279.015 26.151 1.737,9 162,9
São Paulo
1.840.184 782.943 4.142,6 1.762,6
Sul
1.107.236 213.296 3.699,0 712,6
Paraná
590.758 111.317 5.162,5 972,8
Santa Catarina
310.791 26.452 4.084,2 347,6
Rio Grande do Sul
205.687 75.527 1.890,4 694,1
Centro-Oeste
601.351 118.040 3.692,0 724,7
Mato Grosso do Sul
16.714 12.847 606,3 466,0
Mato Grosso
33.125 28.029 905,3 766,1
Goiás
284.684 70.028 4.035,1 992,6
Distrito Federal
266.828 7.136 9.471,8 253,3
Brasil
5.877.959 1.403.561 2.894,7 691,2
FONTE:SinanOn-lineeE-SUS VS(bancodedadosatualizadoem26/05/2025).Dadossujeitosaalteração.
13","Casos prováveis e incidência (por 100.000 habitantes) de dengue, SE 01 a SE 21, Brasil, 2024 e 2025 Casos prováveis (n) Coeficiente de incidência Região/UF SE 01 aSE 21 SE 01 aSE 21 2024 2025 2024 2025 Norte 41.023 32.851 236,4 189,3 Rondônia 4.719 2.605 298,5 164,8 Acre 3.742 8.374 450,8 1.008,9 Amazonas 6.243 4.086 158,4 103,7 Roraima 254 282 39,9 44,3 Pará 15.604 12.928 192,3 159,3 Amapá 6.794 1.471 926,2 200,5 Tocantins 3.667 3.105 242,6 205,4 Nordeste 285.455 55.546 522,4 101,6 Maranhão 10.146 4.440 149,8 65,5 Piauí 11.407 4.895 348,9 149,7 Ceará 8.480 4.388 96,5 49,9 Rio Grande do Norte 12.417 4.974 376,0 150,6 Paraíba 10.128 4.309 254,8 108,4 Pernambuco 15.231 9.933 168,1 109,7 Alagoas 8.127 2.165 259,9 69,2 Sergipe 1.171 581 53,0 26,3 Bahia 208.348 19.861 1.473,8 140,5 Sudeste 3.842.894 983.828 4.529,2 1.159,5 Minas Gerais 1.597.439 148.621 7.777,7 723,6 Espírito Santo 126.256 26.113 3.293,5 681,2 Rio de Janeiro 279.015 26.151 1.737,9 162,9 São Paulo 1.840.184 782.943 4.142,6 1.762,6 Sul 1.107.236 213.296 3.699,0 712,6 Paraná 590.758 111.317 5.162,5 972,8 Santa Catarina 310.791 26.452 4.084,2 347,6 Rio Grande do Sul 205.687 75.527 1.890,4 694,1 Centro-Oeste 601.351 118.040 3.692,0 724,7 Mato Grosso do Sul 16.714 12.847 606,3 466,0 Mato Grosso 33.125 28.029 905,3 766,1 Goiás 284.684 70.028 4.035,1 992,6 Distrito Federal 266.828 7.136 9.471,8 253,3 Brasil 5.877.959 1.403.561 2.894,7 691,2 FONTE:SinanOn-lineeE-SUS VS(bancodedadosatualizadoem26/05/2025).Dadossujeitosaalteração.",1,tabela,"Casos prováveis e incidência (por 100.000 habitantes) de dengue, SE 01 a SE 21, Brasil, 2024 e 2025 Casos prováveis (n) Coeficiente de incidência Região/UF SE 01 aSE 21 SE 01 aSE 21 2024 2025 2024 2025 Norte 41.023 32.851 236,4 189,3 Rondônia 4.719 2.605 298,5 164,8 Acre 3.742 8.374 450,8 1.008,9 Amazonas 6.243 4.086 158,4 103,7 Roraima 254 282 39,9 44,3 Pará 15.604 12.928 192,3 159,3 Amapá 6.794 1.471 926,2 200,5 Tocantins 3.667 3.105 242,6 205,4 Nordeste 285.455 55.546 522,4 101,6 Maranhão 10.146 4.440 149,8 65,5 Piauí 11.407 4.895 348,9 149,7 Ceará 8.480 4.388 96,5 49,9 Rio Grande do Norte 12.417 4.974 376,0 150,6 Paraíba 10.128 4.309 254,8 108,4 Pernambuco 15.231 9.933 168,1 109,7 Alagoas 8.127 2.165 259,9 69,2 Sergipe 1.171 581 53,0 26,3 Bahia 208.348 19.861 1.473,8 140,5 Sudeste 3.842.894 983.828 4.529,2 1.159,5 Minas Gerais 1.597.439 148.621 7.777,7 723,6 Espírito Santo 126.256 26.113 3.293,5 681,2 Rio de Janeiro 279.015 26.151 1.737,9 162,9 São Paulo 1.840.184 782.943 4.142,6 1.762,6 Sul 1.107.236 213.296 3.699,0 712,6 Paraná 590.758 111.317 5.162,5 972,8 Santa Catarina 310.791 26.452 4.084,2 347,6 Rio Grande do Sul 205.687 75.527 1.890,4 694,1 Centro-Oeste 601.351 118.040 3.692,0 724,7 Mato Grosso do Sul 16.714 12.847 606,3 466,0 Mato Grosso 33.125 28.029 905,3 766,1 Goiás 284.684 70.028 4.035,1 992,6 Distrito Federal 266.828 7.136 9.471,8 253,3 Brasil 5.877.959 1.403.561 2.894,7 691,2 FONTE:SinanOn-lineeE-SUS VS(bancodedadosatualizadoem26/05/2025).Dadossujeitosaalteração."
Informe Semanal nº 15.pdf,15,1,21,2025,2025-05-26,14,0,1181,"INFORME SEMANAL No 15
SE 01 a 21/2025 (26/05/2025)
Número de casos de dengue grave e dengue com sinais de alarme, SE 01 a SE 21,
Brasil, 2024 e 2025
Dengue grave (n) Dengue com sinais de alarme (n)
SE 01 aSE 21 SE 01 aSE 21
Região/UF
2024 2025 2024 2025
Norte 66 36 597 390
Rondônia
5 1 24 10
Acre
2 1 8 37
Amazonas
11 3 64 9
Roraima
0 2 1 2
Pará
30 23 271 293
Amapá
11 6 171 26
Tocantins
7 0 58 13
Nordeste 616 82 6.336 681
Maranhão
13 5 162 38
Piauí
41 20 426 122
Ceará
6 2 105 15
Rio Grande do Norte
8 2 114 24
Paraíba
4 5 136 13
Pernambuco
13 3 124 54
Alagoas
16 1 229 21
Sergipe
3 23 39 18
Bahia
512 21 5001 376
Sudeste
4.128 1.206 40.449 16.295
Minas Gerais
1.653 158 13.964 1.701
Espírito Santo
90 8 2.045 342
Rio de Janeiro
221 26 4.262 312
São Paulo
2.164 1.014 20.178 13.940
Sul
1.418 185 19.749 3.419
Paraná
664 139 11.617 2.827
Santa Catarina
384 10 5.750 191
Rio Grande do Sul
370 36 2.382 401
Centro-Oeste
1.154 138 17.417 2.699
Mato Grosso do Sul
33 14 397 196
Mato Grosso
60 32 663 277
Goiás
586 91 6279 2207
Distrito Federal
475 1 10078 19
Brasil
7.382 1.647 84.548 23.484
FONTE:SinanOn-lineeE-SUS VS(bancodedadosatualizadoem26/05/2025).Dadossujeitosaalteração.
14","Número de casos de dengue grave e dengue com sinais de alarme, SE 01 a SE 21, Brasil, 2024 e 2025 Dengue grave (n) Dengue com sinais de alarme (n) SE 01 aSE 21 SE 01 aSE 21 Região/UF 2024 2025 2024 2025 Norte 66 36 597 390 Rondônia 5 1 24 10 Acre 2 1 8 37 Amazonas 11 3 64 9 Roraima 0 2 1 2 Pará 30 23 271 293 Amapá 11 6 171 26 Tocantins 7 0 58 13 Nordeste 616 82 6.336 681 Maranhão 13 5 162 38 Piauí 41 20 426 122 Ceará 6 2 105 15 Rio Grande do Norte 8 2 114 24 Paraíba 4 5 136 13 Pernambuco 13 3 124 54 Alagoas 16 1 229 21 Sergipe 3 23 39 18 Bahia 512 21 5001 376 Sudeste 4.128 1.206 40.449 16.295 Minas Gerais 1.653 158 13.964 1.701 Espírito Santo 90 8 2.045 342 Rio de Janeiro 221 26 4.262 312 São Paulo 2.164 1.014 20.178 13.940 Sul 1.418 185 19.749 3.419 Paraná 664 139 11.617 2.827 Santa Catarina 384 10 5.750 191 Rio Grande do Sul 370 36 2.382 401 Centro-Oeste 1.154 138 17.417 2.699 Mato Grosso do Sul 33 14 397 196 Mato Grosso 60 32 663 277 Goiás 586 91 6279 2207 Distrito Federal 475 1 10078 19 Brasil 7.382 1.647 84.548 23.484 FONTE:SinanOn-lineeE-SUS VS(bancodedadosatualizadoem26/05/2025).Dadossujeitosaalteração.",1,tabela,"Número de casos de dengue grave e dengue com sinais de alarme, SE 01 a SE 21, Brasil, 2024 e 2025 Dengue grave (n) Dengue com sinais de alarme (n) SE 01 aSE 21 SE 01 aSE 21 Região/UF 2024 2025 2024 2025 Norte 66 36 597 390 Rondônia 5 1 24 10 Acre 2 1 8 37 Amazonas 11 3 64 9 Roraima 0 2 1 2 Pará 30 23 271 293 Amapá 11 6 171 26 Tocantins 7 0 58 13 Nordeste 616 82 6.336 681 Maranhão 13 5 162 38 Piauí 41 20 426 122 Ceará 6 2 105 15 Rio Grande do Norte 8 2 114 24 Paraíba 4 5 136 13 Pernambuco 13 3 124 54 Alagoas 16 1 229 21 Sergipe 3 23 39 18 Bahia 512 21 5001 376 Sudeste 4.128 1.206 40.449 16.295 Minas Gerais 1.653 158 13.964 1.701 Espírito Santo 90 8 2.045 342 Rio de Janeiro 221 26 4.262 312 São Paulo 2.164 1.014 20.178 13.940 Sul 1.418 185 19.749 3.419 Paraná 664 139 11.617 2.827 Santa Catarina 384 10 5.750 191 Rio Grande do Sul 370 36 2.382 401 Centro-Oeste 1.154 138 17.417 2.699 Mato Grosso do Sul 33 14 397 196 Mato Grosso 60 32 663 277 Goiás 586 91 6279 2207 Distrito Federal 475 1 10078 19 Brasil 7.382 1.647 84.548 23.484 FONTE:SinanOn-lineeE-SUS VS(bancodedadosatualizadoem26/05/2025).Dadossujeitosaalteração."
Informe Semanal nº 15.pdf,15,1,21,2025,2025-05-26,15,0,1349,"INFORME SEMANAL No 15
SE 01 a 21/2025 (26/05/2025)
Número de óbitos confirmados, letalidade e óbitos em investigação por dengue, SE 01
a SE 21, Brasil, 2024 e 2025
Óbitos confirmados (n) Taxa de Letalidade Óbitos em Investigação
Região/UF SE 01 aSE 21 SE 01 aSE 21 SE 01 aSE 21
2024 2025 2024 2025 2024 2025
Norte 30 32 4,5 7,5 1 11
Rondônia
5 0 17,2 0,0 0 0
Acre
0 3 0,0 0,0 0 0
Amazonas
5 1 6,7 8,3 0 2
Roraima
0 2 0,0 0,0 0 1
Pará
7 23 2,3 0,0 1 8
Amapá
8 3 4,4 0,0 0 0
Tocantins
5 0 7,7 0,0 0 0
Nordeste
219 21 3,2 2,8 38 49
Maranhão 5 1 2,9 0,0 4 9
Piauí
19 7 4,1 0,0 1 2
Ceará
3 0 2,7 0,0 0 2
Rio Grande do Norte 2 0 1,6 0,0 1 2
Paraíba
9 1 6,4 0,0 0 8
Pernambuco
10 3 7,3 0,0 5 9
Alagoas
9 1 3,7 4,5 0 1
Sergipe
4 1 9,5 0,0 0 1
Bahia
158 7 2,9 1,8 27 15
Sudeste
3.264 782 7,3 4,5 276 625
Minas Gerais
1.126 73 7,2 3,9 259 99
Espírito Santo
39 1 1,8 0,3 0 11
Rio de Janeiro
215 10 4,8 3,0 0 9
São Paulo
1.884 698 8,4 4,7 17 506
Sul
1.285 119 6,1 3,3 1 73
Paraná
695 84 5,7 2,8 0 56
Santa Catarina
320 10 5,2 0,0 0 5
Rio Grande do Sul
270 25 9,8 5,7 1 12
Centro-Oeste
859 59 4,6 2,1 16 72
Mato Grosso do Sul
26 12 6,0 0,0 9 6
Mato Grosso
18 13 2,5 4,2 1 11
Goiás
387 34 5,6 1,5 5 55
Distrito Federal
428 0 4,1 0,0 1 0
Brasil
5.657 1.013 6,2 4,0 332 830
FONTE:SinanOn-lineeE-SUS VS(bancodedadosatualizadoem26/05/2025).Dadossujeitosaalteração.
15","Número de óbitos confirmados, letalidade e óbitos em investigação por dengue, SE 01 a SE 21, Brasil, 2024 e 2025 Óbitos confirmados (n) Taxa de Letalidade Óbitos em Investigação Região/UF SE 01 aSE 21 SE 01 aSE 21 SE 01 aSE 21 2024 2025 2024 2025 2024 2025 Norte 30 32 4,5 7,5 1 11 Rondônia 5 0 17,2 0,0 0 0 Acre 0 3 0,0 0,0 0 0 Amazonas 5 1 6,7 8,3 0 2 Roraima 0 2 0,0 0,0 0 1 Pará 7 23 2,3 0,0 1 8 Amapá 8 3 4,4 0,0 0 0 Tocantins 5 0 7,7 0,0 0 0 Nordeste 219 21 3,2 2,8 38 49 Maranhão 5 1 2,9 0,0 4 9 Piauí 19 7 4,1 0,0 1 2 Ceará 3 0 2,7 0,0 0 2 Rio Grande do Norte 2 0 1,6 0,0 1 2 Paraíba 9 1 6,4 0,0 0 8 Pernambuco 10 3 7,3 0,0 5 9 Alagoas 9 1 3,7 4,5 0 1 Sergipe 4 1 9,5 0,0 0 1 Bahia 158 7 2,9 1,8 27 15 Sudeste 3.264 782 7,3 4,5 276 625 Minas Gerais 1.126 73 7,2 3,9 259 99 Espírito Santo 39 1 1,8 0,3 0 11 Rio de Janeiro 215 10 4,8 3,0 0 9 São Paulo 1.884 698 8,4 4,7 17 506 Sul 1.285 119 6,1 3,3 1 73 Paraná 695 84 5,7 2,8 0 56 Santa Catarina 320 10 5,2 0,0 0 5 Rio Grande do Sul 270 25 9,8 5,7 1 12 Centro-Oeste 859 59 4,6 2,1 16 72 Mato Grosso do Sul 26 12 6,0 0,0 9 6 Mato Grosso 18 13 2,5 4,2 1 11 Goiás 387 34 5,6 1,5 5 55 Distrito Federal 428 0 4,1 0,0 1 0 Brasil 5.657 1.013 6,2 4,0 332 830 FONTE:SinanOn-lineeE-SUS VS(bancodedadosatualizadoem26/05/2025).Dadossujeitosaalteração.",1,tabela,"Número de óbitos confirmados, letalidade e óbitos em investigação por dengue, SE 01 a SE 21, Brasil, 2024 e 2025 Óbitos confirmados (n) Taxa de Letalidade Óbitos em Investigação Região/UF SE 01 aSE 21 SE 01 aSE 21 SE 01 aSE 21 2024 2025 2024 2025 2024 2025 Norte 30 32 4,5 7,5 1 11 Rondônia 5 0 17,2 0,0 0 0 Acre 0 3 0,0 0,0 0 0 Amazonas 5 1 6,7 8,3 0 2 Roraima 0 2 0,0 0,0 0 1 Pará 7 23 2,3 0,0 1 8 Amapá 8 3 4,4 0,0 0 0 Tocantins 5 0 7,7 0,0 0 0 Nordeste 219 21 3,2 2,8 38 49 Maranhão 5 1 2,9 0,0 4 9 Piauí 19 7 4,1 0,0 1 2 Ceará 3 0 2,7 0,0 0 2 Rio Grande do Norte 2 0 1,6 0,0 1 2 Paraíba 9 1 6,4 0,0 0 8 Pernambuco 10 3 7,3 0,0 5 9 Alagoas 9 1 3,7 4,5 0 1 Sergipe 4 1 9,5 0,0 0 1 Bahia 158 7 2,9 1,8 27 15 Sudeste 3.264 782 7,3 4,5 276 625 Minas Gerais 1.126 73 7,2 3,9 259 99 Espírito Santo 39 1 1,8 0,3 0 11 Rio de Janeiro 215 10 4,8 3,0 0 9 São Paulo 1.884 698 8,4 4,7 17 506 Sul 1.285 119 6,1 3,3 1 73 Paraná 695 84 5,7 2,8 0 56 Santa Catarina 320 10 5,2 0,0 0 5 Rio Grande do Sul 270 25 9,8 5,7 1 12 Centro-Oeste 859 59 4,6 2,1 16 72 Mato Grosso do Sul 26 12 6,0 0,0 9 6 Mato Grosso 18 13 2,5 4,2 1 11 Goiás 387 34 5,6 1,5 5 55 Distrito Federal 428 0 4,1 0,0 1 0 Brasil 5.657 1.013 6,2 4,0 332 830 FONTE:SinanOn-lineeE-SUS VS(bancodedadosatualizadoem26/05/2025).Dadossujeitosaalteração."
Informe Semanal nº 15.pdf,15,1,21,2025,2025-05-26,16,0,1341,"INFORME SEMANAL No 15
SE 01 a 21/2025 (26/05/2025)
Casos prováveis e incidência (por 100.000 habitantes) de chikungunya, SE 01 a SE 21,
Brasil, 2024 e 2025
Casos Prováveis (n) Coeficiente de Incidência
Região/UF SE 01 aSE 21 SE 01 aSE 21
2024 2025 2024 2025
Norte 2.061 3.695 11,9 21,3
Rondônia
193 2.726 12,2 172,4
Acre
174 106 21,0 12,8
Amazonas
47 99 1,2 2,5
Roraima
19 29 3,0 4,6
Pará
788 324 9,7 4,0
Amapá
199 24 27,1 3,3
Tocantins
641 387 42,4 25,6
Nordeste
22.680 5.820 41,5 10,7
Maranhão
836 301 12,3 4,4
Piauí
665 334 20,3 10,2
Ceará
746 651 8,5 7,4
Rio Grande do Norte
1.960 1.105 59,4 33,5
Paraíba
1.213 444 30,5 11,2
Pernambuco
2.574 1.317 28,4 14,5
Alagoas
248 211 7,9 6,7
Sergipe
314 63 14,2 2,9
Bahia
14.124 1.394 99,9 9,9
Sudeste
176.571 23.108 208,1 27,2
Minas Gerais
156.082 11.586 759,9 56,4
Espírito Santo
9.971 1.954 260,1 51,0
Rio de Janeiro
3.280 1.295 20,4 8,1
São Paulo
7.238 8.273 16,3 18,6
Sul
904 8.013 3,0 26,8
Paraná
488 6.485 4,3 56,7
Santa Catarina
118 819 1,6 10,8
Rio Grande do Sul
298 709 2,7 6,5
Centro-Oeste
25.915 53.898 159,1 330,9
Mato Grosso do Sul
2.044 10.959 74,1 397,5
Mato Grosso
14.290 41.563 390,6 1.136,0
Goiás
9.280 1.234 131,5 17,5
Distrito Federal
301 142 10,7 5,0
Brasil
228.131 94.534 112,3 46,6
FONTE:SinanOn-lineeE-SUS VS(bancodedadosatualizadoem26/05/2025).Dadossujeitosaalteração.
16","Casos prováveis e incidência (por 100.000 habitantes) de chikungunya, SE 01 a SE 21, Brasil, 2024 e 2025 Casos Prováveis (n) Coeficiente de Incidência Região/UF SE 01 aSE 21 SE 01 aSE 21 2024 2025 2024 2025 Norte 2.061 3.695 11,9 21,3 Rondônia 193 2.726 12,2 172,4 Acre 174 106 21,0 12,8 Amazonas 47 99 1,2 2,5 Roraima 19 29 3,0 4,6 Pará 788 324 9,7 4,0 Amapá 199 24 27,1 3,3 Tocantins 641 387 42,4 25,6 Nordeste 22.680 5.820 41,5 10,7 Maranhão 836 301 12,3 4,4 Piauí 665 334 20,3 10,2 Ceará 746 651 8,5 7,4 Rio Grande do Norte 1.960 1.105 59,4 33,5 Paraíba 1.213 444 30,5 11,2 Pernambuco 2.574 1.317 28,4 14,5 Alagoas 248 211 7,9 6,7 Sergipe 314 63 14,2 2,9 Bahia 14.124 1.394 99,9 9,9 Sudeste 176.571 23.108 208,1 27,2 Minas Gerais 156.082 11.586 759,9 56,4 Espírito Santo 9.971 1.954 260,1 51,0 Rio de Janeiro 3.280 1.295 20,4 8,1 São Paulo 7.238 8.273 16,3 18,6 Sul 904 8.013 3,0 26,8 Paraná 488 6.485 4,3 56,7 Santa Catarina 118 819 1,6 10,8 Rio Grande do Sul 298 709 2,7 6,5 Centro-Oeste 25.915 53.898 159,1 330,9 Mato Grosso do Sul 2.044 10.959 74,1 397,5 Mato Grosso 14.290 41.563 390,6 1.136,0 Goiás 9.280 1.234 131,5 17,5 Distrito Federal 301 142 10,7 5,0 Brasil 228.131 94.534 112,3 46,6 FONTE:SinanOn-lineeE-SUS VS(bancodedadosatualizadoem26/05/2025).Dadossujeitosaalteração.",0,,
Informe Semanal nº 15.pdf,15,1,21,2025,2025-05-26,17,0,962,"INFORME SEMANAL No 15
SE 01 a 21/2025 (26/05/2025)
Número de óbitos confirmados e óbitos em investigação de chikungunya, SE 01 a SE
21, Brasil, 2024 e 2025
Óbitos confirmados Óbitos em Investigação
Região/UF SE 01 aSE 21 SE 01 aSE 21
2024 2025 2024 2025
Norte
1 1 0 1
Rondônia 0 1 0 0
Acre
0 0 0 0
Amazonas
0 0 0 0
Roraima
0 0 0 0
Pará
0 0 0 1
Amapá
1 0 0 0
Tocantins
0 0 0 0
Nordeste
21 2 12 15
Maranhão
1 0 1 6
Piauí
0 0 1 0
Ceará
0 0 0 0
Rio Grande do Norte
1 0 0 0
Paraíba
5 1 0 0
Pernambuco
3 0 6 9
Alagoas
1 0 1 0
Sergipe
1 0 0 0
Bahia
9 1 3 0
Sudeste
143 10 20 18
Minas Gerais
122 2 16 2
Espírito Santo
5 0 0 0
Rio de Janeiro
5 2 0 5
São Paulo
11 6 4 11
Sul
0 8 0 2
Paraná
0 2 0 1
Santa Catarina
0 3 0 0
Rio Grande do Sul
0 3 0 1
Centro-Oeste
26 58 8 30
Mato Grosso do Sul
1 6 2 5
Mato Grosso
11 52 2 23
Goiás
14 0 2 2
Distrito Federal
0 0 2 0
Brasil
191 79 40 66
FONTE:SinanOn-lineeE-SUS VS(bancodedadosatualizadoem26/05/2025).Dadossujeitosaalteração.
17","Número de óbitos confirmados e óbitos em investigação de chikungunya, SE 01 a SE 21, Brasil, 2024 e 2025 Óbitos confirmados Óbitos em Investigação Região/UF SE 01 aSE 21 SE 01 aSE 21 2024 2025 2024 2025 Norte 1 1 0 1 Rondônia 0 1 0 0 Acre 0 0 0 0 Amazonas 0 0 0 0 Roraima 0 0 0 0 Pará 0 0 0 1 Amapá 1 0 0 0 Tocantins 0 0 0 0 Nordeste 21 2 12 15 Maranhão 1 0 1 6 Piauí 0 0 1 0 Ceará 0 0 0 0 Rio Grande do Norte 1 0 0 0 Paraíba 5 1 0 0 Pernambuco 3 0 6 9 Alagoas 1 0 1 0 Sergipe 1 0 0 0 Bahia 9 1 3 0 Sudeste 143 10 20 18 Minas Gerais 122 2 16 2 Espírito Santo 5 0 0 0 Rio de Janeiro 5 2 0 5 São Paulo 11 6 4 11 Sul 0 8 0 2 Paraná 0 2 0 1 Santa Catarina 0 3 0 0 Rio Grande do Sul 0 3 0 1 Centro-Oeste 26 58 8 30 Mato Grosso do Sul 1 6 2 5 Mato Grosso 11 52 2 23 Goiás 14 0 2 2 Distrito Federal 0 0 2 0 Brasil 191 79 40 66 FONTE:SinanOn-lineeE-SUS VS(bancodedadosatualizadoem26/05/2025).Dadossujeitosaalteração.",0,,
Informe Semanal nº 15.pdf,15,1,21,2025,2025-05-26,18,0,1157,"INFORME SEMANAL No 15
SE 01 a 21/2025 (26/05/2025)
Casos prováveis e incidência (por 100.000 habitantes) de Zika, SE 01 a SE 19, Brasil,
2024 e 2025.
Casos Prováveis Coeficiente de Incidência
Região/UF SE 01 aSE 19 SE 01 aSE 19
2024 2025 2024 2025
Norte
465 223 2,7 1,3
Rondônia 79 18 5,0 1,1
Acre 80 35 9,6 4,2
Amazonas 68 17 1,7 0,4
Roraima 6 5 0,9 0,8
Pará 78 38 1,0 0,5
Amapá 116 7 15,8 1,0
Tocantins 38 103 2,5 6,8
Nordeste 2.345 963 4,3 1,8
Maranhão 229 130 3,4 1,9
Piauí 5 12 0,2 0,4
Ceará 112 36 1,3 0,4
Rio Grande do
Norte 880 513 26,6 15,5
Paraíba
65 8 1,6 0,2
Pernambuco
88 85 1,0 0,9
Alagoas
33 17 1,1 0,5
Sergipe
19 9 0,9 0,4
Bahia
914 153 6,5 1,1
Sudeste
350 201 0,4 0,2
Minas Gerais
162 66 0,8 0,3
Espírito Santo
72 1 1,9 0,0
Rio de Janeiro
1 3 0,0 0,0
São Paulo
115 131 0,3 0,3
Sul
27 26 0,1 0,1
Paraná
10 17 0,1 0,1
Santa Catarina
5 4 0,1 0,1
Rio Grande do
Sul 12 5 0,1 0,0
Centro-Oeste
401 1.750 2,5 10,7
Mato Grosso do
Sul 66 412 2,4 14,9
Mato Grosso
265 1.301 7,2 35,6
Goiás
60 34 0,9 0,5
Distrito Federal
10 3 0,4 0,1
Brasil
3.588 3.163 1,8 1,6
FONTE:SinanOn-lineeE-SUS VS(bancodedadosatualizadoem14/05/2025).Dadossujeitosaalteração.
18","Casos prováveis e incidência (por 100.000 habitantes) de Zika, SE 01 a SE 19, Brasil, 2024 e 2025. Casos Prováveis Coeficiente de Incidência Região/UF SE 01 aSE 19 SE 01 aSE 19 2024 2025 2024 2025 Norte 465 223 2,7 1,3 Rondônia 79 18 5,0 1,1 Acre 80 35 9,6 4,2 Amazonas 68 17 1,7 0,4 Roraima 6 5 0,9 0,8 Pará 78 38 1,0 0,5 Amapá 116 7 15,8 1,0 Tocantins 38 103 2,5 6,8 Nordeste 2.345 963 4,3 1,8 Maranhão 229 130 3,4 1,9 Piauí 5 12 0,2 0,4 Ceará 112 36 1,3 0,4 Rio Grande do Norte 880 513 26,6 15,5 Paraíba 65 8 1,6 0,2 Pernambuco 88 85 1,0 0,9 Alagoas 33 17 1,1 0,5 Sergipe 19 9 0,9 0,4 Bahia 914 153 6,5 1,1 Sudeste 350 201 0,4 0,2 Minas Gerais 162 66 0,8 0,3 Espírito Santo 72 1 1,9 0,0 Rio de Janeiro 1 3 0,0 0,0 São Paulo 115 131 0,3 0,3 Sul 27 26 0,1 0,1 Paraná 10 17 0,1 0,1 Santa Catarina 5 4 0,1 0,1 Rio Grande do Sul 12 5 0,1 0,0 Centro-Oeste 401 1.750 2,5 10,7 Mato Grosso do Sul 66 412 2,4 14,9 Mato Grosso 265 1.301 7,2 35,6 Goiás 60 34 0,9 0,5 Distrito Federal 10 3 0,4 0,1 Brasil 3.588 3.163 1,8 1,6 FONTE:SinanOn-lineeE-SUS VS(bancodedadosatualizadoem14/05/2025).Dadossujeitosaalteração.",0,,
Informe Semanal nº 15.pdf,15,1,21,2025,2025-05-26,19,0,966,"INFORME SEMANAL No 15
SE 01 a 21/2025 (26/05/2025)
CASOS CONFIRMADOS DE OROPOUCHE POR UF DE LOCAL PROVÁVEL DE INFECÇÃO,
BRASIL, 2024 E 2025.
Casos de Oropouche
Região/UF
2024 2025 2025
SE 01 a SE 21 SE 01 a SE 21 4 últimas SE
Norte 5.461 106 2
Rondônia 1710 7 0
Acre 272 0 0
Amazonas 3210 0 0
Roraima 92 1 0
Pará 159 1 0
Amapá 11 84 0
Tocantins 7 13 2
Nordeste 770 1.266 57
Maranhão 26 0 0
Piauí 30 1 0
Ceará 6 614 53
Rio Grande do Norte 0 0 0
Paraíba 0 640 3
Pernambuco 9 2 0
Alagoas 1 3 0
Sergipe 0 0 0
Bahia 698 6 1
Sudeste 543 9.557 593
Minas Gerais 195 1065 111
Espírito Santo 226 6239 220
Rio de Janeiro 115 2198 262
São Paulo 7 55 0
Sul 163 32 13
Paraná 0 18 9
Santa Catarina 163 14 4
Rio Grande do Sul 0 0 0
Centro-Oeste 19 1 0
Mato Grosso do Sul 1 1 0
Mato Grosso 18 0 0
Goiás 0 0 0
Distrito Federal 0 0 0
Brasil 6.956 10.962 665
* LPI em investigação
FONTE:GerenciadordeAmbiente Laboratorial(GAL). Dadosatualizadosaté26/04/2025.Dadossujeitosaalterações.
19","CASOS CONFIRMADOS DE OROPOUCHE POR UF DE LOCAL PROVÁVEL DE INFECÇÃO, BRASIL, 2024 E 2025. Casos de Oropouche Região/UF 2024 2025 2025 SE 01 a SE 21 SE 01 a SE 21 4 últimas SE Norte 5.461 106 2 Rondônia 1710 7 0 Acre 272 0 0 Amazonas 3210 0 0 Roraima 92 1 0 Pará 159 1 0 Amapá 11 84 0 Tocantins 7 13 2 Nordeste 770 1.266 57 Maranhão 26 0 0 Piauí 30 1 0 Ceará 6 614 53 Rio Grande do Norte 0 0 0 Paraíba 0 640 3 Pernambuco 9 2 0 Alagoas 1 3 0 Sergipe 0 0 0 Bahia 698 6 1 Sudeste 543 9.557 593 Minas Gerais 195 1065 111 Espírito Santo 226 6239 220 Rio de Janeiro 115 2198 262 São Paulo 7 55 0 Sul 163 32 13 Paraná 0 18 9 Santa Catarina 163 14 4 Rio Grande do Sul 0 0 0 Centro-Oeste 19 1 0 Mato Grosso do Sul 1 1 0 Mato Grosso 18 0 0 Goiás 0 0 0 Distrito Federal 0 0 0 Brasil 6.956 10.962 665 * LPI em investigação FONTE:GerenciadordeAmbiente Laboratorial(GAL). Dadosatualizadosaté26/04/2025.Dadossujeitosaalterações.",0,,
Informe Semanal nº 15.pdf,15,1,21,2025,2025-05-26,20,0,1001,"INFORME SEMANAL No 15
SE 01 a 21/2025 (26/05/2025)
Febre Amarela
Tabela 1. Estados com detecção dovírus da Febre Amarela em PNH e humanos durante o
.
períododemonitoramento 2024/2025
PRIMATAS NÃO-HUMANOS CASOS HUMANOS
REGIÃO UF (LPI)
NOTIFICADOS CONFIRMADOS NOTIFICADOS CONFIRMADOS ÓBITOS LETALIDADE (%)
Norte Acre 2 1
Amapá 1 43
Amazonas 5
Pará 20 211 45 7 15,6
Rondônia 1 6
Roraima 6 1 6
Tocantins 20 2 12 1 1 100,0
Nordeste Alagoas 7 0
Bahia 28 6
Ceará 1 3
Maranhão 12
Paraíba 1
Pernambuco 17 3
Piauí
Rio Grande do
30 6
Norte
Sergipe
Distrito Federal 100 8
Centro- Goiás 50 15
Oeste Mato Grosso 14 10
Mato Grosso do Sul 9
Sudeste Minas Gerais 483 16 446 11 5 45,5
FONTE:SINAN,SISS-Geo,GAL. Dadosatualizadosaté05/03/2025.Dadossujeitosaalterações.
Espírito Santo 16 38
Rio de Janeiro 59 22
São Paulo 939 77 575 57 32 56,1
Sul Paraná 82 28
Santa Catarina 101 17
Rio Grande do Sul 41 11
TOTAL 2018 96 1494 114 45 39,5
FONTE:SINAN,SISS-Geo,GAL. Dadosatualizadosaté23/05/2025.Dadossujeitosaalterações.
20","Febre Amarela Tabela 1. Estados com detecção dovírus da Febre Amarela em PNH e humanos durante o . períododemonitoramento 2024/2025 PRIMATAS NÃO-HUMANOS CASOS HUMANOS REGIÃO UF (LPI) NOTIFICADOS CONFIRMADOS NOTIFICADOS CONFIRMADOS ÓBITOS LETALIDADE (%) Norte Acre 2 1 Amapá 1 43 Amazonas 5 Pará 20 211 45 7 15,6 Rondônia 1 6 Roraima 6 1 6 Tocantins 20 2 12 1 1 100,0 Nordeste Alagoas 7 0 Bahia 28 6 Ceará 1 3 Maranhão 12 Paraíba 1 Pernambuco 17 3 Piauí Rio Grande do 30 6 Norte Sergipe Distrito Federal 100 8 Centro- Goiás 50 15 Oeste Mato Grosso 14 10 Mato Grosso do Sul 9 Sudeste Minas Gerais 483 16 446 11 5 45,5 FONTE:SINAN,SISS-Geo,GAL. Dadosatualizadosaté05/03/2025.Dadossujeitosaalterações. Espírito Santo 16 38 Rio de Janeiro 59 22 São Paulo 939 77 575 57 32 56,1 Sul Paraná 82 28 Santa Catarina 101 17 Rio Grande do Sul 41 11 TOTAL 2018 96 1494 114 45 39,5 FONTE:SINAN,SISS-Geo,GAL. Dadosatualizadosaté23/05/2025.Dadossujeitosaalterações.",0,,
Informe Semanal nº 16.pdf,16,1,22,2025,2025-06-02,1,0,41,"SE 01 a 22/2025
No 16
09 de junho de 2025",SE 01 a 22/2025 No 16 09 de junho de 2025,0,,
Informe Semanal nº 16.pdf,16,1,22,2025,2025-06-02,2,0,2131,"INFORME SEMANAL No 16
SE 01 a 22/2025 (02/06/2025)
Introdução
Os dados de dengue, chikungunya e Oropouche apresentados neste
Informe referem-se às semanas epidemiológicas (SE) 01 a 22 de 2025 (que
correspondem ao período entre 29/12/24 e 31/05/2025). Para Zika, os dados
apresentados são do período da SE 01 a SE 21 de 2025 (que se estende de
29/12/24 a 24/05/2025). Os dados são comparados aos dados do mesmo
período de 2024. Para febre amarela, os dados referem-se ao monitoramento
2024/2025 (julho/2024 a junho/2025), atualizados até 02/06/2025. Os dados
detalhados das arboviroses dos anos de 2023 a 2025 podem ser acessados em:
https://www.gov.br/saude/pt-br/assuntos/saude-de-a-a-z/a/aedes-
aegypti/monitoramento-das-arboviroses.
Situação Epidemiológica
Dengue
Nas SE 01 a 22 de 2025, foram notificados 1.447.993 casos prováveis de
dengue, correspondendo a um coeficiente de incidência de 713,1 casos/100 mil
habitantes. Quando comparado com o mesmo período de 2024, observa-se
uma redução de 75,9% no número de casos prováveis.
As Regiões Geográficas que apresentam os maiores coeficientes de
incidência são Sudeste, Centro-Oeste e Sul. Entre as Unidades Federativas (UF),
destacam-se São Paulo, Goiás, Acre, Paraná e Mato Grosso.
Os maiores números de casos graves concentram-se nas regiões Sudeste,
Sul e Centro-Oeste. A maior parte dos óbitos está na região Sudeste. Foram
confirmados 1.091 óbitos no período, e 813 estão em investigação.
Foi identificada a circulação dos quatro sorotipos do vírus dengue (DENV-
1, DENV-2, DENV-3 e DENV-4), com predominância do DENV-2. Aumento da
proporção de DENV-3 foi observada desde o último trimestre de 2024. DENV-4
foi detectado em cinco amostras de Minas Gerais, cinco de São Paulo, três de
Roraima, duas de Mato Grosso do Sul e uma do Paraná.
O coeficiente de incidência de dengue no Brasil encontra-se dentro do
canal endêmico do diagrama de controle, considerando a série histórica. A
estimativa nowcasting se encontra fora do canal endêmico, mas com
tendência de redução de casos.
Fonte: Sinan On-line (banco de dados atualizado em 02/06/2025). Dados sujeitos a alteração.
2","Introdução Os dados de dengue, chikungunya e Oropouche apresentados neste Informe referem-se às semanas epidemiológicas (SE) 01 a 22 de 2025 (que correspondem ao período entre 29/12/24 e 31/05/2025). Para Zika, os dados apresentados são do período da SE 01 a SE 21 de 2025 (que se estende de 29/12/24 a 24/05/2025). Os dados são comparados aos dados do mesmo período de 2024. Para febre amarela, os dados referem-se ao monitoramento 2024/2025 (julho/2024 a junho/2025), atualizados até 02/06/2025. Os dados detalhados das arboviroses dos anos de 2023 a 2025 podem ser acessados em: https://www.gov.br/saude/pt-br/assuntos/saude-de-a-a-z/a/aedesaegypti/monitoramento-das-arboviroses. Situação Epidemiológica Dengue Nas SE 01 a 22 de 2025, foram notificados 1.447.993 casos prováveis de dengue, correspondendo a um coeficiente de incidência de 713,1 casos/100 mil habitantes. Quando comparado com o mesmo período de 2024, observa-se uma redução de 75,9% no número de casos prováveis. As Regiões Geográficas que apresentam os maiores coeficientes de incidência são Sudeste, Centro-Oeste e Sul. Entre as Unidades Federativas (UF), destacam-se São Paulo, Goiás, Acre, Paraná e Mato Grosso. Os maiores números de casos graves concentram-se nas regiões Sudeste, Sul e Centro-Oeste. A maior parte dos óbitos está na região Sudeste. Foram confirmados 1.091 óbitos no período, e 813 estão em investigação. Foi identificada a circulação dos quatro sorotipos do vírus dengue (DENV1, DENV-2, DENV-3 e DENV-4), com predominância do DENV-2. Aumento da proporção de DENV-3 foi observada desde o último trimestre de 2024. DENV-4 foi detectado em cinco amostras de Minas Gerais, cinco de São Paulo, três de Roraima, duas de Mato Grosso do Sul e uma do Paraná. O coeficiente de incidência de dengue no Brasil encontra-se dentro do canal endêmico do diagrama de controle, considerando a série histórica. A estimativa nowcasting se encontra fora do canal endêmico, mas com tendência de redução de casos. Fonte: Sinan On-line (banco de dados atualizado em 02/06/2025). Dados sujeitos a alteração.",1,narrativa,"Dengue Nas SE 01 a 22 de 2025, foram notificados 1.447.993 casos prováveis de dengue, correspondendo a um coeficiente de incidência de 713,1 casos/100 mil habitantes. Quando comparado com o mesmo período de 2024, observa-se uma redução de 75,9% no número de casos prováveis. As Regiões Geográficas que apresentam os maiores coeficientes de incidência são Sudeste, Centro-Oeste e Sul. Entre as Unidades Federativas (UF), destacam-se São Paulo, Goiás, Acre, Paraná e Mato Grosso. Os maiores números de casos graves concentram-se nas regiões Sudeste, Sul e Centro-Oeste. A maior parte dos óbitos está na região Sudeste. Foram confirmados 1.091 óbitos no período, e 813 estão em investigação. Foi identificada a circulação dos quatro sorotipos do vírus dengue (DENV1, DENV-2, DENV-3 e DENV-4), com predominância do DENV-2. Aumento da proporção de DENV-3 foi observada desde o último trimestre de 2024. DENV-4 foi detectado em cinco amostras de Minas Gerais, cinco de São Paulo, três de Roraima, duas de Mato Grosso do Sul e uma do Paraná. O coeficiente de incidência de dengue no Brasil encontra-se dentro do canal endêmico do diagrama de controle, considerando a série histórica. A estimativa nowcasting se encontra fora do canal endêmico, mas com tendência de redução de casos. Fonte: Sinan On-line (banco de dados atualizado em 02/06/2025). Dados sujeitos a alteração."
Informe Semanal nº 16.pdf,16,1,22,2025,2025-06-02,3,0,200,"INFORME SEMANAL No 16
SE 01 a 22/2025 (02/06/2025)
Diagrama de controle
Coeficiente de Incidência e óbitos
Fonte: Sinan On-line (banco de dados atualizado em 02/06/2025). Dados sujeitos a alteração.
3",Diagrama de controle Coeficiente de Incidência e óbitos Fonte: Sinan On-line (banco de dados atualizado em 02/06/2025). Dados sujeitos a alteração.,1,narrativa,Diagrama de controle Coeficiente de Incidência e óbitos Fonte: Sinan On-line (banco de dados atualizado em 02/06/2025). Dados sujeitos a alteração.
Informe Semanal nº 16.pdf,16,1,22,2025,2025-06-02,4,0,1315,"INFORME SEMANAL No 16
SE 01 a 22/2025 (02/06/2025)
Mapa de Sorotipos Dengue SE 01 a SE 22/2025
Fonte: GAL/CGLAB/SVSA/MS.
Chikungunya
Nas SE 01 a 22 de 2025, foram notificados 98.568 casos prováveis de
chikungunya, correspondendo a um coeficiente de incidência de 48,5
casos/100 mil habitantes. Quando comparado ao mesmo período de
2024, observa-se uma redução de 57,5% no número de casos prováveis.
As Regiões Geográficas que apresentam os maiores coeficientes de
incidência são a Centro-Oeste e a Sudeste. Entre as UFs, Mato Grosso, Mato
Grosso do Sul e Rondônia apresentam as maiores incidências.
Foram confirmados 80 óbitos no período, sendo 52 no Mato Grosso, seis
em Mato Grosso do Sul e em São Paulo, quatro no Rio Grande do Sul, três em
Santa Catarina e, dois em Minas Gerais, Paraná e Rio de Janeiro, e um na
Bahia, Rondônia e Paraíba. Encontram-se em investigação 62 óbitos até o
momento, sendo 30 na região Centro-Oeste e 17 na região Sudeste.
O coeficiente de incidência de chikungunya no Brasil encontra-se
abaixo do limite inferior do canal endêmico do diagrama de controle,
considerando a série histórica. A estimativa nowcasting se encontra fora do
canal endêmico, e com tendência de estabilidade de casos.
Fonte: Sinan On-line (banco de dados atualizado em 02/06/2025). Dados sujeitos a alteração.
4","Mapa de Sorotipos Dengue SE 01 a SE 22/2025 Fonte: GAL/CGLAB/SVSA/MS. Chikungunya Nas SE 01 a 22 de 2025, foram notificados 98.568 casos prováveis de chikungunya, correspondendo a um coeficiente de incidência de 48,5 casos/100 mil habitantes. Quando comparado ao mesmo período de 2024, observa-se uma redução de 57,5% no número de casos prováveis. As Regiões Geográficas que apresentam os maiores coeficientes de incidência são a Centro-Oeste e a Sudeste. Entre as UFs, Mato Grosso, Mato Grosso do Sul e Rondônia apresentam as maiores incidências. Foram confirmados 80 óbitos no período, sendo 52 no Mato Grosso, seis em Mato Grosso do Sul e em São Paulo, quatro no Rio Grande do Sul, três em Santa Catarina e, dois em Minas Gerais, Paraná e Rio de Janeiro, e um na Bahia, Rondônia e Paraíba. Encontram-se em investigação 62 óbitos até o momento, sendo 30 na região Centro-Oeste e 17 na região Sudeste. O coeficiente de incidência de chikungunya no Brasil encontra-se abaixo do limite inferior do canal endêmico do diagrama de controle, considerando a série histórica. A estimativa nowcasting se encontra fora do canal endêmico, e com tendência de estabilidade de casos. Fonte: Sinan On-line (banco de dados atualizado em 02/06/2025). Dados sujeitos a alteração.",1,narrativa,Mapa de Sorotipos Dengue SE 01 a SE 22/2025 Fonte: GAL/CGLAB/SVSA/MS.
Informe Semanal nº 16.pdf,16,1,22,2025,2025-06-02,5,0,200,"INFORME SEMANAL No 16
SE 01 a 22/2025 (02/06/2025)
Diagrama de controle
Coeficiente de Incidência e óbitos
Fonte: Sinan On-line (banco de dados atualizado em 02/06/2025). Dados sujeitos a alteração.
5",Diagrama de controle Coeficiente de Incidência e óbitos Fonte: Sinan On-line (banco de dados atualizado em 02/06/2025). Dados sujeitos a alteração.,0,,
Informe Semanal nº 16.pdf,16,1,22,2025,2025-06-02,6,0,1585,"INFORME SEMANAL No 16
SE 01 a 22/2025 (02/06/2025)
Zika
Entre as Semanas Epidemiológicas 01 e 21 de 2025, foram notificados
3.325 casos prováveis de Zika no Brasil, com coeficiente de incidência de 1,6
casos/100 mil habitantes. Quando comparado ao mesmo período de 2024,
observa-se uma redução de 12,6%. Em relação às gestantes, 61 foram
confirmadas e 291 permanecem em investigação. No período, não foram
notificados óbitos.
As Regiões Centro-Oeste e Nordeste apresentam os maiores
coeficientes de incidência. Em relação às UFs, os maiores coeficientes de
incidência estão no Mato Grosso, Rio Grande do Norte, Mato Grosso do Sul
e Tocantins.
O coeficiente de incidência de Zika no Brasil, encontra-se abaixo do
limite inferior do canal endêmico do diagrama de controle2, considerando a
série histórica, assim como a estimativa de nowcasting.
Diagrama de controle2 Incidência e gestantes
1O nowcasting (linha tracejada vermelha) corrige os atrasos inerentes aos sistemas de vigilância epidemiológica e
estima o número de casos em um determinado momento, considerando os dados disponíveis e as características do
processodenotificação,contribuindoparaaantecipaçãodaavaliaçãodatendênciadealtaoubaixadaincidência.
2 O diagrama decontroleé uma ferramenta gráficaque permite acompanhar a variação do coeficiente de incidência
(linha azul) de uma determinada doença ao longo do tempo em relação ao canal endêmico, que define a faixa de
variaçãoesperadaparaaincidênciadadoençacombaseemdadoshistóricos.
Fonte: Sinan-Net (banco de dados atualizados em 02/06/2025). Dados sujeitos a alteração.
6","Zika Entre as Semanas Epidemiológicas 01 e 21 de 2025, foram notificados 3.325 casos prováveis de Zika no Brasil, com coeficiente de incidência de 1,6 casos/100 mil habitantes. Quando comparado ao mesmo período de 2024, observa-se uma redução de 12,6%. Em relação às gestantes, 61 foram confirmadas e 291 permanecem em investigação. No período, não foram notificados óbitos. As Regiões Centro-Oeste e Nordeste apresentam os maiores coeficientes de incidência. Em relação às UFs, os maiores coeficientes de incidência estão no Mato Grosso, Rio Grande do Norte, Mato Grosso do Sul e Tocantins. O coeficiente de incidência de Zika no Brasil, encontra-se abaixo do limite inferior do canal endêmico do diagrama de controle2, considerando a série histórica, assim como a estimativa de nowcasting. Diagrama de controle2 Incidência e gestantes 1O nowcasting (linha tracejada vermelha) corrige os atrasos inerentes aos sistemas de vigilância epidemiológica e estima o número de casos em um determinado momento, considerando os dados disponíveis e as características do processodenotificação,contribuindoparaaantecipaçãodaavaliaçãodatendênciadealtaoubaixadaincidência. 2 O diagrama decontroleé uma ferramenta gráficaque permite acompanhar a variação do coeficiente de incidência (linha azul) de uma determinada doença ao longo do tempo em relação ao canal endêmico, que define a faixa de variaçãoesperadaparaaincidênciadadoençacombaseemdadoshistóricos. Fonte: Sinan-Net (banco de dados atualizados em 02/06/2025). Dados sujeitos a alteração.",0,,
Informe Semanal nº 16.pdf,16,1,22,2025,2025-06-02,7,0,992,"INFORME SEMANAL No 16
SE 01 a 22/2025 (02/06/2025)
Dengue
(Incidência)
1.091
713,1
-75,9%
CASOS/100 MIL HAB. ÓBITOS
Em relação
ao número
1.447.993 Casos prováveis Óbitos em
813 de casos
investigação
no mesmo
Casos graves e com
26.306
período de
sinais de alarme 4,1% Letalidade1
2024
Chikungunya
(Incidência)
48,5 80
-57,5%
CASOS/100 MIL HAB. ÓBITOS
Em relação
ao número
Óbitos em
98.568 Casos prováveis 62 de casos
investigação
no mesmo
período de
0,1% Letalidade2 2024
Zika
(Incidência)
1,6 0
-12,6%
CASOS/100 MIL HAB. ÓBITOS
Em relação
ao número
3.325 Casos prováveis de casos
291
no mesmo
período de
CASOS PROVÁVEIS
2024
EM GESTANTES
1Para o cálculo da letalidade, foram considerados no denominador os casos de dengue grave e de dengue com sinais de
alarme.
2Paraocálculodaletalidade,foramconsideradosnodenominadoroscasosprováveisdechikungunya.
FONTE:: Sinan On-line (banco de dados atualizado em 02/06/2025); Sinan NET (banco de dados atualizado em
02/06/2025).Dadossujeitosaalteração.
7","Dengue (Incidência) 1.091 713,1 -75,9% CASOS/100 MIL HAB. ÓBITOS Em relação ao número 1.447.993 Casos prováveis Óbitos em 813 de casos investigação no mesmo Casos graves e com 26.306 período de sinais de alarme 4,1% Letalidade1 2024 Chikungunya (Incidência) 48,5 80 -57,5% CASOS/100 MIL HAB. ÓBITOS Em relação ao número Óbitos em 98.568 Casos prováveis 62 de casos investigação no mesmo período de 0,1% Letalidade2 2024 Zika (Incidência) 1,6 0 -12,6% CASOS/100 MIL HAB. ÓBITOS Em relação ao número 3.325 Casos prováveis de casos 291 no mesmo período de CASOS PROVÁVEIS 2024 EM GESTANTES 1Para o cálculo da letalidade, foram considerados no denominador os casos de dengue grave e de dengue com sinais de alarme. 2Paraocálculodaletalidade,foramconsideradosnodenominadoroscasosprováveisdechikungunya. FONTE:: Sinan On-line (banco de dados atualizado em 02/06/2025); Sinan NET (banco de dados atualizado em 02/06/2025).Dadossujeitosaalteração.",1,narrativa,"Dengue (Incidência) 1.091 713,1 -75,9% CASOS/100 MIL HAB. ÓBITOS Em relação ao número 1.447.993 Casos prováveis Óbitos em 813 de casos investigação no mesmo Casos graves e com 26.306 período de sinais de alarme 4,1% Letalidade1 2024"
Informe Semanal nº 16.pdf,16,1,22,2025,2025-06-02,8,0,1175,"INFORME SEMANAL No 16
SE 01 a 22/2025 (02/06/2025)
Oropouche
Entre as SE 01 e 22/2025, foram confirmados 11.304 casos de Oropouche
no Brasil, o que representa um aumento de 59,9% quando comparado com o
mesmo período do ano anterior, em que foram registrados 7.068 casos. Em 2025,
até o momento, foram identificados 4 óbitos associados à infecção pelo vírus
Oropouche, no Espírito Santo (1) e no Rio de Janeiro (3). Ainda se encontram em
investigação outros três óbitos, em São Paulo (1) e no Rio de Janeiro (2).
CASOS DE OROPOUCHE POR SE DE INÍCIO DE SINTOMAS, BRASIL, 2024 E 2025
Os casos identificados estão distribuídos de maneira equitativa entre os
sexos, com 52,5% das detecções em indivíduos do sexo masculino. As faixas
etárias entre 20 e 59 anos concentram 70,5% dos casos. Entre os menores de 1
ano, foram registrados 13 casos, sendo sete no Rio de Janeiro*, quatro no Espírito
Santo* , um no Ceará e um na Paraíba.
CASOS DE OROPOUCHE POR SEXO E FAIXA ETÁRIA, BRASIL, 2025
*Um casono Espírito Santo emmenorde1 anocom informaçãode sexoignorada.
Fonte:Gerenciador de Ambiente Laboratorial (GAL) (banco de dados atualizado em 02/06/2025).
Dados sujeitos aalterações.
8","Oropouche Entre as SE 01 e 22/2025, foram confirmados 11.304 casos de Oropouche no Brasil, o que representa um aumento de 59,9% quando comparado com o mesmo período do ano anterior, em que foram registrados 7.068 casos. Em 2025, até o momento, foram identificados 4 óbitos associados à infecção pelo vírus Oropouche, no Espírito Santo (1) e no Rio de Janeiro (3). Ainda se encontram em investigação outros três óbitos, em São Paulo (1) e no Rio de Janeiro (2). CASOS DE OROPOUCHE POR SE DE INÍCIO DE SINTOMAS, BRASIL, 2024 E 2025 Os casos identificados estão distribuídos de maneira equitativa entre os sexos, com 52,5% das detecções em indivíduos do sexo masculino. As faixas etárias entre 20 e 59 anos concentram 70,5% dos casos. Entre os menores de 1 ano, foram registrados 13 casos, sendo sete no Rio de Janeiro*, quatro no Espírito Santo* , um no Ceará e um na Paraíba. CASOS DE OROPOUCHE POR SEXO E FAIXA ETÁRIA, BRASIL, 2025 *Um casono Espírito Santo emmenorde1 anocom informaçãode sexoignorada. Fonte:Gerenciador de Ambiente Laboratorial (GAL) (banco de dados atualizado em 02/06/2025). Dados sujeitos aalterações.",0,,
Informe Semanal nº 16.pdf,16,1,22,2025,2025-06-02,9,0,1667,"INFORME SEMANAL No 16
SE 01 a 22/2025 (02/06/2025)
Oropouche
Em 2025, a UF com maior número de casos é o Espírito Santo (n= 6.271),
cujo aumento vem ocorrendo desde o segundo semestre de 2024. Destacam-se
ainda Rio de Janeiro (n=2.301), Paraíba (n=643) e Ceará (n=633). Transmissão
ativa também foi registrada em Roraima, Rondônia, Amapá, Tocantins, Bahia,
Minas Gerais, São Paulo, Mato Grosso do Sul, Paraná e Santa Catarina.
Os casos identificados no Pará, Maranhão, Piauí, Pernambuco, Mato
Grosso, Goiás, Distrito Federal e Rio Grande do Sul apresentaram Local Provável
de Infecção (LPI) em estados com transmissão autóctone (Espírito Santo, Rio de
Janeiro e Paraíba).
FONTE: Gerenciador de Ambiente Laboratorial (GAL). Dados atualizados até 02/06/2025. Dados sujeitos a alterações.
Febre Amarela
No período de monitoramento 2024/2025 (julho/2024 a junho/2025),
atualizado até 02/06/2025, ocorreram 96 registros de transmissão do vírus
em PNH, nos estados de São Paulo [77] (Amparo [2], Atibaia [1], Bragança
Paulista [1], Caçapava [1], Campinas [4], Colina [1], Cravinhos [1],
Descalvado [1], Guarulhos [1], Itatiba [1], Joanópolis [3], Louveira [1], Luís
Antônio [9], Mairiporã [2], Osasco [1], Pedra Bela [1], Pinhalzinho [1],
Pitangueiras [2], Ribeirão Preto [30], Santa Rita do Passa Quatro [1], Santo
Antônio do Pinhal [1], Serra Azul [1], Serra Negra [2], Socorro [1] e Valinhos
[7]), Minas Gerais [16] (Albertina [1], Camanducaia [1], Córrego do Bom
Jesus [1], Estiva [2], Ipuiúna [2], Paraisópolis [1], Poço Fundo [1], Poços de
Caldas [1], Ponte Nova [1], Sapucaí-Mirim [2], Toledo[1] e Virgínia [2]),
Tocantins [2] (Palmas) e Roraima [1] (Alto Alegre).
9","Oropouche Em 2025, a UF com maior número de casos é o Espírito Santo (n= 6.271), cujo aumento vem ocorrendo desde o segundo semestre de 2024. Destacam-se ainda Rio de Janeiro (n=2.301), Paraíba (n=643) e Ceará (n=633). Transmissão ativa também foi registrada em Roraima, Rondônia, Amapá, Tocantins, Bahia, Minas Gerais, São Paulo, Mato Grosso do Sul, Paraná e Santa Catarina. Os casos identificados no Pará, Maranhão, Piauí, Pernambuco, Mato Grosso, Goiás, Distrito Federal e Rio Grande do Sul apresentaram Local Provável de Infecção (LPI) em estados com transmissão autóctone (Espírito Santo, Rio de Janeiro e Paraíba). FONTE: Gerenciador de Ambiente Laboratorial (GAL). Dados atualizados até 02/06/2025. Dados sujeitos a alterações. Febre Amarela No período de monitoramento 2024/2025 (julho/2024 a junho/2025), atualizado até 02/06/2025, ocorreram 96 registros de transmissão do vírus em PNH, nos estados de São Paulo [77] (Amparo [2], Atibaia [1], Bragança Paulista [1], Caçapava [1], Campinas [4], Colina [1], Cravinhos [1], Descalvado [1], Guarulhos [1], Itatiba [1], Joanópolis [3], Louveira [1], Luís Antônio [9], Mairiporã [2], Osasco [1], Pedra Bela [1], Pinhalzinho [1], Pitangueiras [2], Ribeirão Preto [30], Santa Rita do Passa Quatro [1], Santo Antônio do Pinhal [1], Serra Azul [1], Serra Negra [2], Socorro [1] e Valinhos [7]), Minas Gerais [16] (Albertina [1], Camanducaia [1], Córrego do Bom Jesus [1], Estiva [2], Ipuiúna [2], Paraisópolis [1], Poço Fundo [1], Poços de Caldas [1], Ponte Nova [1], Sapucaí-Mirim [2], Toledo[1] e Virgínia [2]), Tocantins [2] (Palmas) e Roraima [1] (Alto Alegre).",0,,
Informe Semanal nº 16.pdf,16,1,22,2025,2025-06-02,10,0,1413,"INFORME SEMANAL No 16
SE 01 a 22/2025 (02/06/2025)
Febre Amarela
No mesmo período, foram confirmados 117 casos humanos de febre
amarela, dos quais 46 evoluíram para óbito, resultando em letalidade de
39,3%. Os casos tiveram os locais prováveis de infecção (LPI) nos estados de
São Paulo [60] (Águas de Lindóia [1], Águas de São Pedro [1], Amparo [1],
Bragança Paulista [2], Brotas [3], Caçapava [6], Campinas [3], Itatiba [1],
Itirapina [1], Jambeiro [3], Joanópolis [11], Jundiaí [1], Monteiro Lobato [1],
Nazaré Paulista [4], Paraibuna [1], Pedra Bela [2], Pedreira [2],
Pindamonhangaba [1], Piracaia [3], Redenção da Serra [1], Santa Rita do
Passa Quatro [1], São Carlos [1], São José dos Campos [1], Socorro [4],
Taubaté [1], Tuiuti [1], Valinhos [1] e Vargem [1]), Pará [45] (Afuá [1], Breves
[42], Cametá [1], Melgaço [1]), Minas Gerais [11] (Camanducaia [1],
Cambuí [1], Extrema [1], Gonçalves [1], Maria da Fé [1], Monte Sião [1],
Poços de Caldas [1], Pouso Alegre [1], Sapucaí-Mirim [1], Silvianópolis [1] e
Soledade de Minas [1]) e Tocantins [1] (Monte do Carmo).
Entre os casos, 103 (90,4%) eram do sexo masculino, com idades
entre 10 e 75 anos. Um dos indivíduos tinha histórico de vacinação em 2017
e evoluiu para o óbito.
Municípios com detecção do vírus da Febre Amarela em PNH e Humanos, monitoramento
2024/2025.
FONTE:SINAN,SISS-Geo,GAL. Dadosatualizadosaté23/05/2025.Dadossujeitosaalterações.
10","Febre Amarela No mesmo período, foram confirmados 117 casos humanos de febre amarela, dos quais 46 evoluíram para óbito, resultando em letalidade de 39,3%. Os casos tiveram os locais prováveis de infecção (LPI) nos estados de São Paulo [60] (Águas de Lindóia [1], Águas de São Pedro [1], Amparo [1], Bragança Paulista [2], Brotas [3], Caçapava [6], Campinas [3], Itatiba [1], Itirapina [1], Jambeiro [3], Joanópolis [11], Jundiaí [1], Monteiro Lobato [1], Nazaré Paulista [4], Paraibuna [1], Pedra Bela [2], Pedreira [2], Pindamonhangaba [1], Piracaia [3], Redenção da Serra [1], Santa Rita do Passa Quatro [1], São Carlos [1], São José dos Campos [1], Socorro [4], Taubaté [1], Tuiuti [1], Valinhos [1] e Vargem [1]), Pará [45] (Afuá [1], Breves [42], Cametá [1], Melgaço [1]), Minas Gerais [11] (Camanducaia [1], Cambuí [1], Extrema [1], Gonçalves [1], Maria da Fé [1], Monte Sião [1], Poços de Caldas [1], Pouso Alegre [1], Sapucaí-Mirim [1], Silvianópolis [1] e Soledade de Minas [1]) e Tocantins [1] (Monte do Carmo). Entre os casos, 103 (90,4%) eram do sexo masculino, com idades entre 10 e 75 anos. Um dos indivíduos tinha histórico de vacinação em 2017 e evoluiu para o óbito. Municípios com detecção do vírus da Febre Amarela em PNH e Humanos, monitoramento 2024/2025. FONTE:SINAN,SISS-Geo,GAL. Dadosatualizadosaté23/05/2025.Dadossujeitosaalterações.",0,,
Informe Semanal nº 16.pdf,16,1,22,2025,2025-06-02,11,0,1438,"INFORME SEMANAL No 16
SE 01 a 22/2025 (02/06/2025)
Ações realizadas
• Realização de mais uma etapa da Pesquisa para o controle vetorial de Culicoides
paraensis e investigação da circulação do vírus Oropouche em amostras de vetores no
estado do Espírito Santo
• Investigação para caracterização ambiental e avaliação da circulação do vírus
Oropouche a partir de amostras de vetores coletadas no município de Baturité-CE
• Capacitação sobre as novas Diretrizes Nacionais para Prevenção e Controle das
Arboviroses Urbanas para os Agentes de Combate às Endemias (ACE) do Estado de Goiás
• Participação do Lançamento do Projeto Todos Contra o Aedes aegypti em Rio Branco/AC
• Capacitação de Manejo Integrado de Vetores para Agentes de Combate às Endemias e
Agentes Indígenas e instalação de ovitrampas na aldeia Trevo do Parque do Município de
Itamaraju/BA
• Oficina de fortalecimento da linha de cuidado para crianças com Síndrome Congênita
associada à infecção pelo vírus Zika (SCZ) em Sergipe e Goiás
• Investigação entomológica de Oropouche no município de Bananeiras-PB
• Participação no Workshop Monitoramento Entomológico com Ovitrampas – Avanços e
Desafios no estado do Espirito Santo
• Oficina de fortalecimento da linha de cuidado para crianças com Síndrome Congênita
associada à infecção pelo vírus Zika (SCZ) em Salvador
• Treinamento para Agente de Combate as Endemias de Belém, Ananindeua, Marituba,
Benevides e Santa Barbara.
11","Ações realizadas • Realização de mais uma etapa da Pesquisa para o controle vetorial de Culicoides paraensis e investigação da circulação do vírus Oropouche em amostras de vetores no estado do Espírito Santo • Investigação para caracterização ambiental e avaliação da circulação do vírus Oropouche a partir de amostras de vetores coletadas no município de Baturité-CE • Capacitação sobre as novas Diretrizes Nacionais para Prevenção e Controle das Arboviroses Urbanas para os Agentes de Combate às Endemias (ACE) do Estado de Goiás • Participação do Lançamento do Projeto Todos Contra o Aedes aegypti em Rio Branco/AC • Capacitação de Manejo Integrado de Vetores para Agentes de Combate às Endemias e Agentes Indígenas e instalação de ovitrampas na aldeia Trevo do Parque do Município de Itamaraju/BA • Oficina de fortalecimento da linha de cuidado para crianças com Síndrome Congênita associada à infecção pelo vírus Zika (SCZ) em Sergipe e Goiás • Investigação entomológica de Oropouche no município de Bananeiras-PB • Participação no Workshop Monitoramento Entomológico com Ovitrampas – Avanços e Desafios no estado do Espirito Santo • Oficina de fortalecimento da linha de cuidado para crianças com Síndrome Congênita associada à infecção pelo vírus Zika (SCZ) em Salvador • Treinamento para Agente de Combate as Endemias de Belém, Ananindeua, Marituba, Benevides e Santa Barbara.",0,,
Informe Semanal nº 16.pdf,16,1,22,2025,2025-06-02,12,0,424,"INFORME SEMANAL No 16
SE 01 a 22/2025 (02/06/2025)
Insumos distribuídos
Laboratoriais1
554.976
Sorologia Reações
229.899
Biologia Molecular ZDC Reações
229.899
Biologia Molecular OROV/MAYV Reações
10.642
Biologia Molecular Febre Amarela Reações
Inseticidas2
113.156
Larvicida Kg
5.995
Adulticida para PE Kg
203.220
Adulticida para UBV L
1Dadosatualizadosem 03/06/2025.Fonte:CGLAB.
2Dadosatualizadosem03/06/2025.Fonte:SIES
12",Insumos distribuídos Laboratoriais1 554.976 Sorologia Reações 229.899 Biologia Molecular ZDC Reações 229.899 Biologia Molecular OROV/MAYV Reações 10.642 Biologia Molecular Febre Amarela Reações Inseticidas2 113.156 Larvicida Kg 5.995 Adulticida para PE Kg 203.220 Adulticida para UBV L 1Dadosatualizadosem 03/06/2025.Fonte:CGLAB. 2Dadosatualizadosem03/06/2025.Fonte:SIES,0,,
Informe Semanal nº 16.pdf,16,1,22,2025,2025-06-02,13,0,1566,"INFORME SEMANAL No 16
SE 01 a 22/2025 (02/06/2025)
Casos prováveis e incidência (por 100.000 habitantes) de dengue, SE 01 a SE 22, Brasil,
2024 e 2025
Casos prováveis (n) Coeficiente de incidência
Região/UF SE 01 aSE 22 SE 01 aSE 22
2024 2025 2024 2025
Norte 41.735 33.418 240,6 192,6
Rondônia 4.746 2.750 300,2 173,9
Acre 3.780 8.353 455,4 1.006,4
Amazonas 6.302 4.104 159,9 104,1
Roraima 287 297 45,1 46,7
Pará 15.875 13.056 195,6 160,9
Amapá 6.959 1.546 948,7 210,8
Tocantins 3.786 3.312 250,5 219,1
Nordeste 292.177 58.635 534,7 107,3
Maranhão 10.289 4.675 151,9 69,0
Piauí 11.903 5.235 364,1 160,1
Ceará 8.822 4.623 100,3 52,6
Rio Grande do Norte 12.674 5.035 383,8 152,5
Paraíba 10.352 4.535 260,5 114,1
Pernambuco 16.057 10.454 177,3 115,4
Alagoas 8.684 2.295 277,7 73,4
Sergipe
1.223 652 55,4 29,5
Bahia 212.173 21.131 1.500,9 149,5
Sudeste 3.931.888 1.009.919 4.634,1 1.190,3
Minas Gerais 1.612.583 152.443 7.851,4 742,2
Espírito Santo 128.435 26.653 3.350,3 695,3
Rio de Janeiro 281.933 26.779 1.756,1 166,8
São Paulo 1.908.937 804.044 4.297,4 1.810,1
Sul 1.129.350 222.120 3.772,9 742,0
Paraná 603.014 114.082 5.269,6 996,9
Santa Catarina 316.997 27.265 4.165,8 358,3
Rio Grande do Sul 209.339 80.773 1.924,0 742,4
Centro-Oeste 610.615 123.901 3.748,9 760,7
Mato Grosso do Sul 16.990 13.795 616,3 500,4
Mato Grosso 33.947 29.339 927,8 801,9
Goiás 290.895 73.510 4.123,1 1.041,9
Distrito Federal 268.783 7.257 9.541,2 257,6
Brasil 6.005.765 1.447.993 2.957,6 713,1
FONTE:SinanOn-lineeE-SUS VS(bancodedadosatualizadoem02/06/2025).Dadossujeitosaalteração.
13","Casos prováveis e incidência (por 100.000 habitantes) de dengue, SE 01 a SE 22, Brasil, 2024 e 2025 Casos prováveis (n) Coeficiente de incidência Região/UF SE 01 aSE 22 SE 01 aSE 22 2024 2025 2024 2025 Norte 41.735 33.418 240,6 192,6 Rondônia 4.746 2.750 300,2 173,9 Acre 3.780 8.353 455,4 1.006,4 Amazonas 6.302 4.104 159,9 104,1 Roraima 287 297 45,1 46,7 Pará 15.875 13.056 195,6 160,9 Amapá 6.959 1.546 948,7 210,8 Tocantins 3.786 3.312 250,5 219,1 Nordeste 292.177 58.635 534,7 107,3 Maranhão 10.289 4.675 151,9 69,0 Piauí 11.903 5.235 364,1 160,1 Ceará 8.822 4.623 100,3 52,6 Rio Grande do Norte 12.674 5.035 383,8 152,5 Paraíba 10.352 4.535 260,5 114,1 Pernambuco 16.057 10.454 177,3 115,4 Alagoas 8.684 2.295 277,7 73,4 Sergipe 1.223 652 55,4 29,5 Bahia 212.173 21.131 1.500,9 149,5 Sudeste 3.931.888 1.009.919 4.634,1 1.190,3 Minas Gerais 1.612.583 152.443 7.851,4 742,2 Espírito Santo 128.435 26.653 3.350,3 695,3 Rio de Janeiro 281.933 26.779 1.756,1 166,8 São Paulo 1.908.937 804.044 4.297,4 1.810,1 Sul 1.129.350 222.120 3.772,9 742,0 Paraná 603.014 114.082 5.269,6 996,9 Santa Catarina 316.997 27.265 4.165,8 358,3 Rio Grande do Sul 209.339 80.773 1.924,0 742,4 Centro-Oeste 610.615 123.901 3.748,9 760,7 Mato Grosso do Sul 16.990 13.795 616,3 500,4 Mato Grosso 33.947 29.339 927,8 801,9 Goiás 290.895 73.510 4.123,1 1.041,9 Distrito Federal 268.783 7.257 9.541,2 257,6 Brasil 6.005.765 1.447.993 2.957,6 713,1 FONTE:SinanOn-lineeE-SUS VS(bancodedadosatualizadoem02/06/2025).Dadossujeitosaalteração.",1,tabela,"Casos prováveis e incidência (por 100.000 habitantes) de dengue, SE 01 a SE 22, Brasil, 2024 e 2025 Casos prováveis (n) Coeficiente de incidência Região/UF SE 01 aSE 22 SE 01 aSE 22 2024 2025 2024 2025 Norte 41.735 33.418 240,6 192,6 Rondônia 4.746 2.750 300,2 173,9 Acre 3.780 8.353 455,4 1.006,4 Amazonas 6.302 4.104 159,9 104,1 Roraima 287 297 45,1 46,7 Pará 15.875 13.056 195,6 160,9 Amapá 6.959 1.546 948,7 210,8 Tocantins 3.786 3.312 250,5 219,1 Nordeste 292.177 58.635 534,7 107,3 Maranhão 10.289 4.675 151,9 69,0 Piauí 11.903 5.235 364,1 160,1 Ceará 8.822 4.623 100,3 52,6 Rio Grande do Norte 12.674 5.035 383,8 152,5 Paraíba 10.352 4.535 260,5 114,1 Pernambuco 16.057 10.454 177,3 115,4 Alagoas 8.684 2.295 277,7 73,4 Sergipe 1.223 652 55,4 29,5 Bahia 212.173 21.131 1.500,9 149,5 Sudeste 3.931.888 1.009.919 4.634,1 1.190,3 Minas Gerais 1.612.583 152.443 7.851,4 742,2 Espírito Santo 128.435 26.653 3.350,3 695,3 Rio de Janeiro 281.933 26.779 1.756,1 166,8 São Paulo 1.908.937 804.044 4.297,4 1.810,1 Sul 1.129.350 222.120 3.772,9 742,0 Paraná 603.014 114.082 5.269,6 996,9 Santa Catarina 316.997 27.265 4.165,8 358,3 Rio Grande do Sul 209.339 80.773 1.924,0 742,4 Centro-Oeste 610.615 123.901 3.748,9 760,7 Mato Grosso do Sul 16.990 13.795 616,3 500,4 Mato Grosso 33.947 29.339 927,8 801,9 Goiás 290.895 73.510 4.123,1 1.041,9 Distrito Federal 268.783 7.257 9.541,2 257,6 Brasil 6.005.765 1.447.993 2.957,6 713,1 FONTE:SinanOn-lineeE-SUS VS(bancodedadosatualizadoem02/06/2025).Dadossujeitosaalteração."
Informe Semanal nº 16.pdf,16,1,22,2025,2025-06-02,14,0,1181,"INFORME SEMANAL No 16
SE 01 a 22/2025 (02/06/2025)
Número de casos de dengue grave e dengue com sinais de alarme, SE 01 a SE 22,
Brasil, 2024 e 2025
Dengue grave (n) Dengue com sinais de alarme (n)
SE 01 aSE 22 SE 01 aSE 22
Região/UF
2024 2025 2024 2025
Norte 68 38 619 412
Rondônia 5 1 25 10
Acre 2 1 8 47
Amazonas 11 3 65 9
Roraima 0 2 1 3
Pará 31 24 275 303
Amapá 11 6 185 27
Tocantins 8 1 60 13
Nordeste 635 66 6.564 747
Maranhão 13 5 168 44
Piauí 46 21 471 138
Ceará 7 2 110 19
Rio Grande do Norte 9 4 116 28
Paraíba 4 0 138 12
Pernambuco 14 5 132 62
Alagoas 16 3 257 24
Sergipe 3 1 41 20
Bahia 523 25 5131 400
Sudeste 4.231 1.261 41.738 16.914
Minas Gerais 1.668 164 14.083 1.838
Espírito Santo 90 9 2.067 356
Rio de Janeiro 226 26 4.322 323
São Paulo 2.247 1.062 21.266 14.397
Sul 1.448 202 20.283 3.628
Paraná 677 147 11.950 2.985
Santa Catarina 396 11 5.899 202
Rio Grande do Sul 375 44 2.434 441
Centro-Oeste 1.177 148 17.729 2.890
Mato Grosso do Sul 33 14 404 203
Mato Grosso 61 32 676 284
Goiás 603 101 6529 2383
Distrito Federal 480 1 10120 20
Brasil 7.559 1.715 86.933 24.591
FONTE:SinanOn-lineeE-SUS VS(bancodedadosatualizadoem02/06/2025).Dadossujeitosaalteração.
14","Número de casos de dengue grave e dengue com sinais de alarme, SE 01 a SE 22, Brasil, 2024 e 2025 Dengue grave (n) Dengue com sinais de alarme (n) SE 01 aSE 22 SE 01 aSE 22 Região/UF 2024 2025 2024 2025 Norte 68 38 619 412 Rondônia 5 1 25 10 Acre 2 1 8 47 Amazonas 11 3 65 9 Roraima 0 2 1 3 Pará 31 24 275 303 Amapá 11 6 185 27 Tocantins 8 1 60 13 Nordeste 635 66 6.564 747 Maranhão 13 5 168 44 Piauí 46 21 471 138 Ceará 7 2 110 19 Rio Grande do Norte 9 4 116 28 Paraíba 4 0 138 12 Pernambuco 14 5 132 62 Alagoas 16 3 257 24 Sergipe 3 1 41 20 Bahia 523 25 5131 400 Sudeste 4.231 1.261 41.738 16.914 Minas Gerais 1.668 164 14.083 1.838 Espírito Santo 90 9 2.067 356 Rio de Janeiro 226 26 4.322 323 São Paulo 2.247 1.062 21.266 14.397 Sul 1.448 202 20.283 3.628 Paraná 677 147 11.950 2.985 Santa Catarina 396 11 5.899 202 Rio Grande do Sul 375 44 2.434 441 Centro-Oeste 1.177 148 17.729 2.890 Mato Grosso do Sul 33 14 404 203 Mato Grosso 61 32 676 284 Goiás 603 101 6529 2383 Distrito Federal 480 1 10120 20 Brasil 7.559 1.715 86.933 24.591 FONTE:SinanOn-lineeE-SUS VS(bancodedadosatualizadoem02/06/2025).Dadossujeitosaalteração.",1,tabela,"Número de casos de dengue grave e dengue com sinais de alarme, SE 01 a SE 22, Brasil, 2024 e 2025 Dengue grave (n) Dengue com sinais de alarme (n) SE 01 aSE 22 SE 01 aSE 22 Região/UF 2024 2025 2024 2025 Norte 68 38 619 412 Rondônia 5 1 25 10 Acre 2 1 8 47 Amazonas 11 3 65 9 Roraima 0 2 1 3 Pará 31 24 275 303 Amapá 11 6 185 27 Tocantins 8 1 60 13 Nordeste 635 66 6.564 747 Maranhão 13 5 168 44 Piauí 46 21 471 138 Ceará 7 2 110 19 Rio Grande do Norte 9 4 116 28 Paraíba 4 0 138 12 Pernambuco 14 5 132 62 Alagoas 16 3 257 24 Sergipe 3 1 41 20 Bahia 523 25 5131 400 Sudeste 4.231 1.261 41.738 16.914 Minas Gerais 1.668 164 14.083 1.838 Espírito Santo 90 9 2.067 356 Rio de Janeiro 226 26 4.322 323 São Paulo 2.247 1.062 21.266 14.397 Sul 1.448 202 20.283 3.628 Paraná 677 147 11.950 2.985 Santa Catarina 396 11 5.899 202 Rio Grande do Sul 375 44 2.434 441 Centro-Oeste 1.177 148 17.729 2.890 Mato Grosso do Sul 33 14 404 203 Mato Grosso 61 32 676 284 Goiás 603 101 6529 2383 Distrito Federal 480 1 10120 20 Brasil 7.559 1.715 86.933 24.591 FONTE:SinanOn-lineeE-SUS VS(bancodedadosatualizadoem02/06/2025).Dadossujeitosaalteração."
Informe Semanal nº 16.pdf,16,1,22,2025,2025-06-02,15,0,1352,"INFORME SEMANAL No 16
SE 01 a 22/2025 (02/06/2025)
Número de óbitos confirmados, letalidade e óbitos em investigação por dengue, SE 01
a SE 22, Brasil, 2024 e 2025
Óbitos confirmados (n) Taxa de Letalidade Óbitos em Investigação
Região/UF SE 01 aSE 22 SE 01 aSE 22 SE 01 aSE 22
2024 2025 2024 2025 2024 2025
Norte 31 34 4,5 7,6 1 11
Rondônia 5 0 16,7 0,0 0 0
Acre 0 3 0,0 0,0 0 0
Amazonas 5 1 6,6 8,3 0 2
Roraima 0 2 0,0 0,0 0 1
Pará 8 24 2,6 0,0 1 8
Amapá 8 3 4,1 0,0 0 0
Tocantins 5 1 7,4 0,0 0 0
Nordeste 228 26 3,2 3,2 39 52
Maranhão 5 1 2,8 0,0 4 4
Piauí 23 7 4,4 0,0 2 2
Ceará 4 0 3,4 0,0 0 2
Rio Grande do Norte 2 0 1,6 0,0 1 4
Paraíba 9 1 6,3 0,0 0 8
Pernambuco 10 4 6,8 0,0 5 11
Alagoas 9 1 3,3 3,7 0 1
Sergipe 4 2 9,1 0,0 0 1
Bahia 162 10 2,9 2,4 27 19
Sudeste 3.348 837 7,3 4,6 282 603
Minas Gerais 1.138 73 7,2 3,6 263 115
Espírito Santo 39 1 1,8 0,3 0 10
Rio de Janeiro 217 9 4,8 2,6 0 13
São Paulo 1.954 754 8,3 4,9 19 465
Sul 1.306 130 6,0 3,4 1 73
Paraná 706 91 5,6 2,9 0 57
Santa Catarina 327 10 5,2 0,0 0 5
Rio Grande do Sul 273 29 9,7 6,0 1 11
Centro-Oeste 871 64 4,6 2,1 16 74
Mato Grosso do Sul 26 12 5,9 0,0 9 6
Mato Grosso 18 13 2,4 4,1 1 11
Goiás 395 39 5,5 1,6 5 57
Distrito Federal 432 0 4,1 0,0 1 0
Brasil 5.784 1.091 6,1 4,1 339 813
FONTE:SinanOn-lineeE-SUS VS(bancodedadosatualizadoem02/06/2025).Dadossujeitosaalteração.
15","Número de óbitos confirmados, letalidade e óbitos em investigação por dengue, SE 01 a SE 22, Brasil, 2024 e 2025 Óbitos confirmados (n) Taxa de Letalidade Óbitos em Investigação Região/UF SE 01 aSE 22 SE 01 aSE 22 SE 01 aSE 22 2024 2025 2024 2025 2024 2025 Norte 31 34 4,5 7,6 1 11 Rondônia 5 0 16,7 0,0 0 0 Acre 0 3 0,0 0,0 0 0 Amazonas 5 1 6,6 8,3 0 2 Roraima 0 2 0,0 0,0 0 1 Pará 8 24 2,6 0,0 1 8 Amapá 8 3 4,1 0,0 0 0 Tocantins 5 1 7,4 0,0 0 0 Nordeste 228 26 3,2 3,2 39 52 Maranhão 5 1 2,8 0,0 4 4 Piauí 23 7 4,4 0,0 2 2 Ceará 4 0 3,4 0,0 0 2 Rio Grande do Norte 2 0 1,6 0,0 1 4 Paraíba 9 1 6,3 0,0 0 8 Pernambuco 10 4 6,8 0,0 5 11 Alagoas 9 1 3,3 3,7 0 1 Sergipe 4 2 9,1 0,0 0 1 Bahia 162 10 2,9 2,4 27 19 Sudeste 3.348 837 7,3 4,6 282 603 Minas Gerais 1.138 73 7,2 3,6 263 115 Espírito Santo 39 1 1,8 0,3 0 10 Rio de Janeiro 217 9 4,8 2,6 0 13 São Paulo 1.954 754 8,3 4,9 19 465 Sul 1.306 130 6,0 3,4 1 73 Paraná 706 91 5,6 2,9 0 57 Santa Catarina 327 10 5,2 0,0 0 5 Rio Grande do Sul 273 29 9,7 6,0 1 11 Centro-Oeste 871 64 4,6 2,1 16 74 Mato Grosso do Sul 26 12 5,9 0,0 9 6 Mato Grosso 18 13 2,4 4,1 1 11 Goiás 395 39 5,5 1,6 5 57 Distrito Federal 432 0 4,1 0,0 1 0 Brasil 5.784 1.091 6,1 4,1 339 813 FONTE:SinanOn-lineeE-SUS VS(bancodedadosatualizadoem02/06/2025).Dadossujeitosaalteração.",1,tabela,"Número de óbitos confirmados, letalidade e óbitos em investigação por dengue, SE 01 a SE 22, Brasil, 2024 e 2025 Óbitos confirmados (n) Taxa de Letalidade Óbitos em Investigação Região/UF SE 01 aSE 22 SE 01 aSE 22 SE 01 aSE 22 2024 2025 2024 2025 2024 2025 Norte 31 34 4,5 7,6 1 11 Rondônia 5 0 16,7 0,0 0 0 Acre 0 3 0,0 0,0 0 0 Amazonas 5 1 6,6 8,3 0 2 Roraima 0 2 0,0 0,0 0 1 Pará 8 24 2,6 0,0 1 8 Amapá 8 3 4,1 0,0 0 0 Tocantins 5 1 7,4 0,0 0 0 Nordeste 228 26 3,2 3,2 39 52 Maranhão 5 1 2,8 0,0 4 4 Piauí 23 7 4,4 0,0 2 2 Ceará 4 0 3,4 0,0 0 2 Rio Grande do Norte 2 0 1,6 0,0 1 4 Paraíba 9 1 6,3 0,0 0 8 Pernambuco 10 4 6,8 0,0 5 11 Alagoas 9 1 3,3 3,7 0 1 Sergipe 4 2 9,1 0,0 0 1 Bahia 162 10 2,9 2,4 27 19 Sudeste 3.348 837 7,3 4,6 282 603 Minas Gerais 1.138 73 7,2 3,6 263 115 Espírito Santo 39 1 1,8 0,3 0 10 Rio de Janeiro 217 9 4,8 2,6 0 13 São Paulo 1.954 754 8,3 4,9 19 465 Sul 1.306 130 6,0 3,4 1 73 Paraná 706 91 5,6 2,9 0 57 Santa Catarina 327 10 5,2 0,0 0 5 Rio Grande do Sul 273 29 9,7 6,0 1 11 Centro-Oeste 871 64 4,6 2,1 16 74 Mato Grosso do Sul 26 12 5,9 0,0 9 6 Mato Grosso 18 13 2,4 4,1 1 11 Goiás 395 39 5,5 1,6 5 57 Distrito Federal 432 0 4,1 0,0 1 0 Brasil 5.784 1.091 6,1 4,1 339 813 FONTE:SinanOn-lineeE-SUS VS(bancodedadosatualizadoem02/06/2025).Dadossujeitosaalteração."
Informe Semanal nº 16.pdf,16,1,22,2025,2025-06-02,16,0,1346,"INFORME SEMANAL No 16
SE 01 a 22/2025 (02/06/2025)
Casos prováveis e incidência (por 100.000 habitantes) de chikungunya, SE 01 a SE 22,
Brasil, 2024 e 2025
Casos Prováveis (n) Coeficiente de Incidência
Região/UF SE 01 aSE 22 SE 01 aSE 22
2024 2025 2024 2025
Norte 2.129 4.007 12,3 23,1
Rondônia 193 2.993 12,2 189,3
Acre 182 107 21,9 12,9
Amazonas 48 107 1,2 2,7
Roraima 20 34 3,1 5,3
Pará 816 355 10,1 4,4
Amapá 201 26 27,4 3,5
Tocantins 669 385 44,3 25,5
Nordeste 23.290 6.142 42,6 11,2
Maranhão 851 333 12,6 4,9
Piauí 694 363 21,2 11,1
Ceará 785 692 8,9 7,9
Rio Grande do Norte 2.009 1.168 60,8 35,4
Paraíba 1.234 450 31,0 11,3
Pernambuco 2.698 1.367 29,8 15,1
Alagoas 263 252 8,4 8,1
Sergipe 326 64 14,8 2,9
Bahia 14.430 1.453 102,1 10,3
Sudeste 179.000 23.809 211,0 28,1
Minas Gerais 157.687 12.044 767,8 58,6
Espírito Santo 10.338 2.035 269,7 53,1
Rio de Janeiro 3.388 1.368 21,1 8,5
São Paulo 7.587 8.362 17,1 18,8
Sul 922 8.202 3,1 27,4
Paraná 501 6.686 4,4 58,4
Santa Catarina 120 836 1,6 11,0
Rio Grande do Sul 301 680 2,8 6,2
Centro-Oeste 26.816 56.408 164,6 346,3
Mato Grosso do Sul 2.088 11.782 75,7 427,4
Mato Grosso 14.845 43.110 405,7 1.178,3
Goiás 9.578 1.364 135,8 19,3
Distrito Federal 305 152 10,8 5,4
Brasil 232.157 98.568 114,3 48,5
FONTE:SinanOn-lineeE-SUS VS(bancodedadosatualizadoem02/06/2025).Dadossujeitosaalteração.
16","Casos prováveis e incidência (por 100.000 habitantes) de chikungunya, SE 01 a SE 22, Brasil, 2024 e 2025 Casos Prováveis (n) Coeficiente de Incidência Região/UF SE 01 aSE 22 SE 01 aSE 22 2024 2025 2024 2025 Norte 2.129 4.007 12,3 23,1 Rondônia 193 2.993 12,2 189,3 Acre 182 107 21,9 12,9 Amazonas 48 107 1,2 2,7 Roraima 20 34 3,1 5,3 Pará 816 355 10,1 4,4 Amapá 201 26 27,4 3,5 Tocantins 669 385 44,3 25,5 Nordeste 23.290 6.142 42,6 11,2 Maranhão 851 333 12,6 4,9 Piauí 694 363 21,2 11,1 Ceará 785 692 8,9 7,9 Rio Grande do Norte 2.009 1.168 60,8 35,4 Paraíba 1.234 450 31,0 11,3 Pernambuco 2.698 1.367 29,8 15,1 Alagoas 263 252 8,4 8,1 Sergipe 326 64 14,8 2,9 Bahia 14.430 1.453 102,1 10,3 Sudeste 179.000 23.809 211,0 28,1 Minas Gerais 157.687 12.044 767,8 58,6 Espírito Santo 10.338 2.035 269,7 53,1 Rio de Janeiro 3.388 1.368 21,1 8,5 São Paulo 7.587 8.362 17,1 18,8 Sul 922 8.202 3,1 27,4 Paraná 501 6.686 4,4 58,4 Santa Catarina 120 836 1,6 11,0 Rio Grande do Sul 301 680 2,8 6,2 Centro-Oeste 26.816 56.408 164,6 346,3 Mato Grosso do Sul 2.088 11.782 75,7 427,4 Mato Grosso 14.845 43.110 405,7 1.178,3 Goiás 9.578 1.364 135,8 19,3 Distrito Federal 305 152 10,8 5,4 Brasil 232.157 98.568 114,3 48,5 FONTE:SinanOn-lineeE-SUS VS(bancodedadosatualizadoem02/06/2025).Dadossujeitosaalteração.",0,,
Informe Semanal nº 16.pdf,16,1,22,2025,2025-06-02,17,0,962,"INFORME SEMANAL No 16
SE 01 a 22/2025 (02/06/2025)
Número de óbitos confirmados e óbitos em investigação de chikungunya, SE 01 a SE
22, Brasil, 2024 e 2025
Óbitos confirmados Óbitos em Investigação
Região/UF SE 01 aSE 22 SE 01 aSE 22
2024 2025 2024 2025
Norte 1 1 0 1
Rondônia 0 1 0 0
Acre 0 0 0 0
Amazonas 0 0 0 0
Roraima 0 0 0 0
Pará 0 0 0 1
Amapá 1 0 0 0
Tocantins 0 0 0 0
Nordeste 22 2 12 13
Maranhão 1 0 1 2
Piauí 1 0 1 0
Ceará 0 0 0 0
Rio Grande do Norte 1 0 0 2
Paraíba 5 1 0 0
Pernambuco 3 0 6 9
Alagoas 1 0 1 0
Sergipe 1 0 0 0
Bahia 9 1 3 0
Sudeste 143 10 21 17
Minas Gerais 122 2 17 2
Espírito Santo 5 0 0 0
Rio de Janeiro 5 2 0 5
São Paulo 11 6 4 10
Sul 0 9 0 1
Paraná 0 2 0 1
Santa Catarina 0 3 0 0
Rio Grande do Sul 0 4 0 0
Centro-Oeste 28 58 8 30
Mato Grosso do Sul 1 6 2 5
Mato Grosso 11 52 2 23
Goiás 16 0 2 2
Distrito Federal 0 0 2 0
Brasil 194 80 41 62
FONTE:SinanOn-lineeE-SUS VS(bancodedadosatualizadoem02/06/2025).Dadossujeitosaalteração.
17","Número de óbitos confirmados e óbitos em investigação de chikungunya, SE 01 a SE 22, Brasil, 2024 e 2025 Óbitos confirmados Óbitos em Investigação Região/UF SE 01 aSE 22 SE 01 aSE 22 2024 2025 2024 2025 Norte 1 1 0 1 Rondônia 0 1 0 0 Acre 0 0 0 0 Amazonas 0 0 0 0 Roraima 0 0 0 0 Pará 0 0 0 1 Amapá 1 0 0 0 Tocantins 0 0 0 0 Nordeste 22 2 12 13 Maranhão 1 0 1 2 Piauí 1 0 1 0 Ceará 0 0 0 0 Rio Grande do Norte 1 0 0 2 Paraíba 5 1 0 0 Pernambuco 3 0 6 9 Alagoas 1 0 1 0 Sergipe 1 0 0 0 Bahia 9 1 3 0 Sudeste 143 10 21 17 Minas Gerais 122 2 17 2 Espírito Santo 5 0 0 0 Rio de Janeiro 5 2 0 5 São Paulo 11 6 4 10 Sul 0 9 0 1 Paraná 0 2 0 1 Santa Catarina 0 3 0 0 Rio Grande do Sul 0 4 0 0 Centro-Oeste 28 58 8 30 Mato Grosso do Sul 1 6 2 5 Mato Grosso 11 52 2 23 Goiás 16 0 2 2 Distrito Federal 0 0 2 0 Brasil 194 80 41 62 FONTE:SinanOn-lineeE-SUS VS(bancodedadosatualizadoem02/06/2025).Dadossujeitosaalteração.",0,,
Informe Semanal nº 16.pdf,16,1,22,2025,2025-06-02,18,0,1161,"INFORME SEMANAL No 16
SE 01 a 22/2025 (02/06/2025)
Casos prováveis e incidência (por 100.000 habitantes) de Zika, SE 01 a SE 21, Brasil,
2024 e 2025.
Casos Prováveis Coeficiente de Incidência
Região/UF SE 01 aSE 21 SE 01 aSE 21
2024 2025 2024 2025
Norte 494 257 2,8 1,5
Rondônia 80 35 5,1 2,2
Acre 80 38 9,6 4,6
Amazonas 68 19 1,7 0,5
Roraima 8 4 1,3 0,6
Pará 86 39 1,1 0,5
Amapá 130 7 17,7 1,0
Tocantins 42 115 2,8 7,6
Nordeste 2.479 1.070 4,5 2,0
Maranhão 237 170 3,5 2,5
Piauí 5 12 0,2 0,4
Ceará 114 60 1,3 0,7
Rio Grande do
Norte 917 544 27,8 16,5
Paraíba 69 15 1,7 0,4
Pernambuco 112 84 1,2 0,9
Alagoas 45 21 1,4 0,7
Sergipe 19 7 0,9 0,3
Bahia 961 157 6,8 1,1
Sudeste 371 196 0,4 0,2
Minas Gerais 169 68 0,8 0,3
Espírito Santo 75 3 2,0 0,1
Rio de Janeiro 1 1 0,0 0,0
São Paulo 126 124 0,3 0,3
Sul 30 25 0,1 0,1
Paraná 11 19 0,1 0,2
Santa Catarina 6 2 0,1 0,0
Rio Grande do Sul 13 4 0,1 0,0
Centro-Oeste 430 1.777 2,6 10,9
Mato Grosso do Sul 69 392 2,5 14,2
Mato Grosso 286 1.349 7,8 36,9
Goiás 65 34 0,9 0,5
Distrito Federal 10 2 0,4 0,1
Brasil 3.804 3.325 1,9 1,6
FONTE:SinanOn-lineeE-SUS VS(bancodedadosatualizadoem02/06/2025).Dadossujeitosaalteração.
18","Casos prováveis e incidência (por 100.000 habitantes) de Zika, SE 01 a SE 21, Brasil, 2024 e 2025. Casos Prováveis Coeficiente de Incidência Região/UF SE 01 aSE 21 SE 01 aSE 21 2024 2025 2024 2025 Norte 494 257 2,8 1,5 Rondônia 80 35 5,1 2,2 Acre 80 38 9,6 4,6 Amazonas 68 19 1,7 0,5 Roraima 8 4 1,3 0,6 Pará 86 39 1,1 0,5 Amapá 130 7 17,7 1,0 Tocantins 42 115 2,8 7,6 Nordeste 2.479 1.070 4,5 2,0 Maranhão 237 170 3,5 2,5 Piauí 5 12 0,2 0,4 Ceará 114 60 1,3 0,7 Rio Grande do Norte 917 544 27,8 16,5 Paraíba 69 15 1,7 0,4 Pernambuco 112 84 1,2 0,9 Alagoas 45 21 1,4 0,7 Sergipe 19 7 0,9 0,3 Bahia 961 157 6,8 1,1 Sudeste 371 196 0,4 0,2 Minas Gerais 169 68 0,8 0,3 Espírito Santo 75 3 2,0 0,1 Rio de Janeiro 1 1 0,0 0,0 São Paulo 126 124 0,3 0,3 Sul 30 25 0,1 0,1 Paraná 11 19 0,1 0,2 Santa Catarina 6 2 0,1 0,0 Rio Grande do Sul 13 4 0,1 0,0 Centro-Oeste 430 1.777 2,6 10,9 Mato Grosso do Sul 69 392 2,5 14,2 Mato Grosso 286 1.349 7,8 36,9 Goiás 65 34 0,9 0,5 Distrito Federal 10 2 0,4 0,1 Brasil 3.804 3.325 1,9 1,6 FONTE:SinanOn-lineeE-SUS VS(bancodedadosatualizadoem02/06/2025).Dadossujeitosaalteração.",0,,
Informe Semanal nº 16.pdf,16,1,22,2025,2025-06-02,19,0,974,"INFORME SEMANAL No 16
SE 01 a 22/2025 (02/06/2025)
CASOS CONFIRMADOS DE OROPOUCHE POR UF DE LOCAL PROVÁVEL DE INFECÇÃO,
BRASIL, 2024 E 2025.
Casos de Oropouche
Região/UF 2024 2025 2025
SE 01 a SE 22 SE 01 a SE 22 4 últimas SE
Norte 5.486 109 0
Rondônia 1.710 7 0
Acre 272 0 0
Amazonas 3.215 0 0
Roraima 110 1 0
Pará 161 1 0
Amapá 11 87 0
Tocantins 7 13 0
Nordeste 820 1.289 46
Maranhão 26 0 0
Piauí 30 1 0
Ceará 6 633 44
Rio Grande do Norte 0 0 0
Paraíba 0 643 1
Pernambuco 11 2 0
Alagoas 2 3 0
Sergipe 0 0 0
Bahia 745 7 1
Sudeste 577 9.862 485
Minas Gerais 195 1.232 132
Espírito Santo 260 6.271 163
Rio de Janeiro 115 2.301 188
São Paulo 7 58 2
Sul 166 43 19
Paraná 0 28 15
Santa Catarina 166 15 4
Rio Grande do Sul 0 0 0
Centro-Oeste 19 1 0
Mato Grosso do Sul 1 1 0
Mato Grosso 18 0 0
Goiás 0 0 0
Distrito Federal 0 0 0
Brasil 7.068 11.304 550
* LPI em investigação
FONTE:GerenciadordeAmbiente Laboratorial(GAL). Dadosatualizadosaté02/06/2025.Dadossujeitosaalterações.
19","CASOS CONFIRMADOS DE OROPOUCHE POR UF DE LOCAL PROVÁVEL DE INFECÇÃO, BRASIL, 2024 E 2025. Casos de Oropouche Região/UF 2024 2025 2025 SE 01 a SE 22 SE 01 a SE 22 4 últimas SE Norte 5.486 109 0 Rondônia 1.710 7 0 Acre 272 0 0 Amazonas 3.215 0 0 Roraima 110 1 0 Pará 161 1 0 Amapá 11 87 0 Tocantins 7 13 0 Nordeste 820 1.289 46 Maranhão 26 0 0 Piauí 30 1 0 Ceará 6 633 44 Rio Grande do Norte 0 0 0 Paraíba 0 643 1 Pernambuco 11 2 0 Alagoas 2 3 0 Sergipe 0 0 0 Bahia 745 7 1 Sudeste 577 9.862 485 Minas Gerais 195 1.232 132 Espírito Santo 260 6.271 163 Rio de Janeiro 115 2.301 188 São Paulo 7 58 2 Sul 166 43 19 Paraná 0 28 15 Santa Catarina 166 15 4 Rio Grande do Sul 0 0 0 Centro-Oeste 19 1 0 Mato Grosso do Sul 1 1 0 Mato Grosso 18 0 0 Goiás 0 0 0 Distrito Federal 0 0 0 Brasil 7.068 11.304 550 * LPI em investigação FONTE:GerenciadordeAmbiente Laboratorial(GAL). Dadosatualizadosaté02/06/2025.Dadossujeitosaalterações.",0,,
Informe Semanal nº 16.pdf,16,1,22,2025,2025-06-02,20,0,1001,"INFORME SEMANAL No 16
SE 01 a 22/2025 (02/06/2025)
Febre Amarela
Tabela 1. Estados com detecção dovírus da Febre Amarela em PNH e humanos durante o
.
períododemonitoramento 2024/2025
PRIMATAS NÃO-HUMANOS CASOS HUMANOS
REGIÃO UF (LPI)
NOTIFICADOS CONFIRMADOS NOTIFICADOS CONFIRMADOS ÓBITOS LETALIDADE (%)
Norte Acre 2 1
Amapá 1 43
Amazonas 5
Pará 20 211 45 7 15,6
Rondônia 1 6
Roraima 6 1 6
Tocantins 20 2 12 1 1 100,0
Nordeste Alagoas 7 0
Bahia 28 6
Ceará 1 3
Maranhão 12
Paraíba 1
Pernambuco 17 3
Piauí
Rio Grande do
30 6
Norte
Sergipe
Distrito Federal 100 8
Centro- Goiás 50 15
Oeste Mato Grosso 14 10
Mato Grosso do Sul 9
Sudeste Minas Gerais 483 16 446 11 5 45,5
FONTE:SINAN,SISS-Geo,GAL. Dadosatualizadosaté05/03/2025.Dadossujeitosaalterações.
Espírito Santo 16 38
Rio de Janeiro 59 22
São Paulo 939 77 575 60 33 55,0
Sul Paraná 82 28
Santa Catarina 101 17
Rio Grande do Sul 41 11
TOTAL 2018 96 1494 117 46 39,3
FONTE:SINAN,SISS-Geo,GAL. Dadosatualizadosaté23/05/2025.Dadossujeitosaalterações.
20","Febre Amarela Tabela 1. Estados com detecção dovírus da Febre Amarela em PNH e humanos durante o . períododemonitoramento 2024/2025 PRIMATAS NÃO-HUMANOS CASOS HUMANOS REGIÃO UF (LPI) NOTIFICADOS CONFIRMADOS NOTIFICADOS CONFIRMADOS ÓBITOS LETALIDADE (%) Norte Acre 2 1 Amapá 1 43 Amazonas 5 Pará 20 211 45 7 15,6 Rondônia 1 6 Roraima 6 1 6 Tocantins 20 2 12 1 1 100,0 Nordeste Alagoas 7 0 Bahia 28 6 Ceará 1 3 Maranhão 12 Paraíba 1 Pernambuco 17 3 Piauí Rio Grande do 30 6 Norte Sergipe Distrito Federal 100 8 Centro- Goiás 50 15 Oeste Mato Grosso 14 10 Mato Grosso do Sul 9 Sudeste Minas Gerais 483 16 446 11 5 45,5 FONTE:SINAN,SISS-Geo,GAL. Dadosatualizadosaté05/03/2025.Dadossujeitosaalterações. Espírito Santo 16 38 Rio de Janeiro 59 22 São Paulo 939 77 575 60 33 55,0 Sul Paraná 82 28 Santa Catarina 101 17 Rio Grande do Sul 41 11 TOTAL 2018 96 1494 117 46 39,3 FONTE:SINAN,SISS-Geo,GAL. Dadosatualizadosaté23/05/2025.Dadossujeitosaalterações.",0,,
Informe Semanal nº 17 (1).pdf,17,1,23,2025,2025-06-09,1,0,41,"SE 01 a 23/2025
No 17
17 de junho de 2025",SE 01 a 23/2025 No 17 17 de junho de 2025,0,,
Informe Semanal nº 17 (1).pdf,17,1,23,2025,2025-06-09,2,0,2075,"INFORME SEMANAL No 17
SE 01 a 23/2025 (09/06/2025)
Introdução
Os dados de dengue, chikungunya e Oropouche apresentados neste
Informe referem-se às semanas epidemiológicas (SE) 01 a 23 de 2025 (que
correspondem ao período entre 29/12/24 e 07/06/2025). Para Zika, os dados
apresentados são do período da SE 01 a SE 22 de 2025 (que se estende de
29/12/24 a 31/05/2025). Os dados são comparados aos dados do mesmo
período de 2024. Para febre amarela, os dados referem-se ao monitoramento
2024/2025 (julho/2024 a junho/2025), atualizados até 09/06/2025. Os dados
detalhados das arboviroses dos anos de 2023 a 2025 podem ser acessados em:
https://www.gov.br/saude/pt-br/assuntos/saude-de-a-a-z/a/aedes-
aegypti/monitoramento-das-arboviroses.
Situação Epidemiológica
Dengue
Nas SE 01 a 23 de 2025, foram notificados 1.478.752 casos prováveis de
dengue, correspondendo a um coeficiente de incidência de 728,2 casos/100
mil habitantes. Quando comparado com o mesmo período de 2024, observa-
se uma redução de 75,7% no número de casos prováveis.
As Regiões Geográficas que apresentam os maiores coeficientes de
incidência são Sudeste, Centro-Oeste e Sul. Entre as Unidades Federativas (UF),
destacam-se São Paulo, Goiás, Acre, Paraná, e Mato Grosso.
Os maiores números de casos graves concentram-se nas regiões Sudeste,
Sul e Centro-Oeste. A maior parte dos óbitos está na região Sudeste. Foram
confirmados 1.165 óbitos no período, e 752 estão em investigação.
Foi identificada a circulação dos quatro sorotipos do vírus dengue (DENV-
1, DENV-2, DENV-3 e DENV-4), com predominância do DENV-2. Aumento da
proporção de DENV-3 foi observado desde o último trimestre de 2024. DENV-4
(vírus selvagem) foi detectado em amostras de São Paulo e Minas Gerais.
O coeficiente de incidência de dengue no Brasil encontra-se dentro
do canal endêmico do diagrama de controle, considerando a série
histórica. A estimativa nowcasting se encontra fora do canal endêmico, mas
com tendência de redução de casos.
Fonte: Sinan On-line (banco de dados atualizado em 02/06/2025). Dados sujeitos a alteração.
2","Introdução Os dados de dengue, chikungunya e Oropouche apresentados neste Informe referem-se às semanas epidemiológicas (SE) 01 a 23 de 2025 (que correspondem ao período entre 29/12/24 e 07/06/2025). Para Zika, os dados apresentados são do período da SE 01 a SE 22 de 2025 (que se estende de 29/12/24 a 31/05/2025). Os dados são comparados aos dados do mesmo período de 2024. Para febre amarela, os dados referem-se ao monitoramento 2024/2025 (julho/2024 a junho/2025), atualizados até 09/06/2025. Os dados detalhados das arboviroses dos anos de 2023 a 2025 podem ser acessados em: https://www.gov.br/saude/pt-br/assuntos/saude-de-a-a-z/a/aedesaegypti/monitoramento-das-arboviroses. Situação Epidemiológica Dengue Nas SE 01 a 23 de 2025, foram notificados 1.478.752 casos prováveis de dengue, correspondendo a um coeficiente de incidência de 728,2 casos/100 mil habitantes. Quando comparado com o mesmo período de 2024, observase uma redução de 75,7% no número de casos prováveis. As Regiões Geográficas que apresentam os maiores coeficientes de incidência são Sudeste, Centro-Oeste e Sul. Entre as Unidades Federativas (UF), destacam-se São Paulo, Goiás, Acre, Paraná, e Mato Grosso. Os maiores números de casos graves concentram-se nas regiões Sudeste, Sul e Centro-Oeste. A maior parte dos óbitos está na região Sudeste. Foram confirmados 1.165 óbitos no período, e 752 estão em investigação. Foi identificada a circulação dos quatro sorotipos do vírus dengue (DENV1, DENV-2, DENV-3 e DENV-4), com predominância do DENV-2. Aumento da proporção de DENV-3 foi observado desde o último trimestre de 2024. DENV-4 (vírus selvagem) foi detectado em amostras de São Paulo e Minas Gerais. O coeficiente de incidência de dengue no Brasil encontra-se dentro do canal endêmico do diagrama de controle, considerando a série histórica. A estimativa nowcasting se encontra fora do canal endêmico, mas com tendência de redução de casos. Fonte: Sinan On-line (banco de dados atualizado em 02/06/2025). Dados sujeitos a alteração.",1,narrativa,"Dengue Nas SE 01 a 23 de 2025, foram notificados 1.478.752 casos prováveis de dengue, correspondendo a um coeficiente de incidência de 728,2 casos/100 mil habitantes. Quando comparado com o mesmo período de 2024, observase uma redução de 75,7% no número de casos prováveis. As Regiões Geográficas que apresentam os maiores coeficientes de incidência são Sudeste, Centro-Oeste e Sul. Entre as Unidades Federativas (UF), destacam-se São Paulo, Goiás, Acre, Paraná, e Mato Grosso. Os maiores números de casos graves concentram-se nas regiões Sudeste, Sul e Centro-Oeste. A maior parte dos óbitos está na região Sudeste. Foram confirmados 1.165 óbitos no período, e 752 estão em investigação. Foi identificada a circulação dos quatro sorotipos do vírus dengue (DENV1, DENV-2, DENV-3 e DENV-4), com predominância do DENV-2. Aumento da proporção de DENV-3 foi observado desde o último trimestre de 2024. DENV-4 (vírus selvagem) foi detectado em amostras de São Paulo e Minas Gerais. O coeficiente de incidência de dengue no Brasil encontra-se dentro do canal endêmico do diagrama de controle, considerando a série histórica. A estimativa nowcasting se encontra fora do canal endêmico, mas com tendência de redução de casos. Fonte: Sinan On-line (banco de dados atualizado em 02/06/2025). Dados sujeitos a alteração."
Informe Semanal nº 17 (1).pdf,17,1,23,2025,2025-06-09,3,0,200,"INFORME SEMANAL No 17
SE 01 a 23/2025 (09/06/2025)
Diagrama de controle
Coeficiente de Incidência e óbitos
Fonte: Sinan On-line (banco de dados atualizado em 09/06/2025). Dados sujeitos a alteração.
3",Diagrama de controle Coeficiente de Incidência e óbitos Fonte: Sinan On-line (banco de dados atualizado em 09/06/2025). Dados sujeitos a alteração.,1,narrativa,Diagrama de controle Coeficiente de Incidência e óbitos Fonte: Sinan On-line (banco de dados atualizado em 09/06/2025). Dados sujeitos a alteração.
Informe Semanal nº 17 (1).pdf,17,1,23,2025,2025-06-09,4,0,1313,"INFORME SEMANAL No 17
SE 01 a 23/2025 (09/06/2025)
Mapa de Sorotipos Dengue SE 01 a SE 21/2025
Fonte: GAL/CGLAB/SVSA/MS.
Chikungunya
Nas SE 01 a 23 de 2025, foram notificados 102.259 casos prováveis de
chikungunya, correspondendo a um coeficiente de incidência de 50,4
casos/100 mil habitantes. Quando comparado ao mesmo período de
2024, observa-se uma redução de 56,6% no número de casos prováveis.
As Regiões Geográficas que apresentam os maiores coeficientes de
incidência são a Centro-Oeste e a Sudeste. Entre as UFs, Mato Grosso, Mato
Grosso do Sul e Rondônia apresentam as maiores incidências.
Foram confirmados 81 óbitos no período, sendo 52 no Mato Grosso,
sete em Mato Grosso do Sul, seis em São Paulo, quatro no Rio Grande do Sul,
três em Santa Catarina, dois em Minas Gerais, Paraná e Rio de Janeiro, e um
na Bahia, Rondônia e Paraíba. Encontram-se em investigação 68 óbitos até o
momento, sendo 30 na região Centro-Oeste e 24 na Região Sudeste.
O coeficiente de incidência de chikungunya no Brasil encontra-se
abaixo do limite inferior do canal endêmico do diagrama de controle,
considerando a série histórica. A estimativa nowcasting se encontra fora do
canal endêmico, e com tendência de redução do casos.
Fonte: Sinan On-line (banco de dados atualizado em 09/06/2025). Dados sujeitos a alteração.
4","Mapa de Sorotipos Dengue SE 01 a SE 21/2025 Fonte: GAL/CGLAB/SVSA/MS. Chikungunya Nas SE 01 a 23 de 2025, foram notificados 102.259 casos prováveis de chikungunya, correspondendo a um coeficiente de incidência de 50,4 casos/100 mil habitantes. Quando comparado ao mesmo período de 2024, observa-se uma redução de 56,6% no número de casos prováveis. As Regiões Geográficas que apresentam os maiores coeficientes de incidência são a Centro-Oeste e a Sudeste. Entre as UFs, Mato Grosso, Mato Grosso do Sul e Rondônia apresentam as maiores incidências. Foram confirmados 81 óbitos no período, sendo 52 no Mato Grosso, sete em Mato Grosso do Sul, seis em São Paulo, quatro no Rio Grande do Sul, três em Santa Catarina, dois em Minas Gerais, Paraná e Rio de Janeiro, e um na Bahia, Rondônia e Paraíba. Encontram-se em investigação 68 óbitos até o momento, sendo 30 na região Centro-Oeste e 24 na Região Sudeste. O coeficiente de incidência de chikungunya no Brasil encontra-se abaixo do limite inferior do canal endêmico do diagrama de controle, considerando a série histórica. A estimativa nowcasting se encontra fora do canal endêmico, e com tendência de redução do casos. Fonte: Sinan On-line (banco de dados atualizado em 09/06/2025). Dados sujeitos a alteração.",1,narrativa,Mapa de Sorotipos Dengue SE 01 a SE 21/2025 Fonte: GAL/CGLAB/SVSA/MS.
Informe Semanal nº 17 (1).pdf,17,1,23,2025,2025-06-09,5,0,200,"INFORME SEMANAL No 17
SE 01 a 23/2025 (09/06/2025)
Diagrama de controle
Coeficiente de Incidência e óbitos
Fonte: Sinan On-line (banco de dados atualizado em 09/06/2025). Dados sujeitos a alteração.
5",Diagrama de controle Coeficiente de Incidência e óbitos Fonte: Sinan On-line (banco de dados atualizado em 09/06/2025). Dados sujeitos a alteração.,0,,
Informe Semanal nº 17 (1).pdf,17,1,23,2025,2025-06-09,6,0,1582,"INFORME SEMANAL No 17
SE 01 a 23/2025 (09/06/2025)
Zika
Entre as Semanas Epidemiológicas 01 e 22 de 2025, foram notificados
3.601 casos prováveis de Zika no Brasil, com coeficiente de incidência de 1,8
casos/100 mil habitantes. Quando comparado ao mesmo período de 2024,
observa-se uma redução de 7,2%. Em relação às gestantes, 67 foram
confirmadas e 235 permanecem em investigação. No período, não foram
notificados óbitos.
As Regiões Centro-Oeste e Nordeste apresentam os maiores
coeficientes de incidência. Em relação às UFs, os maiores coeficientes de
incidência estão no Mato Grosso, Rio Grande do Norte, Mato Grosso do Sul
e Tocantins.
O coeficiente de incidência de Zika no Brasil encontra-se abaixo do
limite inferior do canal endêmico do diagrama de controle, considerando a
série histórica, assim como a estimativa de nowcasting.
Diagrama de controle2 Incidência e gestantes
1O nowcasting (linha tracejada vermelha) corrige os atrasos inerentes aos sistemas de vigilância epidemiológica e
estima o número de casos em um determinado momento, considerando os dados disponíveis e as características do
processodenotificação,contribuindoparaaantecipaçãodaavaliaçãodatendênciadealtaoubaixadaincidência.
2 O diagrama decontroleé uma ferramenta gráficaque permite acompanhar a variação do coeficiente de incidência
(linha azul) de uma determinada doença ao longo do tempo em relação ao canal endêmico, que define a faixa de
variaçãoesperadaparaaincidênciadadoençacombaseemdadoshistóricos.
Fonte: Sinan-Net (banco de dados atualizados em 04/06/2025). Dados sujeitos a alteração.
6","Zika Entre as Semanas Epidemiológicas 01 e 22 de 2025, foram notificados 3.601 casos prováveis de Zika no Brasil, com coeficiente de incidência de 1,8 casos/100 mil habitantes. Quando comparado ao mesmo período de 2024, observa-se uma redução de 7,2%. Em relação às gestantes, 67 foram confirmadas e 235 permanecem em investigação. No período, não foram notificados óbitos. As Regiões Centro-Oeste e Nordeste apresentam os maiores coeficientes de incidência. Em relação às UFs, os maiores coeficientes de incidência estão no Mato Grosso, Rio Grande do Norte, Mato Grosso do Sul e Tocantins. O coeficiente de incidência de Zika no Brasil encontra-se abaixo do limite inferior do canal endêmico do diagrama de controle, considerando a série histórica, assim como a estimativa de nowcasting. Diagrama de controle2 Incidência e gestantes 1O nowcasting (linha tracejada vermelha) corrige os atrasos inerentes aos sistemas de vigilância epidemiológica e estima o número de casos em um determinado momento, considerando os dados disponíveis e as características do processodenotificação,contribuindoparaaantecipaçãodaavaliaçãodatendênciadealtaoubaixadaincidência. 2 O diagrama decontroleé uma ferramenta gráficaque permite acompanhar a variação do coeficiente de incidência (linha azul) de uma determinada doença ao longo do tempo em relação ao canal endêmico, que define a faixa de variaçãoesperadaparaaincidênciadadoençacombaseemdadoshistóricos. Fonte: Sinan-Net (banco de dados atualizados em 04/06/2025). Dados sujeitos a alteração.",0,,
Informe Semanal nº 17 (1).pdf,17,1,23,2025,2025-06-09,7,0,992,"INFORME SEMANAL No 17
SE 01 a 23/2025 (09/06/2025)
Dengue
(Incidência)
1.165
728,2
-75,7%
CASOS/100 MIL HAB. ÓBITOS
Em relação
ao número
1.478.752 Casos prováveis Óbitos em
752 de casos
investigação
no mesmo
Casos graves e com
27.218
período de
sinais de alarme 4,3% Letalidade1
2024
Chikungunya
(Incidência)
50,4 81
-56,6%
CASOS/100 MIL HAB. ÓBITOS
Em relação
ao número
Óbitos em
102.259 Casos prováveis 68 de casos
investigação
no mesmo
período de
0,1% Letalidade2 2024
Zika
(Incidência)
1,6 0
-7,2%
CASOS/100 MIL HAB. ÓBITOS
Em relação
ao número
3.601 Casos prováveis de casos
302
no mesmo
período de
CASOS PROVÁVEIS
2024
EM GESTANTES
1Para o cálculo da letalidade, foram considerados no denominador os casos de dengue grave e de dengue com sinais de
alarme.
2Paraocálculodaletalidade,foramconsideradosnodenominadoroscasosprováveisdechikungunya.
FONTE:: Sinan On-line (banco de dados atualizado em 09/06/2025); Sinan NET (banco de dados atualizado em
04/06/2025).Dadossujeitosaalteração.
7","Dengue (Incidência) 1.165 728,2 -75,7% CASOS/100 MIL HAB. ÓBITOS Em relação ao número 1.478.752 Casos prováveis Óbitos em 752 de casos investigação no mesmo Casos graves e com 27.218 período de sinais de alarme 4,3% Letalidade1 2024 Chikungunya (Incidência) 50,4 81 -56,6% CASOS/100 MIL HAB. ÓBITOS Em relação ao número Óbitos em 102.259 Casos prováveis 68 de casos investigação no mesmo período de 0,1% Letalidade2 2024 Zika (Incidência) 1,6 0 -7,2% CASOS/100 MIL HAB. ÓBITOS Em relação ao número 3.601 Casos prováveis de casos 302 no mesmo período de CASOS PROVÁVEIS 2024 EM GESTANTES 1Para o cálculo da letalidade, foram considerados no denominador os casos de dengue grave e de dengue com sinais de alarme. 2Paraocálculodaletalidade,foramconsideradosnodenominadoroscasosprováveisdechikungunya. FONTE:: Sinan On-line (banco de dados atualizado em 09/06/2025); Sinan NET (banco de dados atualizado em 04/06/2025).Dadossujeitosaalteração.",1,narrativa,"Dengue (Incidência) 1.165 728,2 -75,7% CASOS/100 MIL HAB. ÓBITOS Em relação ao número 1.478.752 Casos prováveis Óbitos em 752 de casos investigação no mesmo Casos graves e com 27.218 período de sinais de alarme 4,3% Letalidade1 2024"
Informe Semanal nº 17 (1).pdf,17,1,23,2025,2025-06-09,8,0,1101,"INFORME SEMANAL No 17
SE 01 a 23/2025 (09/06/2025)
Oropouche
Entre as SE 01 e 23/2025, foram confirmados 11.564 casos de Oropouche
no Brasil, o que representa um aumento de 59,9% quando comparado com o
mesmo período do ano anterior, em que foram registrados 7.228 casos. Em 2025,
até o momento, foram identificados 4 óbitos associados à infecção pelo vírus
Oropouche, no Espírito Santo (1) e no Rio de Janeiro (3). Ainda se encontram em
investigação outros três óbitos, em São Paulo (1) e no Rio de Janeiro (2).
CASOS DE OROPOUCHE POR SE DE INÍCIO DE SINTOMAS, BRASIL, 2024 E 2025
Os casos identificados estão distribuídos de maneira equitativa entre os
sexos, com 52,4% das detecções em indivíduos do sexo masculino. As faixas
etárias entre 20 e 59 anos concentram 70,7% dos casos. Entre os menores de 1
ano, foram registrados 12 casos, sendo seis no Rio de Janeiro, quatro no Espírito
Santo, um no Ceará e um na Paraíba.
CASOS DE OROPOUCHE POR SEXO E FAIXA ETÁRIA, BRASIL, 2025
Fonte:Gerenciador de Ambiente Laboratorial (GAL) (banco de dados atualizado em 09/06/2025).
Dados sujeitos aalterações.
8","Oropouche Entre as SE 01 e 23/2025, foram confirmados 11.564 casos de Oropouche no Brasil, o que representa um aumento de 59,9% quando comparado com o mesmo período do ano anterior, em que foram registrados 7.228 casos. Em 2025, até o momento, foram identificados 4 óbitos associados à infecção pelo vírus Oropouche, no Espírito Santo (1) e no Rio de Janeiro (3). Ainda se encontram em investigação outros três óbitos, em São Paulo (1) e no Rio de Janeiro (2). CASOS DE OROPOUCHE POR SE DE INÍCIO DE SINTOMAS, BRASIL, 2024 E 2025 Os casos identificados estão distribuídos de maneira equitativa entre os sexos, com 52,4% das detecções em indivíduos do sexo masculino. As faixas etárias entre 20 e 59 anos concentram 70,7% dos casos. Entre os menores de 1 ano, foram registrados 12 casos, sendo seis no Rio de Janeiro, quatro no Espírito Santo, um no Ceará e um na Paraíba. CASOS DE OROPOUCHE POR SEXO E FAIXA ETÁRIA, BRASIL, 2025 Fonte:Gerenciador de Ambiente Laboratorial (GAL) (banco de dados atualizado em 09/06/2025). Dados sujeitos aalterações.",0,,
Informe Semanal nº 17 (1).pdf,17,1,23,2025,2025-06-09,9,0,1667,"INFORME SEMANAL No 17
SE 01 a 23/2025 (09/06/2025)
Oropouche
Em 2025, a UF com maior número de casos é o Espírito Santo (n= 6.289),
cujo aumento vem ocorrendo desde o segundo semestre de 2024. Destacam-se
ainda Rio de Janeiro (n=2.363), Paraíba (n=645) e Ceará (n=655). Transmissão
ativa também foi registrada em Roraima, Rondônia, Amapá, Tocantins, Bahia,
Minas Gerais, São Paulo, Mato Grosso do Sul, Santa Catarina e Paraná.
Os casos identificados no Pará, Maranhão, Piauí, Pernambuco, Mato
Grosso, Goiás, Distrito Federal e Rio Grande do Sul apresentaram Local Provável
de Infecção (LPI) em estados com transmissão autóctone (Espírito Santo, Rio de
Janeiro e Paraíba).
FONTE: Gerenciador de Ambiente Laboratorial (GAL). Dados atualizados até 09/06/2025. Dados sujeitos a alterações.
Febre Amarela
No período de monitoramento 2024/2025 (julho/2024 a junho/2025),
atualizado até 12/05/2025, ocorreram 97 registros de transmissão do vírus
em PNH, nos estados de São Paulo [78] (Amparo [2], Atibaia [1], Bragança
Paulista [1], Caçapava [1], Campinas [4], Colina [1], Cravinhos [1],
Descalvado [1], Guarulhos [1], Itatiba [1], Joanópolis [3], Louveira [1], Luís
Antônio [9], Mairiporã [2], Osasco [1], Pedra Bela [1], Pinhalzinho [1],
Pitangueiras [2], Ribeirão Preto [31], Santa Rita do Passa Quatro [1], Santo
Antônio do Pinhal [1], Serra Azul [1], Serra Negra [2], Socorro [1] e Valinhos
[7]), Minas Gerais [16] (Albertina [1], Camanducaia [1], Córrego do Bom
Jesus [1], Estiva [2], Ipuiúna [2], Paraisópolis [1], Poço Fundo [1], Poços de
Caldas [1], Ponte Nova [1], Sapucaí-Mirim [2], Toledo[1] e Virgínia [2]),
Tocantins [2] (Palmas) e Roraima [1] (Alto Alegre).
9","Oropouche Em 2025, a UF com maior número de casos é o Espírito Santo (n= 6.289), cujo aumento vem ocorrendo desde o segundo semestre de 2024. Destacam-se ainda Rio de Janeiro (n=2.363), Paraíba (n=645) e Ceará (n=655). Transmissão ativa também foi registrada em Roraima, Rondônia, Amapá, Tocantins, Bahia, Minas Gerais, São Paulo, Mato Grosso do Sul, Santa Catarina e Paraná. Os casos identificados no Pará, Maranhão, Piauí, Pernambuco, Mato Grosso, Goiás, Distrito Federal e Rio Grande do Sul apresentaram Local Provável de Infecção (LPI) em estados com transmissão autóctone (Espírito Santo, Rio de Janeiro e Paraíba). FONTE: Gerenciador de Ambiente Laboratorial (GAL). Dados atualizados até 09/06/2025. Dados sujeitos a alterações. Febre Amarela No período de monitoramento 2024/2025 (julho/2024 a junho/2025), atualizado até 12/05/2025, ocorreram 97 registros de transmissão do vírus em PNH, nos estados de São Paulo [78] (Amparo [2], Atibaia [1], Bragança Paulista [1], Caçapava [1], Campinas [4], Colina [1], Cravinhos [1], Descalvado [1], Guarulhos [1], Itatiba [1], Joanópolis [3], Louveira [1], Luís Antônio [9], Mairiporã [2], Osasco [1], Pedra Bela [1], Pinhalzinho [1], Pitangueiras [2], Ribeirão Preto [31], Santa Rita do Passa Quatro [1], Santo Antônio do Pinhal [1], Serra Azul [1], Serra Negra [2], Socorro [1] e Valinhos [7]), Minas Gerais [16] (Albertina [1], Camanducaia [1], Córrego do Bom Jesus [1], Estiva [2], Ipuiúna [2], Paraisópolis [1], Poço Fundo [1], Poços de Caldas [1], Ponte Nova [1], Sapucaí-Mirim [2], Toledo[1] e Virgínia [2]), Tocantins [2] (Palmas) e Roraima [1] (Alto Alegre).",0,,
Informe Semanal nº 17 (1).pdf,17,1,23,2025,2025-06-09,10,0,1433,"INFORME SEMANAL No 17
SE 01 a 23/2025 (09/06/2025)
Febre Amarela
No mesmo período, foram confirmados 118 casos humanos de febre
amarela, dos quais 46 evoluíram para óbito, resultando em letalidade de
39,0%. Os casos tiveram os locais prováveis de infecção (LPI) nos estados de
São Paulo [60] (Águas de Lindóia [1], Águas de São Pedro [1], Amparo [1],
Bragança Paulista [2], Brotas [3], Caçapava [6], Campinas [3], Itatiba [1],
Itirapina [1], Jambeiro [3], Joanópolis [11], Jundiaí [1], Monteiro Lobato [1],
Nazaré Paulista [4], Paraibuna [1], Pedra Bela [2], Pedreira [2],
Pindamonhangaba [1], Piracaia [3], Redenção da Serra [1], Santa Rita do
Passa Quatro [1], São Carlos [1], São José dos Campos [1], Socorro [4],
Taubaté [1], Tuiuti [1], Valinhos [1] e Vargem [1]), Pará [45] (Afuá [1], Breves
[42], Cametá [1], Melgaço [1]), Minas Gerais [12] (Camanducaia [1],
Cambuí [1], Carmo de Minas [1], Extrema [1], Gonçalves [1], Maria da Fé
[1], Monte Sião [1], Poços de Caldas [1], Pouso Alegre [1], Sapucaí-Mirim [1],
Silvianópolis [1] e Soledade de Minas [1]) e Tocantins [1] (Monte do Carmo).
Entre os casos, 107 (90,7%) eram do sexo masculino, com idades
entre 10 e 76 anos. Um dos indivíduos tinha histórico de vacinação em 2017
e evoluiu para o óbito.
Municípios com detecção do vírus da Febre Amarela em PNH e Humanos, monitoramento
2024/2025.
FONTE:SINAN,SISS-Geo,GAL. Dadosatualizadosaté09/06/2025.Dadossujeitosaalterações.
10","Febre Amarela No mesmo período, foram confirmados 118 casos humanos de febre amarela, dos quais 46 evoluíram para óbito, resultando em letalidade de 39,0%. Os casos tiveram os locais prováveis de infecção (LPI) nos estados de São Paulo [60] (Águas de Lindóia [1], Águas de São Pedro [1], Amparo [1], Bragança Paulista [2], Brotas [3], Caçapava [6], Campinas [3], Itatiba [1], Itirapina [1], Jambeiro [3], Joanópolis [11], Jundiaí [1], Monteiro Lobato [1], Nazaré Paulista [4], Paraibuna [1], Pedra Bela [2], Pedreira [2], Pindamonhangaba [1], Piracaia [3], Redenção da Serra [1], Santa Rita do Passa Quatro [1], São Carlos [1], São José dos Campos [1], Socorro [4], Taubaté [1], Tuiuti [1], Valinhos [1] e Vargem [1]), Pará [45] (Afuá [1], Breves [42], Cametá [1], Melgaço [1]), Minas Gerais [12] (Camanducaia [1], Cambuí [1], Carmo de Minas [1], Extrema [1], Gonçalves [1], Maria da Fé [1], Monte Sião [1], Poços de Caldas [1], Pouso Alegre [1], Sapucaí-Mirim [1], Silvianópolis [1] e Soledade de Minas [1]) e Tocantins [1] (Monte do Carmo). Entre os casos, 107 (90,7%) eram do sexo masculino, com idades entre 10 e 76 anos. Um dos indivíduos tinha histórico de vacinação em 2017 e evoluiu para o óbito. Municípios com detecção do vírus da Febre Amarela em PNH e Humanos, monitoramento 2024/2025. FONTE:SINAN,SISS-Geo,GAL. Dadosatualizadosaté09/06/2025.Dadossujeitosaalterações.",0,,
Informe Semanal nº 17 (1).pdf,17,1,23,2025,2025-06-09,11,0,1671,"INFORME SEMANAL No 17
SE 01 a 23/2025 (09/06/2025)
Ações realizadas
• Realização de mais uma etapa da Pesquisa para o controle vetorial de Culicoides
paraensis e investigação da circulação do vírus Oropouche em amostras de vetores no
estado do Espírito Santo
• Investigação para caracterização ambiental e avaliação da circulação do vírus
Oropouche a partir de amostras de vetores coletadas no município de Baturité-CE
• Capacitação sobre as novas Diretrizes Nacionais para Prevenção e Controle das
Arboviroses Urbanas para os Agentes de Combate às Endemias (ACE) do Estado de Goiás
• Participação do Lançamento do Projeto Todos Contra o Aedes aegypti em Rio Branco/AC
• Capacitação de Manejo Integrado de Vetores para Agentes de Combate às Endemias e
Agentes Indígenas e instalação de ovitrampas na aldeia Trevo do Parque do Município de
Itamaraju/BA
• Oficina de fortalecimento da linha de cuidado para crianças com Síndrome Congênita
associada à infecção pelo vírus Zika (SCZ) em Sergipe e Goiás
• Investigação entomológica de Oropouche no município de Bananeiras-PB
• Participação no Workshop Monitoramento Entomológico com Ovitrampas – Avanços e
Desafios no estado do Espirito Santo
• Oficina de fortalecimento da linha de cuidado para crianças com Síndrome Congênita
associada à infecção pelo vírus Zika (SCZ) em Salvador
• Participação no webinário ""Yellow fever in the Americas: what we know"", promovido pela
Organização Mundial da Saúde (OMS)
• Reunião de discussão e classificação de óbito possivelmente associado à infecção pelo
vírus Oropouche em São Paulo.
• Investigação Entomológica no Espirito Santo (Fase 2) - Ciclos de aplicações de produtos
químicos
11","Ações realizadas • Realização de mais uma etapa da Pesquisa para o controle vetorial de Culicoides paraensis e investigação da circulação do vírus Oropouche em amostras de vetores no estado do Espírito Santo • Investigação para caracterização ambiental e avaliação da circulação do vírus Oropouche a partir de amostras de vetores coletadas no município de Baturité-CE • Capacitação sobre as novas Diretrizes Nacionais para Prevenção e Controle das Arboviroses Urbanas para os Agentes de Combate às Endemias (ACE) do Estado de Goiás • Participação do Lançamento do Projeto Todos Contra o Aedes aegypti em Rio Branco/AC • Capacitação de Manejo Integrado de Vetores para Agentes de Combate às Endemias e Agentes Indígenas e instalação de ovitrampas na aldeia Trevo do Parque do Município de Itamaraju/BA • Oficina de fortalecimento da linha de cuidado para crianças com Síndrome Congênita associada à infecção pelo vírus Zika (SCZ) em Sergipe e Goiás • Investigação entomológica de Oropouche no município de Bananeiras-PB • Participação no Workshop Monitoramento Entomológico com Ovitrampas – Avanços e Desafios no estado do Espirito Santo • Oficina de fortalecimento da linha de cuidado para crianças com Síndrome Congênita associada à infecção pelo vírus Zika (SCZ) em Salvador • Participação no webinário ""Yellow fever in the Americas: what we know"", promovido pela Organização Mundial da Saúde (OMS) • Reunião de discussão e classificação de óbito possivelmente associado à infecção pelo vírus Oropouche em São Paulo. • Investigação Entomológica no Espirito Santo (Fase 2) - Ciclos de aplicações de produtos químicos",0,,
Informe Semanal nº 17 (1).pdf,17,1,23,2025,2025-06-09,12,0,424,"INFORME SEMANAL No 17
SE 01 a 23/2025 (09/06/2025)
Insumos distribuídos
Laboratoriais1
554.976
Sorologia Reações
229.899
Biologia Molecular ZDC Reações
229.899
Biologia Molecular OROV/MAYV Reações
10.642
Biologia Molecular Febre Amarela Reações
Inseticidas2
113.000
Larvicida Kg
5.995
Adulticida para PE Kg
200.220
Adulticida para UBV L
1Dadosatualizadosem 09/06/2025.Fonte:CGLAB.
2Dadosatualizadosem30/05/2025.Fonte:SIES
12",Insumos distribuídos Laboratoriais1 554.976 Sorologia Reações 229.899 Biologia Molecular ZDC Reações 229.899 Biologia Molecular OROV/MAYV Reações 10.642 Biologia Molecular Febre Amarela Reações Inseticidas2 113.000 Larvicida Kg 5.995 Adulticida para PE Kg 200.220 Adulticida para UBV L 1Dadosatualizadosem 09/06/2025.Fonte:CGLAB. 2Dadosatualizadosem30/05/2025.Fonte:SIES,0,,
Informe Semanal nº 17 (1).pdf,17,1,23,2025,2025-06-09,13,0,1568,"INFORME SEMANAL No 17
SE 01 a 23/2025 (09/06/2025)
Casos prováveis e incidência (por 100.000 habitantes) de dengue, SE 01 a SE 23, Brasil,
2024 e 2025
Casos prováveis (n) Coeficiente de incidência
Região/UF SE 01 aSE 23 SE 01 aSE 23
2024 2025 2024 2025
Norte 42.491 34.166 244,9 196,9
Rondônia 4.778 2.944 302,2 186,2
Acre 3.801 8.563 457,9 1.031,7
Amazonas 6.358 4.148 161,3 105,2
Roraima 324 312 50,9 49,0
Pará 16.212 13.342 199,8 164,4
Amapá 7.162 1.602 976,4 218,4
Tocantins 3.856 3.255 255,1 215,4
Nordeste 298.114 61.164 545,6 111,9
Maranhão 10.402 4.771 153,5 70,4
Piauí 12.435 5.618 380,4 171,8
Ceará 9.178 4.698 104,4 53,4
Rio Grande do Norte 12.907 5.020 390,8 152,0
Paraíba 10.594 4.748 266,5 119,5
Pernambuco 16.923 10.911 186,8 120,5
Alagoas 9.279 2.395 296,7 76,6
Sergipe
1.292 708 58,5 32,0
Bahia 215.104 22.295 1.521,6 157,7
Sudeste 3.991.057 1.027.932 4.703,8 1.211,5
Minas Gerais 1.622.964 154.433 7.902,0 751,9
Espírito Santo 130.157 27.200 3.395,3 709,5
Rio de Janeiro 284.527 27.399 1.772,3 170,7
São Paulo 1.953.409 818.900 4.397,5 1.843,5
Sul 1.143.684 227.062 3.820,8 758,6
Paraná 610.662 115.297 5.336,5 1.007,6
Santa Catarina 321.463 28.408 4.224,4 373,3
Rio Grande do Sul 211.559 83.357 1.944,4 766,1
Centro-Oeste 618.430 128.428 3.796,9 788,5
Mato Grosso do Sul 17.225 13.941 624,8 505,7
Mato Grosso 34.951 30.146 955,3 823,9
Goiás 296.132 76.826 4.197,3 1.088,9
Distrito Federal 270.122 7.515 9.588,8 266,8
Brasil 6.093.776 1.478.752 3.000,9 728,2
FONTE:SinanOn-lineeE-SUS VS(bancodedadosatualizadoem09/06/2025).Dadossujeitosaalteração.
13","Casos prováveis e incidência (por 100.000 habitantes) de dengue, SE 01 a SE 23, Brasil, 2024 e 2025 Casos prováveis (n) Coeficiente de incidência Região/UF SE 01 aSE 23 SE 01 aSE 23 2024 2025 2024 2025 Norte 42.491 34.166 244,9 196,9 Rondônia 4.778 2.944 302,2 186,2 Acre 3.801 8.563 457,9 1.031,7 Amazonas 6.358 4.148 161,3 105,2 Roraima 324 312 50,9 49,0 Pará 16.212 13.342 199,8 164,4 Amapá 7.162 1.602 976,4 218,4 Tocantins 3.856 3.255 255,1 215,4 Nordeste 298.114 61.164 545,6 111,9 Maranhão 10.402 4.771 153,5 70,4 Piauí 12.435 5.618 380,4 171,8 Ceará 9.178 4.698 104,4 53,4 Rio Grande do Norte 12.907 5.020 390,8 152,0 Paraíba 10.594 4.748 266,5 119,5 Pernambuco 16.923 10.911 186,8 120,5 Alagoas 9.279 2.395 296,7 76,6 Sergipe 1.292 708 58,5 32,0 Bahia 215.104 22.295 1.521,6 157,7 Sudeste 3.991.057 1.027.932 4.703,8 1.211,5 Minas Gerais 1.622.964 154.433 7.902,0 751,9 Espírito Santo 130.157 27.200 3.395,3 709,5 Rio de Janeiro 284.527 27.399 1.772,3 170,7 São Paulo 1.953.409 818.900 4.397,5 1.843,5 Sul 1.143.684 227.062 3.820,8 758,6 Paraná 610.662 115.297 5.336,5 1.007,6 Santa Catarina 321.463 28.408 4.224,4 373,3 Rio Grande do Sul 211.559 83.357 1.944,4 766,1 Centro-Oeste 618.430 128.428 3.796,9 788,5 Mato Grosso do Sul 17.225 13.941 624,8 505,7 Mato Grosso 34.951 30.146 955,3 823,9 Goiás 296.132 76.826 4.197,3 1.088,9 Distrito Federal 270.122 7.515 9.588,8 266,8 Brasil 6.093.776 1.478.752 3.000,9 728,2 FONTE:SinanOn-lineeE-SUS VS(bancodedadosatualizadoem09/06/2025).Dadossujeitosaalteração.",1,tabela,"Casos prováveis e incidência (por 100.000 habitantes) de dengue, SE 01 a SE 23, Brasil, 2024 e 2025 Casos prováveis (n) Coeficiente de incidência Região/UF SE 01 aSE 23 SE 01 aSE 23 2024 2025 2024 2025 Norte 42.491 34.166 244,9 196,9 Rondônia 4.778 2.944 302,2 186,2 Acre 3.801 8.563 457,9 1.031,7 Amazonas 6.358 4.148 161,3 105,2 Roraima 324 312 50,9 49,0 Pará 16.212 13.342 199,8 164,4 Amapá 7.162 1.602 976,4 218,4 Tocantins 3.856 3.255 255,1 215,4 Nordeste 298.114 61.164 545,6 111,9 Maranhão 10.402 4.771 153,5 70,4 Piauí 12.435 5.618 380,4 171,8 Ceará 9.178 4.698 104,4 53,4 Rio Grande do Norte 12.907 5.020 390,8 152,0 Paraíba 10.594 4.748 266,5 119,5 Pernambuco 16.923 10.911 186,8 120,5 Alagoas 9.279 2.395 296,7 76,6 Sergipe 1.292 708 58,5 32,0 Bahia 215.104 22.295 1.521,6 157,7 Sudeste 3.991.057 1.027.932 4.703,8 1.211,5 Minas Gerais 1.622.964 154.433 7.902,0 751,9 Espírito Santo 130.157 27.200 3.395,3 709,5 Rio de Janeiro 284.527 27.399 1.772,3 170,7 São Paulo 1.953.409 818.900 4.397,5 1.843,5 Sul 1.143.684 227.062 3.820,8 758,6 Paraná 610.662 115.297 5.336,5 1.007,6 Santa Catarina 321.463 28.408 4.224,4 373,3 Rio Grande do Sul 211.559 83.357 1.944,4 766,1 Centro-Oeste 618.430 128.428 3.796,9 788,5 Mato Grosso do Sul 17.225 13.941 624,8 505,7 Mato Grosso 34.951 30.146 955,3 823,9 Goiás 296.132 76.826 4.197,3 1.088,9 Distrito Federal 270.122 7.515 9.588,8 266,8 Brasil 6.093.776 1.478.752 3.000,9 728,2 FONTE:SinanOn-lineeE-SUS VS(bancodedadosatualizadoem09/06/2025).Dadossujeitosaalteração."
Informe Semanal nº 17 (1).pdf,17,1,23,2025,2025-06-09,14,0,1182,"INFORME SEMANAL No 17
SE 01 a 23/2025 (09/06/2025)
Número de casos de dengue grave e dengue com sinais de alarme, SE 01 a SE 23,
Brasil, 2024 e 2025
Dengue grave (n) Dengue com sinais de alarme (n)
SE 01 aSE 23 SE 01 aSE 23
Região/UF
2024 2025 2024 2025
Norte 71 38 639 431
Rondônia 5 1 26 10
Acre 2 1 8 49
Amazonas 11 3 68 9
Roraima 0 2 1 3
Pará 32 23 283 320
Amapá 13 7 192 27
Tocantins 8 1 61 13
Nordeste 647 72 6.754 782
Maranhão 15 6 171 48
Piauí 47 23 493 143
Ceará 9 2 116 19
Rio Grande do Norte 11 5 117 29
Paraíba 4 0 142 12
Pernambuco 14 5 145 69
Alagoas 16 3 288 26
Sergipe 4 2 44 25
Bahia 527 26 5238 411
Sudeste 4.289 1.316 42.522 17.365
Minas Gerais 1.677 170 14.140 1.905
Espírito Santo 90 9 2.089 364
Rio de Janeiro 231 30 4.381 333
São Paulo 2.291 1.107 21.912 14.763
Sul 1.463 216 20.575 3.796
Paraná 686 153 12.135 3.114
Santa Catarina 399 12 5.977 220
Rio Grande do Sul 378 51 2.463 462
Centro-Oeste 1.190 153 17.982 3.049
Mato Grosso do Sul 33 13 407 215
Mato Grosso 61 33 697 299
Goiás 614 106 6728 2513
Distrito Federal 482 1 10150 22
Brasil 7.660 1.795 88.472 25.423
FONTE:SinanOn-lineeE-SUS VS(bancodedadosatualizadoem09/06/2025).Dadossujeitosaalteração.
14","Número de casos de dengue grave e dengue com sinais de alarme, SE 01 a SE 23, Brasil, 2024 e 2025 Dengue grave (n) Dengue com sinais de alarme (n) SE 01 aSE 23 SE 01 aSE 23 Região/UF 2024 2025 2024 2025 Norte 71 38 639 431 Rondônia 5 1 26 10 Acre 2 1 8 49 Amazonas 11 3 68 9 Roraima 0 2 1 3 Pará 32 23 283 320 Amapá 13 7 192 27 Tocantins 8 1 61 13 Nordeste 647 72 6.754 782 Maranhão 15 6 171 48 Piauí 47 23 493 143 Ceará 9 2 116 19 Rio Grande do Norte 11 5 117 29 Paraíba 4 0 142 12 Pernambuco 14 5 145 69 Alagoas 16 3 288 26 Sergipe 4 2 44 25 Bahia 527 26 5238 411 Sudeste 4.289 1.316 42.522 17.365 Minas Gerais 1.677 170 14.140 1.905 Espírito Santo 90 9 2.089 364 Rio de Janeiro 231 30 4.381 333 São Paulo 2.291 1.107 21.912 14.763 Sul 1.463 216 20.575 3.796 Paraná 686 153 12.135 3.114 Santa Catarina 399 12 5.977 220 Rio Grande do Sul 378 51 2.463 462 Centro-Oeste 1.190 153 17.982 3.049 Mato Grosso do Sul 33 13 407 215 Mato Grosso 61 33 697 299 Goiás 614 106 6728 2513 Distrito Federal 482 1 10150 22 Brasil 7.660 1.795 88.472 25.423 FONTE:SinanOn-lineeE-SUS VS(bancodedadosatualizadoem09/06/2025).Dadossujeitosaalteração.",1,tabela,"Número de casos de dengue grave e dengue com sinais de alarme, SE 01 a SE 23, Brasil, 2024 e 2025 Dengue grave (n) Dengue com sinais de alarme (n) SE 01 aSE 23 SE 01 aSE 23 Região/UF 2024 2025 2024 2025 Norte 71 38 639 431 Rondônia 5 1 26 10 Acre 2 1 8 49 Amazonas 11 3 68 9 Roraima 0 2 1 3 Pará 32 23 283 320 Amapá 13 7 192 27 Tocantins 8 1 61 13 Nordeste 647 72 6.754 782 Maranhão 15 6 171 48 Piauí 47 23 493 143 Ceará 9 2 116 19 Rio Grande do Norte 11 5 117 29 Paraíba 4 0 142 12 Pernambuco 14 5 145 69 Alagoas 16 3 288 26 Sergipe 4 2 44 25 Bahia 527 26 5238 411 Sudeste 4.289 1.316 42.522 17.365 Minas Gerais 1.677 170 14.140 1.905 Espírito Santo 90 9 2.089 364 Rio de Janeiro 231 30 4.381 333 São Paulo 2.291 1.107 21.912 14.763 Sul 1.463 216 20.575 3.796 Paraná 686 153 12.135 3.114 Santa Catarina 399 12 5.977 220 Rio Grande do Sul 378 51 2.463 462 Centro-Oeste 1.190 153 17.982 3.049 Mato Grosso do Sul 33 13 407 215 Mato Grosso 61 33 697 299 Goiás 614 106 6728 2513 Distrito Federal 482 1 10150 22 Brasil 7.660 1.795 88.472 25.423 FONTE:SinanOn-lineeE-SUS VS(bancodedadosatualizadoem09/06/2025).Dadossujeitosaalteração."
Informe Semanal nº 17 (1).pdf,17,1,23,2025,2025-06-09,15,0,1354,"INFORME SEMANAL No 17
SE 01 a 23/2025 (09/06/2025)
Número de óbitos confirmados, letalidade e óbitos em investigação por dengue, SE 01
a SE 23, Brasil, 2024 e 2025
Óbitos confirmados (n) Taxa de Letalidade Óbitos em Investigação
Região/UF SE 01 aSE 23 SE 01 aSE 23 SE 01 aSE 23
2024 2025 2024 2025 2024 2025
Norte 33 34 4,6 7,2 1 8
Rondônia 5 1 16,1 0,0 0 0
Acre 0 3 0,0 0,0 0 0
Amazonas 5 1 6,3 8,3 0 2
Roraima 0 2 0,0 0,0 0 0
Pará 8 23 2,5 0,0 1 6
Amapá 10 3 4,9 0,0 0 0
Tocantins 5 1 7,2 0,0 0 0
Nordeste 235 27 3,2 3,2 41 51
Maranhão 6 2 3,2 0,0 4 4
Piauí 23 7 4,3 0,0 2 2
Ceará 5 0 4,0 0,0 0 2
Rio Grande do Norte 2 0 1,6 0,0 1 4
Paraíba 9 1 6,2 0,0 0 8
Pernambuco 10 4 6,3 0,0 5 10
Alagoas 12 1 3,9 3,4 0 1
Sergipe 5 2 10,4 0,0 0 1
Bahia 163 10 2,8 2,3 29 19
Sudeste 3.395 899 7,3 4,8 288 541
Minas Gerais 1.143 79 7,2 3,8 269 103
Espírito Santo 39 1 1,8 0,3 0 11
Rio de Janeiro 221 10 4,8 2,8 0 13
São Paulo 1.992 809 8,2 5,1 19 414
Sul 1.314 140 6,0 3,5 2 70
Paraná 709 94 5,5 2,9 1 58
Santa Catarina 330 11 5,2 0,0 0 4
Rio Grande do Sul 275 35 9,7 6,8 1 8
Centro-Oeste 877 65 4,6 2,0 16 82
Mato Grosso do Sul 26 11 5,9 0,0 9 7
Mato Grosso 18 14 2,4 4,2 1 11
Goiás 400 40 5,4 1,5 5 63
Distrito Federal 433 0 4,1 0,0 1 1
Brasil 5.854 1.165 6,1 4,3 348 752
FONTE:SinanOn-lineeE-SUS VS(bancodedadosatualizadoem09/06/2025).Dadossujeitosaalteração.
15","Número de óbitos confirmados, letalidade e óbitos em investigação por dengue, SE 01 a SE 23, Brasil, 2024 e 2025 Óbitos confirmados (n) Taxa de Letalidade Óbitos em Investigação Região/UF SE 01 aSE 23 SE 01 aSE 23 SE 01 aSE 23 2024 2025 2024 2025 2024 2025 Norte 33 34 4,6 7,2 1 8 Rondônia 5 1 16,1 0,0 0 0 Acre 0 3 0,0 0,0 0 0 Amazonas 5 1 6,3 8,3 0 2 Roraima 0 2 0,0 0,0 0 0 Pará 8 23 2,5 0,0 1 6 Amapá 10 3 4,9 0,0 0 0 Tocantins 5 1 7,2 0,0 0 0 Nordeste 235 27 3,2 3,2 41 51 Maranhão 6 2 3,2 0,0 4 4 Piauí 23 7 4,3 0,0 2 2 Ceará 5 0 4,0 0,0 0 2 Rio Grande do Norte 2 0 1,6 0,0 1 4 Paraíba 9 1 6,2 0,0 0 8 Pernambuco 10 4 6,3 0,0 5 10 Alagoas 12 1 3,9 3,4 0 1 Sergipe 5 2 10,4 0,0 0 1 Bahia 163 10 2,8 2,3 29 19 Sudeste 3.395 899 7,3 4,8 288 541 Minas Gerais 1.143 79 7,2 3,8 269 103 Espírito Santo 39 1 1,8 0,3 0 11 Rio de Janeiro 221 10 4,8 2,8 0 13 São Paulo 1.992 809 8,2 5,1 19 414 Sul 1.314 140 6,0 3,5 2 70 Paraná 709 94 5,5 2,9 1 58 Santa Catarina 330 11 5,2 0,0 0 4 Rio Grande do Sul 275 35 9,7 6,8 1 8 Centro-Oeste 877 65 4,6 2,0 16 82 Mato Grosso do Sul 26 11 5,9 0,0 9 7 Mato Grosso 18 14 2,4 4,2 1 11 Goiás 400 40 5,4 1,5 5 63 Distrito Federal 433 0 4,1 0,0 1 1 Brasil 5.854 1.165 6,1 4,3 348 752 FONTE:SinanOn-lineeE-SUS VS(bancodedadosatualizadoem09/06/2025).Dadossujeitosaalteração.",1,tabela,"Número de óbitos confirmados, letalidade e óbitos em investigação por dengue, SE 01 a SE 23, Brasil, 2024 e 2025 Óbitos confirmados (n) Taxa de Letalidade Óbitos em Investigação Região/UF SE 01 aSE 23 SE 01 aSE 23 SE 01 aSE 23 2024 2025 2024 2025 2024 2025 Norte 33 34 4,6 7,2 1 8 Rondônia 5 1 16,1 0,0 0 0 Acre 0 3 0,0 0,0 0 0 Amazonas 5 1 6,3 8,3 0 2 Roraima 0 2 0,0 0,0 0 0 Pará 8 23 2,5 0,0 1 6 Amapá 10 3 4,9 0,0 0 0 Tocantins 5 1 7,2 0,0 0 0 Nordeste 235 27 3,2 3,2 41 51 Maranhão 6 2 3,2 0,0 4 4 Piauí 23 7 4,3 0,0 2 2 Ceará 5 0 4,0 0,0 0 2 Rio Grande do Norte 2 0 1,6 0,0 1 4 Paraíba 9 1 6,2 0,0 0 8 Pernambuco 10 4 6,3 0,0 5 10 Alagoas 12 1 3,9 3,4 0 1 Sergipe 5 2 10,4 0,0 0 1 Bahia 163 10 2,8 2,3 29 19 Sudeste 3.395 899 7,3 4,8 288 541 Minas Gerais 1.143 79 7,2 3,8 269 103 Espírito Santo 39 1 1,8 0,3 0 11 Rio de Janeiro 221 10 4,8 2,8 0 13 São Paulo 1.992 809 8,2 5,1 19 414 Sul 1.314 140 6,0 3,5 2 70 Paraná 709 94 5,5 2,9 1 58 Santa Catarina 330 11 5,2 0,0 0 4 Rio Grande do Sul 275 35 9,7 6,8 1 8 Centro-Oeste 877 65 4,6 2,0 16 82 Mato Grosso do Sul 26 11 5,9 0,0 9 7 Mato Grosso 18 14 2,4 4,2 1 11 Goiás 400 40 5,4 1,5 5 63 Distrito Federal 433 0 4,1 0,0 1 1 Brasil 5.854 1.165 6,1 4,3 348 752 FONTE:SinanOn-lineeE-SUS VS(bancodedadosatualizadoem09/06/2025).Dadossujeitosaalteração."
Informe Semanal nº 17 (1).pdf,17,1,23,2025,2025-06-09,16,0,1347,"INFORME SEMANAL No 17
SE 01 a 23/2025 (09/06/2025)
Casos prováveis e incidência (por 100.000 habitantes) de chikungunya, SE 01 a SE 23,
Brasil, 2024 e 2025
Casos Prováveis (n) Coeficiente de Incidência
Região/UF SE 01 aSE 23 SE 01 aSE 23
2024 2025 2024 2025
Norte 2.187 4.354 12,6 25,1
Rondônia 193 3.313 12,2 209,5
Acre 188 109 22,6 13,1
Amazonas 48 111 1,2 2,8
Roraima 21 36 3,3 5,7
Pará 840 382 10,3 4,7
Amapá 209 26 28,5 3,5
Tocantins 688 377 45,5 24,9
Nordeste 23.793 6.526 43,5 11,9
Maranhão 863 404 12,7 6,0
Piauí 712 395 21,8 12,1
Ceará 808 741 9,2 8,4
Rio Grande do Norte 2.075 1.226 62,8 37,1
Paraíba 1.252 453 31,5 11,4
Pernambuco 2.821 1.402 31,1 15,5
Alagoas 271 284 8,7 9,1
Sergipe 335 72 15,2 3,3
Bahia 14.656 1.549 103,7 11,0
Sudeste 181.041 24.560 213,4 28,9
Minas Gerais 158.937 12.541 773,8 61,1
Espírito Santo 10.672 2.122 278,4 55,4
Rio de Janeiro 3.557 1.434 22,2 8,9
São Paulo 7.875 8.463 17,7 19,1
Sul 943 8.544 3,2 28,5
Paraná 516 7.013 4,5 61,3
Santa Catarina 120 839 1,6 11,0
Rio Grande do Sul 307 692 2,8 6,4
Centro-Oeste 27.794 58.275 170,6 357,8
Mato Grosso do Sul 2.111 12.265 76,6 444,9
Mato Grosso 15.590 44.376 426,1 1.212,9
Goiás 9.779 1.481 138,6 21,0
Distrito Federal 314 153 11,1 5,4
Brasil 235.758 102.259 116,1 50,4
FONTE:SinanOn-lineeE-SUS VS(bancodedadosatualizadoem09/06/2025).Dadossujeitosaalteração.
16","Casos prováveis e incidência (por 100.000 habitantes) de chikungunya, SE 01 a SE 23, Brasil, 2024 e 2025 Casos Prováveis (n) Coeficiente de Incidência Região/UF SE 01 aSE 23 SE 01 aSE 23 2024 2025 2024 2025 Norte 2.187 4.354 12,6 25,1 Rondônia 193 3.313 12,2 209,5 Acre 188 109 22,6 13,1 Amazonas 48 111 1,2 2,8 Roraima 21 36 3,3 5,7 Pará 840 382 10,3 4,7 Amapá 209 26 28,5 3,5 Tocantins 688 377 45,5 24,9 Nordeste 23.793 6.526 43,5 11,9 Maranhão 863 404 12,7 6,0 Piauí 712 395 21,8 12,1 Ceará 808 741 9,2 8,4 Rio Grande do Norte 2.075 1.226 62,8 37,1 Paraíba 1.252 453 31,5 11,4 Pernambuco 2.821 1.402 31,1 15,5 Alagoas 271 284 8,7 9,1 Sergipe 335 72 15,2 3,3 Bahia 14.656 1.549 103,7 11,0 Sudeste 181.041 24.560 213,4 28,9 Minas Gerais 158.937 12.541 773,8 61,1 Espírito Santo 10.672 2.122 278,4 55,4 Rio de Janeiro 3.557 1.434 22,2 8,9 São Paulo 7.875 8.463 17,7 19,1 Sul 943 8.544 3,2 28,5 Paraná 516 7.013 4,5 61,3 Santa Catarina 120 839 1,6 11,0 Rio Grande do Sul 307 692 2,8 6,4 Centro-Oeste 27.794 58.275 170,6 357,8 Mato Grosso do Sul 2.111 12.265 76,6 444,9 Mato Grosso 15.590 44.376 426,1 1.212,9 Goiás 9.779 1.481 138,6 21,0 Distrito Federal 314 153 11,1 5,4 Brasil 235.758 102.259 116,1 50,4 FONTE:SinanOn-lineeE-SUS VS(bancodedadosatualizadoem09/06/2025).Dadossujeitosaalteração.",0,,
Informe Semanal nº 17 (1).pdf,17,1,23,2025,2025-06-09,17,0,962,"INFORME SEMANAL No 17
SE 01 a 23/2025 (09/06/2025)
Número de óbitos confirmados e óbitos em investigação de chikungunya, SE 01 a SE
23, Brasil, 2024 e 2025
Óbitos confirmados Óbitos em Investigação
Região/UF SE 01 aSE 23 SE 01 aSE 23
2024 2025 2024 2025
Norte 1 1 0 1
Rondônia 0 1 0 0
Acre 0 0 0 0
Amazonas 0 0 0 0
Roraima 0 0 0 0
Pará 0 0 0 1
Amapá 1 0 0 0
Tocantins 0 0 0 0
Nordeste 22 2 12 12
Maranhão 1 0 1 2
Piauí 1 0 1 0
Ceará 0 0 0 0
Rio Grande do Norte 1 0 0 2
Paraíba 5 1 0 1
Pernambuco 3 0 6 7
Alagoas 1 0 1 0
Sergipe 1 0 0 0
Bahia 9 1 3 0
Sudeste 145 10 23 24
Minas Gerais 124 2 18 2
Espírito Santo 5 0 0 0
Rio de Janeiro 5 2 0 5
São Paulo 11 6 5 17
Sul 0 9 0 1
Paraná 0 2 0 1
Santa Catarina 0 3 0 0
Rio Grande do Sul 0 4 0 0
Centro-Oeste 29 59 8 30
Mato Grosso do Sul 1 7 2 5
Mato Grosso 12 52 2 23
Goiás 16 0 2 2
Distrito Federal 0 0 2 0
Brasil 197 81 43 68
FONTE:SinanOn-lineeE-SUS VS(bancodedadosatualizadoem09/06/2025).Dadossujeitosaalteração.
17","Número de óbitos confirmados e óbitos em investigação de chikungunya, SE 01 a SE 23, Brasil, 2024 e 2025 Óbitos confirmados Óbitos em Investigação Região/UF SE 01 aSE 23 SE 01 aSE 23 2024 2025 2024 2025 Norte 1 1 0 1 Rondônia 0 1 0 0 Acre 0 0 0 0 Amazonas 0 0 0 0 Roraima 0 0 0 0 Pará 0 0 0 1 Amapá 1 0 0 0 Tocantins 0 0 0 0 Nordeste 22 2 12 12 Maranhão 1 0 1 2 Piauí 1 0 1 0 Ceará 0 0 0 0 Rio Grande do Norte 1 0 0 2 Paraíba 5 1 0 1 Pernambuco 3 0 6 7 Alagoas 1 0 1 0 Sergipe 1 0 0 0 Bahia 9 1 3 0 Sudeste 145 10 23 24 Minas Gerais 124 2 18 2 Espírito Santo 5 0 0 0 Rio de Janeiro 5 2 0 5 São Paulo 11 6 5 17 Sul 0 9 0 1 Paraná 0 2 0 1 Santa Catarina 0 3 0 0 Rio Grande do Sul 0 4 0 0 Centro-Oeste 29 59 8 30 Mato Grosso do Sul 1 7 2 5 Mato Grosso 12 52 2 23 Goiás 16 0 2 2 Distrito Federal 0 0 2 0 Brasil 197 81 43 68 FONTE:SinanOn-lineeE-SUS VS(bancodedadosatualizadoem09/06/2025).Dadossujeitosaalteração.",0,,
Informe Semanal nº 17 (1).pdf,17,1,23,2025,2025-06-09,18,0,1162,"INFORME SEMANAL No 17
SE 01 a 23/2025 (09/06/2025)
Casos prováveis e incidência (por 100.000 habitantes) de Zika, SE 01 a SE 22, Brasil,
2024 e 2025.
Casos Prováveis Coeficiente de Incidência
Região/UF SE 01 aSE 23 SE 01 aSE 23
2024 2025 2024 2025
Norte 512 271 3,0 1,6
Rondônia 80 35 5,1 2,2
Acre 81 38 9,8 4,6
Amazonas 69 17 1,8 0,4
Roraima 12 4 1,9 0,6
Pará 86 53 1,1 0,7
Amapá 140 7 19,1 1,0
Tocantins 44 117 2,9 7,7
Nordeste 2.523 1.095 4,6 2,0
Maranhão 244 161 3,6 2,4
Piauí 7 12 0,2 0,4
Ceará 114 63 1,3 0,7
Rio Grande do
Norte 931 541 28,2 16,4
Paraíba 69 15 1,7 0,4
Pernambuco 123 92 1,4 1,0
Alagoas 45 21 1,4 0,7
Sergipe 20 3 0,9 0,1
Bahia 970 187 6,9 1,3
Sudeste 375 205 0,4 0,2
Minas Gerais 169 73 0,8 0,4
Espírito Santo 76 6 2,0 0,2
Rio de Janeiro 1 3 0,0 0,0
São Paulo 129 123 0,3 0,3
Sul 31 30 0,1 0,1
Paraná 11 22 0,1 0,2
Santa Catarina 6 2 0,1 0,0
Rio Grande do Sul 14 6 0,1 0,1
Centro-Oeste 439 2.000 2,7 12,3
Mato Grosso do Sul 70 395 2,5 14,3
Mato Grosso 294 1.565 8,0 42,8
Goiás 65 38 0,9 0,5
Distrito Federal 10 2 0,4 0,1
Brasil 3.880 3.601 1,9 1,8
FONTE:SinanOn-lineeE-SUS VS(bancodedadosatualizadoem04/06/2025).Dadossujeitosaalteração.
18","Casos prováveis e incidência (por 100.000 habitantes) de Zika, SE 01 a SE 22, Brasil, 2024 e 2025. Casos Prováveis Coeficiente de Incidência Região/UF SE 01 aSE 23 SE 01 aSE 23 2024 2025 2024 2025 Norte 512 271 3,0 1,6 Rondônia 80 35 5,1 2,2 Acre 81 38 9,8 4,6 Amazonas 69 17 1,8 0,4 Roraima 12 4 1,9 0,6 Pará 86 53 1,1 0,7 Amapá 140 7 19,1 1,0 Tocantins 44 117 2,9 7,7 Nordeste 2.523 1.095 4,6 2,0 Maranhão 244 161 3,6 2,4 Piauí 7 12 0,2 0,4 Ceará 114 63 1,3 0,7 Rio Grande do Norte 931 541 28,2 16,4 Paraíba 69 15 1,7 0,4 Pernambuco 123 92 1,4 1,0 Alagoas 45 21 1,4 0,7 Sergipe 20 3 0,9 0,1 Bahia 970 187 6,9 1,3 Sudeste 375 205 0,4 0,2 Minas Gerais 169 73 0,8 0,4 Espírito Santo 76 6 2,0 0,2 Rio de Janeiro 1 3 0,0 0,0 São Paulo 129 123 0,3 0,3 Sul 31 30 0,1 0,1 Paraná 11 22 0,1 0,2 Santa Catarina 6 2 0,1 0,0 Rio Grande do Sul 14 6 0,1 0,1 Centro-Oeste 439 2.000 2,7 12,3 Mato Grosso do Sul 70 395 2,5 14,3 Mato Grosso 294 1.565 8,0 42,8 Goiás 65 38 0,9 0,5 Distrito Federal 10 2 0,4 0,1 Brasil 3.880 3.601 1,9 1,8 FONTE:SinanOn-lineeE-SUS VS(bancodedadosatualizadoem04/06/2025).Dadossujeitosaalteração.",0,,
Informe Semanal nº 17 (1).pdf,17,1,23,2025,2025-06-09,19,0,976,"INFORME SEMANAL No 17
SE 01 a 23/2025 (09/06/2025)
CASOS CONFIRMADOS DE OROPOUCHE POR UF DE LOCAL PROVÁVEL DE INFECÇÃO,
BRASIL, 2024 E 2025.
Casos de Oropouche
Região/UF 2024 2025 2025
SE 01 a SE 23 SE 01 a SE 23 4 últimas SE
Norte 5.524 116 0
Rondônia 1.710 7 0
Acre 272 0 0
Amazonas 3.218 0 0
Roraima 138 1 0
Pará 166 1 0
Amapá 13 87 0
Tocantins 7 20 0
Nordeste 883 1.313 53
Maranhão 26 0 0
Piauí 30 1 0
Ceará 8 655 51
Rio Grande do Norte 0 0 0
Paraíba 0 645 2
Pernambuco 14 2 0
Alagoas 3 3 0
Sergipe 0 0 0
Bahia 802 7 0
Sudeste 628 10.083 315
Minas Gerais 196 1.310 85
Espírito Santo 308 6.289 100
Rio de Janeiro 116 2.363 112
São Paulo 8 121 18
Sul 174 51 21
Paraná 0 36 20
Santa Catarina 174 15 1
Rio Grande do Sul 0 0 0
Centro-Oeste 19 1 0
Mato Grosso do Sul 1 1 0
Mato Grosso 18 0 0
Goiás 0 0 0
Distrito Federal 0 0 0
Brasil 7.228 11.564 389
* LPI em investigação
FONTE:GerenciadordeAmbiente Laboratorial(GAL). Dadosatualizadosaté09/06/2025.Dadossujeitosaalterações.
19","CASOS CONFIRMADOS DE OROPOUCHE POR UF DE LOCAL PROVÁVEL DE INFECÇÃO, BRASIL, 2024 E 2025. Casos de Oropouche Região/UF 2024 2025 2025 SE 01 a SE 23 SE 01 a SE 23 4 últimas SE Norte 5.524 116 0 Rondônia 1.710 7 0 Acre 272 0 0 Amazonas 3.218 0 0 Roraima 138 1 0 Pará 166 1 0 Amapá 13 87 0 Tocantins 7 20 0 Nordeste 883 1.313 53 Maranhão 26 0 0 Piauí 30 1 0 Ceará 8 655 51 Rio Grande do Norte 0 0 0 Paraíba 0 645 2 Pernambuco 14 2 0 Alagoas 3 3 0 Sergipe 0 0 0 Bahia 802 7 0 Sudeste 628 10.083 315 Minas Gerais 196 1.310 85 Espírito Santo 308 6.289 100 Rio de Janeiro 116 2.363 112 São Paulo 8 121 18 Sul 174 51 21 Paraná 0 36 20 Santa Catarina 174 15 1 Rio Grande do Sul 0 0 0 Centro-Oeste 19 1 0 Mato Grosso do Sul 1 1 0 Mato Grosso 18 0 0 Goiás 0 0 0 Distrito Federal 0 0 0 Brasil 7.228 11.564 389 * LPI em investigação FONTE:GerenciadordeAmbiente Laboratorial(GAL). Dadosatualizadosaté09/06/2025.Dadossujeitosaalterações.",0,,
Informe Semanal nº 17 (1).pdf,17,1,23,2025,2025-06-09,20,0,1001,"INFORME SEMANAL No 17
SE 01 a 23/2025 (09/06/2025)
Febre Amarela
Tabela 1. Estados com detecção dovírus da Febre Amarela em PNH e humanos durante o
.
períododemonitoramento 2024/2025
PRIMATAS NÃO-HUMANOS CASOS HUMANOS
REGIÃO UF (LPI)
NOTIFICADOS CONFIRMADOS NOTIFICADOS CONFIRMADOS ÓBITOS LETALIDADE (%)
Norte Acre 2 2
Amapá 1 54
Amazonas 5
Pará 20 218 45 7 15,6
Rondônia 1 6
Roraima 6 1 6
Tocantins 20 2 13 1 1 100,0
Nordeste Alagoas 7 0
Bahia 28 6
Ceará 1 3
Maranhão 12
Paraíba 1
Pernambuco 17 3
Piauí
Rio Grande do
30 8
Norte
Sergipe
Distrito Federal 100 9
Centro- Goiás 50 16
Oeste Mato Grosso 14 11
Mato Grosso do Sul 9
Sudeste Minas Gerais 483 16 648 12 5 41,7
FONTE:SINAN,SISS-Geo,GAL. Dadosatualizadosaté05/03/2025.Dadossujeitosaalterações.
Espírito Santo 16 44
Rio de Janeiro 59 25
São Paulo 939 78 653 60 33 55,0
Sul Paraná 82 30
Santa Catarina 101 19
Rio Grande do Sul 41 11
TOTAL 2018 97 1812 118 46 39,0
FONTE:SINAN,SISS-Geo,GAL. Dadosatualizadosaté10/06/2025.Dadossujeitosaalterações.
20","Febre Amarela Tabela 1. Estados com detecção dovírus da Febre Amarela em PNH e humanos durante o . períododemonitoramento 2024/2025 PRIMATAS NÃO-HUMANOS CASOS HUMANOS REGIÃO UF (LPI) NOTIFICADOS CONFIRMADOS NOTIFICADOS CONFIRMADOS ÓBITOS LETALIDADE (%) Norte Acre 2 2 Amapá 1 54 Amazonas 5 Pará 20 218 45 7 15,6 Rondônia 1 6 Roraima 6 1 6 Tocantins 20 2 13 1 1 100,0 Nordeste Alagoas 7 0 Bahia 28 6 Ceará 1 3 Maranhão 12 Paraíba 1 Pernambuco 17 3 Piauí Rio Grande do 30 8 Norte Sergipe Distrito Federal 100 9 Centro- Goiás 50 16 Oeste Mato Grosso 14 11 Mato Grosso do Sul 9 Sudeste Minas Gerais 483 16 648 12 5 41,7 FONTE:SINAN,SISS-Geo,GAL. Dadosatualizadosaté05/03/2025.Dadossujeitosaalterações. Espírito Santo 16 44 Rio de Janeiro 59 25 São Paulo 939 78 653 60 33 55,0 Sul Paraná 82 30 Santa Catarina 101 19 Rio Grande do Sul 41 11 TOTAL 2018 97 1812 118 46 39,0 FONTE:SINAN,SISS-Geo,GAL. Dadosatualizadosaté10/06/2025.Dadossujeitosaalterações.",0,,
