informe,pagina,grupo,termo,tipo_pagina,trecho,cod_municipio,homonimos
Informe Semanal nº 01 - COE Dengue e outras Arboviroses - SE 1 a 4  - 27 de janeiro.pdf,2,sorotipo,sorotipos,narrativa,"o, e 160 estão em investigação. Foi identificada a circulação de três sorotipos do vírus dengue (DENV-1, DENV-2 e DENV-3), com aumento da proporção d",,
Informe Semanal nº 01 - COE Dengue e outras Arboviroses - SE 1 a 4  - 27 de janeiro.pdf,4,sorotipo,sorotipos,narrativa,Mapa de Sorotipos Dengue SE 01 a SE 04/2025,,
Informe Semanal nº 02 - COE Dengue e outras Arboviroses - SE 1 a 8 - 24 de fevereiro.pdf,2,sorotipo,sorotipos,narrativa,"o, e 377 estão em investigação. Foi identificada a circulação de três sorotipos do vírus dengue (DENV-1, DENV-2 e DENV-3), com aumento da proporção d",,
Informe Semanal nº 02 - COE Dengue e outras Arboviroses - SE 1 a 8 - 24 de fevereiro.pdf,4,sorotipo,sorotipos,narrativa,Mapa de Sorotipos Dengue SE 01 a SE 08/2025,,
Informe Semanal nº 03 - COE Dengue e outras Arboviroses - SE 1 a 9 - 08 de março.pdf,2,sorotipo,sorotipos,narrativa,"e 458 estão em investigação. Foi identificada a circulação dos quatro sorotipos do vírus dengue (DENV-1, DENV-2, DENV-3 e DENV-4), com aumento da pro",,
Informe Semanal nº 03 - COE Dengue e outras Arboviroses - SE 1 a 9 - 08 de março.pdf,4,sorotipo,sorotipos,narrativa,Mapa de Sorotipos Dengue SE 01 a SE 09/2025,,
Informe Semanal nº 04 - COE Dengue e outras Arboviroses - SE 1 a 10.pdf,2,sorotipo,sorotipos,narrativa,"e 520 estão em investigação. Foi identificada a circulação dos quatro sorotipos do vírus dengue (DENV-1, DENV-2, DENV-3 e DENV-4), com aumento da pro",,
Informe Semanal nº 04 - COE Dengue e outras Arboviroses - SE 1 a 10.pdf,4,sorotipo,sorotipos,narrativa,Mapa de Sorotipos Dengue SE 01 a SE 10/2025,,
Informe Semanal nº 05 - COE Dengue e outras Arboviroses - SE 1 a 11.pdf,2,sorotipo,sorotipos,narrativa,"e 632 estão em investigação. Foi identificada a circulação dos quatro sorotipos do vírus dengue (DENV-1, DENV-2, DENV-3 e DENV-4), com aumento da pro",,
Informe Semanal nº 05 - COE Dengue e outras Arboviroses - SE 1 a 11.pdf,4,sorotipo,sorotipos,narrativa,Mapa de Sorotipos Dengue SE 01 a SE 11/2025,,
Informe Semanal nº 06 - COE Dengue e outras Arboviroses - SE 1 a 12.pdf,2,sorotipo,sorotipos,narrativa,"e 684 estão em investigação. Foi identificada a circulação dos quatro sorotipos do vírus dengue (DENV-1, DENV-2, DENV-3 e DENV-4), com aumento da pro",,
Informe Semanal nº 06 - COE Dengue e outras Arboviroses - SE 1 a 12.pdf,4,sorotipo,sorotipos,narrativa,Mapa de Sorotipos Dengue SE 01 a SE 11/2025,,
Informe Semanal nº 07 - COE Dengue e outras Arboviroses - SE 1 a 13.pdf,2,sorotipo,sorotipos,narrativa,"e 704 estão em investigação. Foi identificada a circulação dos quatro sorotipos do vírus dengue (DENV-1, DENV-2, DENV-3 e DENV-4), com aumento da pro",,
Informe Semanal nº 07 - COE Dengue e outras Arboviroses - SE 1 a 13.pdf,4,sorotipo,sorotipos,narrativa,Mapa de Sorotipos Dengue SE 01 a SE 13/2025,,
Informe Semanal nº 08 - COE Dengue e outras Arboviroses - SE 1 a 13.pdf,2,sorotipo,sorotipos,narrativa,"e 727 estão em investigação. Foi identificada a circulação dos quatro sorotipos do vírus dengue (DENV-1, DENV-2, DENV-3 e DENV-4), com aumento da pro",,
Informe Semanal nº 08 - COE Dengue e outras Arboviroses - SE 1 a 13.pdf,4,sorotipo,sorotipos,narrativa,Mapa de Sorotipos Dengue SE 01 a SE 14/2025,,
Informe Semanal nº 09 - COE Dengue e outras Arboviroses - SE 1 a 15.pdf,2,sorotipo,sorotipos,narrativa,"e 741 estão em investigação. Foi identificada a circulação dos quatro sorotipos do vírus dengue (DENV-1, DENV-2, DENV-3 e DENV-4), com predominância ",,
Informe Semanal nº 09 - COE Dengue e outras Arboviroses - SE 1 a 15.pdf,4,sorotipo,sorotipos,narrativa,Mapa de Sorotipos Dengue SE 01 a SE 15/2025,,
Informe Semanal nº 10 - COE Dengue e outras Arboviroses - SE 1 a 16.pdf,2,sorotipo,sorotipos,narrativa,"ior parte na região Sudeste. Foi identificada a circulação dos quatro sorotipos do vírus dengue (DENV-1, DENV-2, DENV-3 e DENV-4), com predominância ",,
Informe Semanal nº 10 - COE Dengue e outras Arboviroses - SE 1 a 16.pdf,4,sorotipo,sorotipos,narrativa,Mapa de Sorotipos Dengue SE 01 a SE 16/2025 Fonte: GAL/CGLAB/SVSA/MS.,,
Informe Semanal nº 11 - COE Dengue e outras Arboviroses - SE 1 a 17 - 13 de maio.pdf,2,sorotipo,sorotipos,narrativa,"e 775 estão em investigação. Foi identificada a circulação dos quatro sorotipos do vírus dengue (DENV-1, DENV-2, DENV-3 e DENV-4), com predominância ",,
Informe Semanal nº 11 - COE Dengue e outras Arboviroses - SE 1 a 17 - 13 de maio.pdf,4,sorotipo,sorotipos,narrativa,Mapa de Sorotipos Dengue SE 01 a SE 16/2025 Fonte: GAL/CGLAB/SVSA/MS.,,
Informe Semanal nº 12 - COE Dengue e outras Arboviroses - SE 1 a 18 - 15 de maio.pdf,2,sorotipo,sorotipos,narrativa,"e 807 estão em investigação. Foi identificada a circulação dos quatro sorotipos do vírus dengue (DENV-1, DENV-2, DENV-3 e DENV-4), com predominância ",,
Informe Semanal nº 12 - COE Dengue e outras Arboviroses - SE 1 a 18 - 15 de maio.pdf,4,sorotipo,sorotipos,narrativa,Mapa de Sorotipos Dengue SE 01 a SE 18/2025 Fonte: GAL/CGLAB/SVSA/MS.,,
Informe Semanal nº 14.pdf,2,sorotipo,sorotipos,narrativa,"e 837 estão em investigação. Foi identificada a circulação dos quatro sorotipos do vírus dengue (DENV1, DENV-2, DENV-3 e DENV-4), com predominância d",,
Informe Semanal nº 14.pdf,4,sorotipo,sorotipos,narrativa,Mapa de Sorotipos Dengue SE 01 a SE 20/2025 Fonte: GAL/CGLAB/SVSA/MS.,,
Informe Semanal nº 15.pdf,2,sorotipo,sorotipos,narrativa,"e 830 estão em investigação. Foi identificada a circulação dos quatro sorotipos do vírus dengue (DENV1, DENV-2, DENV-3 e DENV-4), com predominância d",,
Informe Semanal nº 15.pdf,4,sorotipo,sorotipos,narrativa,Mapa de Sorotipos Dengue SE 01 a SE 21/2025 Fonte: GAL/CGLAB/SVSA/MS.,,
Informe Semanal nº 16.pdf,2,sorotipo,sorotipos,narrativa,"e 813 estão em investigação. Foi identificada a circulação dos quatro sorotipos do vírus dengue (DENV1, DENV-2, DENV-3 e DENV-4), com predominância d",,
Informe Semanal nº 16.pdf,4,sorotipo,sorotipos,narrativa,Mapa de Sorotipos Dengue SE 01 a SE 22/2025 Fonte: GAL/CGLAB/SVSA/MS.,,
Informe Semanal nº 17 (1).pdf,2,sorotipo,sorotipos,narrativa,"e 752 estão em investigação. Foi identificada a circulação dos quatro sorotipos do vírus dengue (DENV1, DENV-2, DENV-3 e DENV-4), com predominância d",,
Informe Semanal nº 17 (1).pdf,4,sorotipo,sorotipos,narrativa,Mapa de Sorotipos Dengue SE 01 a SE 21/2025 Fonte: GAL/CGLAB/SVSA/MS.,,
Informe semanal nº 13.pdf,2,sorotipo,sorotipos,narrativa,"e 830 estão em investigação. Foi identificada a circulação dos quatro sorotipos do vírus dengue (DENV1, DENV-2, DENV-3 e DENV-4), com predominância d",,
Informe semanal nº 13.pdf,4,sorotipo,sorotipos,narrativa,Mapa de Sorotipos Dengue SE 01 a SE 19/2025 Fonte: GAL/CGLAB/SVSA/MS.,,
Informe Semanal nº 01 - COE Dengue e outras Arboviroses - SE 1 a 4  - 27 de janeiro.pdf,2,tendencia,reducao,narrativa,"itantes. Quando comparado com o mesmo período de 2024, observa-se uma redução de 57,9% no número de casos prováveis. As Regiões Geográficas que apr",,
Informe Semanal nº 01 - COE Dengue e outras Arboviroses - SE 1 a 4  - 27 de janeiro.pdf,2,tendencia,aumento,narrativa,"ação de três sorotipos do vírus dengue (DENV-1, DENV-2 e DENV-3), com aumento da proporção de DENV-3 desde o último trimestre de 2024. O número de ",,
Informe Semanal nº 01 - COE Dengue e outras Arboviroses - SE 1 a 4  - 27 de janeiro.pdf,2,tendencia,tendencia,narrativa,"ole1, considerando a série histórica. A estimativa nowcasting2 indica tendência de alta no número de casos. Fonte: Sinan On-line (banco de dados atua",,
Informe Semanal nº 02 - COE Dengue e outras Arboviroses - SE 1 a 8 - 24 de fevereiro.pdf,2,tendencia,reducao,narrativa,"itantes. Quando comparado com o mesmo período de 2024, observa-se uma redução de 68,2% no número de casos prováveis. As regiões geográficas que apr",,
Informe Semanal nº 02 - COE Dengue e outras Arboviroses - SE 1 a 8 - 24 de fevereiro.pdf,2,tendencia,aumento,narrativa,"ação de três sorotipos do vírus dengue (DENV-1, DENV-2 e DENV-3), com aumento da proporção de DENV-3 desde o último trimestre de 2024. O número de ",,
Informe Semanal nº 02 - COE Dengue e outras Arboviroses - SE 1 a 8 - 24 de fevereiro.pdf,2,tendencia,tendencia,narrativa,"derando a série histórica. No entanto, a estimativa nowcasting indica tendência de alta no número de casos acima do limite esperado. Fonte: SinanOn-l",,
Informe Semanal nº 03 - COE Dengue e outras Arboviroses - SE 1 a 9 - 08 de março.pdf,2,tendencia,reducao,narrativa,"itantes. Quando comparado com o mesmo período de 2024, observa-se uma redução de 70% no número de casos prováveis. As Regiões Geográficas que apres",,
Informe Semanal nº 03 - COE Dengue e outras Arboviroses - SE 1 a 9 - 08 de março.pdf,2,tendencia,aumento,narrativa,"atro sorotipos do vírus dengue (DENV-1, DENV-2, DENV-3 e DENV-4), com aumento da proporção de DENV3 desde o último trimestre de 2024. DENV-4 (vírus",,
Informe Semanal nº 03 - COE Dengue e outras Arboviroses - SE 1 a 9 - 08 de março.pdf,2,tendencia,tendencia,narrativa,"iderando a série histórica, no entanto a estimativa nowcasting indica tendência de alta no número de casos, acima do limite esperado. Fonte: Sinan On",,
Informe Semanal nº 04 - COE Dengue e outras Arboviroses - SE 1 a 10.pdf,2,tendencia,reducao,narrativa,"itantes. Quando comparado com o mesmo período de 2024, observa-se uma redução de 72,9% no número de casos prováveis. As Regiões Geográficas que apr",,
Informe Semanal nº 04 - COE Dengue e outras Arboviroses - SE 1 a 10.pdf,2,tendencia,aumento,narrativa,"atro sorotipos do vírus dengue (DENV-1, DENV-2, DENV-3 e DENV-4), com aumento da proporção de DENV3 desde o último trimestre de 2024. DENV-4 (vírus",,
Informe Semanal nº 04 - COE Dengue e outras Arboviroses - SE 1 a 10.pdf,2,tendencia,tendencia,narrativa,"iderando a série histórica, no entanto a estimativa nowcasting indica tendência de alta no número de casos, acima do limite esperado. Fonte: SinanOn-",,
Informe Semanal nº 05 - COE Dengue e outras Arboviroses - SE 1 a 11.pdf,2,tendencia,reducao,narrativa,"itantes. Quando comparado com o mesmo período de 2024, observa-se uma redução de 73,8% no número de casos prováveis. As Regiões Geográficas que apr",,
Informe Semanal nº 05 - COE Dengue e outras Arboviroses - SE 1 a 11.pdf,2,tendencia,aumento,narrativa,"atro sorotipos do vírus dengue (DENV-1, DENV-2, DENV-3 e DENV-4), com aumento da proporção de DENV3 desde o último trimestre de 2024. DENV-4 (vírus",,
Informe Semanal nº 05 - COE Dengue e outras Arboviroses - SE 1 a 11.pdf,2,tendencia,tendencia,narrativa,"iderando a série histórica, no entanto a estimativa nowcasting indica tendência de alta no número de casos, acima do limite esperado. Fonte: Sinan On",,
Informe Semanal nº 06 - COE Dengue e outras Arboviroses - SE 1 a 12.pdf,2,tendencia,reducao,narrativa,"itantes. Quando comparado com o mesmo período de 2024, observa-se uma redução de 74,7% no número de casos prováveis. As Regiões Geográficas que apr",,
Informe Semanal nº 06 - COE Dengue e outras Arboviroses - SE 1 a 12.pdf,2,tendencia,aumento,narrativa,"atro sorotipos do vírus dengue (DENV-1, DENV-2, DENV-3 e DENV-4), com aumento da proporção de DENV3 desde o último trimestre de 2024. DENV-4 (vírus",,
Informe Semanal nº 06 - COE Dengue e outras Arboviroses - SE 1 a 12.pdf,2,tendencia,tendencia,narrativa,"derando a série histórica. No entanto, a estimativa nowcasting indica tendência de alta no número de casos, acima do limite esperado. Fonte: Sinan On",,
Informe Semanal nº 07 - COE Dengue e outras Arboviroses - SE 1 a 13.pdf,2,tendencia,reducao,narrativa,"itantes. Quando comparado com o mesmo período de 2024, observa-se uma redução de 74,6% no número de casos prováveis. As Regiões Geográficas que apr",,
Informe Semanal nº 07 - COE Dengue e outras Arboviroses - SE 1 a 13.pdf,2,tendencia,aumento,narrativa,"atro sorotipos do vírus dengue (DENV-1, DENV-2, DENV-3 e DENV-4), com aumento da proporção de DENV3 desde o último trimestre de 2024. DENV-4 (vírus",,
Informe Semanal nº 07 - COE Dengue e outras Arboviroses - SE 1 a 13.pdf,2,tendencia,tendencia,narrativa,"derando a série histórica. No entanto, a estimativa nowcasting indica tendência de alta no número de casos, acima do limite esperado. Fonte: SinanOn-",,
Informe Semanal nº 08 - COE Dengue e outras Arboviroses - SE 1 a 13.pdf,2,tendencia,reducao,narrativa,"itantes. Quando comparado com o mesmo período de 2024, observa-se uma redução de 75,1% no número de casos prováveis. As Regiões Geográficas que apr",,
Informe Semanal nº 08 - COE Dengue e outras Arboviroses - SE 1 a 13.pdf,2,tendencia,aumento,narrativa,"atro sorotipos do vírus dengue (DENV-1, DENV-2, DENV-3 e DENV-4), com aumento da proporção de DENV3 desde o último trimestre de 2024. DENV-4 (vírus",,
Informe Semanal nº 08 - COE Dengue e outras Arboviroses - SE 1 a 13.pdf,2,tendencia,tendencia,narrativa,"derando a série histórica. No entanto, a estimativa nowcasting indica tendência de alta no número de casos, acima do limite esperado para o período. ",,
Informe Semanal nº 09 - COE Dengue e outras Arboviroses - SE 1 a 15.pdf,2,tendencia,reducao,narrativa,"itantes. Quando comparado com o mesmo período de 2024, observa-se uma redução de 75,5% no número de casos prováveis. As Regiões Geográficas que apr",,
Informe Semanal nº 09 - COE Dengue e outras Arboviroses - SE 1 a 15.pdf,2,tendencia,aumento,narrativa,"engue (DENV-1, DENV-2, DENV-3 e DENV-4), com predominância do DENV-2. Aumento da proporção de DENV-3 foi observada desde o último trimestre de 2024",,
Informe Semanal nº 09 - COE Dengue e outras Arboviroses - SE 1 a 15.pdf,2,tendencia,tendencia,narrativa,"ca acima do limite superior esperado para o período atual, embora com tendência de queda, retorna à faixa endêmica na atual semana. Fonte: SinanOn-li",,
Informe Semanal nº 09 - COE Dengue e outras Arboviroses - SE 1 a 15.pdf,2,tendencia,queda,narrativa,"imite superior esperado para o período atual, embora com tendência de queda, retorna à faixa endêmica na atual semana. Fonte: SinanOn-line (banco",,
Informe Semanal nº 10 - COE Dengue e outras Arboviroses - SE 1 a 16.pdf,2,tendencia,reducao,narrativa,"itantes. Quando comparado com o mesmo período de 2024, observa-se uma redução de 76,1% no número de casos prováveis. As Regiões Geográficas que apr",,
Informe Semanal nº 10 - COE Dengue e outras Arboviroses - SE 1 a 16.pdf,2,tendencia,aumento,narrativa,"engue (DENV-1, DENV-2, DENV-3 e DENV-4), com predominância do DENV-2. Aumento da proporção de DENV-3 foi observada desde o último trimestre de 2024",,
Informe Semanal nº 10 - COE Dengue e outras Arboviroses - SE 1 a 16.pdf,2,tendencia,tendencia,narrativa,do no diagrama de controle. A estimativa corrigida nowcasting1 indica tendência de queda e retorno ao canal endêmico. Fonte: SinanOn-line (banco de d,,
Informe Semanal nº 10 - COE Dengue e outras Arboviroses - SE 1 a 16.pdf,2,tendencia,queda,narrativa,a de controle. A estimativa corrigida nowcasting1 indica tendência de queda e retorno ao canal endêmico. Fonte: SinanOn-line (banco de dados atua,,
Informe Semanal nº 11 - COE Dengue e outras Arboviroses - SE 1 a 17 - 13 de maio.pdf,2,tendencia,reducao,narrativa,"itantes. Quando comparado com o mesmo período de 2024, observa-se uma redução de 76,1% no número de casos prováveis. As Regiões Geográficas que apr",,
Informe Semanal nº 11 - COE Dengue e outras Arboviroses - SE 1 a 17 - 13 de maio.pdf,2,tendencia,aumento,narrativa,"engue (DENV-1, DENV-2, DENV-3 e DENV-4), com predominância do DENV-2. Aumento da proporção de DENV-3 foi observada desde o último trimestre de 2024",,
Informe Semanal nº 11 - COE Dengue e outras Arboviroses - SE 1 a 17 - 13 de maio.pdf,2,tendencia,tendencia,narrativa,"ca. A estimativa nowcasting se encontra dentro do canal endêmico, com tendência de redução de casos. Fonte: Sinan On-line (banco de dados atualizado ",,
Informe Semanal nº 11 - COE Dengue e outras Arboviroses - SE 1 a 17 - 13 de maio.pdf,2,tendencia,reducao,narrativa,"iva nowcasting se encontra dentro do canal endêmico, com tendência de redução de casos. Fonte: Sinan On-line (banco de dados atualizado em 28/04/20",,
Informe Semanal nº 12 - COE Dengue e outras Arboviroses - SE 1 a 18 - 15 de maio.pdf,2,tendencia,reducao,narrativa,"itantes. Quando comparado com o mesmo período de 2024, observa-se uma redução de 76,4% no número de casos prováveis. As Regiões Geográficas que apr",,
Informe Semanal nº 12 - COE Dengue e outras Arboviroses - SE 1 a 18 - 15 de maio.pdf,2,tendencia,aumento,narrativa,"engue (DENV-1, DENV-2, DENV-3 e DENV-4), com predominância do DENV-2. Aumento da proporção de DENV-3 foi observada desde o último trimestre de 2024",,
Informe Semanal nº 12 - COE Dengue e outras Arboviroses - SE 1 a 18 - 15 de maio.pdf,2,tendencia,tendencia,narrativa,"do canal endêmico, mas acima da mediana de casos para o período e com tendência de redução de casos. Fonte: SinanOn-line (banco de dados atualizado e",,
Informe Semanal nº 12 - COE Dengue e outras Arboviroses - SE 1 a 18 - 15 de maio.pdf,2,tendencia,reducao,narrativa,"mico, mas acima da mediana de casos para o período e com tendência de redução de casos. Fonte: SinanOn-line (banco de dados atualizado em 05/05/202",,
Informe Semanal nº 14.pdf,2,tendencia,reducao,narrativa,"itantes. Quando comparado com o mesmo período de 2024, observa-se uma redução de 76,3% no número de casos prováveis. As Regiões Geográficas que apr",,
Informe Semanal nº 14.pdf,2,tendencia,aumento,narrativa,"dengue (DENV1, DENV-2, DENV-3 e DENV-4), com predominância do DENV-2. Aumento da proporção de DENV-3 foi observada desde o último trimestre de 2024",,
Informe Semanal nº 14.pdf,2,tendencia,tendencia,narrativa,". A estimativa nowcasting se encontra fora do canal endêmico, mas com tendência de estabilidade de casos. Fonte: SinanOn-line (banco de dados atualiz",,
Informe Semanal nº 14.pdf,2,tendencia,estabilidade,narrativa,"a nowcasting se encontra fora do canal endêmico, mas com tendência de estabilidade de casos. Fonte: SinanOn-line (banco de dados atualizado em 19/05/202",,
Informe Semanal nº 15.pdf,2,tendencia,reducao,narrativa,"itantes. Quando comparado com o mesmo período de 2024, observa-se uma redução de 76,1% no número de casos prováveis. As Regiões Geográficas que apr",,
Informe Semanal nº 15.pdf,2,tendencia,aumento,narrativa,"dengue (DENV1, DENV-2, DENV-3 e DENV-4), com predominância do DENV-2. Aumento da proporção de DENV-3 foi observada desde o último trimestre de 2024",,
Informe Semanal nº 15.pdf,2,tendencia,tendencia,narrativa,". A estimativa nowcasting se encontra fora do canal endêmico, mas com tendência de redução de casos. Fonte: SinanOn-line (banco de dados atualizado e",,
Informe Semanal nº 15.pdf,2,tendencia,reducao,narrativa,"a nowcasting se encontra fora do canal endêmico, mas com tendência de redução de casos. Fonte: SinanOn-line (banco de dados atualizado em 26/05/202",,
Informe Semanal nº 16.pdf,2,tendencia,reducao,narrativa,"itantes. Quando comparado com o mesmo período de 2024, observa-se uma redução de 75,9% no número de casos prováveis. As Regiões Geográficas que apr",,
Informe Semanal nº 16.pdf,2,tendencia,aumento,narrativa,"dengue (DENV1, DENV-2, DENV-3 e DENV-4), com predominância do DENV-2. Aumento da proporção de DENV-3 foi observada desde o último trimestre de 2024",,
Informe Semanal nº 16.pdf,2,tendencia,tendencia,narrativa,". A estimativa nowcasting se encontra fora do canal endêmico, mas com tendência de redução de casos. Fonte: Sinan On-line (banco de dados atualizado ",,
Informe Semanal nº 16.pdf,2,tendencia,reducao,narrativa,"a nowcasting se encontra fora do canal endêmico, mas com tendência de redução de casos. Fonte: Sinan On-line (banco de dados atualizado em 02/06/20",,
Informe Semanal nº 17 (1).pdf,2,tendencia,reducao,narrativa,"bitantes. Quando comparado com o mesmo período de 2024, observase uma redução de 75,7% no número de casos prováveis. As Regiões Geográficas que apr",,
Informe Semanal nº 17 (1).pdf,2,tendencia,aumento,narrativa,"dengue (DENV1, DENV-2, DENV-3 e DENV-4), com predominância do DENV-2. Aumento da proporção de DENV-3 foi observado desde o último trimestre de 2024",,
Informe Semanal nº 17 (1).pdf,2,tendencia,tendencia,narrativa,". A estimativa nowcasting se encontra fora do canal endêmico, mas com tendência de redução de casos. Fonte: Sinan On-line (banco de dados atualizado ",,
Informe Semanal nº 17 (1).pdf,2,tendencia,reducao,narrativa,"a nowcasting se encontra fora do canal endêmico, mas com tendência de redução de casos. Fonte: Sinan On-line (banco de dados atualizado em 02/06/20",,
Informe semanal nº 13.pdf,2,tendencia,reducao,narrativa,"itantes. Quando comparado com o mesmo período de 2024, observa-se uma redução de 76,3% no número de casos prováveis. As Regiões Geográficas que apr",,
Informe semanal nº 13.pdf,2,tendencia,aumento,narrativa,"dengue (DENV1, DENV-2, DENV-3 e DENV-4), com predominância do DENV-2. Aumento da proporção de DENV-3 foi observada desde o último trimestre de 2024",,
Informe semanal nº 13.pdf,2,tendencia,tendencia,narrativa,"A estimativa nowcasting se encontra dentro do canal endêmico, mas com tendência de aumento de casos, para fora do limite superior. Fonte: SinanOn-lin",,
Informe semanal nº 13.pdf,2,tendencia,aumento,narrativa,"nowcasting se encontra dentro do canal endêmico, mas com tendência de aumento de casos, para fora do limite superior. Fonte: SinanOn-line (banco de",,
Informe Semanal nº 01 - COE Dengue e outras Arboviroses - SE 1 a 4  - 27 de janeiro.pdf,2,gravidade,graves,narrativa,"Grosso apresentam as maiores incidências. Os maiores números de casos graves concentram-se nas regiões Sudeste, Centro-Oeste e Sul. Os óbitos conc",,
Informe Semanal nº 01 - COE Dengue e outras Arboviroses - SE 1 a 4  - 27 de janeiro.pdf,2,gravidade,obitos,narrativa,"asos graves concentram-se nas regiões Sudeste, Centro-Oeste e Sul. Os óbitos concentram-se na Regiões Sudeste. Foram confirmados 21 óbitos no perí",,
Informe Semanal nº 01 - COE Dengue e outras Arboviroses - SE 1 a 4  - 27 de janeiro.pdf,2,gravidade,obitos,narrativa,"Sul. Os óbitos concentram-se na Regiões Sudeste. Foram confirmados 21 óbitos no período, e 160 estão em investigação. Foi identificada a circulaçã",,
Informe Semanal nº 01 - COE Dengue e outras Arboviroses - SE 1 a 4  - 27 de janeiro.pdf,3,gravidade,obitos,narrativa,Diagrama de controle Coeficiente de Incidência e óbitos Fonte: Sinan On-line (banco de dados atualizado em 27/01/2025). Dados,,
Informe Semanal nº 01 - COE Dengue e outras Arboviroses - SE 1 a 4  - 27 de janeiro.pdf,7,gravidade,obitos,narrativa,"Dengue (Incidência) 68,6 21 -57,9% CASOS/100 MIL HAB. ÓBITOS Em relação ao número 139.241 Casos prováveis Óbitos em 160 de casos i",,
Informe Semanal nº 01 - COE Dengue e outras Arboviroses - SE 1 a 4  - 27 de janeiro.pdf,7,gravidade,obitos,narrativa,ASOS/100 MIL HAB. ÓBITOS Em relação ao número 139.241 Casos prováveis Óbitos em 160 de casos investigação no mesmo Casos graves e com 1.082 períod,,
Informe Semanal nº 01 - COE Dengue e outras Arboviroses - SE 1 a 4  - 27 de janeiro.pdf,7,gravidade,graves,narrativa,"41 Casos prováveis Óbitos em 160 de casos investigação no mesmo Casos graves e com 1.082 período de sinais de alarme 1,9% Letalidade1 2024",,
Informe Semanal nº 01 - COE Dengue e outras Arboviroses - SE 1 a 4  - 27 de janeiro.pdf,7,gravidade,alarme,narrativa,"s investigação no mesmo Casos graves e com 1.082 período de sinais de alarme 1,9% Letalidade1 2024",,
Informe Semanal nº 01 - COE Dengue e outras Arboviroses - SE 1 a 4  - 27 de janeiro.pdf,7,gravidade,letalidade,narrativa,"ão no mesmo Casos graves e com 1.082 período de sinais de alarme 1,9% Letalidade1 2024",,
Informe Semanal nº 02 - COE Dengue e outras Arboviroses - SE 1 a 8 - 24 de fevereiro.pdf,2,gravidade,graves,narrativa,"Grosso apresentam as maiores incidências. Os maiores números de casos graves concentram-se nas regiões Sudeste, Centro-Oeste e Sul. Os óbitos conc",,
Informe Semanal nº 02 - COE Dengue e outras Arboviroses - SE 1 a 8 - 24 de fevereiro.pdf,2,gravidade,obitos,narrativa,"asos graves concentram-se nas regiões Sudeste, Centro-Oeste e Sul. Os óbitos concentram-se na região Sudeste. Foram confirmados 160 óbitos no perí",,
Informe Semanal nº 02 - COE Dengue e outras Arboviroses - SE 1 a 8 - 24 de fevereiro.pdf,2,gravidade,obitos,narrativa,"Sul. Os óbitos concentram-se na região Sudeste. Foram confirmados 160 óbitos no período, e 377 estão em investigação. Foi identificada a circulaçã",,
Informe Semanal nº 02 - COE Dengue e outras Arboviroses - SE 1 a 8 - 24 de fevereiro.pdf,3,gravidade,obitos,narrativa,Diagrama de controle Coeficiente de Incidência e óbitos Fonte: SinanOn-line (banco de dados atualizado em 24/02/2025). Dados ,,
Informe Semanal nº 02 - COE Dengue e outras Arboviroses - SE 1 a 8 - 24 de fevereiro.pdf,7,gravidade,obitos,narrativa,"Dengue (Incidência) 197,7 160 -68,2% CASOS/100 MIL HAB. ÓBITOS Em relação ao número 401.408 Casos prováveis Óbitos em 377 de casos i",,
Informe Semanal nº 02 - COE Dengue e outras Arboviroses - SE 1 a 8 - 24 de fevereiro.pdf,7,gravidade,obitos,narrativa,ASOS/100 MIL HAB. ÓBITOS Em relação ao número 401.408 Casos prováveis Óbitos em 377 de casos investigação no mesmo Casos graves e com 4.014 períod,,
Informe Semanal nº 02 - COE Dengue e outras Arboviroses - SE 1 a 8 - 24 de fevereiro.pdf,7,gravidade,graves,narrativa,"08 Casos prováveis Óbitos em 377 de casos investigação no mesmo Casos graves e com 4.014 período de sinais de alarme 4,0% Letalidade1 2024",,
Informe Semanal nº 02 - COE Dengue e outras Arboviroses - SE 1 a 8 - 24 de fevereiro.pdf,7,gravidade,alarme,narrativa,"s investigação no mesmo Casos graves e com 4.014 período de sinais de alarme 4,0% Letalidade1 2024",,
Informe Semanal nº 02 - COE Dengue e outras Arboviroses - SE 1 a 8 - 24 de fevereiro.pdf,7,gravidade,letalidade,narrativa,"ão no mesmo Casos graves e com 4.014 período de sinais de alarme 4,0% Letalidade1 2024",,
Informe Semanal nº 03 - COE Dengue e outras Arboviroses - SE 1 a 9 - 08 de março.pdf,2,gravidade,graves,narrativa,"Grosso apresentam as maiores incidências. Os maiores números de casos graves concentram-se nas regiões Sudeste, Centro-Oeste e Sul. Os óbitos conc",,
Informe Semanal nº 03 - COE Dengue e outras Arboviroses - SE 1 a 9 - 08 de março.pdf,2,gravidade,obitos,narrativa,"asos graves concentram-se nas regiões Sudeste, Centro-Oeste e Sul. Os óbitos concentram-se na região Sudeste. Foram confirmados 203 óbitos no perí",,
Informe Semanal nº 03 - COE Dengue e outras Arboviroses - SE 1 a 9 - 08 de março.pdf,2,gravidade,obitos,narrativa,"Sul. Os óbitos concentram-se na região Sudeste. Foram confirmados 203 óbitos no período, e 458 estão em investigação. Foi identificada a circulaçã",,
Informe Semanal nº 03 - COE Dengue e outras Arboviroses - SE 1 a 9 - 08 de março.pdf,3,gravidade,obitos,narrativa,Diagrama de controle Coeficiente de Incidência e óbitos Fonte: SinanOn-line (banco de dados atualizado em 05/03/2025). Dados ,,
Informe Semanal nº 03 - COE Dengue e outras Arboviroses - SE 1 a 9 - 08 de março.pdf,7,gravidade,obitos,narrativa,"Dengue (Incidência) 236,7 203 -70% CASOS/100 MIL HAB. ÓBITOS Em relação ao número 480.715 Casos prováveis Óbitos em 458 de casos i",,
Informe Semanal nº 03 - COE Dengue e outras Arboviroses - SE 1 a 9 - 08 de março.pdf,7,gravidade,obitos,narrativa,ASOS/100 MIL HAB. ÓBITOS Em relação ao número 480.715 Casos prováveis Óbitos em 458 de casos investigação no mesmo Casos graves e com 5.917 períod,,
Informe Semanal nº 03 - COE Dengue e outras Arboviroses - SE 1 a 9 - 08 de março.pdf,7,gravidade,graves,narrativa,"15 Casos prováveis Óbitos em 458 de casos investigação no mesmo Casos graves e com 5.917 período de sinais de alarme 3,4% Letalidade1 2024",,
Informe Semanal nº 03 - COE Dengue e outras Arboviroses - SE 1 a 9 - 08 de março.pdf,7,gravidade,alarme,narrativa,"s investigação no mesmo Casos graves e com 5.917 período de sinais de alarme 3,4% Letalidade1 2024",,
Informe Semanal nº 03 - COE Dengue e outras Arboviroses - SE 1 a 9 - 08 de março.pdf,7,gravidade,letalidade,narrativa,"ão no mesmo Casos graves e com 5.917 período de sinais de alarme 3,4% Letalidade1 2024",,
Informe Semanal nº 04 - COE Dengue e outras Arboviroses - SE 1 a 10.pdf,2,gravidade,graves,narrativa,"Grosso apresentam as maiores incidências. Os maiores números de casos graves concentram-se nas regiões Sudeste, Centro-Oeste e Sul. Os óbitos conc",,
Informe Semanal nº 04 - COE Dengue e outras Arboviroses - SE 1 a 10.pdf,2,gravidade,obitos,narrativa,"asos graves concentram-se nas regiões Sudeste, Centro-Oeste e Sul. Os óbitos concentram-se na região Sudeste. Foram confirmados 243 óbitos no perí",,
Informe Semanal nº 04 - COE Dengue e outras Arboviroses - SE 1 a 10.pdf,2,gravidade,obitos,narrativa,"Sul. Os óbitos concentram-se na região Sudeste. Foram confirmados 243 óbitos no período, e 520 estão em investigação. Foi identificada a circulaçã",,
Informe Semanal nº 04 - COE Dengue e outras Arboviroses - SE 1 a 10.pdf,3,gravidade,obitos,narrativa,Diagrama de controle Coeficiente de Incidência e óbitos Fonte: SinanOn-line (banco de dados atualizado em 10/03/2025). Dados ,,
Informe Semanal nº 04 - COE Dengue e outras Arboviroses - SE 1 a 10.pdf,7,gravidade,obitos,narrativa,"Dengue (Incidência) 262,9 243 -72,9% CASOS/100 MIL HAB. ÓBITOS Em relação ao número 533.829 Casos prováveis Óbitos em 520 de casos i",,
Informe Semanal nº 04 - COE Dengue e outras Arboviroses - SE 1 a 10.pdf,7,gravidade,obitos,narrativa,ASOS/100 MIL HAB. ÓBITOS Em relação ao número 533.829 Casos prováveis Óbitos em 520 de casos investigação no mesmo Casos graves e com 5.917 períod,,
Informe Semanal nº 04 - COE Dengue e outras Arboviroses - SE 1 a 10.pdf,7,gravidade,graves,narrativa,"29 Casos prováveis Óbitos em 520 de casos investigação no mesmo Casos graves e com 5.917 período de sinais de alarme 3,6% Letalidade1 2024",,
Informe Semanal nº 04 - COE Dengue e outras Arboviroses - SE 1 a 10.pdf,7,gravidade,alarme,narrativa,"s investigação no mesmo Casos graves e com 5.917 período de sinais de alarme 3,6% Letalidade1 2024",,
Informe Semanal nº 04 - COE Dengue e outras Arboviroses - SE 1 a 10.pdf,7,gravidade,letalidade,narrativa,"ão no mesmo Casos graves e com 5.917 período de sinais de alarme 3,6% Letalidade1 2024",,
Informe Semanal nº 05 - COE Dengue e outras Arboviroses - SE 1 a 11.pdf,2,gravidade,graves,narrativa,"Grosso apresentam as maiores incidências. Os maiores números de casos graves concentram-se nas regiões Sudeste, Centro-Oeste e Sul. Os óbitos conc",,
Informe Semanal nº 05 - COE Dengue e outras Arboviroses - SE 1 a 11.pdf,2,gravidade,obitos,narrativa,"asos graves concentram-se nas regiões Sudeste, Centro-Oeste e Sul. Os óbitos concentram-se na região Sudeste. Foram confirmados 304 óbitos no perí",,
Informe Semanal nº 05 - COE Dengue e outras Arboviroses - SE 1 a 11.pdf,2,gravidade,obitos,narrativa,"Sul. Os óbitos concentram-se na região Sudeste. Foram confirmados 304 óbitos no período, e 632 estão em investigação. Foi identificada a circulaçã",,
Informe Semanal nº 05 - COE Dengue e outras Arboviroses - SE 1 a 11.pdf,3,gravidade,obitos,narrativa,Diagrama de controle Coeficiente de Incidência e óbitos Fonte: Sinan On-line (banco de dados atualizado em 17/03/2025). Dados,,
Informe Semanal nº 05 - COE Dengue e outras Arboviroses - SE 1 a 11.pdf,7,gravidade,obitos,narrativa,"Dengue (Incidência) 305,7 304 -73,8% CASOS/100 MIL HAB. ÓBITOS Em relação ao número 620.702 Casos prováveis Óbitos em 632 de casos i",,
Informe Semanal nº 05 - COE Dengue e outras Arboviroses - SE 1 a 11.pdf,7,gravidade,obitos,narrativa,ASOS/100 MIL HAB. ÓBITOS Em relação ao número 620.702 Casos prováveis Óbitos em 632 de casos investigação no mesmo Casos graves e com 8.188 períod,,
Informe Semanal nº 05 - COE Dengue e outras Arboviroses - SE 1 a 11.pdf,7,gravidade,graves,narrativa,"02 Casos prováveis Óbitos em 632 de casos investigação no mesmo Casos graves e com 8.188 período de sinais de alarme 3,7% Letalidade1 2024",,
Informe Semanal nº 05 - COE Dengue e outras Arboviroses - SE 1 a 11.pdf,7,gravidade,alarme,narrativa,"s investigação no mesmo Casos graves e com 8.188 período de sinais de alarme 3,7% Letalidade1 2024",,
Informe Semanal nº 05 - COE Dengue e outras Arboviroses - SE 1 a 11.pdf,7,gravidade,letalidade,narrativa,"ão no mesmo Casos graves e com 8.188 período de sinais de alarme 3,7% Letalidade1 2024",,
Informe Semanal nº 06 - COE Dengue e outras Arboviroses - SE 1 a 12.pdf,2,gravidade,graves,narrativa,"Grosso apresentam as maiores incidências. Os maiores números de casos graves concentram-se nas regiões Sudeste, Centro-Oeste e Sul. Os óbitos conc",,
Informe Semanal nº 06 - COE Dengue e outras Arboviroses - SE 1 a 12.pdf,2,gravidade,obitos,narrativa,"asos graves concentram-se nas regiões Sudeste, Centro-Oeste e Sul. Os óbitos concentram-se na região Sudeste. Foram confirmados 377 óbitos no perí",,
Informe Semanal nº 06 - COE Dengue e outras Arboviroses - SE 1 a 12.pdf,2,gravidade,obitos,narrativa,"Sul. Os óbitos concentram-se na região Sudeste. Foram confirmados 377 óbitos no período, e 684 estão em investigação. Foi identificada a circulaçã",,
Informe Semanal nº 06 - COE Dengue e outras Arboviroses - SE 1 a 12.pdf,3,gravidade,obitos,narrativa,Diagrama de controle Coeficiente de Incidência e óbitos Fonte: Sinan On-line (banco de dados atualizado em 24/03/2025). Dados,,
Informe Semanal nº 06 - COE Dengue e outras Arboviroses - SE 1 a 12.pdf,7,gravidade,obitos,narrativa,"Dengue (Incidência) 349,5 377 -56,5% CASOS/100 MIL HAB. ÓBITOS Em relação ao número 709.634 Casos prováveis Óbitos em 684 de casos i",,
Informe Semanal nº 06 - COE Dengue e outras Arboviroses - SE 1 a 12.pdf,7,gravidade,obitos,narrativa,ASOS/100 MIL HAB. ÓBITOS Em relação ao número 709.634 Casos prováveis Óbitos em 684 de casos investigação no mesmo Casos graves e com 10.210 perío,,
Informe Semanal nº 06 - COE Dengue e outras Arboviroses - SE 1 a 12.pdf,7,gravidade,graves,narrativa,"34 Casos prováveis Óbitos em 684 de casos investigação no mesmo Casos graves e com 10.210 período de sinais de alarme 3,7% Letalidade1 2024",,
Informe Semanal nº 06 - COE Dengue e outras Arboviroses - SE 1 a 12.pdf,7,gravidade,alarme,narrativa," investigação no mesmo Casos graves e com 10.210 período de sinais de alarme 3,7% Letalidade1 2024",,
Informe Semanal nº 06 - COE Dengue e outras Arboviroses - SE 1 a 12.pdf,7,gravidade,letalidade,narrativa,"o no mesmo Casos graves e com 10.210 período de sinais de alarme 3,7% Letalidade1 2024",,
Informe Semanal nº 07 - COE Dengue e outras Arboviroses - SE 1 a 13.pdf,2,gravidade,graves,narrativa,"Grosso apresentam as maiores incidências. Os maiores números de casos graves concentram-se nas regiões Sudeste, Centro-Oeste e Sul. Os óbitos conc",,
Informe Semanal nº 07 - COE Dengue e outras Arboviroses - SE 1 a 13.pdf,2,gravidade,obitos,narrativa,"asos graves concentram-se nas regiões Sudeste, Centro-Oeste e Sul. Os óbitos concentram-se na região Sudeste. Foram confirmados 451 óbitos no perí",,
Informe Semanal nº 07 - COE Dengue e outras Arboviroses - SE 1 a 13.pdf,2,gravidade,obitos,narrativa,"Sul. Os óbitos concentram-se na região Sudeste. Foram confirmados 451 óbitos no período, e 704 estão em investigação. Foi identificada a circulaçã",,
Informe Semanal nº 07 - COE Dengue e outras Arboviroses - SE 1 a 13.pdf,3,gravidade,obitos,narrativa,Diagrama de controle Coeficiente de Incidência e óbitos Fonte: SinanOn-line (banco de dados atualizado em 31/03/2025). Dados ,,
Informe Semanal nº 07 - COE Dengue e outras Arboviroses - SE 1 a 13.pdf,7,gravidade,obitos,narrativa,"Dengue (Incidência) 397,8 451 -74,6% CASOS/100 MIL HAB. ÓBITOS Em relação ao número 807.778 Casos prováveis Óbitos em 704 de casos i",,
Informe Semanal nº 07 - COE Dengue e outras Arboviroses - SE 1 a 13.pdf,7,gravidade,obitos,narrativa,ASOS/100 MIL HAB. ÓBITOS Em relação ao número 807.778 Casos prováveis Óbitos em 704 de casos investigação no mesmo Casos graves e com 12.276 perío,,
Informe Semanal nº 07 - COE Dengue e outras Arboviroses - SE 1 a 13.pdf,7,gravidade,graves,narrativa,"78 Casos prováveis Óbitos em 704 de casos investigação no mesmo Casos graves e com 12.276 período de sinais de alarme 3,7% Letalidade1 2024",,
Informe Semanal nº 07 - COE Dengue e outras Arboviroses - SE 1 a 13.pdf,7,gravidade,alarme,narrativa," investigação no mesmo Casos graves e com 12.276 período de sinais de alarme 3,7% Letalidade1 2024",,
Informe Semanal nº 07 - COE Dengue e outras Arboviroses - SE 1 a 13.pdf,7,gravidade,letalidade,narrativa,"o no mesmo Casos graves e com 12.276 período de sinais de alarme 3,7% Letalidade1 2024",,
Informe Semanal nº 08 - COE Dengue e outras Arboviroses - SE 1 a 13.pdf,2,gravidade,graves,narrativa,"Grosso apresentam as maiores incidências. Os maiores números de casos graves concentram-se nas regiões Sudeste, Centro-Oeste e Sul. Os óbitos conc",,
Informe Semanal nº 08 - COE Dengue e outras Arboviroses - SE 1 a 13.pdf,2,gravidade,obitos,narrativa,"asos graves concentram-se nas regiões Sudeste, Centro-Oeste e Sul. Os óbitos concentram-se na região Sudeste. Foram confirmados 536 óbitos no perí",,
Informe Semanal nº 08 - COE Dengue e outras Arboviroses - SE 1 a 13.pdf,2,gravidade,obitos,narrativa,"Sul. Os óbitos concentram-se na região Sudeste. Foram confirmados 536 óbitos no período, e 727 estão em investigação. Foi identificada a circulaçã",,
Informe Semanal nº 08 - COE Dengue e outras Arboviroses - SE 1 a 13.pdf,3,gravidade,obitos,narrativa,Diagrama de controle Coeficiente de Incidência e óbitos Fonte: Sinan On-line (banco de dados atualizado em 07/04/2025). Dados,,
Informe Semanal nº 08 - COE Dengue e outras Arboviroses - SE 1 a 13.pdf,7,gravidade,obitos,narrativa,"Dengue (Incidência) 441,6 563 -75,1% CASOS/100 MIL HAB. ÓBITOS Em relação ao número 896.680 Casos prováveis Óbitos em 727 de casos i",,
Informe Semanal nº 08 - COE Dengue e outras Arboviroses - SE 1 a 13.pdf,7,gravidade,obitos,narrativa,ASOS/100 MIL HAB. ÓBITOS Em relação ao número 896.680 Casos prováveis Óbitos em 727 de casos investigação no mesmo Casos graves e com 14.104 perío,,
Informe Semanal nº 08 - COE Dengue e outras Arboviroses - SE 1 a 13.pdf,7,gravidade,graves,narrativa,"80 Casos prováveis Óbitos em 727 de casos investigação no mesmo Casos graves e com 14.104 período de sinais de alarme 3,8% Letalidade1 2024",,
Informe Semanal nº 08 - COE Dengue e outras Arboviroses - SE 1 a 13.pdf,7,gravidade,alarme,narrativa," investigação no mesmo Casos graves e com 14.104 período de sinais de alarme 3,8% Letalidade1 2024",,
Informe Semanal nº 08 - COE Dengue e outras Arboviroses - SE 1 a 13.pdf,7,gravidade,letalidade,narrativa,"o no mesmo Casos graves e com 14.104 período de sinais de alarme 3,8% Letalidade1 2024",,
Informe Semanal nº 09 - COE Dengue e outras Arboviroses - SE 1 a 15.pdf,2,gravidade,graves,narrativa,"Paraná apresentam as maiores incidências. Os maiores números de casos graves concentram-se nas regiões Sudeste, Centro-Oeste e Sul. A maior parte ",,
Informe Semanal nº 09 - COE Dengue e outras Arboviroses - SE 1 a 15.pdf,2,gravidade,obitos,narrativa,"centram-se nas regiões Sudeste, Centro-Oeste e Sul. A maior parte dos óbitos está na região Sudeste. Foram confirmados 622 óbitos no período, e 74",,
Informe Semanal nº 09 - COE Dengue e outras Arboviroses - SE 1 a 15.pdf,2,gravidade,obitos,narrativa," maior parte dos óbitos está na região Sudeste. Foram confirmados 622 óbitos no período, e 741 estão em investigação. Foi identificada a circulaçã",,
Informe Semanal nº 09 - COE Dengue e outras Arboviroses - SE 1 a 15.pdf,3,gravidade,obitos,narrativa,Diagrama de controle Coeficiente de Incidência e óbitos Fonte: SinanOn-line (banco de dados atualizado em 14/04/2025). Dados ,,
Informe Semanal nº 09 - COE Dengue e outras Arboviroses - SE 1 a 15.pdf,7,gravidade,obitos,narrativa,"Dengue (Incidência) 484,2 622 -75,5% CASOS/100 MIL HAB. ÓBITOS Em relação ao número 983.138 Casos prováveis Óbitos em 741 de casos i",,
Informe Semanal nº 09 - COE Dengue e outras Arboviroses - SE 1 a 15.pdf,7,gravidade,obitos,narrativa,ASOS/100 MIL HAB. ÓBITOS Em relação ao número 983.138 Casos prováveis Óbitos em 741 de casos investigação no mesmo Casos graves e com 15.956 perío,,
Informe Semanal nº 09 - COE Dengue e outras Arboviroses - SE 1 a 15.pdf,7,gravidade,graves,narrativa,"38 Casos prováveis Óbitos em 741 de casos investigação no mesmo Casos graves e com 15.956 período de sinais de alarme 3,9% Letalidade1 2024",,
Informe Semanal nº 09 - COE Dengue e outras Arboviroses - SE 1 a 15.pdf,7,gravidade,alarme,narrativa," investigação no mesmo Casos graves e com 15.956 período de sinais de alarme 3,9% Letalidade1 2024",,
Informe Semanal nº 09 - COE Dengue e outras Arboviroses - SE 1 a 15.pdf,7,gravidade,letalidade,narrativa,"o no mesmo Casos graves e com 15.956 período de sinais de alarme 3,9% Letalidade1 2024",,
Informe Semanal nº 10 - COE Dengue e outras Arboviroses - SE 1 a 16.pdf,2,gravidade,graves,narrativa,"Grosso apresentam as maiores incidências. Os maiores números de casos graves concentram-se nas regiões Sudeste, Centro-Oeste e Sul. Foram confirma",,
Informe Semanal nº 10 - COE Dengue e outras Arboviroses - SE 1 a 16.pdf,2,gravidade,obitos,narrativa,"ram-se nas regiões Sudeste, Centro-Oeste e Sul. Foram confirmados 703 óbitos no período, e 714 estão em investigação, sendo a maior parte na regiã",,
Informe Semanal nº 10 - COE Dengue e outras Arboviroses - SE 1 a 16.pdf,3,gravidade,obitos,narrativa,Diagrama de controle2 Coeficiente de Incidência e óbitos Fonte: SinanOn-line (banco de dados atualizado em 22/04/2025). Dados ,,
Informe Semanal nº 10 - COE Dengue e outras Arboviroses - SE 1 a 16.pdf,7,gravidade,obitos,narrativa,"Dengue (Incidência) 517,7 703 -76,1% CASOS/100 MIL HAB. ÓBITOS Em relação ao número 1.051.311Casos prováveis Óbitos em 714 de casos ",,
Informe Semanal nº 10 - COE Dengue e outras Arboviroses - SE 1 a 16.pdf,7,gravidade,obitos,narrativa,SOS/100 MIL HAB. ÓBITOS Em relação ao número 1.051.311Casos prováveis Óbitos em 714 de casos investigação no mesmo Casos graves e com 17.622 perío,,
Informe Semanal nº 10 - COE Dengue e outras Arboviroses - SE 1 a 16.pdf,7,gravidade,graves,narrativa,"311Casos prováveis Óbitos em 714 de casos investigação no mesmo Casos graves e com 17.622 período de sinais de alarme 4,0% Letalidade1 2024",,
Informe Semanal nº 10 - COE Dengue e outras Arboviroses - SE 1 a 16.pdf,7,gravidade,alarme,narrativa," investigação no mesmo Casos graves e com 17.622 período de sinais de alarme 4,0% Letalidade1 2024",,
Informe Semanal nº 10 - COE Dengue e outras Arboviroses - SE 1 a 16.pdf,7,gravidade,letalidade,narrativa,"o no mesmo Casos graves e com 17.622 período de sinais de alarme 4,0% Letalidade1 2024",,
Informe Semanal nº 11 - COE Dengue e outras Arboviroses - SE 1 a 17 - 13 de maio.pdf,2,gravidade,graves,narrativa,"Grosso apresentam as maiores incidências. Os maiores números de casos graves concentram-se nas regiões Sudeste, Centro-Oeste e Sul. A maior parte ",,
Informe Semanal nº 11 - COE Dengue e outras Arboviroses - SE 1 a 17 - 13 de maio.pdf,2,gravidade,obitos,narrativa,"centram-se nas regiões Sudeste, Centro-Oeste e Sul. A maior parte dos óbitos está na região Sudeste. Foram confirmados 772 óbitos no período, e 77",,
Informe Semanal nº 11 - COE Dengue e outras Arboviroses - SE 1 a 17 - 13 de maio.pdf,2,gravidade,obitos,narrativa," maior parte dos óbitos está na região Sudeste. Foram confirmados 772 óbitos no período, e 775 estão em investigação. Foi identificada a circulaçã",,
Informe Semanal nº 11 - COE Dengue e outras Arboviroses - SE 1 a 17 - 13 de maio.pdf,3,gravidade,obitos,narrativa,Diagrama de controle Coeficiente de Incidência e óbitos Fonte: Sinan On-line (banco de dados atualizado em 28/04/2025). Dados,,
Informe Semanal nº 11 - COE Dengue e outras Arboviroses - SE 1 a 17 - 13 de maio.pdf,7,gravidade,obitos,narrativa,"Dengue (Incidência) 556,6 772 -76,1% CASOS/100 MIL HAB. ÓBITOS Em relação ao número 1.130.286Casos prováveis Óbitos em 775 de casos ",,
Informe Semanal nº 11 - COE Dengue e outras Arboviroses - SE 1 a 17 - 13 de maio.pdf,7,gravidade,obitos,narrativa,SOS/100 MIL HAB. ÓBITOS Em relação ao número 1.130.286Casos prováveis Óbitos em 775 de casos investigação no mesmo Casos graves e com 19.204 perío,,
Informe Semanal nº 11 - COE Dengue e outras Arboviroses - SE 1 a 17 - 13 de maio.pdf,7,gravidade,graves,narrativa,"286Casos prováveis Óbitos em 775 de casos investigação no mesmo Casos graves e com 19.204 período de sinais de alarme 4,0% Letalidade1 2024",,
Informe Semanal nº 11 - COE Dengue e outras Arboviroses - SE 1 a 17 - 13 de maio.pdf,7,gravidade,alarme,narrativa," investigação no mesmo Casos graves e com 19.204 período de sinais de alarme 4,0% Letalidade1 2024",,
Informe Semanal nº 11 - COE Dengue e outras Arboviroses - SE 1 a 17 - 13 de maio.pdf,7,gravidade,letalidade,narrativa,"o no mesmo Casos graves e com 19.204 período de sinais de alarme 4,0% Letalidade1 2024",,
Informe Semanal nº 12 - COE Dengue e outras Arboviroses - SE 1 a 18 - 15 de maio.pdf,2,gravidade,graves,narrativa,"Grosso apresentam as maiores incidências. Os maiores números de casos graves concentram-se nas regiões Sudeste, Sul e Centro-Oeste. A maior parte ",,
Informe Semanal nº 12 - COE Dengue e outras Arboviroses - SE 1 a 18 - 15 de maio.pdf,2,gravidade,obitos,narrativa,"centram-se nas regiões Sudeste, Sul e Centro-Oeste. A maior parte dos óbitos está na região Sudeste. Foram confirmados 805 óbitos no período, e 80",,
Informe Semanal nº 12 - COE Dengue e outras Arboviroses - SE 1 a 18 - 15 de maio.pdf,2,gravidade,obitos,narrativa," maior parte dos óbitos está na região Sudeste. Foram confirmados 805 óbitos no período, e 807 estão em investigação. Foi identificada a circulaçã",,
Informe Semanal nº 12 - COE Dengue e outras Arboviroses - SE 1 a 18 - 15 de maio.pdf,3,gravidade,obitos,narrativa,Diagrama de controle Coeficiente de Incidência e óbitos Fonte: SinanOn-line (banco de dados atualizado em 05/05/2025). Dados ,,
Informe Semanal nº 12 - COE Dengue e outras Arboviroses - SE 1 a 18 - 15 de maio.pdf,7,gravidade,obitos,narrativa,"Dengue (Incidência) 589,0 805 -76,4% CASOS/100 MIL HAB. ÓBITOS Em relação ao número 1.196.005Casos prováveis Óbitos em 807 de casos ",,
Informe Semanal nº 12 - COE Dengue e outras Arboviroses - SE 1 a 18 - 15 de maio.pdf,7,gravidade,obitos,narrativa,SOS/100 MIL HAB. ÓBITOS Em relação ao número 1.196.005Casos prováveis Óbitos em 807 de casos investigação no mesmo Casos graves e com 20.389 perío,,
Informe Semanal nº 12 - COE Dengue e outras Arboviroses - SE 1 a 18 - 15 de maio.pdf,7,gravidade,graves,narrativa,"005Casos prováveis Óbitos em 807 de casos investigação no mesmo Casos graves e com 20.389 período de sinais de alarme 6,2% Letalidade1 2024",,
Informe Semanal nº 12 - COE Dengue e outras Arboviroses - SE 1 a 18 - 15 de maio.pdf,7,gravidade,alarme,narrativa," investigação no mesmo Casos graves e com 20.389 período de sinais de alarme 6,2% Letalidade1 2024",,
Informe Semanal nº 12 - COE Dengue e outras Arboviroses - SE 1 a 18 - 15 de maio.pdf,7,gravidade,letalidade,narrativa,"o no mesmo Casos graves e com 20.389 período de sinais de alarme 6,2% Letalidade1 2024",,
Informe Semanal nº 14.pdf,2,gravidade,graves,narrativa,"Paulo, Acre, Paraná, Goiás e Mato Grosso. Os maiores números de casos graves concentram-se nas regiões Sudeste, Sul e Centro-Oeste. A maior parte ",,
Informe Semanal nº 14.pdf,2,gravidade,obitos,narrativa,"centram-se nas regiões Sudeste, Sul e Centro-Oeste. A maior parte dos óbitos está na região Sudeste. Foram confirmados 940 óbitos no período, e 83",,
Informe Semanal nº 14.pdf,2,gravidade,obitos,narrativa," maior parte dos óbitos está na região Sudeste. Foram confirmados 940 óbitos no período, e 837 estão em investigação. Foi identificada a circulaçã",,
Informe Semanal nº 14.pdf,3,gravidade,obitos,narrativa,Diagrama de controle Coeficiente de Incidência e óbitos Fonte: SinanOn-line (banco de dados atualizado em 19/05/2025). Dados ,,
Informe Semanal nº 14.pdf,7,gravidade,obitos,narrativa,"Dengue (Incidência) 661,2 940 -76,3% CASOS/100 MIL HAB. ÓBITOS Em relação ao número 1.342.741 Casos prováveis Óbitos em 837 de casos",,
Informe Semanal nº 14.pdf,7,gravidade,obitos,narrativa,OS/100 MIL HAB. ÓBITOS Em relação ao número 1.342.741 Casos prováveis Óbitos em 837 de casos investigação no mesmo Casos graves e com 23.042 perío,,
Informe Semanal nº 14.pdf,7,gravidade,graves,narrativa,"41 Casos prováveis Óbitos em 837 de casos investigação no mesmo Casos graves e com 23.042 período de sinais de alarme 4,0% Letalidade1 2024",,
Informe Semanal nº 14.pdf,7,gravidade,alarme,narrativa," investigação no mesmo Casos graves e com 23.042 período de sinais de alarme 4,0% Letalidade1 2024",,
Informe Semanal nº 14.pdf,7,gravidade,letalidade,narrativa,"o no mesmo Casos graves e com 23.042 período de sinais de alarme 4,0% Letalidade1 2024",,
Informe Semanal nº 15.pdf,2,gravidade,graves,narrativa,"Paulo, Acre, Paraná, Goiás e Mato Grosso. Os maiores números de casos graves concentram-se nas regiões Sudeste, Sul e Centro-Oeste. A maior parte ",,
Informe Semanal nº 15.pdf,2,gravidade,obitos,narrativa,"centram-se nas regiões Sudeste, Sul e Centro-Oeste. A maior parte dos óbitos está na região Sudeste. Foram confirmados 1.013 óbitos no período, e ",,
Informe Semanal nº 15.pdf,2,gravidade,obitos,narrativa,"aior parte dos óbitos está na região Sudeste. Foram confirmados 1.013 óbitos no período, e 830 estão em investigação. Foi identificada a circulaçã",,
Informe Semanal nº 15.pdf,3,gravidade,obitos,narrativa,Diagrama de controle Coeficiente de Incidência e óbitos Fonte: SinanOn-line (banco de dados atualizado em 26/05/2025). Dados ,,
Informe Semanal nº 15.pdf,7,gravidade,obitos,narrativa,"Dengue (Incidência) 1.013 691,2 -76,1% CASOS/100 MIL HAB. ÓBITOS Em relação ao número 1.403.561 Casos prováveis Óbitos em 830 de casos",,
Informe Semanal nº 15.pdf,7,gravidade,obitos,narrativa,OS/100 MIL HAB. ÓBITOS Em relação ao número 1.403.561 Casos prováveis Óbitos em 830 de casos investigação no mesmo Casos graves e com 25.131 perío,,
Informe Semanal nº 15.pdf,7,gravidade,graves,narrativa,"61 Casos prováveis Óbitos em 830 de casos investigação no mesmo Casos graves e com 25.131 período de sinais de alarme 4,0% Letalidade1 2024",,
Informe Semanal nº 15.pdf,7,gravidade,alarme,narrativa," investigação no mesmo Casos graves e com 25.131 período de sinais de alarme 4,0% Letalidade1 2024",,
Informe Semanal nº 15.pdf,7,gravidade,letalidade,narrativa,"o no mesmo Casos graves e com 25.131 período de sinais de alarme 4,0% Letalidade1 2024",,
Informe Semanal nº 16.pdf,2,gravidade,graves,narrativa,"Paulo, Goiás, Acre, Paraná e Mato Grosso. Os maiores números de casos graves concentram-se nas regiões Sudeste, Sul e Centro-Oeste. A maior parte ",,
Informe Semanal nº 16.pdf,2,gravidade,obitos,narrativa,"centram-se nas regiões Sudeste, Sul e Centro-Oeste. A maior parte dos óbitos está na região Sudeste. Foram confirmados 1.091 óbitos no período, e ",,
Informe Semanal nº 16.pdf,2,gravidade,obitos,narrativa,"aior parte dos óbitos está na região Sudeste. Foram confirmados 1.091 óbitos no período, e 813 estão em investigação. Foi identificada a circulaçã",,
Informe Semanal nº 16.pdf,3,gravidade,obitos,narrativa,Diagrama de controle Coeficiente de Incidência e óbitos Fonte: Sinan On-line (banco de dados atualizado em 02/06/2025). Dados,,
Informe Semanal nº 16.pdf,7,gravidade,obitos,narrativa,"Dengue (Incidência) 1.091 713,1 -75,9% CASOS/100 MIL HAB. ÓBITOS Em relação ao número 1.447.993 Casos prováveis Óbitos em 813 de casos",,
Informe Semanal nº 16.pdf,7,gravidade,obitos,narrativa,OS/100 MIL HAB. ÓBITOS Em relação ao número 1.447.993 Casos prováveis Óbitos em 813 de casos investigação no mesmo Casos graves e com 26.306 perío,,
Informe Semanal nº 16.pdf,7,gravidade,graves,narrativa,"93 Casos prováveis Óbitos em 813 de casos investigação no mesmo Casos graves e com 26.306 período de sinais de alarme 4,1% Letalidade1 2024",,
Informe Semanal nº 16.pdf,7,gravidade,alarme,narrativa," investigação no mesmo Casos graves e com 26.306 período de sinais de alarme 4,1% Letalidade1 2024",,
Informe Semanal nº 16.pdf,7,gravidade,letalidade,narrativa,"o no mesmo Casos graves e com 26.306 período de sinais de alarme 4,1% Letalidade1 2024",,
Informe Semanal nº 17 (1).pdf,2,gravidade,graves,narrativa,"aulo, Goiás, Acre, Paraná, e Mato Grosso. Os maiores números de casos graves concentram-se nas regiões Sudeste, Sul e Centro-Oeste. A maior parte ",,
Informe Semanal nº 17 (1).pdf,2,gravidade,obitos,narrativa,"centram-se nas regiões Sudeste, Sul e Centro-Oeste. A maior parte dos óbitos está na região Sudeste. Foram confirmados 1.165 óbitos no período, e ",,
Informe Semanal nº 17 (1).pdf,2,gravidade,obitos,narrativa,"aior parte dos óbitos está na região Sudeste. Foram confirmados 1.165 óbitos no período, e 752 estão em investigação. Foi identificada a circulaçã",,
Informe Semanal nº 17 (1).pdf,3,gravidade,obitos,narrativa,Diagrama de controle Coeficiente de Incidência e óbitos Fonte: Sinan On-line (banco de dados atualizado em 09/06/2025). Dados,,
Informe Semanal nº 17 (1).pdf,7,gravidade,obitos,narrativa,"Dengue (Incidência) 1.165 728,2 -75,7% CASOS/100 MIL HAB. ÓBITOS Em relação ao número 1.478.752 Casos prováveis Óbitos em 752 de casos",,
Informe Semanal nº 17 (1).pdf,7,gravidade,obitos,narrativa,OS/100 MIL HAB. ÓBITOS Em relação ao número 1.478.752 Casos prováveis Óbitos em 752 de casos investigação no mesmo Casos graves e com 27.218 perío,,
Informe Semanal nº 17 (1).pdf,7,gravidade,graves,narrativa,"52 Casos prováveis Óbitos em 752 de casos investigação no mesmo Casos graves e com 27.218 período de sinais de alarme 4,3% Letalidade1 2024",,
Informe Semanal nº 17 (1).pdf,7,gravidade,alarme,narrativa," investigação no mesmo Casos graves e com 27.218 período de sinais de alarme 4,3% Letalidade1 2024",,
Informe Semanal nº 17 (1).pdf,7,gravidade,letalidade,narrativa,"o no mesmo Casos graves e com 27.218 período de sinais de alarme 4,3% Letalidade1 2024",,
Informe semanal nº 13.pdf,2,gravidade,graves,narrativa,"Paulo, Acre, Paraná, Goiás e Mato Grosso. Os maiores números de casos graves concentram-se nas regiões Sudeste, Sul e Centro-Oeste. A maior parte ",,
Informe semanal nº 13.pdf,2,gravidade,obitos,narrativa,"centram-se nas regiões Sudeste, Sul e Centro-Oeste. A maior parte dos óbitos está na região Sudeste. Foram confirmados 865 óbitos no período, e 83",,
Informe semanal nº 13.pdf,2,gravidade,obitos,narrativa," maior parte dos óbitos está na região Sudeste. Foram confirmados 865 óbitos no período, e 830 estão em investigação. Foi identificada a circulaçã",,
Informe semanal nº 13.pdf,3,gravidade,obitos,narrativa,Diagrama de controle Coeficiente de Incidência e óbitos Fonte: SinanOn-line (banco de dados atualizado em 12/05/2025). Dados ,,
Informe semanal nº 13.pdf,7,gravidade,obitos,narrativa,"Dengue (Incidência) 628,9 865 -76,3% CASOS/100 MIL HAB. ÓBITOS Em relação ao número 1.277.148 Casos prováveis Óbitos em 830 de casos",,
Informe semanal nº 13.pdf,7,gravidade,obitos,narrativa,OS/100 MIL HAB. ÓBITOS Em relação ao número 1.277.148 Casos prováveis Óbitos em 830 de casos investigação no mesmo Casos graves e com 22.062 perío,,
Informe semanal nº 13.pdf,7,gravidade,graves,narrativa,"48 Casos prováveis Óbitos em 830 de casos investigação no mesmo Casos graves e com 22.062 período de sinais de alarme 3,9% Letalidade1 2024",,
Informe semanal nº 13.pdf,7,gravidade,alarme,narrativa," investigação no mesmo Casos graves e com 22.062 período de sinais de alarme 3,9% Letalidade1 2024",,
Informe semanal nº 13.pdf,7,gravidade,letalidade,narrativa,"o no mesmo Casos graves e com 22.062 período de sinais de alarme 3,9% Letalidade1 2024",,
Informe Semanal nº 01 - COE Dengue e outras Arboviroses - SE 1 a 4  - 27 de janeiro.pdf,2,vigilancia,notificados,narrativa,"Dengue Nas SE 01 a 04 de 2025, foram notificados 139.241 casos prováveis de dengue, correspondendo a um coeficiente de",,
Informe Semanal nº 01 - COE Dengue e outras Arboviroses - SE 1 a 4  - 27 de janeiro.pdf,2,vigilancia,provaveis,narrativa,"Dengue Nas SE 01 a 04 de 2025, foram notificados 139.241 casos prováveis de dengue, correspondendo a um coeficiente de incidência de 68,6 caso",,
Informe Semanal nº 01 - COE Dengue e outras Arboviroses - SE 1 a 4  - 27 de janeiro.pdf,2,vigilancia,incidencia,narrativa,"139.241 casos prováveis de dengue, correspondendo a um coeficiente de incidência de 68,6 casos/100 mil habitantes. Quando comparado com o mesmo períod",,
Informe Semanal nº 01 - COE Dengue e outras Arboviroses - SE 1 a 4  - 27 de janeiro.pdf,2,vigilancia,provaveis,narrativa,"o período de 2024, observa-se uma redução de 57,9% no número de casos prováveis. As Regiões Geográficas que apresentam os maiores coeficientes de inc",,
Informe Semanal nº 01 - COE Dengue e outras Arboviroses - SE 1 a 4  - 27 de janeiro.pdf,2,vigilancia,incidencia,narrativa,"eis. As Regiões Geográficas que apresentam os maiores coeficientes de incidência são Sudeste, Centro-oeste e Sul. Entre as Unidades Federativas (UF), ",,
Informe Semanal nº 01 - COE Dengue e outras Arboviroses - SE 1 a 4  - 27 de janeiro.pdf,2,vigilancia,confirmados,narrativa,"Centro-Oeste e Sul. Os óbitos concentram-se na Regiões Sudeste. Foram confirmados 21 óbitos no período, e 160 estão em investigação. Foi identificada a",,
Informe Semanal nº 01 - COE Dengue e outras Arboviroses - SE 1 a 4  - 27 de janeiro.pdf,2,vigilancia,provaveis,narrativa,oporção de DENV-3 desde o último trimestre de 2024. O número de casos prováveis de dengue no Brasil encontra-se fora dos limites do canal endêmico do,,
Informe Semanal nº 01 - COE Dengue e outras Arboviroses - SE 1 a 4  - 27 de janeiro.pdf,3,vigilancia,incidencia,narrativa,Diagrama de controle Coeficiente de Incidência e óbitos Fonte: Sinan On-line (banco de dados atualizado em 27/01/202,,
Informe Semanal nº 01 - COE Dengue e outras Arboviroses - SE 1 a 4  - 27 de janeiro.pdf,7,vigilancia,incidencia,narrativa,"Dengue (Incidência) 68,6 21 -57,9% CASOS/100 MIL HAB. ÓBITOS Em relação ao número 139.24",,
Informe Semanal nº 01 - COE Dengue e outras Arboviroses - SE 1 a 4  - 27 de janeiro.pdf,7,vigilancia,provaveis,narrativa,"1 -57,9% CASOS/100 MIL HAB. ÓBITOS Em relação ao número 139.241 Casos prováveis Óbitos em 160 de casos investigação no mesmo Casos graves e com 1.082",,
Informe Semanal nº 02 - COE Dengue e outras Arboviroses - SE 1 a 8 - 24 de fevereiro.pdf,2,vigilancia,notificados,narrativa,"Dengue Nas SE 01 a 08 de 2025, foram notificados 401.408 casos prováveis de dengue, correspondendo a um coeficiente de",,
Informe Semanal nº 02 - COE Dengue e outras Arboviroses - SE 1 a 8 - 24 de fevereiro.pdf,2,vigilancia,provaveis,narrativa,"Dengue Nas SE 01 a 08 de 2025, foram notificados 401.408 casos prováveis de dengue, correspondendo a um coeficiente de incidência de 197,7 cas",,
Informe Semanal nº 02 - COE Dengue e outras Arboviroses - SE 1 a 8 - 24 de fevereiro.pdf,2,vigilancia,incidencia,narrativa,"401.408 casos prováveis de dengue, correspondendo a um coeficiente de incidência de 197,7 casos/100 mil habitantes. Quando comparado com o mesmo perío",,
Informe Semanal nº 02 - COE Dengue e outras Arboviroses - SE 1 a 8 - 24 de fevereiro.pdf,2,vigilancia,provaveis,narrativa,"o período de 2024, observa-se uma redução de 68,2% no número de casos prováveis. As regiões geográficas que apresentam os maiores coeficientes de inc",,
Informe Semanal nº 02 - COE Dengue e outras Arboviroses - SE 1 a 8 - 24 de fevereiro.pdf,2,vigilancia,incidencia,narrativa,"eis. As regiões geográficas que apresentam os maiores coeficientes de incidência são Sudeste, Centro-Oeste e Sul. Entre as Unidades Federativas (UF), ",,
Informe Semanal nº 02 - COE Dengue e outras Arboviroses - SE 1 a 8 - 24 de fevereiro.pdf,2,vigilancia,confirmados,narrativa," Centro-Oeste e Sul. Os óbitos concentram-se na região Sudeste. Foram confirmados 160 óbitos no período, e 377 estão em investigação. Foi identificada ",,
Informe Semanal nº 02 - COE Dengue e outras Arboviroses - SE 1 a 8 - 24 de fevereiro.pdf,2,vigilancia,provaveis,narrativa,oporção de DENV-3 desde o último trimestre de 2024. O número de casos prováveis de dengue no Brasil encontra-se dentro dos limites do canal endêmico ,,
Informe Semanal nº 02 - COE Dengue e outras Arboviroses - SE 1 a 8 - 24 de fevereiro.pdf,3,vigilancia,incidencia,narrativa,Diagrama de controle Coeficiente de Incidência e óbitos Fonte: SinanOn-line (banco de dados atualizado em 24/02/2025,,
Informe Semanal nº 02 - COE Dengue e outras Arboviroses - SE 1 a 8 - 24 de fevereiro.pdf,7,vigilancia,incidencia,narrativa,"Dengue (Incidência) 197,7 160 -68,2% CASOS/100 MIL HAB. ÓBITOS Em relação ao número 401.",,
Informe Semanal nº 02 - COE Dengue e outras Arboviroses - SE 1 a 8 - 24 de fevereiro.pdf,7,vigilancia,provaveis,narrativa,"0 -68,2% CASOS/100 MIL HAB. ÓBITOS Em relação ao número 401.408 Casos prováveis Óbitos em 377 de casos investigação no mesmo Casos graves e com 4.014",,
Informe Semanal nº 03 - COE Dengue e outras Arboviroses - SE 1 a 9 - 08 de março.pdf,2,vigilancia,notificados,narrativa,"Dengue Nas SE 01 a 09 de 2025, foram notificados 480.715 casos prováveis de dengue, correspondendo a um coeficiente de",,
Informe Semanal nº 03 - COE Dengue e outras Arboviroses - SE 1 a 9 - 08 de março.pdf,2,vigilancia,provaveis,narrativa,"Dengue Nas SE 01 a 09 de 2025, foram notificados 480.715 casos prováveis de dengue, correspondendo a um coeficiente de incidência de 236,7 cas",,
Informe Semanal nº 03 - COE Dengue e outras Arboviroses - SE 1 a 9 - 08 de março.pdf,2,vigilancia,incidencia,narrativa,"480.715 casos prováveis de dengue, correspondendo a um coeficiente de incidência de 236,7 casos/100 mil habitantes. Quando comparado com o mesmo perío",,
Informe Semanal nº 03 - COE Dengue e outras Arboviroses - SE 1 a 9 - 08 de março.pdf,2,vigilancia,provaveis,narrativa,"smo período de 2024, observa-se uma redução de 70% no número de casos prováveis. As Regiões Geográficas que apresentam os maiores coeficientes de inc",,
Informe Semanal nº 03 - COE Dengue e outras Arboviroses - SE 1 a 9 - 08 de março.pdf,2,vigilancia,incidencia,narrativa,"eis. As Regiões Geográficas que apresentam os maiores coeficientes de incidência são Sudeste, Centro-oeste e Sul. Entre as Unidades Federativas (UF), ",,
Informe Semanal nº 03 - COE Dengue e outras Arboviroses - SE 1 a 9 - 08 de março.pdf,2,vigilancia,confirmados,narrativa," Centro-Oeste e Sul. Os óbitos concentram-se na região Sudeste. Foram confirmados 203 óbitos no período, e 458 estão em investigação. Foi identificada ",,
Informe Semanal nº 03 - COE Dengue e outras Arboviroses - SE 1 a 9 - 08 de março.pdf,2,vigilancia,provaveis,narrativa,tras de indivíduos recém-vacinados (vírus vacinal). O número de casos prováveis de dengue no Brasil encontra-se dentro dos limites do canal endêmico ,,
Informe Semanal nº 03 - COE Dengue e outras Arboviroses - SE 1 a 9 - 08 de março.pdf,3,vigilancia,incidencia,narrativa,Diagrama de controle Coeficiente de Incidência e óbitos Fonte: SinanOn-line (banco de dados atualizado em 05/03/2025,,
Informe Semanal nº 03 - COE Dengue e outras Arboviroses - SE 1 a 9 - 08 de março.pdf,7,vigilancia,incidencia,narrativa,"Dengue (Incidência) 236,7 203 -70% CASOS/100 MIL HAB. ÓBITOS Em relação ao número 480.71",,
Informe Semanal nº 03 - COE Dengue e outras Arboviroses - SE 1 a 9 - 08 de março.pdf,7,vigilancia,provaveis,narrativa,203 -70% CASOS/100 MIL HAB. ÓBITOS Em relação ao número 480.715 Casos prováveis Óbitos em 458 de casos investigação no mesmo Casos graves e com 5.917,,
Informe Semanal nº 04 - COE Dengue e outras Arboviroses - SE 1 a 10.pdf,2,vigilancia,notificados,narrativa,"Dengue Nas SE 01 a 10 de 2025, foram notificados 533.829 casos prováveis de dengue, correspondendo a um coeficiente de",,
Informe Semanal nº 04 - COE Dengue e outras Arboviroses - SE 1 a 10.pdf,2,vigilancia,provaveis,narrativa,"Dengue Nas SE 01 a 10 de 2025, foram notificados 533.829 casos prováveis de dengue, correspondendo a um coeficiente de incidência de 262,9 cas",,
Informe Semanal nº 04 - COE Dengue e outras Arboviroses - SE 1 a 10.pdf,2,vigilancia,incidencia,narrativa,"533.829 casos prováveis de dengue, correspondendo a um coeficiente de incidência de 262,9 casos/100 mil habitantes. Quando comparado com o mesmo perío",,
Informe Semanal nº 04 - COE Dengue e outras Arboviroses - SE 1 a 10.pdf,2,vigilancia,provaveis,narrativa,"o período de 2024, observa-se uma redução de 72,9% no número de casos prováveis. As Regiões Geográficas que apresentam os maiores coeficientes de inc",,
Informe Semanal nº 04 - COE Dengue e outras Arboviroses - SE 1 a 10.pdf,2,vigilancia,incidencia,narrativa,"eis. As Regiões Geográficas que apresentam os maiores coeficientes de incidência são Sudeste, Centro-Oeste e Sul. Entre as Unidades Federativas (UF), ",,
Informe Semanal nº 04 - COE Dengue e outras Arboviroses - SE 1 a 10.pdf,2,vigilancia,confirmados,narrativa," Centro-Oeste e Sul. Os óbitos concentram-se na região Sudeste. Foram confirmados 243 óbitos no período, e 520 estão em investigação. Foi identificada ",,
Informe Semanal nº 04 - COE Dengue e outras Arboviroses - SE 1 a 10.pdf,2,vigilancia,provaveis,narrativa,tras de indivíduos recém-vacinados (vírus vacinal). O número de casos prováveis de dengue no Brasil encontra-se dentro dos limites do canal endêmico ,,
Informe Semanal nº 04 - COE Dengue e outras Arboviroses - SE 1 a 10.pdf,3,vigilancia,incidencia,narrativa,Diagrama de controle Coeficiente de Incidência e óbitos Fonte: SinanOn-line (banco de dados atualizado em 10/03/2025,,
Informe Semanal nº 04 - COE Dengue e outras Arboviroses - SE 1 a 10.pdf,7,vigilancia,incidencia,narrativa,"Dengue (Incidência) 262,9 243 -72,9% CASOS/100 MIL HAB. ÓBITOS Em relação ao número 533.",,
Informe Semanal nº 04 - COE Dengue e outras Arboviroses - SE 1 a 10.pdf,7,vigilancia,provaveis,narrativa,"3 -72,9% CASOS/100 MIL HAB. ÓBITOS Em relação ao número 533.829 Casos prováveis Óbitos em 520 de casos investigação no mesmo Casos graves e com 5.917",,
Informe Semanal nº 05 - COE Dengue e outras Arboviroses - SE 1 a 11.pdf,2,vigilancia,notificados,narrativa,"Dengue Nas SE 01 a 11 de 2025, foram notificados 620.702 casos prováveis de dengue, correspondendo a um coeficiente de",,
Informe Semanal nº 05 - COE Dengue e outras Arboviroses - SE 1 a 11.pdf,2,vigilancia,provaveis,narrativa,"Dengue Nas SE 01 a 11 de 2025, foram notificados 620.702 casos prováveis de dengue, correspondendo a um coeficiente de incidência de 305,7 cas",,
Informe Semanal nº 05 - COE Dengue e outras Arboviroses - SE 1 a 11.pdf,2,vigilancia,incidencia,narrativa,"620.702 casos prováveis de dengue, correspondendo a um coeficiente de incidência de 305,7 casos/100 mil habitantes. Quando comparado com o mesmo perío",,
Informe Semanal nº 05 - COE Dengue e outras Arboviroses - SE 1 a 11.pdf,2,vigilancia,provaveis,narrativa,"o período de 2024, observa-se uma redução de 73,8% no número de casos prováveis. As Regiões Geográficas que apresentam os maiores coeficientes de inc",,
Informe Semanal nº 05 - COE Dengue e outras Arboviroses - SE 1 a 11.pdf,2,vigilancia,incidencia,narrativa,"eis. As Regiões Geográficas que apresentam os maiores coeficientes de incidência são Sudeste, Centro-Oeste e Sul. Entre as Unidades Federativas (UF), ",,
Informe Semanal nº 05 - COE Dengue e outras Arboviroses - SE 1 a 11.pdf,2,vigilancia,confirmados,narrativa," Centro-Oeste e Sul. Os óbitos concentram-se na região Sudeste. Foram confirmados 304 óbitos no período, e 632 estão em investigação. Foi identificada ",,
Informe Semanal nº 05 - COE Dengue e outras Arboviroses - SE 1 a 11.pdf,2,vigilancia,incidencia,narrativa,stras de indivíduos recém-vacinados (vírus vacinal). O coeficiente de incidência de dengue no Brasil encontra-se dentro do canal endêmico do diagrama ,,
Informe Semanal nº 05 - COE Dengue e outras Arboviroses - SE 1 a 11.pdf,3,vigilancia,incidencia,narrativa,Diagrama de controle Coeficiente de Incidência e óbitos Fonte: Sinan On-line (banco de dados atualizado em 17/03/202,,
Informe Semanal nº 05 - COE Dengue e outras Arboviroses - SE 1 a 11.pdf,7,vigilancia,incidencia,narrativa,"Dengue (Incidência) 305,7 304 -73,8% CASOS/100 MIL HAB. ÓBITOS Em relação ao número 620.",,
Informe Semanal nº 05 - COE Dengue e outras Arboviroses - SE 1 a 11.pdf,7,vigilancia,provaveis,narrativa,"4 -73,8% CASOS/100 MIL HAB. ÓBITOS Em relação ao número 620.702 Casos prováveis Óbitos em 632 de casos investigação no mesmo Casos graves e com 8.188",,
Informe Semanal nº 06 - COE Dengue e outras Arboviroses - SE 1 a 12.pdf,2,vigilancia,notificados,narrativa,"Dengue Nas SE 01 a 12 de 2025, foram notificados 709.634 casos prováveis de dengue, correspondendo a um coeficiente de",,
Informe Semanal nº 06 - COE Dengue e outras Arboviroses - SE 1 a 12.pdf,2,vigilancia,provaveis,narrativa,"Dengue Nas SE 01 a 12 de 2025, foram notificados 709.634 casos prováveis de dengue, correspondendo a um coeficiente de incidência de 349,5 cas",,
Informe Semanal nº 06 - COE Dengue e outras Arboviroses - SE 1 a 12.pdf,2,vigilancia,incidencia,narrativa,"709.634 casos prováveis de dengue, correspondendo a um coeficiente de incidência de 349,5 casos/100 mil habitantes. Quando comparado com o mesmo perío",,
Informe Semanal nº 06 - COE Dengue e outras Arboviroses - SE 1 a 12.pdf,2,vigilancia,provaveis,narrativa,"o período de 2024, observa-se uma redução de 74,7% no número de casos prováveis. As Regiões Geográficas que apresentam os maiores coeficientes de inc",,
Informe Semanal nº 06 - COE Dengue e outras Arboviroses - SE 1 a 12.pdf,2,vigilancia,incidencia,narrativa,"eis. As Regiões Geográficas que apresentam os maiores coeficientes de incidência são Sudeste, Centro-Oeste e Sul. Entre as Unidades Federativas (UF), ",,
Informe Semanal nº 06 - COE Dengue e outras Arboviroses - SE 1 a 12.pdf,2,vigilancia,confirmados,narrativa," Centro-Oeste e Sul. Os óbitos concentram-se na região Sudeste. Foram confirmados 377 óbitos no período, e 684 estão em investigação. Foi identificada ",,
Informe Semanal nº 06 - COE Dengue e outras Arboviroses - SE 1 a 12.pdf,2,vigilancia,incidencia,narrativa,stras de indivíduos recém-vacinados (vírus vacinal). O coeficiente de incidência de dengue no Brasil encontra-se dentro do canal endêmico do diagrama ,,
Informe Semanal nº 06 - COE Dengue e outras Arboviroses - SE 1 a 12.pdf,3,vigilancia,incidencia,narrativa,Diagrama de controle Coeficiente de Incidência e óbitos Fonte: Sinan On-line (banco de dados atualizado em 24/03/202,,
Informe Semanal nº 06 - COE Dengue e outras Arboviroses - SE 1 a 12.pdf,7,vigilancia,incidencia,narrativa,"Dengue (Incidência) 349,5 377 -56,5% CASOS/100 MIL HAB. ÓBITOS Em relação ao número 709.",,
Informe Semanal nº 06 - COE Dengue e outras Arboviroses - SE 1 a 12.pdf,7,vigilancia,provaveis,narrativa,"7 -56,5% CASOS/100 MIL HAB. ÓBITOS Em relação ao número 709.634 Casos prováveis Óbitos em 684 de casos investigação no mesmo Casos graves e com 10.21",,
Informe Semanal nº 07 - COE Dengue e outras Arboviroses - SE 1 a 13.pdf,2,vigilancia,notificados,narrativa,"Dengue Nas SE 01 a 13 de 2025, foram notificados 807.778 casos prováveis de dengue, correspondendo a um coeficiente de",,
Informe Semanal nº 07 - COE Dengue e outras Arboviroses - SE 1 a 13.pdf,2,vigilancia,provaveis,narrativa,"Dengue Nas SE 01 a 13 de 2025, foram notificados 807.778 casos prováveis de dengue, correspondendo a um coeficiente de incidência de 397,8 cas",,
Informe Semanal nº 07 - COE Dengue e outras Arboviroses - SE 1 a 13.pdf,2,vigilancia,incidencia,narrativa,"807.778 casos prováveis de dengue, correspondendo a um coeficiente de incidência de 397,8 casos/100 mil habitantes. Quando comparado com o mesmo perío",,
Informe Semanal nº 07 - COE Dengue e outras Arboviroses - SE 1 a 13.pdf,2,vigilancia,provaveis,narrativa,"o período de 2024, observa-se uma redução de 74,6% no número de casos prováveis. As Regiões Geográficas que apresentam os maiores coeficientes de inc",,
Informe Semanal nº 07 - COE Dengue e outras Arboviroses - SE 1 a 13.pdf,2,vigilancia,incidencia,narrativa,"eis. As Regiões Geográficas que apresentam os maiores coeficientes de incidência são Sudeste, Centro-Oeste e Sul. Entre as Unidades Federativas (UF), ",,
Informe Semanal nº 07 - COE Dengue e outras Arboviroses - SE 1 a 13.pdf,2,vigilancia,confirmados,narrativa," Centro-Oeste e Sul. Os óbitos concentram-se na região Sudeste. Foram confirmados 451 óbitos no período, e 704 estão em investigação. Foi identificada ",,
Informe Semanal nº 07 - COE Dengue e outras Arboviroses - SE 1 a 13.pdf,2,vigilancia,incidencia,narrativa,"rais, Mato Grosso do Sul e Roraima estão em análise. O coeficiente de incidência de dengue no Brasil encontra-se dentro do canal endêmico do diagrama ",,
Informe Semanal nº 07 - COE Dengue e outras Arboviroses - SE 1 a 13.pdf,3,vigilancia,incidencia,narrativa,Diagrama de controle Coeficiente de Incidência e óbitos Fonte: SinanOn-line (banco de dados atualizado em 31/03/2025,,
Informe Semanal nº 07 - COE Dengue e outras Arboviroses - SE 1 a 13.pdf,7,vigilancia,incidencia,narrativa,"Dengue (Incidência) 397,8 451 -74,6% CASOS/100 MIL HAB. ÓBITOS Em relação ao número 807.",,
Informe Semanal nº 07 - COE Dengue e outras Arboviroses - SE 1 a 13.pdf,7,vigilancia,provaveis,narrativa,"1 -74,6% CASOS/100 MIL HAB. ÓBITOS Em relação ao número 807.778 Casos prováveis Óbitos em 704 de casos investigação no mesmo Casos graves e com 12.27",,
Informe Semanal nº 08 - COE Dengue e outras Arboviroses - SE 1 a 13.pdf,2,vigilancia,notificados,narrativa,"Dengue Nas SE 01 a 14 de 2025, foram notificados 896.680 casos prováveis de dengue, correspondendo a um coeficiente de",,
Informe Semanal nº 08 - COE Dengue e outras Arboviroses - SE 1 a 13.pdf,2,vigilancia,provaveis,narrativa,"Dengue Nas SE 01 a 14 de 2025, foram notificados 896.680 casos prováveis de dengue, correspondendo a um coeficiente de incidência de 441,6 cas",,
Informe Semanal nº 08 - COE Dengue e outras Arboviroses - SE 1 a 13.pdf,2,vigilancia,incidencia,narrativa,"896.680 casos prováveis de dengue, correspondendo a um coeficiente de incidência de 441,6 casos/100 mil habitantes. Quando comparado com o mesmo perío",,
Informe Semanal nº 08 - COE Dengue e outras Arboviroses - SE 1 a 13.pdf,2,vigilancia,provaveis,narrativa,"o período de 2024, observa-se uma redução de 75,1% no número de casos prováveis. As Regiões Geográficas que apresentam os maiores coeficientes de inc",,
Informe Semanal nº 08 - COE Dengue e outras Arboviroses - SE 1 a 13.pdf,2,vigilancia,incidencia,narrativa,"eis. As Regiões Geográficas que apresentam os maiores coeficientes de incidência são Sudeste, Centro-Oeste e Sul. Entre as Unidades Federativas (UF), ",,
Informe Semanal nº 08 - COE Dengue e outras Arboviroses - SE 1 a 13.pdf,2,vigilancia,confirmados,narrativa," Centro-Oeste e Sul. Os óbitos concentram-se na região Sudeste. Foram confirmados 536 óbitos no período, e 727 estão em investigação. Foi identificada ",,
Informe Semanal nº 08 - COE Dengue e outras Arboviroses - SE 1 a 13.pdf,2,vigilancia,incidencia,narrativa,"rais, Mato Grosso do Sul e Roraima estão em análise. O coeficiente de incidência de dengue no Brasil encontra-se dentro do canal endêmico do diagrama ",,
Informe Semanal nº 08 - COE Dengue e outras Arboviroses - SE 1 a 13.pdf,3,vigilancia,incidencia,narrativa,Diagrama de controle Coeficiente de Incidência e óbitos Fonte: Sinan On-line (banco de dados atualizado em 07/04/202,,
Informe Semanal nº 08 - COE Dengue e outras Arboviroses - SE 1 a 13.pdf,7,vigilancia,incidencia,narrativa,"Dengue (Incidência) 441,6 563 -75,1% CASOS/100 MIL HAB. ÓBITOS Em relação ao número 896.",,
Informe Semanal nº 08 - COE Dengue e outras Arboviroses - SE 1 a 13.pdf,7,vigilancia,provaveis,narrativa,"3 -75,1% CASOS/100 MIL HAB. ÓBITOS Em relação ao número 896.680 Casos prováveis Óbitos em 727 de casos investigação no mesmo Casos graves e com 14.10",,
Informe Semanal nº 09 - COE Dengue e outras Arboviroses - SE 1 a 15.pdf,2,vigilancia,notificados,narrativa,"Dengue Nas SE 01 a 15 de 2025, foram notificados 983.138 casos prováveis de dengue, correspondendo a um coeficiente de",,
Informe Semanal nº 09 - COE Dengue e outras Arboviroses - SE 1 a 15.pdf,2,vigilancia,provaveis,narrativa,"Dengue Nas SE 01 a 15 de 2025, foram notificados 983.138 casos prováveis de dengue, correspondendo a um coeficiente de incidência de 484,2 cas",,
Informe Semanal nº 09 - COE Dengue e outras Arboviroses - SE 1 a 15.pdf,2,vigilancia,incidencia,narrativa,"983.138 casos prováveis de dengue, correspondendo a um coeficiente de incidência de 484,2 casos/100 mil habitantes. Quando comparado com o mesmo perío",,
Informe Semanal nº 09 - COE Dengue e outras Arboviroses - SE 1 a 15.pdf,2,vigilancia,provaveis,narrativa,"o período de 2024, observa-se uma redução de 75,5% no número de casos prováveis. As Regiões Geográficas que apresentam os maiores coeficientes de inc",,
Informe Semanal nº 09 - COE Dengue e outras Arboviroses - SE 1 a 15.pdf,2,vigilancia,incidencia,narrativa,"eis. As Regiões Geográficas que apresentam os maiores coeficientes de incidência são Sudeste, Centro-Oeste e Sul. Entre as Unidades Federativas (UF), ",,
Informe Semanal nº 09 - COE Dengue e outras Arboviroses - SE 1 a 15.pdf,2,vigilancia,confirmados,narrativa,"o-Oeste e Sul. A maior parte dos óbitos está na região Sudeste. Foram confirmados 622 óbitos no período, e 741 estão em investigação. Foi identificada ",,
Informe Semanal nº 09 - COE Dengue e outras Arboviroses - SE 1 a 15.pdf,2,vigilancia,incidencia,narrativa,"o Sul, São Paulo, Paraná e Roraima estão em análise. O coeficiente de incidência de dengue no Brasil encontra-se dentro dos limites do canal endêmico ",,
Informe Semanal nº 09 - COE Dengue e outras Arboviroses - SE 1 a 15.pdf,3,vigilancia,incidencia,narrativa,Diagrama de controle Coeficiente de Incidência e óbitos Fonte: SinanOn-line (banco de dados atualizado em 14/04/2025,,
Informe Semanal nº 09 - COE Dengue e outras Arboviroses - SE 1 a 15.pdf,7,vigilancia,incidencia,narrativa,"Dengue (Incidência) 484,2 622 -75,5% CASOS/100 MIL HAB. ÓBITOS Em relação ao número 983.",,
Informe Semanal nº 09 - COE Dengue e outras Arboviroses - SE 1 a 15.pdf,7,vigilancia,provaveis,narrativa,"2 -75,5% CASOS/100 MIL HAB. ÓBITOS Em relação ao número 983.138 Casos prováveis Óbitos em 741 de casos investigação no mesmo Casos graves e com 15.95",,
Informe Semanal nº 10 - COE Dengue e outras Arboviroses - SE 1 a 16.pdf,2,vigilancia,notificados,narrativa,"Dengue Nas SE 01 a 16 de 2025, foram notificados 1.051.311 casos prováveis de dengue, correspondendo a um coeficiente ",,
Informe Semanal nº 10 - COE Dengue e outras Arboviroses - SE 1 a 16.pdf,2,vigilancia,provaveis,narrativa,"Dengue Nas SE 01 a 16 de 2025, foram notificados 1.051.311 casos prováveis de dengue, correspondendo a um coeficiente de incidência de 517,7 cas",,
Informe Semanal nº 10 - COE Dengue e outras Arboviroses - SE 1 a 16.pdf,2,vigilancia,incidencia,narrativa,"051.311 casos prováveis de dengue, correspondendo a um coeficiente de incidência de 517,7 casos/100 mil habitantes. Quando comparado com o mesmo perío",,
Informe Semanal nº 10 - COE Dengue e outras Arboviroses - SE 1 a 16.pdf,2,vigilancia,provaveis,narrativa,"o período de 2024, observa-se uma redução de 76,1% no número de casos prováveis. As Regiões Geográficas que apresentam os maiores coeficientes de inc",,
Informe Semanal nº 10 - COE Dengue e outras Arboviroses - SE 1 a 16.pdf,2,vigilancia,incidencia,narrativa,"eis. As Regiões Geográficas que apresentam os maiores coeficientes de incidência são Sudeste, Centro-Oeste e Sul. Entre as Unidades Federativas (UF), ",,
Informe Semanal nº 10 - COE Dengue e outras Arboviroses - SE 1 a 16.pdf,2,vigilancia,confirmados,narrativa,"s graves concentram-se nas regiões Sudeste, Centro-Oeste e Sul. Foram confirmados 703 óbitos no período, e 714 estão em investigação, sendo a maior par",,
Informe Semanal nº 10 - COE Dengue e outras Arboviroses - SE 1 a 16.pdf,2,vigilancia,incidencia,narrativa,"o Sul, São Paulo, Paraná e Roraima estão em análise. O coeficiente de incidência de dengue no Brasil está abaixo do canal endêmico, conforme observado",,
Informe Semanal nº 10 - COE Dengue e outras Arboviroses - SE 1 a 16.pdf,3,vigilancia,incidencia,narrativa,Diagrama de controle2 Coeficiente de Incidência e óbitos Fonte: SinanOn-line (banco de dados atualizado em 22/04/2025,,
Informe Semanal nº 10 - COE Dengue e outras Arboviroses - SE 1 a 16.pdf,7,vigilancia,incidencia,narrativa,"Dengue (Incidência) 517,7 703 -76,1% CASOS/100 MIL HAB. ÓBITOS Em relação ao número 1.05",,
Informe Semanal nº 10 - COE Dengue e outras Arboviroses - SE 1 a 16.pdf,7,vigilancia,provaveis,narrativa," -76,1% CASOS/100 MIL HAB. ÓBITOS Em relação ao número 1.051.311Casos prováveis Óbitos em 714 de casos investigação no mesmo Casos graves e com 17.62",,
Informe Semanal nº 11 - COE Dengue e outras Arboviroses - SE 1 a 17 - 13 de maio.pdf,2,vigilancia,notificados,narrativa,"Dengue Nas SE 01 a 17 de 2025, foram notificados 1.130.286 casos prováveis de dengue, correspondendo a um coeficiente ",,
Informe Semanal nº 11 - COE Dengue e outras Arboviroses - SE 1 a 17 - 13 de maio.pdf,2,vigilancia,provaveis,narrativa,"Dengue Nas SE 01 a 17 de 2025, foram notificados 1.130.286 casos prováveis de dengue, correspondendo a um coeficiente de incidência de 556,6 cas",,
Informe Semanal nº 11 - COE Dengue e outras Arboviroses - SE 1 a 17 - 13 de maio.pdf,2,vigilancia,incidencia,narrativa,"130.286 casos prováveis de dengue, correspondendo a um coeficiente de incidência de 556,6 casos/100 mil habitantes. Quando comparado com o mesmo perío",,
Informe Semanal nº 11 - COE Dengue e outras Arboviroses - SE 1 a 17 - 13 de maio.pdf,2,vigilancia,provaveis,narrativa,"o período de 2024, observa-se uma redução de 76,1% no número de casos prováveis. As Regiões Geográficas que apresentam os maiores coeficientes de inc",,
Informe Semanal nº 11 - COE Dengue e outras Arboviroses - SE 1 a 17 - 13 de maio.pdf,2,vigilancia,incidencia,narrativa,"eis. As Regiões Geográficas que apresentam os maiores coeficientes de incidência são Sudeste, Centro-Oeste e Sul. Entre as Unidades Federativas (UF), ",,
Informe Semanal nº 11 - COE Dengue e outras Arboviroses - SE 1 a 17 - 13 de maio.pdf,2,vigilancia,confirmados,narrativa,"o-Oeste e Sul. A maior parte dos óbitos está na região Sudeste. Foram confirmados 772 óbitos no período, e 775 estão em investigação. Foi identificada ",,
Informe Semanal nº 11 - COE Dengue e outras Arboviroses - SE 1 a 17 - 13 de maio.pdf,2,vigilancia,incidencia,narrativa,"Grosso do Sul, São Paulo e Roraima estão em análise. O coeficiente de incidência de dengue no Brasil encontra-se fora do limite inferior do canal endê",,
Informe Semanal nº 11 - COE Dengue e outras Arboviroses - SE 1 a 17 - 13 de maio.pdf,3,vigilancia,incidencia,narrativa,Diagrama de controle Coeficiente de Incidência e óbitos Fonte: Sinan On-line (banco de dados atualizado em 28/04/202,,
Informe Semanal nº 11 - COE Dengue e outras Arboviroses - SE 1 a 17 - 13 de maio.pdf,7,vigilancia,incidencia,narrativa,"Dengue (Incidência) 556,6 772 -76,1% CASOS/100 MIL HAB. ÓBITOS Em relação ao número 1.13",,
Informe Semanal nº 11 - COE Dengue e outras Arboviroses - SE 1 a 17 - 13 de maio.pdf,7,vigilancia,provaveis,narrativa," -76,1% CASOS/100 MIL HAB. ÓBITOS Em relação ao número 1.130.286Casos prováveis Óbitos em 775 de casos investigação no mesmo Casos graves e com 19.20",,
Informe Semanal nº 12 - COE Dengue e outras Arboviroses - SE 1 a 18 - 15 de maio.pdf,2,vigilancia,notificados,narrativa,"Dengue Nas SE 01 a 18 de 2025, foram notificados 1.196.005 casos prováveis de dengue, correspondendo a um coeficiente ",,
Informe Semanal nº 12 - COE Dengue e outras Arboviroses - SE 1 a 18 - 15 de maio.pdf,2,vigilancia,provaveis,narrativa,"Dengue Nas SE 01 a 18 de 2025, foram notificados 1.196.005 casos prováveis de dengue, correspondendo a um coeficiente de incidência de 589,0 cas",,
Informe Semanal nº 12 - COE Dengue e outras Arboviroses - SE 1 a 18 - 15 de maio.pdf,2,vigilancia,incidencia,narrativa,"196.005 casos prováveis de dengue, correspondendo a um coeficiente de incidência de 589,0 casos/100 mil habitantes. Quando comparado com o mesmo perío",,
Informe Semanal nº 12 - COE Dengue e outras Arboviroses - SE 1 a 18 - 15 de maio.pdf,2,vigilancia,provaveis,narrativa,"o período de 2024, observa-se uma redução de 76,4% no número de casos prováveis. As Regiões Geográficas que apresentam os maiores coeficientes de inc",,
Informe Semanal nº 12 - COE Dengue e outras Arboviroses - SE 1 a 18 - 15 de maio.pdf,2,vigilancia,incidencia,narrativa,"eis. As Regiões Geográficas que apresentam os maiores coeficientes de incidência são Sudeste, Centro-Oeste e Sul. Entre as Unidades Federativas (UF), ",,
Informe Semanal nº 12 - COE Dengue e outras Arboviroses - SE 1 a 18 - 15 de maio.pdf,2,vigilancia,confirmados,narrativa," Centro-Oeste. A maior parte dos óbitos está na região Sudeste. Foram confirmados 805 óbitos no período, e 807 estão em investigação. Foi identificada ",,
Informe Semanal nº 12 - COE Dengue e outras Arboviroses - SE 1 a 18 - 15 de maio.pdf,2,vigilancia,incidencia,narrativa,"Grosso do Sul, São Paulo e Roraima estão em análise. O coeficiente de incidência de dengue no Brasil encontra-se fora do limite inferior do canal endê",,
Informe Semanal nº 12 - COE Dengue e outras Arboviroses - SE 1 a 18 - 15 de maio.pdf,3,vigilancia,incidencia,narrativa,Diagrama de controle Coeficiente de Incidência e óbitos Fonte: SinanOn-line (banco de dados atualizado em 05/05/2025,,
Informe Semanal nº 12 - COE Dengue e outras Arboviroses - SE 1 a 18 - 15 de maio.pdf,7,vigilancia,incidencia,narrativa,"Dengue (Incidência) 589,0 805 -76,4% CASOS/100 MIL HAB. ÓBITOS Em relação ao número 1.19",,
Informe Semanal nº 12 - COE Dengue e outras Arboviroses - SE 1 a 18 - 15 de maio.pdf,7,vigilancia,provaveis,narrativa," -76,4% CASOS/100 MIL HAB. ÓBITOS Em relação ao número 1.196.005Casos prováveis Óbitos em 807 de casos investigação no mesmo Casos graves e com 20.38",,
Informe Semanal nº 14.pdf,2,vigilancia,notificados,narrativa,"Dengue Nas SE 01 a 20 de 2025, foram notificados 1.342.741 casos prováveis de dengue, correspondendo a um coeficiente ",,
Informe Semanal nº 14.pdf,2,vigilancia,provaveis,narrativa,"Dengue Nas SE 01 a 20 de 2025, foram notificados 1.342.741 casos prováveis de dengue, correspondendo a um coeficiente de incidência de 661,2 cas",,
Informe Semanal nº 14.pdf,2,vigilancia,incidencia,narrativa,"342.741 casos prováveis de dengue, correspondendo a um coeficiente de incidência de 661,2 casos/100 mil habitantes. Quando comparado com o mesmo perío",,
Informe Semanal nº 14.pdf,2,vigilancia,provaveis,narrativa,"o período de 2024, observa-se uma redução de 76,3% no número de casos prováveis. As Regiões Geográficas que apresentam os maiores coeficientes de inc",,
Informe Semanal nº 14.pdf,2,vigilancia,incidencia,narrativa,"eis. As Regiões Geográficas que apresentam os maiores coeficientes de incidência são Sudeste, Centro-Oeste e Sul. Entre as Unidades Federativas (UF), ",,
Informe Semanal nº 14.pdf,2,vigilancia,confirmados,narrativa," Centro-Oeste. A maior parte dos óbitos está na região Sudeste. Foram confirmados 940 óbitos no período, e 837 estão em investigação. Foi identificada ",,
Informe Semanal nº 14.pdf,2,vigilancia,incidencia,narrativa,"Grosso do Sul, São Paulo e Roraima estão em análise. O coeficiente de incidência de dengue no Brasil encontra-se dentro do canal endêmico do diagrama ",,
Informe Semanal nº 14.pdf,3,vigilancia,incidencia,narrativa,Diagrama de controle Coeficiente de Incidência e óbitos Fonte: SinanOn-line (banco de dados atualizado em 19/05/2025,,
Informe Semanal nº 14.pdf,7,vigilancia,incidencia,narrativa,"Dengue (Incidência) 661,2 940 -76,3% CASOS/100 MIL HAB. ÓBITOS Em relação ao número 1.34",,
Informe Semanal nº 14.pdf,7,vigilancia,provaveis,narrativa,"-76,3% CASOS/100 MIL HAB. ÓBITOS Em relação ao número 1.342.741 Casos prováveis Óbitos em 837 de casos investigação no mesmo Casos graves e com 23.04",,
Informe Semanal nº 15.pdf,2,vigilancia,notificados,narrativa,"Dengue Nas SE 01 a 21 de 2025, foram notificados 1.403.561 casos prováveis de dengue, correspondendo a um coeficiente ",,
Informe Semanal nº 15.pdf,2,vigilancia,provaveis,narrativa,"Dengue Nas SE 01 a 21 de 2025, foram notificados 1.403.561 casos prováveis de dengue, correspondendo a um coeficiente de incidência de 691,2 cas",,
Informe Semanal nº 15.pdf,2,vigilancia,incidencia,narrativa,"403.561 casos prováveis de dengue, correspondendo a um coeficiente de incidência de 691,2 casos/100 mil habitantes. Quando comparado com o mesmo perío",,
Informe Semanal nº 15.pdf,2,vigilancia,provaveis,narrativa,"o período de 2024, observa-se uma redução de 76,1% no número de casos prováveis. As Regiões Geográficas que apresentam os maiores coeficientes de inc",,
Informe Semanal nº 15.pdf,2,vigilancia,incidencia,narrativa,"eis. As Regiões Geográficas que apresentam os maiores coeficientes de incidência são Sudeste, Centro-Oeste e Sul. Entre as Unidades Federativas (UF), ",,
Informe Semanal nº 15.pdf,2,vigilancia,confirmados,narrativa," Centro-Oeste. A maior parte dos óbitos está na região Sudeste. Foram confirmados 1.013 óbitos no período, e 830 estão em investigação. Foi identificad",,
Informe Semanal nº 15.pdf,2,vigilancia,incidencia,narrativa,"Grosso do Sul, São Paulo e Roraima estão em análise. O coeficiente de incidência de dengue no Brasil encontra-se dentro do canal endêmico do diagrama ",,
Informe Semanal nº 15.pdf,3,vigilancia,incidencia,narrativa,Diagrama de controle Coeficiente de Incidência e óbitos Fonte: SinanOn-line (banco de dados atualizado em 26/05/2025,,
Informe Semanal nº 15.pdf,7,vigilancia,incidencia,narrativa,"Dengue (Incidência) 1.013 691,2 -76,1% CASOS/100 MIL HAB. ÓBITOS Em relação ao número 1.",,
Informe Semanal nº 15.pdf,7,vigilancia,provaveis,narrativa,"-76,1% CASOS/100 MIL HAB. ÓBITOS Em relação ao número 1.403.561 Casos prováveis Óbitos em 830 de casos investigação no mesmo Casos graves e com 25.13",,
Informe Semanal nº 16.pdf,2,vigilancia,notificados,narrativa,"Dengue Nas SE 01 a 22 de 2025, foram notificados 1.447.993 casos prováveis de dengue, correspondendo a um coeficiente ",,
Informe Semanal nº 16.pdf,2,vigilancia,provaveis,narrativa,"Dengue Nas SE 01 a 22 de 2025, foram notificados 1.447.993 casos prováveis de dengue, correspondendo a um coeficiente de incidência de 713,1 cas",,
Informe Semanal nº 16.pdf,2,vigilancia,incidencia,narrativa,"447.993 casos prováveis de dengue, correspondendo a um coeficiente de incidência de 713,1 casos/100 mil habitantes. Quando comparado com o mesmo perío",,
Informe Semanal nº 16.pdf,2,vigilancia,provaveis,narrativa,"o período de 2024, observa-se uma redução de 75,9% no número de casos prováveis. As Regiões Geográficas que apresentam os maiores coeficientes de inc",,
Informe Semanal nº 16.pdf,2,vigilancia,incidencia,narrativa,"eis. As Regiões Geográficas que apresentam os maiores coeficientes de incidência são Sudeste, Centro-Oeste e Sul. Entre as Unidades Federativas (UF), ",,
Informe Semanal nº 16.pdf,2,vigilancia,confirmados,narrativa," Centro-Oeste. A maior parte dos óbitos está na região Sudeste. Foram confirmados 1.091 óbitos no período, e 813 estão em investigação. Foi identificad",,
Informe Semanal nº 16.pdf,2,vigilancia,incidencia,narrativa,"Roraima, duas de Mato Grosso do Sul e uma do Paraná. O coeficiente de incidência de dengue no Brasil encontra-se dentro do canal endêmico do diagrama ",,
Informe Semanal nº 16.pdf,3,vigilancia,incidencia,narrativa,Diagrama de controle Coeficiente de Incidência e óbitos Fonte: Sinan On-line (banco de dados atualizado em 02/06/202,,
Informe Semanal nº 16.pdf,7,vigilancia,incidencia,narrativa,"Dengue (Incidência) 1.091 713,1 -75,9% CASOS/100 MIL HAB. ÓBITOS Em relação ao número 1.",,
Informe Semanal nº 16.pdf,7,vigilancia,provaveis,narrativa,"-75,9% CASOS/100 MIL HAB. ÓBITOS Em relação ao número 1.447.993 Casos prováveis Óbitos em 813 de casos investigação no mesmo Casos graves e com 26.30",,
Informe Semanal nº 17 (1).pdf,2,vigilancia,notificados,narrativa,"Dengue Nas SE 01 a 23 de 2025, foram notificados 1.478.752 casos prováveis de dengue, correspondendo a um coeficiente ",,
Informe Semanal nº 17 (1).pdf,2,vigilancia,provaveis,narrativa,"Dengue Nas SE 01 a 23 de 2025, foram notificados 1.478.752 casos prováveis de dengue, correspondendo a um coeficiente de incidência de 728,2 cas",,
Informe Semanal nº 17 (1).pdf,2,vigilancia,incidencia,narrativa,"478.752 casos prováveis de dengue, correspondendo a um coeficiente de incidência de 728,2 casos/100 mil habitantes. Quando comparado com o mesmo perío",,
Informe Semanal nº 17 (1).pdf,2,vigilancia,provaveis,narrativa,"mo período de 2024, observase uma redução de 75,7% no número de casos prováveis. As Regiões Geográficas que apresentam os maiores coeficientes de inc",,
Informe Semanal nº 17 (1).pdf,2,vigilancia,incidencia,narrativa,"eis. As Regiões Geográficas que apresentam os maiores coeficientes de incidência são Sudeste, Centro-Oeste e Sul. Entre as Unidades Federativas (UF), ",,
Informe Semanal nº 17 (1).pdf,2,vigilancia,confirmados,narrativa," Centro-Oeste. A maior parte dos óbitos está na região Sudeste. Foram confirmados 1.165 óbitos no período, e 752 estão em investigação. Foi identificad",,
Informe Semanal nº 17 (1).pdf,2,vigilancia,incidencia,narrativa,i detectado em amostras de São Paulo e Minas Gerais. O coeficiente de incidência de dengue no Brasil encontra-se dentro do canal endêmico do diagrama ,,
Informe Semanal nº 17 (1).pdf,3,vigilancia,incidencia,narrativa,Diagrama de controle Coeficiente de Incidência e óbitos Fonte: Sinan On-line (banco de dados atualizado em 09/06/202,,
Informe Semanal nº 17 (1).pdf,7,vigilancia,incidencia,narrativa,"Dengue (Incidência) 1.165 728,2 -75,7% CASOS/100 MIL HAB. ÓBITOS Em relação ao número 1.",,
Informe Semanal nº 17 (1).pdf,7,vigilancia,provaveis,narrativa,"-75,7% CASOS/100 MIL HAB. ÓBITOS Em relação ao número 1.478.752 Casos prováveis Óbitos em 752 de casos investigação no mesmo Casos graves e com 27.21",,
Informe semanal nº 13.pdf,2,vigilancia,notificados,narrativa,"Dengue Nas SE 01 a 19 de 2025, foram notificados 1.277.148 casos prováveis de dengue, correspondendo a um coeficiente ",,
Informe semanal nº 13.pdf,2,vigilancia,provaveis,narrativa,"Dengue Nas SE 01 a 19 de 2025, foram notificados 1.277.148 casos prováveis de dengue, correspondendo a um coeficiente de incidência de 628,9 cas",,
Informe semanal nº 13.pdf,2,vigilancia,incidencia,narrativa,"277.148 casos prováveis de dengue, correspondendo a um coeficiente de incidência de 628,9 casos/100 mil habitantes. Quando comparado com o mesmo perío",,
Informe semanal nº 13.pdf,2,vigilancia,provaveis,narrativa,"o período de 2024, observa-se uma redução de 76,3% no número de casos prováveis. As Regiões Geográficas que apresentam os maiores coeficientes de inc",,
Informe semanal nº 13.pdf,2,vigilancia,incidencia,narrativa,"eis. As Regiões Geográficas que apresentam os maiores coeficientes de incidência são Sudeste, Centro-Oeste e Sul. Entre as Unidades Federativas (UF), ",,
Informe semanal nº 13.pdf,2,vigilancia,confirmados,narrativa," Centro-Oeste. A maior parte dos óbitos está na região Sudeste. Foram confirmados 865 óbitos no período, e 830 estão em investigação. Foi identificada ",,
Informe semanal nº 13.pdf,2,vigilancia,incidencia,narrativa,"rosso do Sul, São Paulo, e Roraima estão em análise. O coeficiente de incidência de dengue no Brasil encontra-se dentro do canal endêmico do diagrama ",,
Informe semanal nº 13.pdf,3,vigilancia,incidencia,narrativa,Diagrama de controle Coeficiente de Incidência e óbitos Fonte: SinanOn-line (banco de dados atualizado em 12/05/2025,,
Informe semanal nº 13.pdf,7,vigilancia,incidencia,narrativa,"Dengue (Incidência) 628,9 865 -76,3% CASOS/100 MIL HAB. ÓBITOS Em relação ao número 1.27",,
Informe semanal nº 13.pdf,7,vigilancia,provaveis,narrativa,"-76,3% CASOS/100 MIL HAB. ÓBITOS Em relação ao número 1.277.148 Casos prováveis Óbitos em 830 de casos investigação no mesmo Casos graves e com 22.06",,
Informe Semanal nº 01 - COE Dengue e outras Arboviroses - SE 1 a 4  - 27 de janeiro.pdf,2,localidade_regiao,Sudeste,narrativa," Geográficas que apresentam os maiores coeficientes de incidência são Sudeste, Centro-oeste e Sul. Entre as Unidades Federativas (UF), Acre, São Pa",,1.0
Informe Semanal nº 01 - COE Dengue e outras Arboviroses - SE 1 a 4  - 27 de janeiro.pdf,2,localidade_regiao,Centro-Oeste,narrativa,"cas que apresentam os maiores coeficientes de incidência são Sudeste, Centro-oeste e Sul. Entre as Unidades Federativas (UF), Acre, São Paulo, e Mato Gr",,1.0
Informe Semanal nº 01 - COE Dengue e outras Arboviroses - SE 1 a 4  - 27 de janeiro.pdf,2,localidade_regiao,Sul,narrativa,"tam os maiores coeficientes de incidência são Sudeste, Centro-oeste e Sul. Entre as Unidades Federativas (UF), Acre, São Paulo, e Mato Grosso a",,1.0
Informe Semanal nº 01 - COE Dengue e outras Arboviroses - SE 1 a 4  - 27 de janeiro.pdf,2,localidade_uf,Acre,narrativa," são Sudeste, Centro-oeste e Sul. Entre as Unidades Federativas (UF), Acre, São Paulo, e Mato Grosso apresentam as maiores incidências. Os maior",,1.0
Informe Semanal nº 01 - COE Dengue e outras Arboviroses - SE 1 a 4  - 27 de janeiro.pdf,2,localidade_uf,São Paulo,narrativa,"udeste, Centro-oeste e Sul. Entre as Unidades Federativas (UF), Acre, São Paulo, e Mato Grosso apresentam as maiores incidências. Os maiores números ",,2.0
Informe Semanal nº 01 - COE Dengue e outras Arboviroses - SE 1 a 4  - 27 de janeiro.pdf,2,localidade_uf,Mato Grosso,narrativa,"o-oeste e Sul. Entre as Unidades Federativas (UF), Acre, São Paulo, e Mato Grosso apresentam as maiores incidências. Os maiores números de casos graves",,2.0
Informe Semanal nº 01 - COE Dengue e outras Arboviroses - SE 1 a 4  - 27 de janeiro.pdf,2,localidade_regiao,Sudeste,narrativa,"dências. Os maiores números de casos graves concentram-se nas regiões Sudeste, Centro-Oeste e Sul. Os óbitos concentram-se na Regiões Sudeste. Fora",,1.0
Informe Semanal nº 01 - COE Dengue e outras Arboviroses - SE 1 a 4  - 27 de janeiro.pdf,2,localidade_regiao,Centro-Oeste,narrativa,"Os maiores números de casos graves concentram-se nas regiões Sudeste, Centro-Oeste e Sul. Os óbitos concentram-se na Regiões Sudeste. Foram confirmados ",,1.0
Informe Semanal nº 01 - COE Dengue e outras Arboviroses - SE 1 a 4  - 27 de janeiro.pdf,2,localidade_regiao,Sul,narrativa,"ros de casos graves concentram-se nas regiões Sudeste, Centro-Oeste e Sul. Os óbitos concentram-se na Regiões Sudeste. Foram confirmados 21 óbi",,1.0
Informe Semanal nº 01 - COE Dengue e outras Arboviroses - SE 1 a 4  - 27 de janeiro.pdf,2,localidade_regiao,Sudeste,narrativa,"giões Sudeste, Centro-Oeste e Sul. Os óbitos concentram-se na Regiões Sudeste. Foram confirmados 21 óbitos no período, e 160 estão em investigação.",,1.0
Informe Semanal nº 01 - COE Dengue e outras Arboviroses - SE 1 a 4  - 27 de janeiro.pdf,15,localidade_uf,Pará,narrativa,Vacina de dengue 160.000 Doses de vacinas da dengue para o estado de São Paulo 1Dadosatualizadosem23/01/2024.Fonte:CGLAB. 2Dad,,1.0
Informe Semanal nº 01 - COE Dengue e outras Arboviroses - SE 1 a 4  - 27 de janeiro.pdf,15,localidade_uf,São Paulo,narrativa,Vacina de dengue 160.000 Doses de vacinas da dengue para o estado de São Paulo 1Dadosatualizadosem23/01/2024.Fonte:CGLAB. 2Dadosatualizadosem27/01/2,,2.0
Informe Semanal nº 01 - COE Dengue e outras Arboviroses - SE 1 a 4  - 27 de janeiro.pdf,16,localidade_regiao,Norte,tabela," incidência Região/UF SE 01 à SE 04 SE 01 à SE 04 2024 2025 2024 2025 Norte 6.640 5.728 38,3 33,0 Rondônia 509 128 32,2 8,1 Acre 2.020 2.705 243,",,1.0
Informe Semanal nº 01 - COE Dengue e outras Arboviroses - SE 1 a 4  - 27 de janeiro.pdf,16,localidade_uf,Rondônia,tabela,"à SE 04 SE 01 à SE 04 2024 2025 2024 2025 Norte 6.640 5.728 38,3 33,0 Rondônia 509 128 32,2 8,1 Acre 2.020 2.705 243,4 325,9 Amazonas 1.970 682 50,0",,1.0
Informe Semanal nº 01 - COE Dengue e outras Arboviroses - SE 1 a 4  - 27 de janeiro.pdf,16,localidade_uf,Acre,tabela," 2025 2024 2025 Norte 6.640 5.728 38,3 33,0 Rondônia 509 128 32,2 8,1 Acre 2.020 2.705 243,4 325,9 Amazonas 1.970 682 50,0 17,3 Roraima 33 48 5,",,1.0
Informe Semanal nº 01 - COE Dengue e outras Arboviroses - SE 1 a 4  - 27 de janeiro.pdf,16,localidade_uf,Amazonas,tabela,".728 38,3 33,0 Rondônia 509 128 32,2 8,1 Acre 2.020 2.705 243,4 325,9 Amazonas 1.970 682 50,0 17,3 Roraima 33 48 5,2 7,5 Pará 1.151 1.515 14,2 18,7 ",,1.0
Informe Semanal nº 01 - COE Dengue e outras Arboviroses - SE 1 a 4  - 27 de janeiro.pdf,16,localidade_uf,Roraima,tabela,"28 32,2 8,1 Acre 2.020 2.705 243,4 325,9 Amazonas 1.970 682 50,0 17,3 Roraima 33 48 5,2 7,5 Pará 1.151 1.515 14,2 18,7 Amapá 761 62 103,7 8,5 Tocan",,1.0
Informe Semanal nº 01 - COE Dengue e outras Arboviroses - SE 1 a 4  - 27 de janeiro.pdf,16,localidade_uf,Pará,tabela," 2.705 243,4 325,9 Amazonas 1.970 682 50,0 17,3 Roraima 33 48 5,2 7,5 Pará 1.151 1.515 14,2 18,7 Amapá 761 62 103,7 8,5 Tocantins 196 588 13,0 3",,1.0
Informe Semanal nº 01 - COE Dengue e outras Arboviroses - SE 1 a 4  - 27 de janeiro.pdf,16,localidade_uf,Amapá,tabela," 1.970 682 50,0 17,3 Roraima 33 48 5,2 7,5 Pará 1.151 1.515 14,2 18,7 Amapá 761 62 103,7 8,5 Tocantins 196 588 13,0 38,9 Nordeste 6.602 4.590 12,",,2.0
Informe Semanal nº 01 - COE Dengue e outras Arboviroses - SE 1 a 4  - 27 de janeiro.pdf,16,localidade_uf,Tocantins,tabela,"raima 33 48 5,2 7,5 Pará 1.151 1.515 14,2 18,7 Amapá 761 62 103,7 8,5 Tocantins 196 588 13,0 38,9 Nordeste 6.602 4.590 12,1 8,4 Maranhão 319 175 4,7 ",,2.0
Informe Semanal nº 01 - COE Dengue e outras Arboviroses - SE 1 a 4  - 27 de janeiro.pdf,16,localidade_regiao,Nordeste,tabela,"51 1.515 14,2 18,7 Amapá 761 62 103,7 8,5 Tocantins 196 588 13,0 38,9 Nordeste 6.602 4.590 12,1 8,4 Maranhão 319 175 4,7 2,6 Piauí 457 167 14,0 5,1 ",,1.0
Informe Semanal nº 01 - COE Dengue e outras Arboviroses - SE 1 a 4  - 27 de janeiro.pdf,16,localidade_uf,Maranhão,tabela,"2 103,7 8,5 Tocantins 196 588 13,0 38,9 Nordeste 6.602 4.590 12,1 8,4 Maranhão 319 175 4,7 2,6 Piauí 457 167 14,0 5,1 Ceará 384 407 4,4 4,6 Rio Gran",,1.0
Informe Semanal nº 01 - COE Dengue e outras Arboviroses - SE 1 a 4  - 27 de janeiro.pdf,16,localidade_uf,Piauí,tabela," 588 13,0 38,9 Nordeste 6.602 4.590 12,1 8,4 Maranhão 319 175 4,7 2,6 Piauí 457 167 14,0 5,1 Ceará 384 407 4,4 4,6 Rio Grande do Norte 523 443 15",,1.0
Informe Semanal nº 01 - COE Dengue e outras Arboviroses - SE 1 a 4  - 27 de janeiro.pdf,16,localidade_uf,Ceará,tabela," 6.602 4.590 12,1 8,4 Maranhão 319 175 4,7 2,6 Piauí 457 167 14,0 5,1 Ceará 384 407 4,4 4,6 Rio Grande do Norte 523 443 15,8 13,4 Paraíba 334 412",,1.0
Informe Semanal nº 01 - COE Dengue e outras Arboviroses - SE 1 a 4  - 27 de janeiro.pdf,16,localidade_uf,Rio Grande do Norte,tabela,"Maranhão 319 175 4,7 2,6 Piauí 457 167 14,0 5,1 Ceará 384 407 4,4 4,6 Rio Grande do Norte 523 443 15,8 13,4 Paraíba 334 412 8,4 10,4 Pernambuco 340 927 3,8 10,",,1.0
Informe Semanal nº 01 - COE Dengue e outras Arboviroses - SE 1 a 4  - 27 de janeiro.pdf,16,localidade_uf,Paraíba,tabela," 14,0 5,1 Ceará 384 407 4,4 4,6 Rio Grande do Norte 523 443 15,8 13,4 Paraíba 334 412 8,4 10,4 Pernambuco 340 927 3,8 10,2 Alagoas 251 196 8,0 6,3 ",,1.0
Informe Semanal nº 01 - COE Dengue e outras Arboviroses - SE 1 a 4  - 27 de janeiro.pdf,16,localidade_uf,Pernambuco,tabela,",4 4,6 Rio Grande do Norte 523 443 15,8 13,4 Paraíba 334 412 8,4 10,4 Pernambuco 340 927 3,8 10,2 Alagoas 251 196 8,0 6,3 Sergipe 77 151 3,5 6,8 Bahia",,1.0
Informe Semanal nº 01 - COE Dengue e outras Arboviroses - SE 1 a 4  - 27 de janeiro.pdf,16,localidade_uf,Alagoas,tabela,"23 443 15,8 13,4 Paraíba 334 412 8,4 10,4 Pernambuco 340 927 3,8 10,2 Alagoas 251 196 8,0 6,3 Sergipe 77 151 3,5 6,8 Bahia 3.917 1.712 27,7 12,1 Su",,1.0
Informe Semanal nº 01 - COE Dengue e outras Arboviroses - SE 1 a 4  - 27 de janeiro.pdf,16,localidade_uf,Sergipe,tabela," 334 412 8,4 10,4 Pernambuco 340 927 3,8 10,2 Alagoas 251 196 8,0 6,3 Sergipe 77 151 3,5 6,8 Bahia 3.917 1.712 27,7 12,1 Sudeste 203.922 101.631 24",,1.0
Informe Semanal nº 01 - COE Dengue e outras Arboviroses - SE 1 a 4  - 27 de janeiro.pdf,16,localidade_uf,Bahia,tabela,"mbuco 340 927 3,8 10,2 Alagoas 251 196 8,0 6,3 Sergipe 77 151 3,5 6,8 Bahia 3.917 1.712 27,7 12,1 Sudeste 203.922 101.631 240,3 119,8 Minas Gerai",,1.0
Informe Semanal nº 01 - COE Dengue e outras Arboviroses - SE 1 a 4  - 27 de janeiro.pdf,16,localidade_regiao,Sudeste,tabela,"as 251 196 8,0 6,3 Sergipe 77 151 3,5 6,8 Bahia 3.917 1.712 27,7 12,1 Sudeste 203.922 101.631 240,3 119,8 Minas Gerais 123.028 13.692 599,0 66,7 Es",,1.0
Informe Semanal nº 01 - COE Dengue e outras Arboviroses - SE 1 a 4  - 27 de janeiro.pdf,16,localidade_uf,Minas Gerais,tabela,"5 6,8 Bahia 3.917 1.712 27,7 12,1 Sudeste 203.922 101.631 240,3 119,8 Minas Gerais 123.028 13.692 599,0 66,7 Espírito Santo 7.034 3.780 183,5 98,6 Rio d",,1.0
Informe Semanal nº 01 - COE Dengue e outras Arboviroses - SE 1 a 4  - 27 de janeiro.pdf,16,localidade_uf,Espírito Santo,tabela,"te 203.922 101.631 240,3 119,8 Minas Gerais 123.028 13.692 599,0 66,7 Espírito Santo 7.034 3.780 183,5 98,6 Rio de Janeiro 25.030 2.118 155,9 13,2 São Pau",,2.0
Informe Semanal nº 01 - COE Dengue e outras Arboviroses - SE 1 a 4  - 27 de janeiro.pdf,16,localidade_uf,Rio de Janeiro,tabela,"erais 123.028 13.692 599,0 66,7 Espírito Santo 7.034 3.780 183,5 98,6 Rio de Janeiro 25.030 2.118 155,9 13,2 São Paulo 48.830 82.041 109,9 184,7 Sul 40.54",,2.0
Informe Semanal nº 01 - COE Dengue e outras Arboviroses - SE 1 a 4  - 27 de janeiro.pdf,16,localidade_uf,São Paulo,tabela,"o Santo 7.034 3.780 183,5 98,6 Rio de Janeiro 25.030 2.118 155,9 13,2 São Paulo 48.830 82.041 109,9 184,7 Sul 40.541 12.864 135,4 43,0 Paraná 33.894 ",,2.0
Informe Semanal nº 01 - COE Dengue e outras Arboviroses - SE 1 a 4  - 27 de janeiro.pdf,16,localidade_regiao,Sul,tabela,"e Janeiro 25.030 2.118 155,9 13,2 São Paulo 48.830 82.041 109,9 184,7 Sul 40.541 12.864 135,4 43,0 Paraná 33.894 8.878 296,2 77,6 Santa Catarin",,1.0
Informe Semanal nº 01 - COE Dengue e outras Arboviroses - SE 1 a 4  - 27 de janeiro.pdf,16,localidade_uf,Paraná,tabela,"13,2 São Paulo 48.830 82.041 109,9 184,7 Sul 40.541 12.864 135,4 43,0 Paraná 33.894 8.878 296,2 77,6 Santa Catarina 3.921 3.153 51,5 41,4 Rio Gran",,3.0
Informe Semanal nº 01 - COE Dengue e outras Arboviroses - SE 1 a 4  - 27 de janeiro.pdf,16,localidade_uf,Santa Catarina,tabela,"9,9 184,7 Sul 40.541 12.864 135,4 43,0 Paraná 33.894 8.878 296,2 77,6 Santa Catarina 3.921 3.153 51,5 41,4 Rio Grande do Sul 2.726 833 25,1 7,7 Centro-Oes",,1.0
Informe Semanal nº 01 - COE Dengue e outras Arboviroses - SE 1 a 4  - 27 de janeiro.pdf,16,localidade_uf,Rio Grande do Sul,tabela,"0 Paraná 33.894 8.878 296,2 77,6 Santa Catarina 3.921 3.153 51,5 41,4 Rio Grande do Sul 2.726 833 25,1 7,7 Centro-Oeste 73.381 14.428 450,5 88,6 Mato Grosso ",,1.0
Informe Semanal nº 01 - COE Dengue e outras Arboviroses - SE 1 a 4  - 27 de janeiro.pdf,16,localidade_regiao,Centro-Oeste,tabela,"a Catarina 3.921 3.153 51,5 41,4 Rio Grande do Sul 2.726 833 25,1 7,7 Centro-Oeste 73.381 14.428 450,5 88,6 Mato Grosso do Sul 1.337 1.102 48,5 40,0 Mat",,1.0
Informe Semanal nº 01 - COE Dengue e outras Arboviroses - SE 1 a 4  - 27 de janeiro.pdf,16,localidade_uf,Mato Grosso do Sul,tabela,"rande do Sul 2.726 833 25,1 7,7 Centro-Oeste 73.381 14.428 450,5 88,6 Mato Grosso do Sul 1.337 1.102 48,5 40,0 Mato Grosso 3.067 5.546 83,8 151,6 Goiás 20.545",,1.0
Informe Semanal nº 01 - COE Dengue e outras Arboviroses - SE 1 a 4  - 27 de janeiro.pdf,16,localidade_uf,Mato Grosso,tabela,"ste 73.381 14.428 450,5 88,6 Mato Grosso do Sul 1.337 1.102 48,5 40,0 Mato Grosso 3.067 5.546 83,8 151,6 Goiás 20.545 6.209 291,2 88,0 Distrito Federal",,2.0
Informe Semanal nº 01 - COE Dengue e outras Arboviroses - SE 1 a 4  - 27 de janeiro.pdf,16,localidade_uf,Goiás,tabela,"rosso do Sul 1.337 1.102 48,5 40,0 Mato Grosso 3.067 5.546 83,8 151,6 Goiás 20.545 6.209 291,2 88,0 Distrito Federal 48.432 1.571 1.719,2 55,8 Br",,2.0
Informe Semanal nº 01 - COE Dengue e outras Arboviroses - SE 1 a 4  - 27 de janeiro.pdf,16,localidade_uf,Distrito Federal,tabela,"40,0 Mato Grosso 3.067 5.546 83,8 151,6 Goiás 20.545 6.209 291,2 88,0 Distrito Federal 48.432 1.571 1.719,2 55,8 Brasil 331.086 139.241 163,0 68,6 FONTE:Sin",,1.0
Informe Semanal nº 01 - COE Dengue e outras Arboviroses - SE 1 a 4  - 27 de janeiro.pdf,17,localidade_regiao,Norte,tabela, alarme (n) Região/UF SE 01 à SE 04 SE 01 à SE 04 2024 2025 2024 2025 Norte 7 3 40 17 Rondônia 2 0 2 0 Acre 0 0 0 2 Amazonas 4 0 17 3 Roraima 0 0,,1.0
Informe Semanal nº 01 - COE Dengue e outras Arboviroses - SE 1 a 4  - 27 de janeiro.pdf,17,localidade_uf,Rondônia,tabela,ão/UF SE 01 à SE 04 SE 01 à SE 04 2024 2025 2024 2025 Norte 7 3 40 17 Rondônia 2 0 2 0 Acre 0 0 0 2 Amazonas 4 0 17 3 Roraima 0 0 1 1 Pará 0 1 14 10,,1.0
Informe Semanal nº 01 - COE Dengue e outras Arboviroses - SE 1 a 4  - 27 de janeiro.pdf,17,localidade_uf,Acre,tabela,04 SE 01 à SE 04 2024 2025 2024 2025 Norte 7 3 40 17 Rondônia 2 0 2 0 Acre 0 0 0 2 Amazonas 4 0 17 3 Roraima 0 0 1 1 Pará 0 1 14 10 Amapá 0 2 1 ,,1.0
Informe Semanal nº 01 - COE Dengue e outras Arboviroses - SE 1 a 4  - 27 de janeiro.pdf,17,localidade_uf,Amazonas,tabela, 04 2024 2025 2024 2025 Norte 7 3 40 17 Rondônia 2 0 2 0 Acre 0 0 0 2 Amazonas 4 0 17 3 Roraima 0 0 1 1 Pará 0 1 14 10 Amapá 0 2 1 0 Tocantins 1 0 5,,1.0
Informe Semanal nº 01 - COE Dengue e outras Arboviroses - SE 1 a 4  - 27 de janeiro.pdf,17,localidade_uf,Roraima,tabela, 2025 Norte 7 3 40 17 Rondônia 2 0 2 0 Acre 0 0 0 2 Amazonas 4 0 17 3 Roraima 0 0 1 1 Pará 0 1 14 10 Amapá 0 2 1 0 Tocantins 1 0 5 1 Nordeste 6 3 1,,1.0
Informe Semanal nº 01 - COE Dengue e outras Arboviroses - SE 1 a 4  - 27 de janeiro.pdf,17,localidade_uf,Pará,tabela,40 17 Rondônia 2 0 2 0 Acre 0 0 0 2 Amazonas 4 0 17 3 Roraima 0 0 1 1 Pará 0 1 14 10 Amapá 0 2 1 0 Tocantins 1 0 5 1 Nordeste 6 3 156 26 Maranhã,,1.0
Informe Semanal nº 01 - COE Dengue e outras Arboviroses - SE 1 a 4  - 27 de janeiro.pdf,17,localidade_uf,Amapá,tabela,2 0 2 0 Acre 0 0 0 2 Amazonas 4 0 17 3 Roraima 0 0 1 1 Pará 0 1 14 10 Amapá 0 2 1 0 Tocantins 1 0 5 1 Nordeste 6 3 156 26 Maranhão 0 1 8 0 Piauí ,,2.0
Informe Semanal nº 01 - COE Dengue e outras Arboviroses - SE 1 a 4  - 27 de janeiro.pdf,17,localidade_uf,Tocantins,tabela, 0 0 2 Amazonas 4 0 17 3 Roraima 0 0 1 1 Pará 0 1 14 10 Amapá 0 2 1 0 Tocantins 1 0 5 1 Nordeste 6 3 156 26 Maranhão 0 1 8 0 Piauí 0 0 11 1 Ceará 0 0,,2.0
Informe Semanal nº 01 - COE Dengue e outras Arboviroses - SE 1 a 4  - 27 de janeiro.pdf,17,localidade_regiao,Nordeste,tabela,0 17 3 Roraima 0 0 1 1 Pará 0 1 14 10 Amapá 0 2 1 0 Tocantins 1 0 5 1 Nordeste 6 3 156 26 Maranhão 0 1 8 0 Piauí 0 0 11 1 Ceará 0 0 7 1 Rio Grande d,,1.0
Informe Semanal nº 01 - COE Dengue e outras Arboviroses - SE 1 a 4  - 27 de janeiro.pdf,17,localidade_uf,Maranhão,tabela, 1 Pará 0 1 14 10 Amapá 0 2 1 0 Tocantins 1 0 5 1 Nordeste 6 3 156 26 Maranhão 0 1 8 0 Piauí 0 0 11 1 Ceará 0 0 7 1 Rio Grande do Norte 1 0 4 0 Para,,1.0
Informe Semanal nº 01 - COE Dengue e outras Arboviroses - SE 1 a 4  - 27 de janeiro.pdf,17,localidade_uf,Piauí,tabela, Amapá 0 2 1 0 Tocantins 1 0 5 1 Nordeste 6 3 156 26 Maranhão 0 1 8 0 Piauí 0 0 11 1 Ceará 0 0 7 1 Rio Grande do Norte 1 0 4 0 Paraíba 1 0 1 2 Pe,,1.0
Informe Semanal nº 01 - COE Dengue e outras Arboviroses - SE 1 a 4  - 27 de janeiro.pdf,17,localidade_uf,Ceará,tabela,Tocantins 1 0 5 1 Nordeste 6 3 156 26 Maranhão 0 1 8 0 Piauí 0 0 11 1 Ceará 0 0 7 1 Rio Grande do Norte 1 0 4 0 Paraíba 1 0 1 2 Pernambuco 1 0 3 ,,1.0
Informe Semanal nº 01 - COE Dengue e outras Arboviroses - SE 1 a 4  - 27 de janeiro.pdf,17,localidade_uf,Rio Grande do Norte,tabela,5 1 Nordeste 6 3 156 26 Maranhão 0 1 8 0 Piauí 0 0 11 1 Ceará 0 0 7 1 Rio Grande do Norte 1 0 4 0 Paraíba 1 0 1 2 Pernambuco 1 0 3 0 Alagoas 0 1 6 1 Sergipe 0 ,,1.0
Informe Semanal nº 01 - COE Dengue e outras Arboviroses - SE 1 a 4  - 27 de janeiro.pdf,17,localidade_uf,Paraíba,tabela,nhão 0 1 8 0 Piauí 0 0 11 1 Ceará 0 0 7 1 Rio Grande do Norte 1 0 4 0 Paraíba 1 0 1 2 Pernambuco 1 0 3 0 Alagoas 0 1 6 1 Sergipe 0 0 2 4 Bahia 3 1 ,,1.0
Informe Semanal nº 01 - COE Dengue e outras Arboviroses - SE 1 a 4  - 27 de janeiro.pdf,17,localidade_uf,Pernambuco,tabela,uí 0 0 11 1 Ceará 0 0 7 1 Rio Grande do Norte 1 0 4 0 Paraíba 1 0 1 2 Pernambuco 1 0 3 0 Alagoas 0 1 6 1 Sergipe 0 0 2 4 Bahia 3 1 114 17 Sudeste 215 ,,1.0
Informe Semanal nº 01 - COE Dengue e outras Arboviroses - SE 1 a 4  - 27 de janeiro.pdf,17,localidade_uf,Alagoas,tabela, 0 7 1 Rio Grande do Norte 1 0 4 0 Paraíba 1 0 1 2 Pernambuco 1 0 3 0 Alagoas 0 1 6 1 Sergipe 0 0 2 4 Bahia 3 1 114 17 Sudeste 215 55 2.591 718 Min,,1.0
Informe Semanal nº 01 - COE Dengue e outras Arboviroses - SE 1 a 4  - 27 de janeiro.pdf,17,localidade_uf,Sergipe,tabela,e do Norte 1 0 4 0 Paraíba 1 0 1 2 Pernambuco 1 0 3 0 Alagoas 0 1 6 1 Sergipe 0 0 2 4 Bahia 3 1 114 17 Sudeste 215 55 2.591 718 Minas Gerais 102 15,,1.0
Informe Semanal nº 01 - COE Dengue e outras Arboviroses - SE 1 a 4  - 27 de janeiro.pdf,17,localidade_uf,Bahia,tabela, 0 Paraíba 1 0 1 2 Pernambuco 1 0 3 0 Alagoas 0 1 6 1 Sergipe 0 0 2 4 Bahia 3 1 114 17 Sudeste 215 55 2.591 718 Minas Gerais 102 15 1.074 131 Esp,,1.0
Informe Semanal nº 01 - COE Dengue e outras Arboviroses - SE 1 a 4  - 27 de janeiro.pdf,17,localidade_regiao,Sudeste,tabela,2 Pernambuco 1 0 3 0 Alagoas 0 1 6 1 Sergipe 0 0 2 4 Bahia 3 1 114 17 Sudeste 215 55 2.591 718 Minas Gerais 102 15 1.074 131 Espírito Santo 10 0 17,,1.0
Informe Semanal nº 01 - COE Dengue e outras Arboviroses - SE 1 a 4  - 27 de janeiro.pdf,17,localidade_uf,Minas Gerais,tabela,oas 0 1 6 1 Sergipe 0 0 2 4 Bahia 3 1 114 17 Sudeste 215 55 2.591 718 Minas Gerais 102 15 1.074 131 Espírito Santo 10 0 170 12 Rio de Janeiro 29 2 496 2,,1.0
Informe Semanal nº 01 - COE Dengue e outras Arboviroses - SE 1 a 4  - 27 de janeiro.pdf,17,localidade_uf,Espírito Santo,tabela,hia 3 1 114 17 Sudeste 215 55 2.591 718 Minas Gerais 102 15 1.074 131 Espírito Santo 10 0 170 12 Rio de Janeiro 29 2 496 24 São Paulo 74 38 851 551 Sul 45,,2.0
Informe Semanal nº 01 - COE Dengue e outras Arboviroses - SE 1 a 4  - 27 de janeiro.pdf,17,localidade_uf,Rio de Janeiro,tabela,55 2.591 718 Minas Gerais 102 15 1.074 131 Espírito Santo 10 0 170 12 Rio de Janeiro 29 2 496 24 São Paulo 74 38 851 551 Sul 45 1 919 65 Paraná 35 1 772 5,,2.0
Informe Semanal nº 01 - COE Dengue e outras Arboviroses - SE 1 a 4  - 27 de janeiro.pdf,17,localidade_uf,São Paulo,tabela,02 15 1.074 131 Espírito Santo 10 0 170 12 Rio de Janeiro 29 2 496 24 São Paulo 74 38 851 551 Sul 45 1 919 65 Paraná 35 1 772 55 Santa Catarina 7 0 1,,2.0
Informe Semanal nº 01 - COE Dengue e outras Arboviroses - SE 1 a 4  - 27 de janeiro.pdf,17,localidade_regiao,Sul,tabela, Santo 10 0 170 12 Rio de Janeiro 29 2 496 24 São Paulo 74 38 851 551 Sul 45 1 919 65 Paraná 35 1 772 55 Santa Catarina 7 0 108 3 Rio Grande do,,1.0
Informe Semanal nº 01 - COE Dengue e outras Arboviroses - SE 1 a 4  - 27 de janeiro.pdf,17,localidade_uf,Paraná,tabela,12 Rio de Janeiro 29 2 496 24 São Paulo 74 38 851 551 Sul 45 1 919 65 Paraná 35 1 772 55 Santa Catarina 7 0 108 3 Rio Grande do Sul 3 0 39 7 Centr,,3.0
Informe Semanal nº 01 - COE Dengue e outras Arboviroses - SE 1 a 4  - 27 de janeiro.pdf,17,localidade_uf,Santa Catarina,tabela,9 2 496 24 São Paulo 74 38 851 551 Sul 45 1 919 65 Paraná 35 1 772 55 Santa Catarina 7 0 108 3 Rio Grande do Sul 3 0 39 7 Centro-Oeste 110 11 2.039 183 Ma,,1.0
Informe Semanal nº 01 - COE Dengue e outras Arboviroses - SE 1 a 4  - 27 de janeiro.pdf,17,localidade_uf,Rio Grande do Sul,tabela,8 851 551 Sul 45 1 919 65 Paraná 35 1 772 55 Santa Catarina 7 0 108 3 Rio Grande do Sul 3 0 39 7 Centro-Oeste 110 11 2.039 183 Mato Grosso do Sul 3 0 21 26 M,,1.0
Informe Semanal nº 01 - COE Dengue e outras Arboviroses - SE 1 a 4  - 27 de janeiro.pdf,17,localidade_regiao,Centro-Oeste,tabela,araná 35 1 772 55 Santa Catarina 7 0 108 3 Rio Grande do Sul 3 0 39 7 Centro-Oeste 110 11 2.039 183 Mato Grosso do Sul 3 0 21 26 Mato Grosso 6 3 63 13 G,,1.0
Informe Semanal nº 01 - COE Dengue e outras Arboviroses - SE 1 a 4  - 27 de janeiro.pdf,17,localidade_uf,Mato Grosso do Sul,tabela,na 7 0 108 3 Rio Grande do Sul 3 0 39 7 Centro-Oeste 110 11 2.039 183 Mato Grosso do Sul 3 0 21 26 Mato Grosso 6 3 63 13 Goiás 43 8 378 139 Distrito Federal 5,,1.0
Informe Semanal nº 01 - COE Dengue e outras Arboviroses - SE 1 a 4  - 27 de janeiro.pdf,17,localidade_uf,Mato Grosso,tabela,l 3 0 39 7 Centro-Oeste 110 11 2.039 183 Mato Grosso do Sul 3 0 21 26 Mato Grosso 6 3 63 13 Goiás 43 8 378 139 Distrito Federal 58 0 1577 5 Brasil 383 ,,2.0
Informe Semanal nº 01 - COE Dengue e outras Arboviroses - SE 1 a 4  - 27 de janeiro.pdf,17,localidade_uf,Goiás,tabela,e 110 11 2.039 183 Mato Grosso do Sul 3 0 21 26 Mato Grosso 6 3 63 13 Goiás 43 8 378 139 Distrito Federal 58 0 1577 5 Brasil 383 73 5.745 1.009 F,,2.0
Informe Semanal nº 01 - COE Dengue e outras Arboviroses - SE 1 a 4  - 27 de janeiro.pdf,17,localidade_uf,Distrito Federal,tabela,Mato Grosso do Sul 3 0 21 26 Mato Grosso 6 3 63 13 Goiás 43 8 378 139 Distrito Federal 58 0 1577 5 Brasil 383 73 5.745 1.009 FONTE:SinanOn-lineeE-SUS VS(ban,,1.0
Informe Semanal nº 01 - COE Dengue e outras Arboviroses - SE 1 a 4  - 27 de janeiro.pdf,18,localidade_regiao,Norte,tabela," 01 à SE 04 SE 01 à SE 04 SE 01 à SE 04 2024 2025 2024 2025 2024 2025 Norte 7 3 14,9 15,0 0 1 Rondônia 2 0 50,0 0,0 0 0 Acre 0 1 0,0 0,0 0 0 Amaz",,1.0
Informe Semanal nº 01 - COE Dengue e outras Arboviroses - SE 1 a 4  - 27 de janeiro.pdf,18,localidade_uf,Rondônia,tabela,"4 SE 01 à SE 04 2024 2025 2024 2025 2024 2025 Norte 7 3 14,9 15,0 0 1 Rondônia 2 0 50,0 0,0 0 0 Acre 0 1 0,0 0,0 0 0 Amazonas 3 0 14,3 0,0 0 0 Rorai",,1.0
Informe Semanal nº 01 - COE Dengue e outras Arboviroses - SE 1 a 4  - 27 de janeiro.pdf,18,localidade_uf,Acre,tabela,"2024 2025 2024 2025 Norte 7 3 14,9 15,0 0 1 Rondônia 2 0 50,0 0,0 0 0 Acre 0 1 0,0 0,0 0 0 Amazonas 3 0 14,3 0,0 0 0 Roraima 0 0 0,0 0,0 0 0 Par",,1.0
Informe Semanal nº 01 - COE Dengue e outras Arboviroses - SE 1 a 4  - 27 de janeiro.pdf,18,localidade_uf,Amazonas,tabela,"orte 7 3 14,9 15,0 0 1 Rondônia 2 0 50,0 0,0 0 0 Acre 0 1 0,0 0,0 0 0 Amazonas 3 0 14,3 0,0 0 0 Roraima 0 0 0,0 0,0 0 0 Pará 0 1 0,0 0,0 0 0 Amapá 1",,1.0
Informe Semanal nº 01 - COE Dengue e outras Arboviroses - SE 1 a 4  - 27 de janeiro.pdf,18,localidade_uf,Roraima,tabela,"dônia 2 0 50,0 0,0 0 0 Acre 0 1 0,0 0,0 0 0 Amazonas 3 0 14,3 0,0 0 0 Roraima 0 0 0,0 0,0 0 0 Pará 0 1 0,0 0,0 0 0 Amapá 1 1 100,0 0,0 0 1 Tocantin",,1.0
Informe Semanal nº 01 - COE Dengue e outras Arboviroses - SE 1 a 4  - 27 de janeiro.pdf,18,localidade_uf,Pará,tabela,"cre 0 1 0,0 0,0 0 0 Amazonas 3 0 14,3 0,0 0 0 Roraima 0 0 0,0 0,0 0 0 Pará 0 1 0,0 0,0 0 0 Amapá 1 1 100,0 0,0 0 1 Tocantins 1 0 16,7 0,0 0 0 No",,1.0
Informe Semanal nº 01 - COE Dengue e outras Arboviroses - SE 1 a 4  - 27 de janeiro.pdf,18,localidade_uf,Amapá,tabela,"mazonas 3 0 14,3 0,0 0 0 Roraima 0 0 0,0 0,0 0 0 Pará 0 1 0,0 0,0 0 0 Amapá 1 1 100,0 0,0 0 1 Tocantins 1 0 16,7 0,0 0 0 Nordeste 5 1 3,1 3,4 0 9",,2.0
Informe Semanal nº 01 - COE Dengue e outras Arboviroses - SE 1 a 4  - 27 de janeiro.pdf,18,localidade_uf,Tocantins,tabela," Roraima 0 0 0,0 0,0 0 0 Pará 0 1 0,0 0,0 0 0 Amapá 1 1 100,0 0,0 0 1 Tocantins 1 0 16,7 0,0 0 0 Nordeste 5 1 3,1 3,4 0 9 Maranhão 0 0 0,0 0,0 0 3 Pi",,2.0
Informe Semanal nº 01 - COE Dengue e outras Arboviroses - SE 1 a 4  - 27 de janeiro.pdf,18,localidade_regiao,Nordeste,tabela,"rá 0 1 0,0 0,0 0 0 Amapá 1 1 100,0 0,0 0 1 Tocantins 1 0 16,7 0,0 0 0 Nordeste 5 1 3,1 3,4 0 9 Maranhão 0 0 0,0 0,0 0 3 Piauí 0 0 0,0 0,0 0 0 Ceará ",,1.0
Informe Semanal nº 01 - COE Dengue e outras Arboviroses - SE 1 a 4  - 27 de janeiro.pdf,18,localidade_uf,Maranhão,tabela,"1 1 100,0 0,0 0 1 Tocantins 1 0 16,7 0,0 0 0 Nordeste 5 1 3,1 3,4 0 9 Maranhão 0 0 0,0 0,0 0 3 Piauí 0 0 0,0 0,0 0 0 Ceará 0 0 0,0 0,0 0 0 Rio Grand",,1.0
Informe Semanal nº 01 - COE Dengue e outras Arboviroses - SE 1 a 4  - 27 de janeiro.pdf,18,localidade_uf,Piauí,tabela,"ns 1 0 16,7 0,0 0 0 Nordeste 5 1 3,1 3,4 0 9 Maranhão 0 0 0,0 0,0 0 3 Piauí 0 0 0,0 0,0 0 0 Ceará 0 0 0,0 0,0 0 0 Rio Grande do Norte 0 0 0,0 0,0",,1.0
Informe Semanal nº 01 - COE Dengue e outras Arboviroses - SE 1 a 4  - 27 de janeiro.pdf,18,localidade_uf,Ceará,tabela,"rdeste 5 1 3,1 3,4 0 9 Maranhão 0 0 0,0 0,0 0 3 Piauí 0 0 0,0 0,0 0 0 Ceará 0 0 0,0 0,0 0 0 Rio Grande do Norte 0 0 0,0 0,0 0 0 Paraíba 1 0 50,0 ",,1.0
Informe Semanal nº 01 - COE Dengue e outras Arboviroses - SE 1 a 4  - 27 de janeiro.pdf,18,localidade_uf,Rio Grande do Norte,tabela," Maranhão 0 0 0,0 0,0 0 3 Piauí 0 0 0,0 0,0 0 0 Ceará 0 0 0,0 0,0 0 0 Rio Grande do Norte 0 0 0,0 0,0 0 0 Paraíba 1 0 50,0 0,0 0 1 Pernambuco 0 0 0,0 0,0 0 2 A",,1.0
Informe Semanal nº 01 - COE Dengue e outras Arboviroses - SE 1 a 4  - 27 de janeiro.pdf,18,localidade_uf,Paraíba,tabela,"0,0 0,0 0 0 Ceará 0 0 0,0 0,0 0 0 Rio Grande do Norte 0 0 0,0 0,0 0 0 Paraíba 1 0 50,0 0,0 0 1 Pernambuco 0 0 0,0 0,0 0 2 Alagoas 0 0 0,0 0,0 0 0 S",,1.0
Informe Semanal nº 01 - COE Dengue e outras Arboviroses - SE 1 a 4  - 27 de janeiro.pdf,18,localidade_uf,Pernambuco,tabela," 0,0 0 0 Rio Grande do Norte 0 0 0,0 0,0 0 0 Paraíba 1 0 50,0 0,0 0 1 Pernambuco 0 0 0,0 0,0 0 2 Alagoas 0 0 0,0 0,0 0 0 Sergipe 1 0 50,0 0,0 0 0 Bahi",,1.0
Informe Semanal nº 01 - COE Dengue e outras Arboviroses - SE 1 a 4  - 27 de janeiro.pdf,18,localidade_uf,Alagoas,tabela,"e 0 0 0,0 0,0 0 0 Paraíba 1 0 50,0 0,0 0 1 Pernambuco 0 0 0,0 0,0 0 2 Alagoas 0 0 0,0 0,0 0 0 Sergipe 1 0 50,0 0,0 0 0 Bahia 3 1 2,6 5,6 0 3 Sudest",,1.0
Informe Semanal nº 01 - COE Dengue e outras Arboviroses - SE 1 a 4  - 27 de janeiro.pdf,18,localidade_uf,Sergipe,tabela,"a 1 0 50,0 0,0 0 1 Pernambuco 0 0 0,0 0,0 0 2 Alagoas 0 0 0,0 0,0 0 0 Sergipe 1 0 50,0 0,0 0 0 Bahia 3 1 2,6 5,6 0 3 Sudeste 144 16 5,1 2,1 20 130 ",,1.0
Informe Semanal nº 01 - COE Dengue e outras Arboviroses - SE 1 a 4  - 27 de janeiro.pdf,18,localidade_uf,Bahia,tabela,"buco 0 0 0,0 0,0 0 2 Alagoas 0 0 0,0 0,0 0 0 Sergipe 1 0 50,0 0,0 0 0 Bahia 3 1 2,6 5,6 0 3 Sudeste 144 16 5,1 2,1 20 130 Minas Gerais 86 2 7,3 1",,1.0
Informe Semanal nº 01 - COE Dengue e outras Arboviroses - SE 1 a 4  - 27 de janeiro.pdf,18,localidade_regiao,Sudeste,tabela,"lagoas 0 0 0,0 0,0 0 0 Sergipe 1 0 50,0 0,0 0 0 Bahia 3 1 2,6 5,6 0 3 Sudeste 144 16 5,1 2,1 20 130 Minas Gerais 86 2 7,3 1,4 18 8 Espírito Santo 4",,1.0
Informe Semanal nº 01 - COE Dengue e outras Arboviroses - SE 1 a 4  - 27 de janeiro.pdf,18,localidade_uf,Minas Gerais,tabela," 1 0 50,0 0,0 0 0 Bahia 3 1 2,6 5,6 0 3 Sudeste 144 16 5,1 2,1 20 130 Minas Gerais 86 2 7,3 1,4 18 8 Espírito Santo 4 0 2,2 0,0 0 0 Rio de Janeiro 18 0 ",,1.0
Informe Semanal nº 01 - COE Dengue e outras Arboviroses - SE 1 a 4  - 27 de janeiro.pdf,18,localidade_uf,Espírito Santo,tabela," 5,6 0 3 Sudeste 144 16 5,1 2,1 20 130 Minas Gerais 86 2 7,3 1,4 18 8 Espírito Santo 4 0 2,2 0,0 0 0 Rio de Janeiro 18 0 3,4 0,0 0 8 São Paulo 36 14 3,9 2",,2.0
Informe Semanal nº 01 - COE Dengue e outras Arboviroses - SE 1 a 4  - 27 de janeiro.pdf,18,localidade_uf,Rio de Janeiro,tabela," 20 130 Minas Gerais 86 2 7,3 1,4 18 8 Espírito Santo 4 0 2,2 0,0 0 0 Rio de Janeiro 18 0 3,4 0,0 0 8 São Paulo 36 14 3,9 2,4 2 114 Sul 40 0 4,1 0,0 0 9 P",,2.0
Informe Semanal nº 01 - COE Dengue e outras Arboviroses - SE 1 a 4  - 27 de janeiro.pdf,18,localidade_uf,São Paulo,tabela,"4 18 8 Espírito Santo 4 0 2,2 0,0 0 0 Rio de Janeiro 18 0 3,4 0,0 0 8 São Paulo 36 14 3,9 2,4 2 114 Sul 40 0 4,1 0,0 0 9 Paraná 33 0 4,1 0,0 0 7 Sant",,2.0
Informe Semanal nº 01 - COE Dengue e outras Arboviroses - SE 1 a 4  - 27 de janeiro.pdf,18,localidade_regiao,Sul,tabela,"0,0 0 0 Rio de Janeiro 18 0 3,4 0,0 0 8 São Paulo 36 14 3,9 2,4 2 114 Sul 40 0 4,1 0,0 0 9 Paraná 33 0 4,1 0,0 0 7 Santa Catarina 5 0 4,3 0,0 0",,1.0
Informe Semanal nº 01 - COE Dengue e outras Arboviroses - SE 1 a 4  - 27 de janeiro.pdf,18,localidade_uf,Paraná,tabela,"o 18 0 3,4 0,0 0 8 São Paulo 36 14 3,9 2,4 2 114 Sul 40 0 4,1 0,0 0 9 Paraná 33 0 4,1 0,0 0 7 Santa Catarina 5 0 4,3 0,0 0 0 Rio Grande do Sul 2 0",,3.0
Informe Semanal nº 01 - COE Dengue e outras Arboviroses - SE 1 a 4  - 27 de janeiro.pdf,18,localidade_uf,Santa Catarina,tabela,"aulo 36 14 3,9 2,4 2 114 Sul 40 0 4,1 0,0 0 9 Paraná 33 0 4,1 0,0 0 7 Santa Catarina 5 0 4,3 0,0 0 0 Rio Grande do Sul 2 0 4,8 0,0 0 2 Centro-Oeste 101 1 ",,1.0
Informe Semanal nº 01 - COE Dengue e outras Arboviroses - SE 1 a 4  - 27 de janeiro.pdf,18,localidade_uf,Rio Grande do Sul,tabela," 0 4,1 0,0 0 9 Paraná 33 0 4,1 0,0 0 7 Santa Catarina 5 0 4,3 0,0 0 0 Rio Grande do Sul 2 0 4,8 0,0 0 2 Centro-Oeste 101 1 4,7 0,5 0 11 Mato Grosso do Sul 2 ",,1.0
Informe Semanal nº 01 - COE Dengue e outras Arboviroses - SE 1 a 4  - 27 de janeiro.pdf,18,localidade_regiao,Centro-Oeste,tabela," 0 7 Santa Catarina 5 0 4,3 0,0 0 0 Rio Grande do Sul 2 0 4,8 0,0 0 2 Centro-Oeste 101 1 4,7 0,5 0 11 Mato Grosso do Sul 2 0 8,3 0,0 0 0 Mato Grosso 2 0",,1.0
Informe Semanal nº 01 - COE Dengue e outras Arboviroses - SE 1 a 4  - 27 de janeiro.pdf,18,localidade_uf,Mato Grosso do Sul,tabela,"0 0 Rio Grande do Sul 2 0 4,8 0,0 0 2 Centro-Oeste 101 1 4,7 0,5 0 11 Mato Grosso do Sul 2 0 8,3 0,0 0 0 Mato Grosso 2 0 2,9 0,0 0 3 Goiás 33 1 7,8 0,7 0 7 Di",,1.0
Informe Semanal nº 01 - COE Dengue e outras Arboviroses - SE 1 a 4  - 27 de janeiro.pdf,18,localidade_uf,Mato Grosso,tabela," 2 Centro-Oeste 101 1 4,7 0,5 0 11 Mato Grosso do Sul 2 0 8,3 0,0 0 0 Mato Grosso 2 0 2,9 0,0 0 3 Goiás 33 1 7,8 0,7 0 7 Distrito Federal 64 0 3,9 0,0 ",,2.0
Informe Semanal nº 01 - COE Dengue e outras Arboviroses - SE 1 a 4  - 27 de janeiro.pdf,18,localidade_uf,Goiás,tabela,"5 0 11 Mato Grosso do Sul 2 0 8,3 0,0 0 0 Mato Grosso 2 0 2,9 0,0 0 3 Goiás 33 1 7,8 0,7 0 7 Distrito Federal 64 0 3,9 0,0 0 1 Brasil 297 21 4,8 ",,2.0
Informe Semanal nº 01 - COE Dengue e outras Arboviroses - SE 1 a 4  - 27 de janeiro.pdf,18,localidade_uf,Distrito Federal,tabela,"ul 2 0 8,3 0,0 0 0 Mato Grosso 2 0 2,9 0,0 0 3 Goiás 33 1 7,8 0,7 0 7 Distrito Federal 64 0 3,9 0,0 0 1 Brasil 297 21 4,8 1,9 20 160 FONTE:SinanOn-lineeE-SU",,1.0
Informe Semanal nº 02 - COE Dengue e outras Arboviroses - SE 1 a 8 - 24 de fevereiro.pdf,2,localidade_regiao,Sudeste,narrativa," geográficas que apresentam os maiores coeficientes de incidência são Sudeste, Centro-Oeste e Sul. Entre as Unidades Federativas (UF), Acre, São Pa",,1.0
Informe Semanal nº 02 - COE Dengue e outras Arboviroses - SE 1 a 8 - 24 de fevereiro.pdf,2,localidade_regiao,Centro-Oeste,narrativa,"cas que apresentam os maiores coeficientes de incidência são Sudeste, Centro-Oeste e Sul. Entre as Unidades Federativas (UF), Acre, São Paulo, e Mato Gr",,1.0
Informe Semanal nº 02 - COE Dengue e outras Arboviroses - SE 1 a 8 - 24 de fevereiro.pdf,2,localidade_regiao,Sul,narrativa,"tam os maiores coeficientes de incidência são Sudeste, Centro-Oeste e Sul. Entre as Unidades Federativas (UF), Acre, São Paulo, e Mato Grosso a",,1.0
Informe Semanal nº 02 - COE Dengue e outras Arboviroses - SE 1 a 8 - 24 de fevereiro.pdf,2,localidade_uf,Acre,narrativa," são Sudeste, Centro-Oeste e Sul. Entre as Unidades Federativas (UF), Acre, São Paulo, e Mato Grosso apresentam as maiores incidências. Os maior",,1.0
Informe Semanal nº 02 - COE Dengue e outras Arboviroses - SE 1 a 8 - 24 de fevereiro.pdf,2,localidade_uf,São Paulo,narrativa,"udeste, Centro-Oeste e Sul. Entre as Unidades Federativas (UF), Acre, São Paulo, e Mato Grosso apresentam as maiores incidências. Os maiores números ",,2.0
Informe Semanal nº 02 - COE Dengue e outras Arboviroses - SE 1 a 8 - 24 de fevereiro.pdf,2,localidade_uf,Mato Grosso,narrativa,"o-Oeste e Sul. Entre as Unidades Federativas (UF), Acre, São Paulo, e Mato Grosso apresentam as maiores incidências. Os maiores números de casos graves",,2.0
Informe Semanal nº 02 - COE Dengue e outras Arboviroses - SE 1 a 8 - 24 de fevereiro.pdf,2,localidade_regiao,Sudeste,narrativa,"dências. Os maiores números de casos graves concentram-se nas regiões Sudeste, Centro-Oeste e Sul. Os óbitos concentram-se na região Sudeste. Foram",,1.0
Informe Semanal nº 02 - COE Dengue e outras Arboviroses - SE 1 a 8 - 24 de fevereiro.pdf,2,localidade_regiao,Centro-Oeste,narrativa,"Os maiores números de casos graves concentram-se nas regiões Sudeste, Centro-Oeste e Sul. Os óbitos concentram-se na região Sudeste. Foram confirmados 1",,1.0
Informe Semanal nº 02 - COE Dengue e outras Arboviroses - SE 1 a 8 - 24 de fevereiro.pdf,2,localidade_regiao,Sul,narrativa,"ros de casos graves concentram-se nas regiões Sudeste, Centro-Oeste e Sul. Os óbitos concentram-se na região Sudeste. Foram confirmados 160 óbi",,1.0
Informe Semanal nº 02 - COE Dengue e outras Arboviroses - SE 1 a 8 - 24 de fevereiro.pdf,2,localidade_regiao,Sudeste,narrativa,"egiões Sudeste, Centro-Oeste e Sul. Os óbitos concentram-se na região Sudeste. Foram confirmados 160 óbitos no período, e 377 estão em investigação",,1.0
Informe Semanal nº 02 - COE Dengue e outras Arboviroses - SE 1 a 8 - 24 de fevereiro.pdf,16,localidade_regiao,Norte,tabela," incidência Região/UF SE 01 à SE 08 SE 01 à SE 08 2024 2025 2024 2025 Norte 16.166 16.327 93,2 94,1 Rondônia 1.207 416 76,3 26,3 Acre 2.570 6.001",,1.0
Informe Semanal nº 02 - COE Dengue e outras Arboviroses - SE 1 a 8 - 24 de fevereiro.pdf,16,localidade_uf,Rondônia,tabela,"SE 08 SE 01 à SE 08 2024 2025 2024 2025 Norte 16.166 16.327 93,2 94,1 Rondônia 1.207 416 76,3 26,3 Acre 2.570 6.001 309,6 723,0 Amazonas 3.321 1.762",,1.0
Informe Semanal nº 02 - COE Dengue e outras Arboviroses - SE 1 a 8 - 24 de fevereiro.pdf,16,localidade_uf,Acre,tabela," 2024 2025 Norte 16.166 16.327 93,2 94,1 Rondônia 1.207 416 76,3 26,3 Acre 2.570 6.001 309,6 723,0 Amazonas 3.321 1.762 84,3 44,7 Roraima 64 132",,1.0
Informe Semanal nº 02 - COE Dengue e outras Arboviroses - SE 1 a 8 - 24 de fevereiro.pdf,16,localidade_uf,Amazonas,tabela,"7 93,2 94,1 Rondônia 1.207 416 76,3 26,3 Acre 2.570 6.001 309,6 723,0 Amazonas 3.321 1.762 84,3 44,7 Roraima 64 132 10,1 20,7 Pará 3.523 6.116 43,4 ",,1.0
Informe Semanal nº 02 - COE Dengue e outras Arboviroses - SE 1 a 8 - 24 de fevereiro.pdf,16,localidade_uf,Roraima,tabela,"76,3 26,3 Acre 2.570 6.001 309,6 723,0 Amazonas 3.321 1.762 84,3 44,7 Roraima 64 132 10,1 20,7 Pará 3.523 6.116 43,4 75,4 Amapá 1.966 512 268,0 69,",,1.0
Informe Semanal nº 02 - COE Dengue e outras Arboviroses - SE 1 a 8 - 24 de fevereiro.pdf,16,localidade_uf,Pará,tabela,"1 309,6 723,0 Amazonas 3.321 1.762 84,3 44,7 Roraima 64 132 10,1 20,7 Pará 3.523 6.116 43,4 75,4 Amapá 1.966 512 268,0 69,8 Tocantins 514 1.388 ",,1.0
Informe Semanal nº 02 - COE Dengue e outras Arboviroses - SE 1 a 8 - 24 de fevereiro.pdf,16,localidade_uf,Amapá,tabela,"1 1.762 84,3 44,7 Roraima 64 132 10,1 20,7 Pará 3.523 6.116 43,4 75,4 Amapá 1.966 512 268,0 69,8 Tocantins 514 1.388 34,0 91,8 Nordeste 38.645 15",,2.0
Informe Semanal nº 02 - COE Dengue e outras Arboviroses - SE 1 a 8 - 24 de fevereiro.pdf,16,localidade_uf,Tocantins,tabela,"4 132 10,1 20,7 Pará 3.523 6.116 43,4 75,4 Amapá 1.966 512 268,0 69,8 Tocantins 514 1.388 34,0 91,8 Nordeste 38.645 15.286 70,7 28,0 Maranhão 1.080 8",,2.0
Informe Semanal nº 02 - COE Dengue e outras Arboviroses - SE 1 a 8 - 24 de fevereiro.pdf,16,localidade_regiao,Nordeste,tabela,"16 43,4 75,4 Amapá 1.966 512 268,0 69,8 Tocantins 514 1.388 34,0 91,8 Nordeste 38.645 15.286 70,7 28,0 Maranhão 1.080 850 15,9 12,5 Piauí 1.476 895 ",,1.0
Informe Semanal nº 02 - COE Dengue e outras Arboviroses - SE 1 a 8 - 24 de fevereiro.pdf,16,localidade_uf,Maranhão,tabela,"0 69,8 Tocantins 514 1.388 34,0 91,8 Nordeste 38.645 15.286 70,7 28,0 Maranhão 1.080 850 15,9 12,5 Piauí 1.476 895 45,1 27,4 Ceará 940 1.181 10,7 13",,1.0
Informe Semanal nº 02 - COE Dengue e outras Arboviroses - SE 1 a 8 - 24 de fevereiro.pdf,16,localidade_uf,Piauí,tabela,",0 91,8 Nordeste 38.645 15.286 70,7 28,0 Maranhão 1.080 850 15,9 12,5 Piauí 1.476 895 45,1 27,4 Ceará 940 1.181 10,7 13,4 Rio Grande do Norte 1.2",,1.0
Informe Semanal nº 02 - COE Dengue e outras Arboviroses - SE 1 a 8 - 24 de fevereiro.pdf,16,localidade_uf,Ceará,tabela,".286 70,7 28,0 Maranhão 1.080 850 15,9 12,5 Piauí 1.476 895 45,1 27,4 Ceará 940 1.181 10,7 13,4 Rio Grande do Norte 1.271 1.034 38,5 31,3 Paraíba",,1.0
Informe Semanal nº 02 - COE Dengue e outras Arboviroses - SE 1 a 8 - 24 de fevereiro.pdf,16,localidade_uf,Rio Grande do Norte,tabela,"080 850 15,9 12,5 Piauí 1.476 895 45,1 27,4 Ceará 940 1.181 10,7 13,4 Rio Grande do Norte 1.271 1.034 38,5 31,3 Paraíba 938 1.387 23,6 34,9 Pernambuco 1.162 3.",,1.0
Informe Semanal nº 02 - COE Dengue e outras Arboviroses - SE 1 a 8 - 24 de fevereiro.pdf,16,localidade_uf,Paraíba,tabela,"4 Ceará 940 1.181 10,7 13,4 Rio Grande do Norte 1.271 1.034 38,5 31,3 Paraíba 938 1.387 23,6 34,9 Pernambuco 1.162 3.008 12,8 33,2 Alagoas 763 492 ",,1.0
Informe Semanal nº 02 - COE Dengue e outras Arboviroses - SE 1 a 8 - 24 de fevereiro.pdf,16,localidade_uf,Pernambuco,tabela,"Rio Grande do Norte 1.271 1.034 38,5 31,3 Paraíba 938 1.387 23,6 34,9 Pernambuco 1.162 3.008 12,8 33,2 Alagoas 763 492 24,4 15,7 Sergipe 181 345 8,2 1",,1.0
Informe Semanal nº 02 - COE Dengue e outras Arboviroses - SE 1 a 8 - 24 de fevereiro.pdf,16,localidade_uf,Alagoas,tabela,"8,5 31,3 Paraíba 938 1.387 23,6 34,9 Pernambuco 1.162 3.008 12,8 33,2 Alagoas 763 492 24,4 15,7 Sergipe 181 345 8,2 15,6 Bahia 16.185 6.094 114,5 4",,1.0
Informe Semanal nº 02 - COE Dengue e outras Arboviroses - SE 1 a 8 - 24 de fevereiro.pdf,16,localidade_uf,Sergipe,tabela," 23,6 34,9 Pernambuco 1.162 3.008 12,8 33,2 Alagoas 763 492 24,4 15,7 Sergipe 181 345 8,2 15,6 Bahia 16.185 6.094 114,5 43,1 Sudeste 828.558 293.86",,1.0
Informe Semanal nº 02 - COE Dengue e outras Arboviroses - SE 1 a 8 - 24 de fevereiro.pdf,16,localidade_uf,Bahia,tabela,"62 3.008 12,8 33,2 Alagoas 763 492 24,4 15,7 Sergipe 181 345 8,2 15,6 Bahia 16.185 6.094 114,5 43,1 Sudeste 828.558 293.862 976,5 346,3 Minas Ger",,1.0
Informe Semanal nº 02 - COE Dengue e outras Arboviroses - SE 1 a 8 - 24 de fevereiro.pdf,16,localidade_regiao,Sudeste,tabela," 492 24,4 15,7 Sergipe 181 345 8,2 15,6 Bahia 16.185 6.094 114,5 43,1 Sudeste 828.558 293.862 976,5 346,3 Minas Gerais 373.362 45.696 1.817,8 222,5",,1.0
Informe Semanal nº 02 - COE Dengue e outras Arboviroses - SE 1 a 8 - 24 de fevereiro.pdf,16,localidade_uf,Minas Gerais,tabela,"5,6 Bahia 16.185 6.094 114,5 43,1 Sudeste 828.558 293.862 976,5 346,3 Minas Gerais 373.362 45.696 1.817,8 222,5 Espírito Santo 20.939 7.269 546,2 189,6 ",,1.0
Informe Semanal nº 02 - COE Dengue e outras Arboviroses - SE 1 a 8 - 24 de fevereiro.pdf,16,localidade_uf,Espírito Santo,tabela,"828.558 293.862 976,5 346,3 Minas Gerais 373.362 45.696 1.817,8 222,5 Espírito Santo 20.939 7.269 546,2 189,6 Rio de Janeiro 76.358 8.353 475,6 52,0 São P",,2.0
Informe Semanal nº 02 - COE Dengue e outras Arboviroses - SE 1 a 8 - 24 de fevereiro.pdf,16,localidade_uf,Rio de Janeiro,tabela," 373.362 45.696 1.817,8 222,5 Espírito Santo 20.939 7.269 546,2 189,6 Rio de Janeiro 76.358 8.353 475,6 52,0 São Paulo 146.975 232.544 330,9 523,5 Sul 149",,2.0
Informe Semanal nº 02 - COE Dengue e outras Arboviroses - SE 1 a 8 - 24 de fevereiro.pdf,16,localidade_uf,São Paulo,tabela,"Santo 20.939 7.269 546,2 189,6 Rio de Janeiro 76.358 8.353 475,6 52,0 São Paulo 146.975 232.544 330,9 523,5 Sul 149.728 31.707 500,2 105,9 Paraná 81.",,2.0
Informe Semanal nº 02 - COE Dengue e outras Arboviroses - SE 1 a 8 - 24 de fevereiro.pdf,16,localidade_regiao,Sul,tabela,"Janeiro 76.358 8.353 475,6 52,0 São Paulo 146.975 232.544 330,9 523,5 Sul 149.728 31.707 500,2 105,9 Paraná 81.447 23.232 711,7 203,0 Santa Cat",,1.0
Informe Semanal nº 02 - COE Dengue e outras Arboviroses - SE 1 a 8 - 24 de fevereiro.pdf,16,localidade_uf,Paraná,tabela," São Paulo 146.975 232.544 330,9 523,5 Sul 149.728 31.707 500,2 105,9 Paraná 81.447 23.232 711,7 203,0 Santa Catarina 16.521 5.374 217,1 70,6 Rio ",,3.0
Informe Semanal nº 02 - COE Dengue e outras Arboviroses - SE 1 a 8 - 24 de fevereiro.pdf,16,localidade_uf,Santa Catarina,tabela,"523,5 Sul 149.728 31.707 500,2 105,9 Paraná 81.447 23.232 711,7 203,0 Santa Catarina 16.521 5.374 217,1 70,6 Rio Grande do Sul 11.709 3.101 107,6 28,5 Cen",,1.0
Informe Semanal nº 02 - COE Dengue e outras Arboviroses - SE 1 a 8 - 24 de fevereiro.pdf,16,localidade_uf,Rio Grande do Sul,tabela,"raná 81.447 23.232 711,7 203,0 Santa Catarina 16.521 5.374 217,1 70,6 Rio Grande do Sul 11.709 3.101 107,6 28,5 Centro-Oeste 227.820 44.226 1.398,7 271,5 Mat",,1.0
Informe Semanal nº 02 - COE Dengue e outras Arboviroses - SE 1 a 8 - 24 de fevereiro.pdf,16,localidade_regiao,Centro-Oeste,tabela,"ina 16.521 5.374 217,1 70,6 Rio Grande do Sul 11.709 3.101 107,6 28,5 Centro-Oeste 227.820 44.226 1.398,7 271,5 Mato Grosso do Sul 3.164 3.057 114,8 110",,1.0
Informe Semanal nº 02 - COE Dengue e outras Arboviroses - SE 1 a 8 - 24 de fevereiro.pdf,16,localidade_uf,Mato Grosso do Sul,tabela,"Sul 11.709 3.101 107,6 28,5 Centro-Oeste 227.820 44.226 1.398,7 271,5 Mato Grosso do Sul 3.164 3.057 114,8 110,9 Mato Grosso 7.507 15.357 205,2 419,7 Goiás 60",,1.0
Informe Semanal nº 02 - COE Dengue e outras Arboviroses - SE 1 a 8 - 24 de fevereiro.pdf,16,localidade_uf,Mato Grosso,tabela,"7.820 44.226 1.398,7 271,5 Mato Grosso do Sul 3.164 3.057 114,8 110,9 Mato Grosso 7.507 15.357 205,2 419,7 Goiás 60.318 22.244 854,9 315,3 Distrito Fed",,2.0
Informe Semanal nº 02 - COE Dengue e outras Arboviroses - SE 1 a 8 - 24 de fevereiro.pdf,16,localidade_uf,Goiás,tabela,"o do Sul 3.164 3.057 114,8 110,9 Mato Grosso 7.507 15.357 205,2 419,7 Goiás 60.318 22.244 854,9 315,3 Distrito Federal 113.699 3.568 4.036,1 126,",,2.0
Informe Semanal nº 02 - COE Dengue e outras Arboviroses - SE 1 a 8 - 24 de fevereiro.pdf,16,localidade_uf,Distrito Federal,tabela," Mato Grosso 7.507 15.357 205,2 419,7 Goiás 60.318 22.244 854,9 315,3 Distrito Federal 113.699 3.568 4.036,1 126,7 Brasil 1.260.917 401.408 621,0 197,7 FONT",,1.0
Informe Semanal nº 02 - COE Dengue e outras Arboviroses - SE 1 a 8 - 24 de fevereiro.pdf,17,localidade_regiao,Norte,tabela, alarme (n) Região/UF SE 01 à SE 08 SE 01 à SE 08 2024 2025 2024 2025 Norte 22 8 202 59 Rondônia 2 1 11 2 Acre 1 1 2 10 Amazonas 6 0 40 4 Roraima,,1.0
Informe Semanal nº 02 - COE Dengue e outras Arboviroses - SE 1 a 8 - 24 de fevereiro.pdf,17,localidade_uf,Rondônia,tabela,/UF SE 01 à SE 08 SE 01 à SE 08 2024 2025 2024 2025 Norte 22 8 202 59 Rondônia 2 1 11 2 Acre 1 1 2 10 Amazonas 6 0 40 4 Roraima 0 0 1 1 Pará 10 4 91,,1.0
Informe Semanal nº 02 - COE Dengue e outras Arboviroses - SE 1 a 8 - 24 de fevereiro.pdf,17,localidade_uf,Acre,tabela,SE 01 à SE 08 2024 2025 2024 2025 Norte 22 8 202 59 Rondônia 2 1 11 2 Acre 1 1 2 10 Amazonas 6 0 40 4 Roraima 0 0 1 1 Pará 10 4 91 38 Amapá 1 2 ,,1.0
Informe Semanal nº 02 - COE Dengue e outras Arboviroses - SE 1 a 8 - 24 de fevereiro.pdf,17,localidade_uf,Amazonas,tabela,2024 2025 2024 2025 Norte 22 8 202 59 Rondônia 2 1 11 2 Acre 1 1 2 10 Amazonas 6 0 40 4 Roraima 0 0 1 1 Pará 10 4 91 38 Amapá 1 2 37 2 Tocantins 2 0,,1.0
Informe Semanal nº 02 - COE Dengue e outras Arboviroses - SE 1 a 8 - 24 de fevereiro.pdf,17,localidade_uf,Roraima,tabela,5 Norte 22 8 202 59 Rondônia 2 1 11 2 Acre 1 1 2 10 Amazonas 6 0 40 4 Roraima 0 0 1 1 Pará 10 4 91 38 Amapá 1 2 37 2 Tocantins 2 0 20 2 Nordeste 40,,1.0
Informe Semanal nº 02 - COE Dengue e outras Arboviroses - SE 1 a 8 - 24 de fevereiro.pdf,17,localidade_uf,Pará,tabela, 59 Rondônia 2 1 11 2 Acre 1 1 2 10 Amazonas 6 0 40 4 Roraima 0 0 1 1 Pará 10 4 91 38 Amapá 1 2 37 2 Tocantins 2 0 20 2 Nordeste 40 11 796 112 M,,1.0
Informe Semanal nº 02 - COE Dengue e outras Arboviroses - SE 1 a 8 - 24 de fevereiro.pdf,17,localidade_uf,Amapá,tabela, 11 2 Acre 1 1 2 10 Amazonas 6 0 40 4 Roraima 0 0 1 1 Pará 10 4 91 38 Amapá 1 2 37 2 Tocantins 2 0 20 2 Nordeste 40 11 796 112 Maranhão 5 1 47 4 ,,2.0
Informe Semanal nº 02 - COE Dengue e outras Arboviroses - SE 1 a 8 - 24 de fevereiro.pdf,17,localidade_uf,Tocantins,tabela,2 10 Amazonas 6 0 40 4 Roraima 0 0 1 1 Pará 10 4 91 38 Amapá 1 2 37 2 Tocantins 2 0 20 2 Nordeste 40 11 796 112 Maranhão 5 1 47 4 Piauí 1 3 63 13 Cea,,2.0
Informe Semanal nº 02 - COE Dengue e outras Arboviroses - SE 1 a 8 - 24 de fevereiro.pdf,17,localidade_regiao,Nordeste,tabela,0 4 Roraima 0 0 1 1 Pará 10 4 91 38 Amapá 1 2 37 2 Tocantins 2 0 20 2 Nordeste 40 11 796 112 Maranhão 5 1 47 4 Piauí 1 3 63 13 Ceará 0 0 23 5 Rio Gr,,1.0
Informe Semanal nº 02 - COE Dengue e outras Arboviroses - SE 1 a 8 - 24 de fevereiro.pdf,17,localidade_uf,Maranhão,tabela,á 10 4 91 38 Amapá 1 2 37 2 Tocantins 2 0 20 2 Nordeste 40 11 796 112 Maranhão 5 1 47 4 Piauí 1 3 63 13 Ceará 0 0 23 5 Rio Grande do Norte 1 0 23 6 ,,1.0
Informe Semanal nº 02 - COE Dengue e outras Arboviroses - SE 1 a 8 - 24 de fevereiro.pdf,17,localidade_uf,Piauí,tabela, 1 2 37 2 Tocantins 2 0 20 2 Nordeste 40 11 796 112 Maranhão 5 1 47 4 Piauí 1 3 63 13 Ceará 0 0 23 5 Rio Grande do Norte 1 0 23 6 Paraíba 3 0 15 ,,1.0
Informe Semanal nº 02 - COE Dengue e outras Arboviroses - SE 1 a 8 - 24 de fevereiro.pdf,17,localidade_uf,Ceará,tabela,ins 2 0 20 2 Nordeste 40 11 796 112 Maranhão 5 1 47 4 Piauí 1 3 63 13 Ceará 0 0 23 5 Rio Grande do Norte 1 0 23 6 Paraíba 3 0 15 2 Pernambuco 1 0,,1.0
Informe Semanal nº 02 - COE Dengue e outras Arboviroses - SE 1 a 8 - 24 de fevereiro.pdf,17,localidade_uf,Rio Grande do Norte,tabela,rdeste 40 11 796 112 Maranhão 5 1 47 4 Piauí 1 3 63 13 Ceará 0 0 23 5 Rio Grande do Norte 1 0 23 6 Paraíba 3 0 15 2 Pernambuco 1 0 8 4 Alagoas 1 2 22 2 Sergipe,,1.0
Informe Semanal nº 02 - COE Dengue e outras Arboviroses - SE 1 a 8 - 24 de fevereiro.pdf,17,localidade_uf,Paraíba,tabela, 5 1 47 4 Piauí 1 3 63 13 Ceará 0 0 23 5 Rio Grande do Norte 1 0 23 6 Paraíba 3 0 15 2 Pernambuco 1 0 8 4 Alagoas 1 2 22 2 Sergipe 3 1 9 4 Bahia 25,,1.0
Informe Semanal nº 02 - COE Dengue e outras Arboviroses - SE 1 a 8 - 24 de fevereiro.pdf,17,localidade_uf,Pernambuco,tabela, 3 63 13 Ceará 0 0 23 5 Rio Grande do Norte 1 0 23 6 Paraíba 3 0 15 2 Pernambuco 1 0 8 4 Alagoas 1 2 22 2 Sergipe 3 1 9 4 Bahia 25 4 586 72 Sudeste 77,,1.0
Informe Semanal nº 02 - COE Dengue e outras Arboviroses - SE 1 a 8 - 24 de fevereiro.pdf,17,localidade_uf,Alagoas,tabela,23 5 Rio Grande do Norte 1 0 23 6 Paraíba 3 0 15 2 Pernambuco 1 0 8 4 Alagoas 1 2 22 2 Sergipe 3 1 9 4 Bahia 25 4 586 72 Sudeste 779 229 9.170 2.76,,1.0
Informe Semanal nº 02 - COE Dengue e outras Arboviroses - SE 1 a 8 - 24 de fevereiro.pdf,17,localidade_uf,Sergipe,tabela,o Norte 1 0 23 6 Paraíba 3 0 15 2 Pernambuco 1 0 8 4 Alagoas 1 2 22 2 Sergipe 3 1 9 4 Bahia 25 4 586 72 Sudeste 779 229 9.170 2.760 Minas Gerais 41,,1.0
Informe Semanal nº 02 - COE Dengue e outras Arboviroses - SE 1 a 8 - 24 de fevereiro.pdf,17,localidade_uf,Bahia,tabela, Paraíba 3 0 15 2 Pernambuco 1 0 8 4 Alagoas 1 2 22 2 Sergipe 3 1 9 4 Bahia 25 4 586 72 Sudeste 779 229 9.170 2.760 Minas Gerais 410 35 4.614 395,,1.0
Informe Semanal nº 02 - COE Dengue e outras Arboviroses - SE 1 a 8 - 24 de fevereiro.pdf,17,localidade_regiao,Sudeste,tabela,Pernambuco 1 0 8 4 Alagoas 1 2 22 2 Sergipe 3 1 9 4 Bahia 25 4 586 72 Sudeste 779 229 9.170 2.760 Minas Gerais 410 35 4.614 395 Espírito Santo 33 2,,1.0
Informe Semanal nº 02 - COE Dengue e outras Arboviroses - SE 1 a 8 - 24 de fevereiro.pdf,17,localidade_uf,Minas Gerais,tabela, 2 22 2 Sergipe 3 1 9 4 Bahia 25 4 586 72 Sudeste 779 229 9.170 2.760 Minas Gerais 410 35 4.614 395 Espírito Santo 33 2 601 127 Rio de Janeiro 88 8 1.41,,1.0
Informe Semanal nº 02 - COE Dengue e outras Arboviroses - SE 1 a 8 - 24 de fevereiro.pdf,17,localidade_uf,Espírito Santo,tabela,25 4 586 72 Sudeste 779 229 9.170 2.760 Minas Gerais 410 35 4.614 395 Espírito Santo 33 2 601 127 Rio de Janeiro 88 8 1.412 99 São Paulo 248 184 2.543 2.1,,2.0
Informe Semanal nº 02 - COE Dengue e outras Arboviroses - SE 1 a 8 - 24 de fevereiro.pdf,17,localidade_uf,Rio de Janeiro,tabela,9.170 2.760 Minas Gerais 410 35 4.614 395 Espírito Santo 33 2 601 127 Rio de Janeiro 88 8 1.412 99 São Paulo 248 184 2.543 2.139 Sul 159 15 3.135 216 Para,,2.0
Informe Semanal nº 02 - COE Dengue e outras Arboviroses - SE 1 a 8 - 24 de fevereiro.pdf,17,localidade_uf,São Paulo,tabela,35 4.614 395 Espírito Santo 33 2 601 127 Rio de Janeiro 88 8 1.412 99 São Paulo 248 184 2.543 2.139 Sul 159 15 3.135 216 Paraná 103 12 2.046 192 Sant,,2.0
Informe Semanal nº 02 - COE Dengue e outras Arboviroses - SE 1 a 8 - 24 de fevereiro.pdf,17,localidade_regiao,Sul,tabela, 2 601 127 Rio de Janeiro 88 8 1.412 99 São Paulo 248 184 2.543 2.139 Sul 159 15 3.135 216 Paraná 103 12 2.046 192 Santa Catarina 30 0 861 8 Ri,,1.0
Informe Semanal nº 02 - COE Dengue e outras Arboviroses - SE 1 a 8 - 24 de fevereiro.pdf,17,localidade_uf,Paraná,tabela,eiro 88 8 1.412 99 São Paulo 248 184 2.543 2.139 Sul 159 15 3.135 216 Paraná 103 12 2.046 192 Santa Catarina 30 0 861 8 Rio Grande do Sul 26 3 228,,3.0
Informe Semanal nº 02 - COE Dengue e outras Arboviroses - SE 1 a 8 - 24 de fevereiro.pdf,17,localidade_uf,Santa Catarina,tabela,aulo 248 184 2.543 2.139 Sul 159 15 3.135 216 Paraná 103 12 2.046 192 Santa Catarina 30 0 861 8 Rio Grande do Sul 26 3 228 16 Centro-Oeste 377 36 7.122 64,,1.0
Informe Semanal nº 02 - COE Dengue e outras Arboviroses - SE 1 a 8 - 24 de fevereiro.pdf,17,localidade_uf,Rio Grande do Sul,tabela,ul 159 15 3.135 216 Paraná 103 12 2.046 192 Santa Catarina 30 0 861 8 Rio Grande do Sul 26 3 228 16 Centro-Oeste 377 36 7.122 649 Mato Grosso do Sul 9 4 75 8,,1.0
Informe Semanal nº 02 - COE Dengue e outras Arboviroses - SE 1 a 8 - 24 de fevereiro.pdf,17,localidade_regiao,Centro-Oeste,tabela, 12 2.046 192 Santa Catarina 30 0 861 8 Rio Grande do Sul 26 3 228 16 Centro-Oeste 377 36 7.122 649 Mato Grosso do Sul 9 4 75 87 Mato Grosso 18 10 196 5,,1.0
Informe Semanal nº 02 - COE Dengue e outras Arboviroses - SE 1 a 8 - 24 de fevereiro.pdf,17,localidade_uf,Mato Grosso do Sul,tabela,0 0 861 8 Rio Grande do Sul 26 3 228 16 Centro-Oeste 377 36 7.122 649 Mato Grosso do Sul 9 4 75 87 Mato Grosso 18 10 196 52 Goiás 113 22 1438 495 Distrito Fed,,1.0
Informe Semanal nº 02 - COE Dengue e outras Arboviroses - SE 1 a 8 - 24 de fevereiro.pdf,17,localidade_uf,Mato Grosso,tabela,6 3 228 16 Centro-Oeste 377 36 7.122 649 Mato Grosso do Sul 9 4 75 87 Mato Grosso 18 10 196 52 Goiás 113 22 1438 495 Distrito Federal 237 0 5413 15 Bra,,2.0
Informe Semanal nº 02 - COE Dengue e outras Arboviroses - SE 1 a 8 - 24 de fevereiro.pdf,17,localidade_uf,Goiás,tabela,77 36 7.122 649 Mato Grosso do Sul 9 4 75 87 Mato Grosso 18 10 196 52 Goiás 113 22 1438 495 Distrito Federal 237 0 5413 15 Brasil 1.377 299 20.42,,2.0
Informe Semanal nº 02 - COE Dengue e outras Arboviroses - SE 1 a 8 - 24 de fevereiro.pdf,17,localidade_uf,Distrito Federal,tabela,rosso do Sul 9 4 75 87 Mato Grosso 18 10 196 52 Goiás 113 22 1438 495 Distrito Federal 237 0 5413 15 Brasil 1.377 299 20.425 3.715 FONTE:SinanOn-lineeE-SUS ,,1.0
Informe Semanal nº 02 - COE Dengue e outras Arboviroses - SE 1 a 8 - 24 de fevereiro.pdf,18,localidade_regiao,Norte,tabela," 01 à SE 08 SE 01 à SE 08 SE 01 à SE 08 2024 2025 2024 2025 2024 2025 Norte 10 9 4,5 13,4 0 6 Rondônia 2 0 15,4 0,0 0 0 Acre 0 2 0,0 0,0 0 1 Amaz",,1.0
Informe Semanal nº 02 - COE Dengue e outras Arboviroses - SE 1 a 8 - 24 de fevereiro.pdf,18,localidade_uf,Rondônia,tabela,"8 SE 01 à SE 08 2024 2025 2024 2025 2024 2025 Norte 10 9 4,5 13,4 0 6 Rondônia 2 0 15,4 0,0 0 0 Acre 0 2 0,0 0,0 0 1 Amazonas 3 0 6,5 0,0 0 1 Roraim",,1.0
Informe Semanal nº 02 - COE Dengue e outras Arboviroses - SE 1 a 8 - 24 de fevereiro.pdf,18,localidade_uf,Acre,tabela,"2024 2025 2024 2025 Norte 10 9 4,5 13,4 0 6 Rondônia 2 0 15,4 0,0 0 0 Acre 0 2 0,0 0,0 0 1 Amazonas 3 0 6,5 0,0 0 1 Roraima 0 0 0,0 0,0 0 1 Pará",,1.0
Informe Semanal nº 02 - COE Dengue e outras Arboviroses - SE 1 a 8 - 24 de fevereiro.pdf,18,localidade_uf,Amazonas,tabela,"orte 10 9 4,5 13,4 0 6 Rondônia 2 0 15,4 0,0 0 0 Acre 0 2 0,0 0,0 0 1 Amazonas 3 0 6,5 0,0 0 1 Roraima 0 0 0,0 0,0 0 1 Pará 1 5 1,0 0,0 0 3 Amapá 3 ",,1.0
Informe Semanal nº 02 - COE Dengue e outras Arboviroses - SE 1 a 8 - 24 de fevereiro.pdf,18,localidade_uf,Roraima,tabela,"ndônia 2 0 15,4 0,0 0 0 Acre 0 2 0,0 0,0 0 1 Amazonas 3 0 6,5 0,0 0 1 Roraima 0 0 0,0 0,0 0 1 Pará 1 5 1,0 0,0 0 3 Amapá 3 2 7,9 0,0 0 0 Tocantins ",,1.0
Informe Semanal nº 02 - COE Dengue e outras Arboviroses - SE 1 a 8 - 24 de fevereiro.pdf,18,localidade_uf,Pará,tabela,"Acre 0 2 0,0 0,0 0 1 Amazonas 3 0 6,5 0,0 0 1 Roraima 0 0 0,0 0,0 0 1 Pará 1 5 1,0 0,0 0 3 Amapá 3 2 7,9 0,0 0 0 Tocantins 1 0 4,5 0,0 0 0 Norde",,1.0
Informe Semanal nº 02 - COE Dengue e outras Arboviroses - SE 1 a 8 - 24 de fevereiro.pdf,18,localidade_uf,Amapá,tabela,"Amazonas 3 0 6,5 0,0 0 1 Roraima 0 0 0,0 0,0 0 1 Pará 1 5 1,0 0,0 0 3 Amapá 3 2 7,9 0,0 0 0 Tocantins 1 0 4,5 0,0 0 0 Nordeste 31 4 3,7 3,3 1 20 ",,2.0
Informe Semanal nº 02 - COE Dengue e outras Arboviroses - SE 1 a 8 - 24 de fevereiro.pdf,18,localidade_uf,Tocantins,tabela," 1 Roraima 0 0 0,0 0,0 0 1 Pará 1 5 1,0 0,0 0 3 Amapá 3 2 7,9 0,0 0 0 Tocantins 1 0 4,5 0,0 0 0 Nordeste 31 4 3,7 3,3 1 20 Maranhão 3 0 5,8 0,0 1 6 P",,2.0
Informe Semanal nº 02 - COE Dengue e outras Arboviroses - SE 1 a 8 - 24 de fevereiro.pdf,18,localidade_regiao,Nordeste,tabela," Pará 1 5 1,0 0,0 0 3 Amapá 3 2 7,9 0,0 0 0 Tocantins 1 0 4,5 0,0 0 0 Nordeste 31 4 3,7 3,3 1 20 Maranhão 3 0 5,8 0,0 1 6 Piauí 2 0 3,1 0,0 0 0 Cear",,1.0
Informe Semanal nº 02 - COE Dengue e outras Arboviroses - SE 1 a 8 - 24 de fevereiro.pdf,18,localidade_uf,Maranhão,tabela," 3 2 7,9 0,0 0 0 Tocantins 1 0 4,5 0,0 0 0 Nordeste 31 4 3,7 3,3 1 20 Maranhão 3 0 5,8 0,0 1 6 Piauí 2 0 3,1 0,0 0 0 Ceará 0 0 0,0 0,0 0 1 Rio Grand",,1.0
Informe Semanal nº 02 - COE Dengue e outras Arboviroses - SE 1 a 8 - 24 de fevereiro.pdf,18,localidade_uf,Piauí,tabela,"s 1 0 4,5 0,0 0 0 Nordeste 31 4 3,7 3,3 1 20 Maranhão 3 0 5,8 0,0 1 6 Piauí 2 0 3,1 0,0 0 0 Ceará 0 0 0,0 0,0 0 1 Rio Grande do Norte 0 0 0,0 0,0",,1.0
Informe Semanal nº 02 - COE Dengue e outras Arboviroses - SE 1 a 8 - 24 de fevereiro.pdf,18,localidade_uf,Ceará,tabela,"este 31 4 3,7 3,3 1 20 Maranhão 3 0 5,8 0,0 1 6 Piauí 2 0 3,1 0,0 0 0 Ceará 0 0 0,0 0,0 0 1 Rio Grande do Norte 0 0 0,0 0,0 0 1 Paraíba 3 0 16,7 ",,1.0
Informe Semanal nº 02 - COE Dengue e outras Arboviroses - SE 1 a 8 - 24 de fevereiro.pdf,18,localidade_uf,Rio Grande do Norte,tabela," Maranhão 3 0 5,8 0,0 1 6 Piauí 2 0 3,1 0,0 0 0 Ceará 0 0 0,0 0,0 0 1 Rio Grande do Norte 0 0 0,0 0,0 0 1 Paraíba 3 0 16,7 0,0 0 1 Pernambuco 1 0 11,1 0,0 0 4 ",,1.0
Informe Semanal nº 02 - COE Dengue e outras Arboviroses - SE 1 a 8 - 24 de fevereiro.pdf,18,localidade_uf,Paraíba,tabela,"3,1 0,0 0 0 Ceará 0 0 0,0 0,0 0 1 Rio Grande do Norte 0 0 0,0 0,0 0 1 Paraíba 3 0 16,7 0,0 0 1 Pernambuco 1 0 11,1 0,0 0 4 Alagoas 0 0 0,0 0,0 0 0 ",,1.0
Informe Semanal nº 02 - COE Dengue e outras Arboviroses - SE 1 a 8 - 24 de fevereiro.pdf,18,localidade_uf,Pernambuco,tabela," 0,0 0 1 Rio Grande do Norte 0 0 0,0 0,0 0 1 Paraíba 3 0 16,7 0,0 0 1 Pernambuco 1 0 11,1 0,0 0 4 Alagoas 0 0 0,0 0,0 0 0 Sergipe 2 1 16,7 0,0 0 0 Bah",,1.0
Informe Semanal nº 02 - COE Dengue e outras Arboviroses - SE 1 a 8 - 24 de fevereiro.pdf,18,localidade_uf,Alagoas,tabela," 0 0 0,0 0,0 0 1 Paraíba 3 0 16,7 0,0 0 1 Pernambuco 1 0 11,1 0,0 0 4 Alagoas 0 0 0,0 0,0 0 0 Sergipe 2 1 16,7 0,0 0 0 Bahia 20 3 3,3 3,9 0 7 Sudes",,1.0
Informe Semanal nº 02 - COE Dengue e outras Arboviroses - SE 1 a 8 - 24 de fevereiro.pdf,18,localidade_uf,Sergipe,tabela," 3 0 16,7 0,0 0 1 Pernambuco 1 0 11,1 0,0 0 4 Alagoas 0 0 0,0 0,0 0 0 Sergipe 2 1 16,7 0,0 0 0 Bahia 20 3 3,3 3,9 0 7 Sudeste 573 133 5,8 4,4 64 30",,1.0
Informe Semanal nº 02 - COE Dengue e outras Arboviroses - SE 1 a 8 - 24 de fevereiro.pdf,18,localidade_uf,Bahia,tabela,"uco 1 0 11,1 0,0 0 4 Alagoas 0 0 0,0 0,0 0 0 Sergipe 2 1 16,7 0,0 0 0 Bahia 20 3 3,3 3,9 0 7 Sudeste 573 133 5,8 4,4 64 300 Minas Gerais 314 5 6,",,1.0
Informe Semanal nº 02 - COE Dengue e outras Arboviroses - SE 1 a 8 - 24 de fevereiro.pdf,18,localidade_regiao,Sudeste,tabela,"agoas 0 0 0,0 0,0 0 0 Sergipe 2 1 16,7 0,0 0 0 Bahia 20 3 3,3 3,9 0 7 Sudeste 573 133 5,8 4,4 64 300 Minas Gerais 314 5 6,3 1,2 63 28 Espírito Sant",,1.0
Informe Semanal nº 02 - COE Dengue e outras Arboviroses - SE 1 a 8 - 24 de fevereiro.pdf,18,localidade_uf,Minas Gerais,tabela," 1 16,7 0,0 0 0 Bahia 20 3 3,3 3,9 0 7 Sudeste 573 133 5,8 4,4 64 300 Minas Gerais 314 5 6,3 1,2 63 28 Espírito Santo 16 0 2,5 0,0 0 7 Rio de Janeiro 85",,1.0
Informe Semanal nº 02 - COE Dengue e outras Arboviroses - SE 1 a 8 - 24 de fevereiro.pdf,18,localidade_uf,Espírito Santo,tabela,"9 0 7 Sudeste 573 133 5,8 4,4 64 300 Minas Gerais 314 5 6,3 1,2 63 28 Espírito Santo 16 0 2,5 0,0 0 7 Rio de Janeiro 85 3 5,7 2,8 0 4 São Paulo 158 125 5,",,2.0
Informe Semanal nº 02 - COE Dengue e outras Arboviroses - SE 1 a 8 - 24 de fevereiro.pdf,18,localidade_uf,Rio de Janeiro,tabela," 300 Minas Gerais 314 5 6,3 1,2 63 28 Espírito Santo 16 0 2,5 0,0 0 7 Rio de Janeiro 85 3 5,7 2,8 0 4 São Paulo 158 125 5,7 5,4 1 261 Sul 160 4 4,9 1,7 0 ",,2.0
Informe Semanal nº 02 - COE Dengue e outras Arboviroses - SE 1 a 8 - 24 de fevereiro.pdf,18,localidade_uf,São Paulo,tabela,"63 28 Espírito Santo 16 0 2,5 0,0 0 7 Rio de Janeiro 85 3 5,7 2,8 0 4 São Paulo 158 125 5,7 5,4 1 261 Sul 160 4 4,9 1,7 0 13 Paraná 108 4 5,0 2,0 0 1",,2.0
Informe Semanal nº 02 - COE Dengue e outras Arboviroses - SE 1 a 8 - 24 de fevereiro.pdf,18,localidade_regiao,Sul,tabela,"0 0 7 Rio de Janeiro 85 3 5,7 2,8 0 4 São Paulo 158 125 5,7 5,4 1 261 Sul 160 4 4,9 1,7 0 13 Paraná 108 4 5,0 2,0 0 11 Santa Catarina 27 0 3,0 ",,1.0
Informe Semanal nº 02 - COE Dengue e outras Arboviroses - SE 1 a 8 - 24 de fevereiro.pdf,18,localidade_uf,Paraná,tabela," 3 5,7 2,8 0 4 São Paulo 158 125 5,7 5,4 1 261 Sul 160 4 4,9 1,7 0 13 Paraná 108 4 5,0 2,0 0 11 Santa Catarina 27 0 3,0 0,0 0 1 Rio Grande do Sul ",,3.0
Informe Semanal nº 02 - COE Dengue e outras Arboviroses - SE 1 a 8 - 24 de fevereiro.pdf,18,localidade_uf,Santa Catarina,tabela,"58 125 5,7 5,4 1 261 Sul 160 4 4,9 1,7 0 13 Paraná 108 4 5,0 2,0 0 11 Santa Catarina 27 0 3,0 0,0 0 1 Rio Grande do Sul 25 0 9,8 0,0 0 1 Centro-Oeste 302 ",,1.0
Informe Semanal nº 02 - COE Dengue e outras Arboviroses - SE 1 a 8 - 24 de fevereiro.pdf,18,localidade_uf,Rio Grande do Sul,tabela,",9 1,7 0 13 Paraná 108 4 5,0 2,0 0 11 Santa Catarina 27 0 3,0 0,0 0 1 Rio Grande do Sul 25 0 9,8 0,0 0 1 Centro-Oeste 302 10 4,0 1,5 4 38 Mato Grosso do Sul ",,1.0
Informe Semanal nº 02 - COE Dengue e outras Arboviroses - SE 1 a 8 - 24 de fevereiro.pdf,18,localidade_regiao,Centro-Oeste,tabela,"11 Santa Catarina 27 0 3,0 0,0 0 1 Rio Grande do Sul 25 0 9,8 0,0 0 1 Centro-Oeste 302 10 4,0 1,5 4 38 Mato Grosso do Sul 4 1 4,8 0,0 3 0 Mato Grosso 6 ",,1.0
Informe Semanal nº 02 - COE Dengue e outras Arboviroses - SE 1 a 8 - 24 de fevereiro.pdf,18,localidade_uf,Mato Grosso do Sul,tabela,"1 Rio Grande do Sul 25 0 9,8 0,0 0 1 Centro-Oeste 302 10 4,0 1,5 4 38 Mato Grosso do Sul 4 1 4,8 0,0 3 0 Mato Grosso 6 4 2,8 6,5 1 3 Goiás 84 5 5,4 1,0 0 32 D",,1.0
Informe Semanal nº 02 - COE Dengue e outras Arboviroses - SE 1 a 8 - 24 de fevereiro.pdf,18,localidade_uf,Mato Grosso,tabela,"1 Centro-Oeste 302 10 4,0 1,5 4 38 Mato Grosso do Sul 4 1 4,8 0,0 3 0 Mato Grosso 6 4 2,8 6,5 1 3 Goiás 84 5 5,4 1,0 0 32 Distrito Federal 208 0 3,7 0,",,2.0
Informe Semanal nº 02 - COE Dengue e outras Arboviroses - SE 1 a 8 - 24 de fevereiro.pdf,18,localidade_uf,Goiás,tabela,"5 4 38 Mato Grosso do Sul 4 1 4,8 0,0 3 0 Mato Grosso 6 4 2,8 6,5 1 3 Goiás 84 5 5,4 1,0 0 32 Distrito Federal 208 0 3,7 0,0 0 3 Brasil 1.076 160",,2.0
Informe Semanal nº 02 - COE Dengue e outras Arboviroses - SE 1 a 8 - 24 de fevereiro.pdf,18,localidade_uf,Distrito Federal,tabela,"l 4 1 4,8 0,0 3 0 Mato Grosso 6 4 2,8 6,5 1 3 Goiás 84 5 5,4 1,0 0 32 Distrito Federal 208 0 3,7 0,0 0 3 Brasil 1.076 160 4,9 4,0 69 377 FONTE:SinanOn-linee",,1.0
Informe Semanal nº 03 - COE Dengue e outras Arboviroses - SE 1 a 9 - 08 de março.pdf,2,localidade_regiao,Sudeste,narrativa," Geográficas que apresentam os maiores coeficientes de incidência são Sudeste, Centro-oeste e Sul. Entre as Unidades Federativas (UF), Acre, São Pa",,1.0
Informe Semanal nº 03 - COE Dengue e outras Arboviroses - SE 1 a 9 - 08 de março.pdf,2,localidade_regiao,Centro-Oeste,narrativa,"cas que apresentam os maiores coeficientes de incidência são Sudeste, Centro-oeste e Sul. Entre as Unidades Federativas (UF), Acre, São Paulo, e Mato Gr",,1.0
Informe Semanal nº 03 - COE Dengue e outras Arboviroses - SE 1 a 9 - 08 de março.pdf,2,localidade_regiao,Sul,narrativa,"tam os maiores coeficientes de incidência são Sudeste, Centro-oeste e Sul. Entre as Unidades Federativas (UF), Acre, São Paulo, e Mato Grosso a",,1.0
Informe Semanal nº 03 - COE Dengue e outras Arboviroses - SE 1 a 9 - 08 de março.pdf,2,localidade_uf,Acre,narrativa," são Sudeste, Centro-oeste e Sul. Entre as Unidades Federativas (UF), Acre, São Paulo, e Mato Grosso apresentam as maiores incidências. Os maior",,1.0
Informe Semanal nº 03 - COE Dengue e outras Arboviroses - SE 1 a 9 - 08 de março.pdf,2,localidade_uf,São Paulo,narrativa,"udeste, Centro-oeste e Sul. Entre as Unidades Federativas (UF), Acre, São Paulo, e Mato Grosso apresentam as maiores incidências. Os maiores números ",,2.0
Informe Semanal nº 03 - COE Dengue e outras Arboviroses - SE 1 a 9 - 08 de março.pdf,2,localidade_uf,Mato Grosso,narrativa,"o-oeste e Sul. Entre as Unidades Federativas (UF), Acre, São Paulo, e Mato Grosso apresentam as maiores incidências. Os maiores números de casos graves",,2.0
Informe Semanal nº 03 - COE Dengue e outras Arboviroses - SE 1 a 9 - 08 de março.pdf,2,localidade_regiao,Sudeste,narrativa,"dências. Os maiores números de casos graves concentram-se nas regiões Sudeste, Centro-Oeste e Sul. Os óbitos concentram-se na região Sudeste. Foram",,1.0
Informe Semanal nº 03 - COE Dengue e outras Arboviroses - SE 1 a 9 - 08 de março.pdf,2,localidade_regiao,Centro-Oeste,narrativa,"Os maiores números de casos graves concentram-se nas regiões Sudeste, Centro-Oeste e Sul. Os óbitos concentram-se na região Sudeste. Foram confirmados 2",,1.0
Informe Semanal nº 03 - COE Dengue e outras Arboviroses - SE 1 a 9 - 08 de março.pdf,2,localidade_regiao,Sul,narrativa,"ros de casos graves concentram-se nas regiões Sudeste, Centro-Oeste e Sul. Os óbitos concentram-se na região Sudeste. Foram confirmados 203 óbi",,1.0
Informe Semanal nº 03 - COE Dengue e outras Arboviroses - SE 1 a 9 - 08 de março.pdf,2,localidade_regiao,Sudeste,narrativa,"egiões Sudeste, Centro-Oeste e Sul. Os óbitos concentram-se na região Sudeste. Foram confirmados 203 óbitos no período, e 458 estão em investigação",,1.0
Informe Semanal nº 03 - COE Dengue e outras Arboviroses - SE 1 a 9 - 08 de março.pdf,14,localidade_regiao,Norte,tabela,"de incidência Região/UF SE 01 aSE 09 SE 01 aSE 09 2024 2025 2024 2025 Norte 19.304 18.671 111,3 107,6 Rondônia 2.294 466 145,1 29,5 Acre 2.827 6.",,1.0
Informe Semanal nº 03 - COE Dengue e outras Arboviroses - SE 1 a 9 - 08 de março.pdf,14,localidade_uf,Rondônia,tabela,"E 09 SE 01 aSE 09 2024 2025 2024 2025 Norte 19.304 18.671 111,3 107,6 Rondônia 2.294 466 145,1 29,5 Acre 2.827 6.746 340,6 812,7 Amazonas 4.172 1.98",,1.0
Informe Semanal nº 03 - COE Dengue e outras Arboviroses - SE 1 a 9 - 08 de março.pdf,14,localidade_uf,Acre,tabela,"24 2025 Norte 19.304 18.671 111,3 107,6 Rondônia 2.294 466 145,1 29,5 Acre 2.827 6.746 340,6 812,7 Amazonas 4.172 1.988 105,9 50,4 Roraima 87 14",,1.0
Informe Semanal nº 03 - COE Dengue e outras Arboviroses - SE 1 a 9 - 08 de março.pdf,14,localidade_uf,Amazonas,tabela,"11,3 107,6 Rondônia 2.294 466 145,1 29,5 Acre 2.827 6.746 340,6 812,7 Amazonas 4.172 1.988 105,9 50,4 Roraima 87 147 13,7 23,1 Pará 5.865 7.194 72,3",,1.0
Informe Semanal nº 03 - COE Dengue e outras Arboviroses - SE 1 a 9 - 08 de março.pdf,14,localidade_uf,Roraima,tabela,"5,1 29,5 Acre 2.827 6.746 340,6 812,7 Amazonas 4.172 1.988 105,9 50,4 Roraima 87 147 13,7 23,1 Pará 5.865 7.194 72,3 88,6 Amapá 3.190 653 434,9 89,",,1.0
Informe Semanal nº 03 - COE Dengue e outras Arboviroses - SE 1 a 9 - 08 de março.pdf,14,localidade_uf,Pará,tabela," 340,6 812,7 Amazonas 4.172 1.988 105,9 50,4 Roraima 87 147 13,7 23,1 Pará 5.865 7.194 72,3 88,6 Amapá 3.190 653 434,9 89,0 Tocantins 869 1.477 ",,1.0
Informe Semanal nº 03 - COE Dengue e outras Arboviroses - SE 1 a 9 - 08 de março.pdf,14,localidade_uf,Amapá,tabela," 1.988 105,9 50,4 Roraima 87 147 13,7 23,1 Pará 5.865 7.194 72,3 88,6 Amapá 3.190 653 434,9 89,0 Tocantins 869 1.477 57,5 97,7 Nordeste 57.934 18",,2.0
Informe Semanal nº 03 - COE Dengue e outras Arboviroses - SE 1 a 9 - 08 de março.pdf,14,localidade_uf,Tocantins,tabela,"7 147 13,7 23,1 Pará 5.865 7.194 72,3 88,6 Amapá 3.190 653 434,9 89,0 Tocantins 869 1.477 57,5 97,7 Nordeste 57.934 18.443 106,0 33,8 Maranhão 2.462 ",,2.0
Informe Semanal nº 03 - COE Dengue e outras Arboviroses - SE 1 a 9 - 08 de março.pdf,14,localidade_regiao,Nordeste,tabela,"94 72,3 88,6 Amapá 3.190 653 434,9 89,0 Tocantins 869 1.477 57,5 97,7 Nordeste 57.934 18.443 106,0 33,8 Maranhão 2.462 1.072 36,3 15,8 Piauí 2.855 1",,1.0
Informe Semanal nº 03 - COE Dengue e outras Arboviroses - SE 1 a 9 - 08 de março.pdf,14,localidade_uf,Maranhão,tabela," 89,0 Tocantins 869 1.477 57,5 97,7 Nordeste 57.934 18.443 106,0 33,8 Maranhão 2.462 1.072 36,3 15,8 Piauí 2.855 1.139 87,3 34,8 Ceará 1.632 1.308 1",,1.0
Informe Semanal nº 03 - COE Dengue e outras Arboviroses - SE 1 a 9 - 08 de março.pdf,14,localidade_uf,Piauí,tabela,"97,7 Nordeste 57.934 18.443 106,0 33,8 Maranhão 2.462 1.072 36,3 15,8 Piauí 2.855 1.139 87,3 34,8 Ceará 1.632 1.308 18,6 14,9 Rio Grande do Norte",,1.0
Informe Semanal nº 03 - COE Dengue e outras Arboviroses - SE 1 a 9 - 08 de março.pdf,14,localidade_uf,Ceará,tabela,"106,0 33,8 Maranhão 2.462 1.072 36,3 15,8 Piauí 2.855 1.139 87,3 34,8 Ceará 1.632 1.308 18,6 14,9 Rio Grande do Norte 2.943 1.249 89,1 37,8 Paraí",,1.0
Informe Semanal nº 03 - COE Dengue e outras Arboviroses - SE 1 a 9 - 08 de março.pdf,14,localidade_uf,Rio Grande do Norte,tabela,"072 36,3 15,8 Piauí 2.855 1.139 87,3 34,8 Ceará 1.632 1.308 18,6 14,9 Rio Grande do Norte 2.943 1.249 89,1 37,8 Paraíba 2.434 1.801 61,2 45,3 Pernambuco 2.915 ",,1.0
Informe Semanal nº 03 - COE Dengue e outras Arboviroses - SE 1 a 9 - 08 de março.pdf,14,localidade_uf,Paraíba,tabela,"Ceará 1.632 1.308 18,6 14,9 Rio Grande do Norte 2.943 1.249 89,1 37,8 Paraíba 2.434 1.801 61,2 45,3 Pernambuco 2.915 3.547 32,2 39,2 Alagoas 1.827 ",,1.0
Informe Semanal nº 03 - COE Dengue e outras Arboviroses - SE 1 a 9 - 08 de março.pdf,14,localidade_uf,Pernambuco,tabela,"o Grande do Norte 2.943 1.249 89,1 37,8 Paraíba 2.434 1.801 61,2 45,3 Pernambuco 2.915 3.547 32,2 39,2 Alagoas 1.827 623 58,4 19,9 Sergipe 374 396 16,",,1.0
Informe Semanal nº 03 - COE Dengue e outras Arboviroses - SE 1 a 9 - 08 de março.pdf,14,localidade_uf,Alagoas,tabela,"1 37,8 Paraíba 2.434 1.801 61,2 45,3 Pernambuco 2.915 3.547 32,2 39,2 Alagoas 1.827 623 58,4 19,9 Sergipe 374 396 16,9 17,9 Bahia 40.492 7.308 286,",,1.0
Informe Semanal nº 03 - COE Dengue e outras Arboviroses - SE 1 a 9 - 08 de março.pdf,14,localidade_uf,Sergipe,tabela,"1,2 45,3 Pernambuco 2.915 3.547 32,2 39,2 Alagoas 1.827 623 58,4 19,9 Sergipe 374 396 16,9 17,9 Bahia 40.492 7.308 286,4 51,7 Sudeste 1.061.436 351",,1.0
Informe Semanal nº 03 - COE Dengue e outras Arboviroses - SE 1 a 9 - 08 de março.pdf,14,localidade_uf,Bahia,tabela,"3.547 32,2 39,2 Alagoas 1.827 623 58,4 19,9 Sergipe 374 396 16,9 17,9 Bahia 40.492 7.308 286,4 51,7 Sudeste 1.061.436 351.902 1.251,0 414,7 Minas",,1.0
Informe Semanal nº 03 - COE Dengue e outras Arboviroses - SE 1 a 9 - 08 de março.pdf,14,localidade_regiao,Sudeste,tabela,"623 58,4 19,9 Sergipe 374 396 16,9 17,9 Bahia 40.492 7.308 286,4 51,7 Sudeste 1.061.436 351.902 1.251,0 414,7 Minas Gerais 619.731 55.354 3.017,4 2",,1.0
Informe Semanal nº 03 - COE Dengue e outras Arboviroses - SE 1 a 9 - 08 de março.pdf,14,localidade_uf,Minas Gerais,tabela,"Bahia 40.492 7.308 286,4 51,7 Sudeste 1.061.436 351.902 1.251,0 414,7 Minas Gerais 619.731 55.354 3.017,4 269,5 Espírito Santo 40.079 8.657 1.045,5 225,",,1.0
Informe Semanal nº 03 - COE Dengue e outras Arboviroses - SE 1 a 9 - 08 de março.pdf,14,localidade_uf,Espírito Santo,tabela,"1.436 351.902 1.251,0 414,7 Minas Gerais 619.731 55.354 3.017,4 269,5 Espírito Santo 40.079 8.657 1.045,5 225,8 Rio de Janeiro 130.081 10.347 810,2 64,4 S",,2.0
Informe Semanal nº 03 - COE Dengue e outras Arboviroses - SE 1 a 9 - 08 de março.pdf,14,localidade_uf,Rio de Janeiro,tabela,"19.731 55.354 3.017,4 269,5 Espírito Santo 40.079 8.657 1.045,5 225,8 Rio de Janeiro 130.081 10.347 810,2 64,4 São Paulo 271.545 277.544 611,3 624,8 Sul 1",,2.0
Informe Semanal nº 03 - COE Dengue e outras Arboviroses - SE 1 a 9 - 08 de março.pdf,14,localidade_uf,São Paulo,tabela,"o 40.079 8.657 1.045,5 225,8 Rio de Janeiro 130.081 10.347 810,2 64,4 São Paulo 271.545 277.544 611,3 624,8 Sul 195.930 40.855 654,6 136,5 Paraná 132",,2.0
Informe Semanal nº 03 - COE Dengue e outras Arboviroses - SE 1 a 9 - 08 de março.pdf,14,localidade_regiao,Sul,tabela,"neiro 130.081 10.347 810,2 64,4 São Paulo 271.545 277.544 611,3 624,8 Sul 195.930 40.855 654,6 136,5 Paraná 132.545 30.284 1.158,3 264,6 Santa ",,1.0
Informe Semanal nº 03 - COE Dengue e outras Arboviroses - SE 1 a 9 - 08 de março.pdf,14,localidade_uf,Paraná,tabela," São Paulo 271.545 277.544 611,3 624,8 Sul 195.930 40.855 654,6 136,5 Paraná 132.545 30.284 1.158,3 264,6 Santa Catarina 38.619 6.313 507,5 83,0 R",,3.0
Informe Semanal nº 03 - COE Dengue e outras Arboviroses - SE 1 a 9 - 08 de março.pdf,14,localidade_uf,Santa Catarina,tabela,",8 Sul 195.930 40.855 654,6 136,5 Paraná 132.545 30.284 1.158,3 264,6 Santa Catarina 38.619 6.313 507,5 83,0 Rio Grande do Sul 24.766 4.258 227,6 39,1 Cen",,1.0
Informe Semanal nº 03 - COE Dengue e outras Arboviroses - SE 1 a 9 - 08 de março.pdf,14,localidade_uf,Rio Grande do Sul,tabela,"á 132.545 30.284 1.158,3 264,6 Santa Catarina 38.619 6.313 507,5 83,0 Rio Grande do Sul 24.766 4.258 227,6 39,1 Centro-Oeste 270.007 50.844 1.657,7 312,2 Mat",,1.0
Informe Semanal nº 03 - COE Dengue e outras Arboviroses - SE 1 a 9 - 08 de março.pdf,14,localidade_regiao,Centro-Oeste,tabela,"ina 38.619 6.313 507,5 83,0 Rio Grande do Sul 24.766 4.258 227,6 39,1 Centro-Oeste 270.007 50.844 1.657,7 312,2 Mato Grosso do Sul 4.845 3.764 175,8 136",,1.0
Informe Semanal nº 03 - COE Dengue e outras Arboviroses - SE 1 a 9 - 08 de março.pdf,14,localidade_uf,Mato Grosso do Sul,tabela,"Sul 24.766 4.258 227,6 39,1 Centro-Oeste 270.007 50.844 1.657,7 312,2 Mato Grosso do Sul 4.845 3.764 175,8 136,5 Mato Grosso 11.210 17.141 306,4 468,5 Goiás 9",,1.0
Informe Semanal nº 03 - COE Dengue e outras Arboviroses - SE 1 a 9 - 08 de março.pdf,14,localidade_uf,Mato Grosso,tabela,"0.007 50.844 1.657,7 312,2 Mato Grosso do Sul 4.845 3.764 175,8 136,5 Mato Grosso 11.210 17.141 306,4 468,5 Goiás 95.383 25.825 1.351,9 366,0 Distrito ",,2.0
Informe Semanal nº 03 - COE Dengue e outras Arboviroses - SE 1 a 9 - 08 de março.pdf,14,localidade_uf,Goiás,tabela," do Sul 4.845 3.764 175,8 136,5 Mato Grosso 11.210 17.141 306,4 468,5 Goiás 95.383 25.825 1.351,9 366,0 Distrito Federal 158.569 4.114 5.628,9 14",,2.0
Informe Semanal nº 03 - COE Dengue e outras Arboviroses - SE 1 a 9 - 08 de março.pdf,14,localidade_uf,Distrito Federal,tabela,"to Grosso 11.210 17.141 306,4 468,5 Goiás 95.383 25.825 1.351,9 366,0 Distrito Federal 158.569 4.114 5.628,9 146,0 Brasil 1.604.611 480.715 790,2 236,7 FONT",,1.0
Informe Semanal nº 03 - COE Dengue e outras Arboviroses - SE 1 a 9 - 08 de março.pdf,15,localidade_regiao,Norte,tabela,de alarme (n) Região/UF SE 01 aSE 09 SE 01 aSE 09 2024 2025 2024 2025 Norte 26 11 248 85 Rondônia 2 1 14 4 Acre 2 1 2 13 Amazonas 7 0 45 6 Roraim,,1.0
Informe Semanal nº 03 - COE Dengue e outras Arboviroses - SE 1 a 9 - 08 de março.pdf,15,localidade_uf,Rondônia,tabela,o/UF SE 01 aSE 09 SE 01 aSE 09 2024 2025 2024 2025 Norte 26 11 248 85 Rondônia 2 1 14 4 Acre 2 1 2 13 Amazonas 7 0 45 6 Roraima 0 0 1 1 Pará 12 7 11,,1.0
Informe Semanal nº 03 - COE Dengue e outras Arboviroses - SE 1 a 9 - 08 de março.pdf,15,localidade_uf,Acre,tabela,SE 01 aSE 09 2024 2025 2024 2025 Norte 26 11 248 85 Rondônia 2 1 14 4 Acre 2 1 2 13 Amazonas 7 0 45 6 Roraima 0 0 1 1 Pará 12 7 111 55 Amapá 1 2,,1.0
Informe Semanal nº 03 - COE Dengue e outras Arboviroses - SE 1 a 9 - 08 de março.pdf,15,localidade_uf,Amazonas,tabela,024 2025 2024 2025 Norte 26 11 248 85 Rondônia 2 1 14 4 Acre 2 1 2 13 Amazonas 7 0 45 6 Roraima 0 0 1 1 Pará 12 7 111 55 Amapá 1 2 52 4 Tocantins 2 ,,1.0
Informe Semanal nº 03 - COE Dengue e outras Arboviroses - SE 1 a 9 - 08 de março.pdf,15,localidade_uf,Roraima,tabela, Norte 26 11 248 85 Rondônia 2 1 14 4 Acre 2 1 2 13 Amazonas 7 0 45 6 Roraima 0 0 1 1 Pará 12 7 111 55 Amapá 1 2 52 4 Tocantins 2 0 23 2 Nordeste 6,,1.0
Informe Semanal nº 03 - COE Dengue e outras Arboviroses - SE 1 a 9 - 08 de março.pdf,15,localidade_uf,Pará,tabela, 85 Rondônia 2 1 14 4 Acre 2 1 2 13 Amazonas 7 0 45 6 Roraima 0 0 1 1 Pará 12 7 111 55 Amapá 1 2 52 4 Tocantins 2 0 23 2 Nordeste 64 13 1.097 17,,1.0
Informe Semanal nº 03 - COE Dengue e outras Arboviroses - SE 1 a 9 - 08 de março.pdf,15,localidade_uf,Amapá,tabela,14 4 Acre 2 1 2 13 Amazonas 7 0 45 6 Roraima 0 0 1 1 Pará 12 7 111 55 Amapá 1 2 52 4 Tocantins 2 0 23 2 Nordeste 64 13 1.097 174 Maranhão 6 1 59 ,,2.0
Informe Semanal nº 03 - COE Dengue e outras Arboviroses - SE 1 a 9 - 08 de março.pdf,15,localidade_uf,Tocantins,tabela, 13 Amazonas 7 0 45 6 Roraima 0 0 1 1 Pará 12 7 111 55 Amapá 1 2 52 4 Tocantins 2 0 23 2 Nordeste 64 13 1.097 174 Maranhão 6 1 59 8 Piauí 3 4 85 20 C,,2.0
Informe Semanal nº 03 - COE Dengue e outras Arboviroses - SE 1 a 9 - 08 de março.pdf,15,localidade_regiao,Nordeste,tabela, 6 Roraima 0 0 1 1 Pará 12 7 111 55 Amapá 1 2 52 4 Tocantins 2 0 23 2 Nordeste 64 13 1.097 174 Maranhão 6 1 59 8 Piauí 3 4 85 20 Ceará 1 0 27 5 Rio ,,1.0
Informe Semanal nº 03 - COE Dengue e outras Arboviroses - SE 1 a 9 - 08 de março.pdf,15,localidade_uf,Maranhão,tabela,2 7 111 55 Amapá 1 2 52 4 Tocantins 2 0 23 2 Nordeste 64 13 1.097 174 Maranhão 6 1 59 8 Piauí 3 4 85 20 Ceará 1 0 27 5 Rio Grande do Norte 2 0 29 6 ,,1.0
Informe Semanal nº 03 - COE Dengue e outras Arboviroses - SE 1 a 9 - 08 de março.pdf,15,localidade_uf,Piauí,tabela, 2 52 4 Tocantins 2 0 23 2 Nordeste 64 13 1.097 174 Maranhão 6 1 59 8 Piauí 3 4 85 20 Ceará 1 0 27 5 Rio Grande do Norte 2 0 29 6 Paraíba 4 0 25 ,,1.0
Informe Semanal nº 03 - COE Dengue e outras Arboviroses - SE 1 a 9 - 08 de março.pdf,15,localidade_uf,Ceará,tabela,s 2 0 23 2 Nordeste 64 13 1.097 174 Maranhão 6 1 59 8 Piauí 3 4 85 20 Ceará 1 0 27 5 Rio Grande do Norte 2 0 29 6 Paraíba 4 0 25 3 Pernambuco 1 1,,1.0
Informe Semanal nº 03 - COE Dengue e outras Arboviroses - SE 1 a 9 - 08 de março.pdf,15,localidade_uf,Rio Grande do Norte,tabela,este 64 13 1.097 174 Maranhão 6 1 59 8 Piauí 3 4 85 20 Ceará 1 0 27 5 Rio Grande do Norte 2 0 29 6 Paraíba 4 0 25 3 Pernambuco 1 1 14 6 Alagoas 2 2 29 8 Sergip,,1.0
Informe Semanal nº 03 - COE Dengue e outras Arboviroses - SE 1 a 9 - 08 de março.pdf,15,localidade_uf,Paraíba,tabela, 6 1 59 8 Piauí 3 4 85 20 Ceará 1 0 27 5 Rio Grande do Norte 2 0 29 6 Paraíba 4 0 25 3 Pernambuco 1 1 14 6 Alagoas 2 2 29 8 Sergipe 3 1 16 7 Bahia ,,1.0
Informe Semanal nº 03 - COE Dengue e outras Arboviroses - SE 1 a 9 - 08 de março.pdf,15,localidade_uf,Pernambuco,tabela, 4 85 20 Ceará 1 0 27 5 Rio Grande do Norte 2 0 29 6 Paraíba 4 0 25 3 Pernambuco 1 1 14 6 Alagoas 2 2 29 8 Sergipe 3 1 16 7 Bahia 42 4 813 111 Sudeste,,1.0
Informe Semanal nº 03 - COE Dengue e outras Arboviroses - SE 1 a 9 - 08 de março.pdf,15,localidade_uf,Alagoas,tabela,7 5 Rio Grande do Norte 2 0 29 6 Paraíba 4 0 25 3 Pernambuco 1 1 14 6 Alagoas 2 2 29 8 Sergipe 3 1 16 7 Bahia 42 4 813 111 Sudeste 983 314 11.661 3,,1.0
Informe Semanal nº 03 - COE Dengue e outras Arboviroses - SE 1 a 9 - 08 de março.pdf,15,localidade_uf,Sergipe,tabela, Norte 2 0 29 6 Paraíba 4 0 25 3 Pernambuco 1 1 14 6 Alagoas 2 2 29 8 Sergipe 3 1 16 7 Bahia 42 4 813 111 Sudeste 983 314 11.661 3.998 Minas Gerais,,1.0
Informe Semanal nº 03 - COE Dengue e outras Arboviroses - SE 1 a 9 - 08 de março.pdf,15,localidade_uf,Bahia,tabela,araíba 4 0 25 3 Pernambuco 1 1 14 6 Alagoas 2 2 29 8 Sergipe 3 1 16 7 Bahia 42 4 813 111 Sudeste 983 314 11.661 3.998 Minas Gerais 521 50 5.774 5,,1.0
Informe Semanal nº 03 - COE Dengue e outras Arboviroses - SE 1 a 9 - 08 de março.pdf,15,localidade_regiao,Sudeste,tabela,nambuco 1 1 14 6 Alagoas 2 2 29 8 Sergipe 3 1 16 7 Bahia 42 4 813 111 Sudeste 983 314 11.661 3.998 Minas Gerais 521 50 5.774 537 Espírito Santo 36 ,,1.0
Informe Semanal nº 03 - COE Dengue e outras Arboviroses - SE 1 a 9 - 08 de março.pdf,15,localidade_uf,Minas Gerais,tabela,29 8 Sergipe 3 1 16 7 Bahia 42 4 813 111 Sudeste 983 314 11.661 3.998 Minas Gerais 521 50 5.774 537 Espírito Santo 36 3 777 169 Rio de Janeiro 96 6 1.83,,1.0
Informe Semanal nº 03 - COE Dengue e outras Arboviroses - SE 1 a 9 - 08 de março.pdf,15,localidade_uf,Espírito Santo,tabela, 4 813 111 Sudeste 983 314 11.661 3.998 Minas Gerais 521 50 5.774 537 Espírito Santo 36 3 777 169 Rio de Janeiro 96 6 1.835 145 São Paulo 330 255 3.275 3.,,2.0
Informe Semanal nº 03 - COE Dengue e outras Arboviroses - SE 1 a 9 - 08 de março.pdf,15,localidade_uf,Rio de Janeiro,tabela,1.661 3.998 Minas Gerais 521 50 5.774 537 Espírito Santo 36 3 777 169 Rio de Janeiro 96 6 1.835 145 São Paulo 330 255 3.275 3.147 Sul 215 30 4.068 373 Par,,2.0
Informe Semanal nº 03 - COE Dengue e outras Arboviroses - SE 1 a 9 - 08 de março.pdf,15,localidade_uf,São Paulo,tabela,0 5.774 537 Espírito Santo 36 3 777 169 Rio de Janeiro 96 6 1.835 145 São Paulo 330 255 3.275 3.147 Sul 215 30 4.068 373 Paraná 132 27 2.521 339 Sant,,2.0
Informe Semanal nº 03 - COE Dengue e outras Arboviroses - SE 1 a 9 - 08 de março.pdf,15,localidade_regiao,Sul,tabela,3 777 169 Rio de Janeiro 96 6 1.835 145 São Paulo 330 255 3.275 3.147 Sul 215 30 4.068 373 Paraná 132 27 2.521 339 Santa Catarina 41 0 1.229 15,,1.0
Informe Semanal nº 03 - COE Dengue e outras Arboviroses - SE 1 a 9 - 08 de março.pdf,15,localidade_uf,Paraná,tabela,iro 96 6 1.835 145 São Paulo 330 255 3.275 3.147 Sul 215 30 4.068 373 Paraná 132 27 2.521 339 Santa Catarina 41 0 1.229 15 Rio Grande do Sul 42 3 ,,3.0
Informe Semanal nº 03 - COE Dengue e outras Arboviroses - SE 1 a 9 - 08 de março.pdf,15,localidade_uf,Santa Catarina,tabela,aulo 330 255 3.275 3.147 Sul 215 30 4.068 373 Paraná 132 27 2.521 339 Santa Catarina 41 0 1.229 15 Rio Grande do Sul 42 3 318 19 Centro-Oeste 444 44 8.492,,1.0
Informe Semanal nº 03 - COE Dengue e outras Arboviroses - SE 1 a 9 - 08 de março.pdf,15,localidade_uf,Rio Grande do Sul,tabela,215 30 4.068 373 Paraná 132 27 2.521 339 Santa Catarina 41 0 1.229 15 Rio Grande do Sul 42 3 318 19 Centro-Oeste 444 44 8.492 875 Mato Grosso do Sul 9 5 97 9,,1.0
Informe Semanal nº 03 - COE Dengue e outras Arboviroses - SE 1 a 9 - 08 de março.pdf,15,localidade_regiao,Centro-Oeste,tabela, 2.521 339 Santa Catarina 41 0 1.229 15 Rio Grande do Sul 42 3 318 19 Centro-Oeste 444 44 8.492 875 Mato Grosso do Sul 9 5 97 95 Mato Grosso 24 14 237 7,,1.0
Informe Semanal nº 03 - COE Dengue e outras Arboviroses - SE 1 a 9 - 08 de março.pdf,15,localidade_uf,Mato Grosso do Sul,tabela, 1.229 15 Rio Grande do Sul 42 3 318 19 Centro-Oeste 444 44 8.492 875 Mato Grosso do Sul 9 5 97 95 Mato Grosso 24 14 237 78 Goiás 140 25 1729 684 Distrito Fed,,1.0
Informe Semanal nº 03 - COE Dengue e outras Arboviroses - SE 1 a 9 - 08 de março.pdf,15,localidade_uf,Mato Grosso,tabela,2 3 318 19 Centro-Oeste 444 44 8.492 875 Mato Grosso do Sul 9 5 97 95 Mato Grosso 24 14 237 78 Goiás 140 25 1729 684 Distrito Federal 271 0 6429 18 Bra,,2.0
Informe Semanal nº 03 - COE Dengue e outras Arboviroses - SE 1 a 9 - 08 de março.pdf,15,localidade_uf,Goiás,tabela,44 44 8.492 875 Mato Grosso do Sul 9 5 97 95 Mato Grosso 24 14 237 78 Goiás 140 25 1729 684 Distrito Federal 271 0 6429 18 Brasil 1.732 412 25.56,,2.0
Informe Semanal nº 03 - COE Dengue e outras Arboviroses - SE 1 a 9 - 08 de março.pdf,15,localidade_uf,Distrito Federal,tabela,rosso do Sul 9 5 97 95 Mato Grosso 24 14 237 78 Goiás 140 25 1729 684 Distrito Federal 271 0 6429 18 Brasil 1.732 412 25.566 5.505 FONTE:SinanOn-lineeE-SUS ,,1.0
Informe Semanal nº 03 - COE Dengue e outras Arboviroses - SE 1 a 9 - 08 de março.pdf,16,localidade_regiao,Norte,tabela," SE 01 aSE 09 SE 01 aSE 09 SE 01 aSE 09 2024 2025 2024 2025 2024 2025 Norte 12 12 4,4 12,5 0 7 Rondônia 2 0 12,5 0,0 0 0 Acre 0 3 0,0 0,0 0 1 Ama",,1.0
Informe Semanal nº 03 - COE Dengue e outras Arboviroses - SE 1 a 9 - 08 de março.pdf,16,localidade_uf,Rondônia,tabela,"9 SE 01 aSE 09 2024 2025 2024 2025 2024 2025 Norte 12 12 4,4 12,5 0 7 Rondônia 2 0 12,5 0,0 0 0 Acre 0 3 0,0 0,0 0 1 Amazonas 4 0 7,7 0,0 0 1 Roraim",,1.0
Informe Semanal nº 03 - COE Dengue e outras Arboviroses - SE 1 a 9 - 08 de março.pdf,16,localidade_uf,Acre,tabela,"024 2025 2024 2025 Norte 12 12 4,4 12,5 0 7 Rondônia 2 0 12,5 0,0 0 0 Acre 0 3 0,0 0,0 0 1 Amazonas 4 0 7,7 0,0 0 1 Roraima 0 0 0,0 0,0 0 1 Pará",,1.0
Informe Semanal nº 03 - COE Dengue e outras Arboviroses - SE 1 a 9 - 08 de março.pdf,16,localidade_uf,Amazonas,tabela,"rte 12 12 4,4 12,5 0 7 Rondônia 2 0 12,5 0,0 0 0 Acre 0 3 0,0 0,0 0 1 Amazonas 4 0 7,7 0,0 0 1 Roraima 0 0 0,0 0,0 0 1 Pará 2 7 1,6 0,0 0 4 Amapá 3 ",,1.0
Informe Semanal nº 03 - COE Dengue e outras Arboviroses - SE 1 a 9 - 08 de março.pdf,16,localidade_uf,Roraima,tabela,"ndônia 2 0 12,5 0,0 0 0 Acre 0 3 0,0 0,0 0 1 Amazonas 4 0 7,7 0,0 0 1 Roraima 0 0 0,0 0,0 0 1 Pará 2 7 1,6 0,0 0 4 Amapá 3 2 5,7 0,0 0 0 Tocantins ",,1.0
Informe Semanal nº 03 - COE Dengue e outras Arboviroses - SE 1 a 9 - 08 de março.pdf,16,localidade_uf,Pará,tabela,"Acre 0 3 0,0 0,0 0 1 Amazonas 4 0 7,7 0,0 0 1 Roraima 0 0 0,0 0,0 0 1 Pará 2 7 1,6 0,0 0 4 Amapá 3 2 5,7 0,0 0 0 Tocantins 1 0 4,0 0,0 0 0 Norde",,1.0
Informe Semanal nº 03 - COE Dengue e outras Arboviroses - SE 1 a 9 - 08 de março.pdf,16,localidade_uf,Amapá,tabela,"Amazonas 4 0 7,7 0,0 0 1 Roraima 0 0 0,0 0,0 0 1 Pará 2 7 1,6 0,0 0 4 Amapá 3 2 5,7 0,0 0 0 Tocantins 1 0 4,0 0,0 0 0 Nordeste 39 5 3,4 2,7 3 23 ",,2.0
Informe Semanal nº 03 - COE Dengue e outras Arboviroses - SE 1 a 9 - 08 de março.pdf,16,localidade_uf,Tocantins,tabela," 1 Roraima 0 0 0,0 0,0 0 1 Pará 2 7 1,6 0,0 0 4 Amapá 3 2 5,7 0,0 0 0 Tocantins 1 0 4,0 0,0 0 0 Nordeste 39 5 3,4 2,7 3 23 Maranhão 4 0 6,2 0,0 1 8 P",,2.0
Informe Semanal nº 03 - COE Dengue e outras Arboviroses - SE 1 a 9 - 08 de março.pdf,16,localidade_regiao,Nordeste,tabela," Pará 2 7 1,6 0,0 0 4 Amapá 3 2 5,7 0,0 0 0 Tocantins 1 0 4,0 0,0 0 0 Nordeste 39 5 3,4 2,7 3 23 Maranhão 4 0 6,2 0,0 1 8 Piauí 3 0 3,4 0,0 0 0 Cear",,1.0
Informe Semanal nº 03 - COE Dengue e outras Arboviroses - SE 1 a 9 - 08 de março.pdf,16,localidade_uf,Maranhão,tabela," 3 2 5,7 0,0 0 0 Tocantins 1 0 4,0 0,0 0 0 Nordeste 39 5 3,4 2,7 3 23 Maranhão 4 0 6,2 0,0 1 8 Piauí 3 0 3,4 0,0 0 0 Ceará 0 0 0,0 0,0 0 0 Rio Grand",,1.0
Informe Semanal nº 03 - COE Dengue e outras Arboviroses - SE 1 a 9 - 08 de março.pdf,16,localidade_uf,Piauí,tabela,"s 1 0 4,0 0,0 0 0 Nordeste 39 5 3,4 2,7 3 23 Maranhão 4 0 6,2 0,0 1 8 Piauí 3 0 3,4 0,0 0 0 Ceará 0 0 0,0 0,0 0 0 Rio Grande do Norte 0 0 0,0 0,0",,1.0
Informe Semanal nº 03 - COE Dengue e outras Arboviroses - SE 1 a 9 - 08 de março.pdf,16,localidade_uf,Ceará,tabela,"este 39 5 3,4 2,7 3 23 Maranhão 4 0 6,2 0,0 1 8 Piauí 3 0 3,4 0,0 0 0 Ceará 0 0 0,0 0,0 0 0 Rio Grande do Norte 0 0 0,0 0,0 0 1 Paraíba 3 0 10,3 ",,1.0
Informe Semanal nº 03 - COE Dengue e outras Arboviroses - SE 1 a 9 - 08 de março.pdf,16,localidade_uf,Rio Grande do Norte,tabela," Maranhão 4 0 6,2 0,0 1 8 Piauí 3 0 3,4 0,0 0 0 Ceará 0 0 0,0 0,0 0 0 Rio Grande do Norte 0 0 0,0 0,0 0 1 Paraíba 3 0 10,3 0,0 0 1 Pernambuco 1 0 6,7 0,0 0 4 A",,1.0
Informe Semanal nº 03 - COE Dengue e outras Arboviroses - SE 1 a 9 - 08 de março.pdf,16,localidade_uf,Paraíba,tabela,"3,4 0,0 0 0 Ceará 0 0 0,0 0,0 0 0 Rio Grande do Norte 0 0 0,0 0,0 0 1 Paraíba 3 0 10,3 0,0 0 1 Pernambuco 1 0 6,7 0,0 0 4 Alagoas 0 0 0,0 0,0 0 1 S",,1.0
Informe Semanal nº 03 - COE Dengue e outras Arboviroses - SE 1 a 9 - 08 de março.pdf,16,localidade_uf,Pernambuco,tabela," 0,0 0 0 Rio Grande do Norte 0 0 0,0 0,0 0 1 Paraíba 3 0 10,3 0,0 0 1 Pernambuco 1 0 6,7 0,0 0 4 Alagoas 0 0 0,0 0,0 0 1 Sergipe 2 1 10,5 0,0 0 0 Bahi",,1.0
Informe Semanal nº 03 - COE Dengue e outras Arboviroses - SE 1 a 9 - 08 de março.pdf,16,localidade_uf,Alagoas,tabela,"e 0 0 0,0 0,0 0 1 Paraíba 3 0 10,3 0,0 0 1 Pernambuco 1 0 6,7 0,0 0 4 Alagoas 0 0 0,0 0,0 0 1 Sergipe 2 1 10,5 0,0 0 0 Bahia 26 4 3,0 3,5 2 8 Sudes",,1.0
Informe Semanal nº 03 - COE Dengue e outras Arboviroses - SE 1 a 9 - 08 de março.pdf,16,localidade_uf,Sergipe,tabela,"a 3 0 10,3 0,0 0 1 Pernambuco 1 0 6,7 0,0 0 4 Alagoas 0 0 0,0 0,0 0 1 Sergipe 2 1 10,5 0,0 0 0 Bahia 26 4 3,0 3,5 2 8 Sudeste 733 166 5,8 3,8 77 35",,1.0
Informe Semanal nº 03 - COE Dengue e outras Arboviroses - SE 1 a 9 - 08 de março.pdf,16,localidade_uf,Bahia,tabela,"buco 1 0 6,7 0,0 0 4 Alagoas 0 0 0,0 0,0 0 1 Sergipe 2 1 10,5 0,0 0 0 Bahia 26 4 3,0 3,5 2 8 Sudeste 733 166 5,8 3,8 77 356 Minas Gerais 394 8 6,",,1.0
Informe Semanal nº 03 - COE Dengue e outras Arboviroses - SE 1 a 9 - 08 de março.pdf,16,localidade_regiao,Sudeste,tabela,"agoas 0 0 0,0 0,0 0 1 Sergipe 2 1 10,5 0,0 0 0 Bahia 26 4 3,0 3,5 2 8 Sudeste 733 166 5,8 3,8 77 356 Minas Gerais 394 8 6,3 1,4 76 42 Espírito Sant",,1.0
Informe Semanal nº 03 - COE Dengue e outras Arboviroses - SE 1 a 9 - 08 de março.pdf,16,localidade_uf,Minas Gerais,tabela," 1 10,5 0,0 0 0 Bahia 26 4 3,0 3,5 2 8 Sudeste 733 166 5,8 3,8 77 356 Minas Gerais 394 8 6,3 1,4 76 42 Espírito Santo 19 0 2,3 0,0 0 7 Rio de Janeiro 94",,1.0
Informe Semanal nº 03 - COE Dengue e outras Arboviroses - SE 1 a 9 - 08 de março.pdf,16,localidade_uf,Espírito Santo,tabela,"5 2 8 Sudeste 733 166 5,8 3,8 77 356 Minas Gerais 394 8 6,3 1,4 76 42 Espírito Santo 19 0 2,3 0,0 0 7 Rio de Janeiro 94 3 4,9 2,0 0 4 São Paulo 226 155 6,",,2.0
Informe Semanal nº 03 - COE Dengue e outras Arboviroses - SE 1 a 9 - 08 de março.pdf,16,localidade_uf,Rio de Janeiro,tabela," 356 Minas Gerais 394 8 6,3 1,4 76 42 Espírito Santo 19 0 2,3 0,0 0 7 Rio de Janeiro 94 3 4,9 2,0 0 4 São Paulo 226 155 6,3 4,6 1 303 Sul 204 7 4,8 1,7 0 ",,2.0
Informe Semanal nº 03 - COE Dengue e outras Arboviroses - SE 1 a 9 - 08 de março.pdf,16,localidade_uf,São Paulo,tabela,"76 42 Espírito Santo 19 0 2,3 0,0 0 7 Rio de Janeiro 94 3 4,9 2,0 0 4 São Paulo 226 155 6,3 4,6 1 303 Sul 204 7 4,8 1,7 0 21 Paraná 139 7 5,2 1,9 0 1",,2.0
Informe Semanal nº 03 - COE Dengue e outras Arboviroses - SE 1 a 9 - 08 de março.pdf,16,localidade_regiao,Sul,tabela,"0 0 7 Rio de Janeiro 94 3 4,9 2,0 0 4 São Paulo 226 155 6,3 4,6 1 303 Sul 204 7 4,8 1,7 0 21 Paraná 139 7 5,2 1,9 0 17 Santa Catarina 33 0 2,6 ",,1.0
Informe Semanal nº 03 - COE Dengue e outras Arboviroses - SE 1 a 9 - 08 de março.pdf,16,localidade_uf,Paraná,tabela," 3 4,9 2,0 0 4 São Paulo 226 155 6,3 4,6 1 303 Sul 204 7 4,8 1,7 0 21 Paraná 139 7 5,2 1,9 0 17 Santa Catarina 33 0 2,6 0,0 0 3 Rio Grande do Sul ",,3.0
Informe Semanal nº 03 - COE Dengue e outras Arboviroses - SE 1 a 9 - 08 de março.pdf,16,localidade_uf,Santa Catarina,tabela,"26 155 6,3 4,6 1 303 Sul 204 7 4,8 1,7 0 21 Paraná 139 7 5,2 1,9 0 17 Santa Catarina 33 0 2,6 0,0 0 3 Rio Grande do Sul 32 0 8,9 0,0 0 1 Centro-Oeste 368 ",,1.0
Informe Semanal nº 03 - COE Dengue e outras Arboviroses - SE 1 a 9 - 08 de março.pdf,16,localidade_uf,Rio Grande do Sul,tabela,",8 1,7 0 21 Paraná 139 7 5,2 1,9 0 17 Santa Catarina 33 0 2,6 0,0 0 3 Rio Grande do Sul 32 0 8,9 0,0 0 1 Centro-Oeste 368 13 4,1 1,4 5 51 Mato Grosso do Sul ",,1.0
Informe Semanal nº 03 - COE Dengue e outras Arboviroses - SE 1 a 9 - 08 de março.pdf,16,localidade_regiao,Centro-Oeste,tabela,"17 Santa Catarina 33 0 2,6 0,0 0 3 Rio Grande do Sul 32 0 8,9 0,0 0 1 Centro-Oeste 368 13 4,1 1,4 5 51 Mato Grosso do Sul 5 3 4,7 0,0 4 0 Mato Grosso 10",,1.0
Informe Semanal nº 03 - COE Dengue e outras Arboviroses - SE 1 a 9 - 08 de março.pdf,16,localidade_uf,Mato Grosso do Sul,tabela,"3 Rio Grande do Sul 32 0 8,9 0,0 0 1 Centro-Oeste 368 13 4,1 1,4 5 51 Mato Grosso do Sul 5 3 4,7 0,0 4 0 Mato Grosso 10 4 3,8 4,3 1 7 Goiás 105 6 5,6 0,8 0 39",,1.0
Informe Semanal nº 03 - COE Dengue e outras Arboviroses - SE 1 a 9 - 08 de março.pdf,16,localidade_uf,Mato Grosso,tabela,"1 Centro-Oeste 368 13 4,1 1,4 5 51 Mato Grosso do Sul 5 3 4,7 0,0 4 0 Mato Grosso 10 4 3,8 4,3 1 7 Goiás 105 6 5,6 0,8 0 39 Distrito Federal 248 0 3,7 ",,2.0
Informe Semanal nº 03 - COE Dengue e outras Arboviroses - SE 1 a 9 - 08 de março.pdf,16,localidade_uf,Goiás,tabela," 5 51 Mato Grosso do Sul 5 3 4,7 0,0 4 0 Mato Grosso 10 4 3,8 4,3 1 7 Goiás 105 6 5,6 0,8 0 39 Distrito Federal 248 0 3,7 0,0 0 5 Brasil 1.356 20",,2.0
Informe Semanal nº 03 - COE Dengue e outras Arboviroses - SE 1 a 9 - 08 de março.pdf,16,localidade_uf,Distrito Federal,tabela,"5 3 4,7 0,0 4 0 Mato Grosso 10 4 3,8 4,3 1 7 Goiás 105 6 5,6 0,8 0 39 Distrito Federal 248 0 3,7 0,0 0 5 Brasil 1.356 203 5,0 3,4 85 458 FONTE:SinanOn-linee",,1.0
Informe Semanal nº 04 - COE Dengue e outras Arboviroses - SE 1 a 10.pdf,2,localidade_regiao,Sudeste,narrativa," Geográficas que apresentam os maiores coeficientes de incidência são Sudeste, Centro-Oeste e Sul. Entre as Unidades Federativas (UF), Acre, São Pa",,1.0
Informe Semanal nº 04 - COE Dengue e outras Arboviroses - SE 1 a 10.pdf,2,localidade_regiao,Centro-Oeste,narrativa,"cas que apresentam os maiores coeficientes de incidência são Sudeste, Centro-Oeste e Sul. Entre as Unidades Federativas (UF), Acre, São Paulo e Mato Gro",,1.0
Informe Semanal nº 04 - COE Dengue e outras Arboviroses - SE 1 a 10.pdf,2,localidade_regiao,Sul,narrativa,"tam os maiores coeficientes de incidência são Sudeste, Centro-Oeste e Sul. Entre as Unidades Federativas (UF), Acre, São Paulo e Mato Grosso ap",,1.0
Informe Semanal nº 04 - COE Dengue e outras Arboviroses - SE 1 a 10.pdf,2,localidade_uf,Acre,narrativa," são Sudeste, Centro-Oeste e Sul. Entre as Unidades Federativas (UF), Acre, São Paulo e Mato Grosso apresentam as maiores incidências. Os maiore",,1.0
Informe Semanal nº 04 - COE Dengue e outras Arboviroses - SE 1 a 10.pdf,2,localidade_uf,São Paulo,narrativa,"udeste, Centro-Oeste e Sul. Entre as Unidades Federativas (UF), Acre, São Paulo e Mato Grosso apresentam as maiores incidências. Os maiores números d",,2.0
Informe Semanal nº 04 - COE Dengue e outras Arboviroses - SE 1 a 10.pdf,2,localidade_uf,Mato Grosso,narrativa,"ro-Oeste e Sul. Entre as Unidades Federativas (UF), Acre, São Paulo e Mato Grosso apresentam as maiores incidências. Os maiores números de casos graves",,2.0
Informe Semanal nº 04 - COE Dengue e outras Arboviroses - SE 1 a 10.pdf,2,localidade_regiao,Sudeste,narrativa,"dências. Os maiores números de casos graves concentram-se nas regiões Sudeste, Centro-Oeste e Sul. Os óbitos concentram-se na região Sudeste. Foram",,1.0
Informe Semanal nº 04 - COE Dengue e outras Arboviroses - SE 1 a 10.pdf,2,localidade_regiao,Centro-Oeste,narrativa,"Os maiores números de casos graves concentram-se nas regiões Sudeste, Centro-Oeste e Sul. Os óbitos concentram-se na região Sudeste. Foram confirmados 2",,1.0
Informe Semanal nº 04 - COE Dengue e outras Arboviroses - SE 1 a 10.pdf,2,localidade_regiao,Sul,narrativa,"ros de casos graves concentram-se nas regiões Sudeste, Centro-Oeste e Sul. Os óbitos concentram-se na região Sudeste. Foram confirmados 243 óbi",,1.0
Informe Semanal nº 04 - COE Dengue e outras Arboviroses - SE 1 a 10.pdf,2,localidade_regiao,Sudeste,narrativa,"egiões Sudeste, Centro-Oeste e Sul. Os óbitos concentram-se na região Sudeste. Foram confirmados 243 óbitos no período, e 520 estão em investigação",,1.0
Informe Semanal nº 04 - COE Dengue e outras Arboviroses - SE 1 a 10.pdf,14,localidade_regiao,Norte,tabela,"de incidência Região/UF SE 01 aSE 10 SE 01 aSE 10 2024 2025 2024 2025 Norte 22.351 19.902 128,8 114,7 Rondônia 2.889 535 182,7 33,8 Acre 2.949 6.",,1.0
Informe Semanal nº 04 - COE Dengue e outras Arboviroses - SE 1 a 10.pdf,14,localidade_uf,Rondônia,tabela,"E 10 SE 01 aSE 10 2024 2025 2024 2025 Norte 22.351 19.902 128,8 114,7 Rondônia 2.889 535 182,7 33,8 Acre 2.949 6.957 355,3 838,2 Amazonas 4.549 2.11",,1.0
Informe Semanal nº 04 - COE Dengue e outras Arboviroses - SE 1 a 10.pdf,14,localidade_uf,Acre,tabela,"24 2025 Norte 22.351 19.902 128,8 114,7 Rondônia 2.889 535 182,7 33,8 Acre 2.949 6.957 355,3 838,2 Amazonas 4.549 2.113 115,4 53,6 Roraima 102 1",,1.0
Informe Semanal nº 04 - COE Dengue e outras Arboviroses - SE 1 a 10.pdf,14,localidade_uf,Amazonas,tabela,"28,8 114,7 Rondônia 2.889 535 182,7 33,8 Acre 2.949 6.957 355,3 838,2 Amazonas 4.549 2.113 115,4 53,6 Roraima 102 117 16,0 18,4 Pará 7.011 7.929 86,",,1.0
Informe Semanal nº 04 - COE Dengue e outras Arboviroses - SE 1 a 10.pdf,14,localidade_uf,Roraima,tabela,"2,7 33,8 Acre 2.949 6.957 355,3 838,2 Amazonas 4.549 2.113 115,4 53,6 Roraima 102 117 16,0 18,4 Pará 7.011 7.929 86,4 97,7 Amapá 3.756 676 512,1 92",,1.0
Informe Semanal nº 04 - COE Dengue e outras Arboviroses - SE 1 a 10.pdf,14,localidade_uf,Pará,tabela,"355,3 838,2 Amazonas 4.549 2.113 115,4 53,6 Roraima 102 117 16,0 18,4 Pará 7.011 7.929 86,4 97,7 Amapá 3.756 676 512,1 92,2 Tocantins 1.095 1.57",,1.0
Informe Semanal nº 04 - COE Dengue e outras Arboviroses - SE 1 a 10.pdf,14,localidade_uf,Amapá,tabela,"2.113 115,4 53,6 Roraima 102 117 16,0 18,4 Pará 7.011 7.929 86,4 97,7 Amapá 3.756 676 512,1 92,2 Tocantins 1.095 1.575 72,4 104,2 Nordeste 79.497",,2.0
Informe Semanal nº 04 - COE Dengue e outras Arboviroses - SE 1 a 10.pdf,14,localidade_uf,Tocantins,tabela,"2 117 16,0 18,4 Pará 7.011 7.929 86,4 97,7 Amapá 3.756 676 512,1 92,2 Tocantins 1.095 1.575 72,4 104,2 Nordeste 79.497 19.678 145,5 36,0 Maranhão 3.2",,2.0
Informe Semanal nº 04 - COE Dengue e outras Arboviroses - SE 1 a 10.pdf,14,localidade_regiao,Nordeste,tabela,"86,4 97,7 Amapá 3.756 676 512,1 92,2 Tocantins 1.095 1.575 72,4 104,2 Nordeste 79.497 19.678 145,5 36,0 Maranhão 3.287 1.121 48,5 16,5 Piauí 3.674 1",,1.0
Informe Semanal nº 04 - COE Dengue e outras Arboviroses - SE 1 a 10.pdf,14,localidade_uf,Maranhão,tabela,",2 Tocantins 1.095 1.575 72,4 104,2 Nordeste 79.497 19.678 145,5 36,0 Maranhão 3.287 1.121 48,5 16,5 Piauí 3.674 1.250 112,4 38,2 Ceará 2.080 1.393 ",,1.0
Informe Semanal nº 04 - COE Dengue e outras Arboviroses - SE 1 a 10.pdf,14,localidade_uf,Piauí,tabela,"04,2 Nordeste 79.497 19.678 145,5 36,0 Maranhão 3.287 1.121 48,5 16,5 Piauí 3.674 1.250 112,4 38,2 Ceará 2.080 1.393 23,7 15,8 Rio Grande do Nort",,1.0
Informe Semanal nº 04 - COE Dengue e outras Arboviroses - SE 1 a 10.pdf,14,localidade_uf,Ceará,tabela,"45,5 36,0 Maranhão 3.287 1.121 48,5 16,5 Piauí 3.674 1.250 112,4 38,2 Ceará 2.080 1.393 23,7 15,8 Rio Grande do Norte 4.119 1.365 124,7 41,3 Para",,1.0
Informe Semanal nº 04 - COE Dengue e outras Arboviroses - SE 1 a 10.pdf,14,localidade_uf,Rio Grande do Norte,tabela,"21 48,5 16,5 Piauí 3.674 1.250 112,4 38,2 Ceará 2.080 1.393 23,7 15,8 Rio Grande do Norte 4.119 1.365 124,7 41,3 Paraíba 3.431 1.980 86,3 49,8 Pernambuco 4.075",,1.0
Informe Semanal nº 04 - COE Dengue e outras Arboviroses - SE 1 a 10.pdf,14,localidade_uf,Paraíba,tabela,"eará 2.080 1.393 23,7 15,8 Rio Grande do Norte 4.119 1.365 124,7 41,3 Paraíba 3.431 1.980 86,3 49,8 Pernambuco 4.075 3.640 45,0 40,2 Alagoas 2.338 ",,1.0
Informe Semanal nº 04 - COE Dengue e outras Arboviroses - SE 1 a 10.pdf,14,localidade_uf,Pernambuco,tabela," Grande do Norte 4.119 1.365 124,7 41,3 Paraíba 3.431 1.980 86,3 49,8 Pernambuco 4.075 3.640 45,0 40,2 Alagoas 2.338 657 74,8 21,0 Sergipe 452 440 20,",,1.0
Informe Semanal nº 04 - COE Dengue e outras Arboviroses - SE 1 a 10.pdf,14,localidade_uf,Alagoas,tabela,"7 41,3 Paraíba 3.431 1.980 86,3 49,8 Pernambuco 4.075 3.640 45,0 40,2 Alagoas 2.338 657 74,8 21,0 Sergipe 452 440 20,5 19,9 Bahia 56.041 7.832 396,",,1.0
Informe Semanal nº 04 - COE Dengue e outras Arboviroses - SE 1 a 10.pdf,14,localidade_uf,Sergipe,tabela,"6,3 49,8 Pernambuco 4.075 3.640 45,0 40,2 Alagoas 2.338 657 74,8 21,0 Sergipe 452 440 20,5 19,9 Bahia 56.041 7.832 396,4 55,4 Sudeste 1.306.874 390",,1.0
Informe Semanal nº 04 - COE Dengue e outras Arboviroses - SE 1 a 10.pdf,14,localidade_uf,Bahia,tabela,"3.640 45,0 40,2 Alagoas 2.338 657 74,8 21,0 Sergipe 452 440 20,5 19,9 Bahia 56.041 7.832 396,4 55,4 Sudeste 1.306.874 390.656 1.540,3 460,4 Minas",,1.0
Informe Semanal nº 04 - COE Dengue e outras Arboviroses - SE 1 a 10.pdf,14,localidade_regiao,Sudeste,tabela,"657 74,8 21,0 Sergipe 452 440 20,5 19,9 Bahia 56.041 7.832 396,4 55,4 Sudeste 1.306.874 390.656 1.540,3 460,4 Minas Gerais 746.827 59.622 3.636,2 2",,1.0
Informe Semanal nº 04 - COE Dengue e outras Arboviroses - SE 1 a 10.pdf,14,localidade_uf,Minas Gerais,tabela,"Bahia 56.041 7.832 396,4 55,4 Sudeste 1.306.874 390.656 1.540,3 460,4 Minas Gerais 746.827 59.622 3.636,2 290,3 Espírito Santo 51.278 9.236 1.337,6 240,",,1.0
Informe Semanal nº 04 - COE Dengue e outras Arboviroses - SE 1 a 10.pdf,14,localidade_uf,Espírito Santo,tabela,"6.874 390.656 1.540,3 460,4 Minas Gerais 746.827 59.622 3.636,2 290,3 Espírito Santo 51.278 9.236 1.337,6 240,9 Rio de Janeiro 154.428 10.873 961,9 67,7 S",,2.0
Informe Semanal nº 04 - COE Dengue e outras Arboviroses - SE 1 a 10.pdf,14,localidade_uf,Rio de Janeiro,tabela,"46.827 59.622 3.636,2 290,3 Espírito Santo 51.278 9.236 1.337,6 240,9 Rio de Janeiro 154.428 10.873 961,9 67,7 São Paulo 354.341 310.925 797,7 700,0 Sul 2",,2.0
Informe Semanal nº 04 - COE Dengue e outras Arboviroses - SE 1 a 10.pdf,14,localidade_uf,São Paulo,tabela,"o 51.278 9.236 1.337,6 240,9 Rio de Janeiro 154.428 10.873 961,9 67,7 São Paulo 354.341 310.925 797,7 700,0 Sul 253.476 47.939 846,8 160,2 Paraná 165",,2.0
Informe Semanal nº 04 - COE Dengue e outras Arboviroses - SE 1 a 10.pdf,14,localidade_regiao,Sul,tabela,"neiro 154.428 10.873 961,9 67,7 São Paulo 354.341 310.925 797,7 700,0 Sul 253.476 47.939 846,8 160,2 Paraná 165.235 35.405 1.444,0 309,4 Santa ",,1.0
Informe Semanal nº 04 - COE Dengue e outras Arboviroses - SE 1 a 10.pdf,14,localidade_uf,Paraná,tabela," São Paulo 354.341 310.925 797,7 700,0 Sul 253.476 47.939 846,8 160,2 Paraná 165.235 35.405 1.444,0 309,4 Santa Catarina 53.400 7.232 701,7 95,0 R",,3.0
Informe Semanal nº 04 - COE Dengue e outras Arboviroses - SE 1 a 10.pdf,14,localidade_uf,Santa Catarina,tabela,",0 Sul 253.476 47.939 846,8 160,2 Paraná 165.235 35.405 1.444,0 309,4 Santa Catarina 53.400 7.232 701,7 95,0 Rio Grande do Sul 34.841 5.302 320,2 48,7 Cen",,1.0
Informe Semanal nº 04 - COE Dengue e outras Arboviroses - SE 1 a 10.pdf,14,localidade_uf,Rio Grande do Sul,tabela,"á 165.235 35.405 1.444,0 309,4 Santa Catarina 53.400 7.232 701,7 95,0 Rio Grande do Sul 34.841 5.302 320,2 48,7 Centro-Oeste 309.007 55.654 1.897,2 341,7 Mat",,1.0
Informe Semanal nº 04 - COE Dengue e outras Arboviroses - SE 1 a 10.pdf,14,localidade_regiao,Centro-Oeste,tabela,"ina 53.400 7.232 701,7 95,0 Rio Grande do Sul 34.841 5.302 320,2 48,7 Centro-Oeste 309.007 55.654 1.897,2 341,7 Mato Grosso do Sul 5.863 4.140 212,7 150",,1.0
Informe Semanal nº 04 - COE Dengue e outras Arboviroses - SE 1 a 10.pdf,14,localidade_uf,Mato Grosso do Sul,tabela,"Sul 34.841 5.302 320,2 48,7 Centro-Oeste 309.007 55.654 1.897,2 341,7 Mato Grosso do Sul 5.863 4.140 212,7 150,2 Mato Grosso 12.762 18.705 348,8 511,2 Goiás 1",,1.0
Informe Semanal nº 04 - COE Dengue e outras Arboviroses - SE 1 a 10.pdf,14,localidade_uf,Mato Grosso,tabela,"9.007 55.654 1.897,2 341,7 Mato Grosso do Sul 5.863 4.140 212,7 150,2 Mato Grosso 12.762 18.705 348,8 511,2 Goiás 112.783 28.309 1.598,6 401,2 Distrito",,2.0
Informe Semanal nº 04 - COE Dengue e outras Arboviroses - SE 1 a 10.pdf,14,localidade_uf,Goiás,tabela," do Sul 5.863 4.140 212,7 150,2 Mato Grosso 12.762 18.705 348,8 511,2 Goiás 112.783 28.309 1.598,6 401,2 Distrito Federal 177.599 4.500 6.304,4 1",,2.0
Informe Semanal nº 04 - COE Dengue e outras Arboviroses - SE 1 a 10.pdf,14,localidade_uf,Distrito Federal,tabela,"o Grosso 12.762 18.705 348,8 511,2 Goiás 112.783 28.309 1.598,6 401,2 Distrito Federal 177.599 4.500 6.304,4 159,7 Brasil 1.971.205 533.829 970,7 262,9 FONT",,1.0
Informe Semanal nº 04 - COE Dengue e outras Arboviroses - SE 1 a 10.pdf,15,localidade_regiao,Norte,tabela,de alarme (n) Região/UF SE 01 aSE 10 SE 01 aSE 10 2024 2025 2024 2025 Norte 30 13 283 90 Rondônia 2 1 14 4 Acre 2 1 4 14 Amazonas 9 0 52 6 Roraim,,1.0
Informe Semanal nº 04 - COE Dengue e outras Arboviroses - SE 1 a 10.pdf,15,localidade_uf,Rondônia,tabela,o/UF SE 01 aSE 10 SE 01 aSE 10 2024 2025 2024 2025 Norte 30 13 283 90 Rondônia 2 1 14 4 Acre 2 1 4 14 Amazonas 9 0 52 6 Roraima 0 1 1 1 Pará 13 8 13,,1.0
Informe Semanal nº 04 - COE Dengue e outras Arboviroses - SE 1 a 10.pdf,15,localidade_uf,Acre,tabela,SE 01 aSE 10 2024 2025 2024 2025 Norte 30 13 283 90 Rondônia 2 1 14 4 Acre 2 1 4 14 Amazonas 9 0 52 6 Roraima 0 1 1 1 Pará 13 8 131 59 Amapá 2 2,,1.0
Informe Semanal nº 04 - COE Dengue e outras Arboviroses - SE 1 a 10.pdf,15,localidade_uf,Amazonas,tabela,024 2025 2024 2025 Norte 30 13 283 90 Rondônia 2 1 14 4 Acre 2 1 4 14 Amazonas 9 0 52 6 Roraima 0 1 1 1 Pará 13 8 131 59 Amapá 2 2 56 4 Tocantins 2 ,,1.0
Informe Semanal nº 04 - COE Dengue e outras Arboviroses - SE 1 a 10.pdf,15,localidade_uf,Roraima,tabela, Norte 30 13 283 90 Rondônia 2 1 14 4 Acre 2 1 4 14 Amazonas 9 0 52 6 Roraima 0 1 1 1 Pará 13 8 131 59 Amapá 2 2 56 4 Tocantins 2 0 25 2 Nordeste 9,,1.0
Informe Semanal nº 04 - COE Dengue e outras Arboviroses - SE 1 a 10.pdf,15,localidade_uf,Pará,tabela, 90 Rondônia 2 1 14 4 Acre 2 1 4 14 Amazonas 9 0 52 6 Roraima 0 1 1 1 Pará 13 8 131 59 Amapá 2 2 56 4 Tocantins 2 0 25 2 Nordeste 91 13 1.501 18,,1.0
Informe Semanal nº 04 - COE Dengue e outras Arboviroses - SE 1 a 10.pdf,15,localidade_uf,Amapá,tabela,14 4 Acre 2 1 4 14 Amazonas 9 0 52 6 Roraima 0 1 1 1 Pará 13 8 131 59 Amapá 2 2 56 4 Tocantins 2 0 25 2 Nordeste 91 13 1.501 187 Maranhão 6 1 71 ,,2.0
Informe Semanal nº 04 - COE Dengue e outras Arboviroses - SE 1 a 10.pdf,15,localidade_uf,Tocantins,tabela, 14 Amazonas 9 0 52 6 Roraima 0 1 1 1 Pará 13 8 131 59 Amapá 2 2 56 4 Tocantins 2 0 25 2 Nordeste 91 13 1.501 187 Maranhão 6 1 71 7 Piauí 5 4 102 24 ,,2.0
Informe Semanal nº 04 - COE Dengue e outras Arboviroses - SE 1 a 10.pdf,15,localidade_regiao,Nordeste,tabela, 6 Roraima 0 1 1 1 Pará 13 8 131 59 Amapá 2 2 56 4 Tocantins 2 0 25 2 Nordeste 91 13 1.501 187 Maranhão 6 1 71 7 Piauí 5 4 102 24 Ceará 1 0 34 6 Rio,,1.0
Informe Semanal nº 04 - COE Dengue e outras Arboviroses - SE 1 a 10.pdf,15,localidade_uf,Maranhão,tabela,3 8 131 59 Amapá 2 2 56 4 Tocantins 2 0 25 2 Nordeste 91 13 1.501 187 Maranhão 6 1 71 7 Piauí 5 4 102 24 Ceará 1 0 34 6 Rio Grande do Norte 2 0 35 9,,1.0
Informe Semanal nº 04 - COE Dengue e outras Arboviroses - SE 1 a 10.pdf,15,localidade_uf,Piauí,tabela, 2 56 4 Tocantins 2 0 25 2 Nordeste 91 13 1.501 187 Maranhão 6 1 71 7 Piauí 5 4 102 24 Ceará 1 0 34 6 Rio Grande do Norte 2 0 35 9 Paraíba 4 0 49,,1.0
Informe Semanal nº 04 - COE Dengue e outras Arboviroses - SE 1 a 10.pdf,15,localidade_uf,Ceará,tabela, 2 0 25 2 Nordeste 91 13 1.501 187 Maranhão 6 1 71 7 Piauí 5 4 102 24 Ceará 1 0 34 6 Rio Grande do Norte 2 0 35 9 Paraíba 4 0 49 3 Pernambuco 1 1,,1.0
Informe Semanal nº 04 - COE Dengue e outras Arboviroses - SE 1 a 10.pdf,15,localidade_uf,Rio Grande do Norte,tabela,ste 91 13 1.501 187 Maranhão 6 1 71 7 Piauí 5 4 102 24 Ceará 1 0 34 6 Rio Grande do Norte 2 0 35 9 Paraíba 4 0 49 3 Pernambuco 1 1 22 6 Alagoas 3 2 37 8 Sergip,,1.0
Informe Semanal nº 04 - COE Dengue e outras Arboviroses - SE 1 a 10.pdf,15,localidade_uf,Paraíba,tabela,6 1 71 7 Piauí 5 4 102 24 Ceará 1 0 34 6 Rio Grande do Norte 2 0 35 9 Paraíba 4 0 49 3 Pernambuco 1 1 22 6 Alagoas 3 2 37 8 Sergipe 3 1 18 7 Bahia ,,1.0
Informe Semanal nº 04 - COE Dengue e outras Arboviroses - SE 1 a 10.pdf,15,localidade_uf,Pernambuco,tabela,4 102 24 Ceará 1 0 34 6 Rio Grande do Norte 2 0 35 9 Paraíba 4 0 49 3 Pernambuco 1 1 22 6 Alagoas 3 2 37 8 Sergipe 3 1 18 7 Bahia 66 4 1133 117 Sudest,,1.0
Informe Semanal nº 04 - COE Dengue e outras Arboviroses - SE 1 a 10.pdf,15,localidade_uf,Alagoas,tabela,4 6 Rio Grande do Norte 2 0 35 9 Paraíba 4 0 49 3 Pernambuco 1 1 22 6 Alagoas 3 2 37 8 Sergipe 3 1 18 7 Bahia 66 4 1133 117 Sudeste 1.245 355 14.17,,1.0
Informe Semanal nº 04 - COE Dengue e outras Arboviroses - SE 1 a 10.pdf,15,localidade_uf,Sergipe,tabela, Norte 2 0 35 9 Paraíba 4 0 49 3 Pernambuco 1 1 22 6 Alagoas 3 2 37 8 Sergipe 3 1 18 7 Bahia 66 4 1133 117 Sudeste 1.245 355 14.177 4.480 Minas Ger,,1.0
Informe Semanal nº 04 - COE Dengue e outras Arboviroses - SE 1 a 10.pdf,15,localidade_uf,Bahia,tabela,araíba 4 0 49 3 Pernambuco 1 1 22 6 Alagoas 3 2 37 8 Sergipe 3 1 18 7 Bahia 66 4 1133 117 Sudeste 1.245 355 14.177 4.480 Minas Gerais 642 54 6.94,,1.0
Informe Semanal nº 04 - COE Dengue e outras Arboviroses - SE 1 a 10.pdf,15,localidade_regiao,Sudeste,tabela,ambuco 1 1 22 6 Alagoas 3 2 37 8 Sergipe 3 1 18 7 Bahia 66 4 1133 117 Sudeste 1.245 355 14.177 4.480 Minas Gerais 642 54 6.941 583 Espírito Santo 4,,1.0
Informe Semanal nº 04 - COE Dengue e outras Arboviroses - SE 1 a 10.pdf,15,localidade_uf,Minas Gerais,tabela,8 Sergipe 3 1 18 7 Bahia 66 4 1133 117 Sudeste 1.245 355 14.177 4.480 Minas Gerais 642 54 6.941 583 Espírito Santo 45 5 973 203 Rio de Janeiro 112 8 2.1,,1.0
Informe Semanal nº 04 - COE Dengue e outras Arboviroses - SE 1 a 10.pdf,15,localidade_uf,Espírito Santo,tabela,1133 117 Sudeste 1.245 355 14.177 4.480 Minas Gerais 642 54 6.941 583 Espírito Santo 45 5 973 203 Rio de Janeiro 112 8 2.190 160 São Paulo 446 288 4.073 3,,2.0
Informe Semanal nº 04 - COE Dengue e outras Arboviroses - SE 1 a 10.pdf,15,localidade_uf,Rio de Janeiro,tabela,4.177 4.480 Minas Gerais 642 54 6.941 583 Espírito Santo 45 5 973 203 Rio de Janeiro 112 8 2.190 160 São Paulo 446 288 4.073 3.534 Sul 298 35 5.208 448 Pa,,2.0
Informe Semanal nº 04 - COE Dengue e outras Arboviroses - SE 1 a 10.pdf,15,localidade_uf,São Paulo,tabela, 6.941 583 Espírito Santo 45 5 973 203 Rio de Janeiro 112 8 2.190 160 São Paulo 446 288 4.073 3.534 Sul 298 35 5.208 448 Paraná 168 31 3.224 410 Sant,,2.0
Informe Semanal nº 04 - COE Dengue e outras Arboviroses - SE 1 a 10.pdf,15,localidade_regiao,Sul,tabela, 973 203 Rio de Janeiro 112 8 2.190 160 São Paulo 446 288 4.073 3.534 Sul 298 35 5.208 448 Paraná 168 31 3.224 410 Santa Catarina 60 0 1.570 16,,1.0
Informe Semanal nº 04 - COE Dengue e outras Arboviroses - SE 1 a 10.pdf,15,localidade_uf,Paraná,tabela,ro 112 8 2.190 160 São Paulo 446 288 4.073 3.534 Sul 298 35 5.208 448 Paraná 168 31 3.224 410 Santa Catarina 60 0 1.570 16 Rio Grande do Sul 70 4 ,,3.0
Informe Semanal nº 04 - COE Dengue e outras Arboviroses - SE 1 a 10.pdf,15,localidade_uf,Santa Catarina,tabela,aulo 446 288 4.073 3.534 Sul 298 35 5.208 448 Paraná 168 31 3.224 410 Santa Catarina 60 0 1.570 16 Rio Grande do Sul 70 4 414 22 Centro-Oeste 513 55 9.643,,1.0
Informe Semanal nº 04 - COE Dengue e outras Arboviroses - SE 1 a 10.pdf,15,localidade_uf,Rio Grande do Sul,tabela,298 35 5.208 448 Paraná 168 31 3.224 410 Santa Catarina 60 0 1.570 16 Rio Grande do Sul 70 4 414 22 Centro-Oeste 513 55 9.643 994 Mato Grosso do Sul 10 5 127,,1.0
Informe Semanal nº 04 - COE Dengue e outras Arboviroses - SE 1 a 10.pdf,15,localidade_regiao,Centro-Oeste,tabela, 3.224 410 Santa Catarina 60 0 1.570 16 Rio Grande do Sul 70 4 414 22 Centro-Oeste 513 55 9.643 994 Mato Grosso do Sul 10 5 127 100 Mato Grosso 27 20 27,,1.0
Informe Semanal nº 04 - COE Dengue e outras Arboviroses - SE 1 a 10.pdf,15,localidade_uf,Mato Grosso do Sul,tabela, 1.570 16 Rio Grande do Sul 70 4 414 22 Centro-Oeste 513 55 9.643 994 Mato Grosso do Sul 10 5 127 100 Mato Grosso 27 20 279 96 Goiás 163 29 2082 774 Distrito ,,1.0
Informe Semanal nº 04 - COE Dengue e outras Arboviroses - SE 1 a 10.pdf,15,localidade_uf,Mato Grosso,tabela, 414 22 Centro-Oeste 513 55 9.643 994 Mato Grosso do Sul 10 5 127 100 Mato Grosso 27 20 279 96 Goiás 163 29 2082 774 Distrito Federal 313 1 7155 24 Bra,,2.0
Informe Semanal nº 04 - COE Dengue e outras Arboviroses - SE 1 a 10.pdf,15,localidade_uf,Goiás,tabela,55 9.643 994 Mato Grosso do Sul 10 5 127 100 Mato Grosso 27 20 279 96 Goiás 163 29 2082 774 Distrito Federal 313 1 7155 24 Brasil 2.177 471 30.81,,2.0
Informe Semanal nº 04 - COE Dengue e outras Arboviroses - SE 1 a 10.pdf,15,localidade_uf,Distrito Federal,tabela,so do Sul 10 5 127 100 Mato Grosso 27 20 279 96 Goiás 163 29 2082 774 Distrito Federal 313 1 7155 24 Brasil 2.177 471 30.812 6.199 FONTE:SinanOn-lineeE-SUS ,,1.0
Informe Semanal nº 04 - COE Dengue e outras Arboviroses - SE 1 a 10.pdf,16,localidade_regiao,Norte,tabela," SE 01 aSE 10 SE 01 aSE 10 SE 01 aSE 10 2024 2025 2024 2025 2024 2025 Norte 12 14 3,8 13,6 0 7 Rondônia 2 0 12,5 0,0 0 1 Acre 0 3 0,0 0,0 0 1 Ama",,1.0
Informe Semanal nº 04 - COE Dengue e outras Arboviroses - SE 1 a 10.pdf,16,localidade_uf,Rondônia,tabela,"0 SE 01 aSE 10 2024 2025 2024 2025 2024 2025 Norte 12 14 3,8 13,6 0 7 Rondônia 2 0 12,5 0,0 0 1 Acre 0 3 0,0 0,0 0 1 Amazonas 4 0 6,6 0,0 0 1 Roraim",,1.0
Informe Semanal nº 04 - COE Dengue e outras Arboviroses - SE 1 a 10.pdf,16,localidade_uf,Acre,tabela,"024 2025 2024 2025 Norte 12 14 3,8 13,6 0 7 Rondônia 2 0 12,5 0,0 0 1 Acre 0 3 0,0 0,0 0 1 Amazonas 4 0 6,6 0,0 0 1 Roraima 0 1 0,0 0,0 0 0 Pará",,1.0
Informe Semanal nº 04 - COE Dengue e outras Arboviroses - SE 1 a 10.pdf,16,localidade_uf,Amazonas,tabela,"rte 12 14 3,8 13,6 0 7 Rondônia 2 0 12,5 0,0 0 1 Acre 0 3 0,0 0,0 0 1 Amazonas 4 0 6,6 0,0 0 1 Roraima 0 1 0,0 0,0 0 0 Pará 2 8 1,4 0,0 0 4 Amapá 3 ",,1.0
Informe Semanal nº 04 - COE Dengue e outras Arboviroses - SE 1 a 10.pdf,16,localidade_uf,Roraima,tabela,"ndônia 2 0 12,5 0,0 0 1 Acre 0 3 0,0 0,0 0 1 Amazonas 4 0 6,6 0,0 0 1 Roraima 0 1 0,0 0,0 0 0 Pará 2 8 1,4 0,0 0 4 Amapá 3 2 5,2 0,0 0 0 Tocantins ",,1.0
Informe Semanal nº 04 - COE Dengue e outras Arboviroses - SE 1 a 10.pdf,16,localidade_uf,Pará,tabela,"Acre 0 3 0,0 0,0 0 1 Amazonas 4 0 6,6 0,0 0 1 Roraima 0 1 0,0 0,0 0 0 Pará 2 8 1,4 0,0 0 4 Amapá 3 2 5,2 0,0 0 0 Tocantins 1 0 3,7 0,0 0 0 Norde",,1.0
Informe Semanal nº 04 - COE Dengue e outras Arboviroses - SE 1 a 10.pdf,16,localidade_uf,Amapá,tabela,"Amazonas 4 0 6,6 0,0 0 1 Roraima 0 1 0,0 0,0 0 0 Pará 2 8 1,4 0,0 0 4 Amapá 3 2 5,2 0,0 0 0 Tocantins 1 0 3,7 0,0 0 0 Nordeste 56 7 3,5 3,5 3 22 ",,2.0
Informe Semanal nº 04 - COE Dengue e outras Arboviroses - SE 1 a 10.pdf,16,localidade_uf,Tocantins,tabela," 1 Roraima 0 1 0,0 0,0 0 0 Pará 2 8 1,4 0,0 0 4 Amapá 3 2 5,2 0,0 0 0 Tocantins 1 0 3,7 0,0 0 0 Nordeste 56 7 3,5 3,5 3 22 Maranhão 4 0 5,2 0,0 1 6 P",,2.0
Informe Semanal nº 04 - COE Dengue e outras Arboviroses - SE 1 a 10.pdf,16,localidade_regiao,Nordeste,tabela," Pará 2 8 1,4 0,0 0 4 Amapá 3 2 5,2 0,0 0 0 Tocantins 1 0 3,7 0,0 0 0 Nordeste 56 7 3,5 3,5 3 22 Maranhão 4 0 5,2 0,0 1 6 Piauí 3 2 2,8 0,0 0 0 Cear",,1.0
Informe Semanal nº 04 - COE Dengue e outras Arboviroses - SE 1 a 10.pdf,16,localidade_uf,Maranhão,tabela," 3 2 5,2 0,0 0 0 Tocantins 1 0 3,7 0,0 0 0 Nordeste 56 7 3,5 3,5 3 22 Maranhão 4 0 5,2 0,0 1 6 Piauí 3 2 2,8 0,0 0 0 Ceará 0 0 0,0 0,0 0 0 Rio Grand",,1.0
Informe Semanal nº 04 - COE Dengue e outras Arboviroses - SE 1 a 10.pdf,16,localidade_uf,Piauí,tabela,"s 1 0 3,7 0,0 0 0 Nordeste 56 7 3,5 3,5 3 22 Maranhão 4 0 5,2 0,0 1 6 Piauí 3 2 2,8 0,0 0 0 Ceará 0 0 0,0 0,0 0 0 Rio Grande do Norte 0 0 0,0 0,0",,1.0
Informe Semanal nº 04 - COE Dengue e outras Arboviroses - SE 1 a 10.pdf,16,localidade_uf,Ceará,tabela,"este 56 7 3,5 3,5 3 22 Maranhão 4 0 5,2 0,0 1 6 Piauí 3 2 2,8 0,0 0 0 Ceará 0 0 0,0 0,0 0 0 Rio Grande do Norte 0 0 0,0 0,0 0 1 Paraíba 4 0 7,5 0",,1.0
Informe Semanal nº 04 - COE Dengue e outras Arboviroses - SE 1 a 10.pdf,16,localidade_uf,Rio Grande do Norte,tabela," Maranhão 4 0 5,2 0,0 1 6 Piauí 3 2 2,8 0,0 0 0 Ceará 0 0 0,0 0,0 0 0 Rio Grande do Norte 0 0 0,0 0,0 0 1 Paraíba 4 0 7,5 0,0 0 2 Pernambuco 1 0 4,3 0,0 0 4 Al",,1.0
Informe Semanal nº 04 - COE Dengue e outras Arboviroses - SE 1 a 10.pdf,16,localidade_uf,Paraíba,tabela,"2,8 0,0 0 0 Ceará 0 0 0,0 0,0 0 0 Rio Grande do Norte 0 0 0,0 0,0 0 1 Paraíba 4 0 7,5 0,0 0 2 Pernambuco 1 0 4,3 0,0 0 4 Alagoas 1 0 2,5 0,0 0 1 Se",,1.0
Informe Semanal nº 04 - COE Dengue e outras Arboviroses - SE 1 a 10.pdf,16,localidade_uf,Pernambuco,tabela,"0 0,0 0 0 Rio Grande do Norte 0 0 0,0 0,0 0 1 Paraíba 4 0 7,5 0,0 0 2 Pernambuco 1 0 4,3 0,0 0 4 Alagoas 1 0 2,5 0,0 0 1 Sergipe 3 1 14,3 0,0 0 0 Bahi",,1.0
Informe Semanal nº 04 - COE Dengue e outras Arboviroses - SE 1 a 10.pdf,16,localidade_uf,Alagoas,tabela,"te 0 0 0,0 0,0 0 1 Paraíba 4 0 7,5 0,0 0 2 Pernambuco 1 0 4,3 0,0 0 4 Alagoas 1 0 2,5 0,0 0 1 Sergipe 3 1 14,3 0,0 0 0 Bahia 40 4 3,3 3,3 2 8 Sudes",,1.0
Informe Semanal nº 04 - COE Dengue e outras Arboviroses - SE 1 a 10.pdf,16,localidade_uf,Sergipe,tabela,"ba 4 0 7,5 0,0 0 2 Pernambuco 1 0 4,3 0,0 0 4 Alagoas 1 0 2,5 0,0 0 1 Sergipe 3 1 14,3 0,0 0 0 Bahia 40 4 3,3 3,3 2 8 Sudeste 936 198 6,1 4,1 94 40",,1.0
Informe Semanal nº 04 - COE Dengue e outras Arboviroses - SE 1 a 10.pdf,16,localidade_uf,Bahia,tabela,"buco 1 0 4,3 0,0 0 4 Alagoas 1 0 2,5 0,0 0 1 Sergipe 3 1 14,3 0,0 0 0 Bahia 40 4 3,3 3,3 2 8 Sudeste 936 198 6,1 4,1 94 402 Minas Gerais 472 13 6",,1.0
Informe Semanal nº 04 - COE Dengue e outras Arboviroses - SE 1 a 10.pdf,16,localidade_regiao,Sudeste,tabela,"agoas 1 0 2,5 0,0 0 1 Sergipe 3 1 14,3 0,0 0 0 Bahia 40 4 3,3 3,3 2 8 Sudeste 936 198 6,1 4,1 94 402 Minas Gerais 472 13 6,2 2,0 92 43 Espírito San",,1.0
Informe Semanal nº 04 - COE Dengue e outras Arboviroses - SE 1 a 10.pdf,16,localidade_uf,Minas Gerais,tabela," 1 14,3 0,0 0 0 Bahia 40 4 3,3 3,3 2 8 Sudeste 936 198 6,1 4,1 94 402 Minas Gerais 472 13 6,2 2,0 92 43 Espírito Santo 20 0 2,0 0,0 0 8 Rio de Janeiro 1",,1.0
Informe Semanal nº 04 - COE Dengue e outras Arboviroses - SE 1 a 10.pdf,16,localidade_uf,Espírito Santo,tabela," 2 8 Sudeste 936 198 6,1 4,1 94 402 Minas Gerais 472 13 6,2 2,0 92 43 Espírito Santo 20 0 2,0 0,0 0 8 Rio de Janeiro 105 4 4,6 2,4 0 4 São Paulo 339 181 7",,2.0
Informe Semanal nº 04 - COE Dengue e outras Arboviroses - SE 1 a 10.pdf,16,localidade_uf,Rio de Janeiro,tabela,"402 Minas Gerais 472 13 6,2 2,0 92 43 Espírito Santo 20 0 2,0 0,0 0 8 Rio de Janeiro 105 4 4,6 2,4 0 4 São Paulo 339 181 7,5 4,7 2 347 Sul 292 11 5,3 2,3 ",,2.0
Informe Semanal nº 04 - COE Dengue e outras Arboviroses - SE 1 a 10.pdf,16,localidade_uf,São Paulo,tabela,"2 43 Espírito Santo 20 0 2,0 0,0 0 8 Rio de Janeiro 105 4 4,6 2,4 0 4 São Paulo 339 181 7,5 4,7 2 347 Sul 292 11 5,3 2,3 0 28 Paraná 188 9 5,5 2,0 0 ",,2.0
Informe Semanal nº 04 - COE Dengue e outras Arboviroses - SE 1 a 10.pdf,16,localidade_regiao,Sul,tabela," 0 8 Rio de Janeiro 105 4 4,6 2,4 0 4 São Paulo 339 181 7,5 4,7 2 347 Sul 292 11 5,3 2,3 0 28 Paraná 188 9 5,5 2,0 0 24 Santa Catarina 53 2 3,3",,1.0
Informe Semanal nº 04 - COE Dengue e outras Arboviroses - SE 1 a 10.pdf,16,localidade_uf,Paraná,tabela,"4 4,6 2,4 0 4 São Paulo 339 181 7,5 4,7 2 347 Sul 292 11 5,3 2,3 0 28 Paraná 188 9 5,5 2,0 0 24 Santa Catarina 53 2 3,3 0,0 0 1 Rio Grande do Sul ",,3.0
Informe Semanal nº 04 - COE Dengue e outras Arboviroses - SE 1 a 10.pdf,16,localidade_uf,Santa Catarina,tabela,"9 181 7,5 4,7 2 347 Sul 292 11 5,3 2,3 0 28 Paraná 188 9 5,5 2,0 0 24 Santa Catarina 53 2 3,3 0,0 0 1 Rio Grande do Sul 51 0 10,5 0,0 0 3 Centro-Oeste 437",,1.0
Informe Semanal nº 04 - COE Dengue e outras Arboviroses - SE 1 a 10.pdf,16,localidade_uf,Rio Grande do Sul,tabela,",3 2,3 0 28 Paraná 188 9 5,5 2,0 0 24 Santa Catarina 53 2 3,3 0,0 0 1 Rio Grande do Sul 51 0 10,5 0,0 0 3 Centro-Oeste 437 13 4,3 1,2 5 61 Mato Grosso do Sul",,1.0
Informe Semanal nº 04 - COE Dengue e outras Arboviroses - SE 1 a 10.pdf,16,localidade_regiao,Centro-Oeste,tabela,"4 Santa Catarina 53 2 3,3 0,0 0 1 Rio Grande do Sul 51 0 10,5 0,0 0 3 Centro-Oeste 437 13 4,3 1,2 5 61 Mato Grosso do Sul 9 3 6,6 0,0 4 1 Mato Grosso 10",,1.0
Informe Semanal nº 04 - COE Dengue e outras Arboviroses - SE 1 a 10.pdf,16,localidade_uf,Mato Grosso do Sul,tabela," Rio Grande do Sul 51 0 10,5 0,0 0 3 Centro-Oeste 437 13 4,3 1,2 5 61 Mato Grosso do Sul 9 3 6,6 0,0 4 1 Mato Grosso 10 5 3,3 4,3 1 7 Goiás 130 5 5,8 0,6 0 48",,1.0
Informe Semanal nº 04 - COE Dengue e outras Arboviroses - SE 1 a 10.pdf,16,localidade_uf,Mato Grosso,tabela,"3 Centro-Oeste 437 13 4,3 1,2 5 61 Mato Grosso do Sul 9 3 6,6 0,0 4 1 Mato Grosso 10 5 3,3 4,3 1 7 Goiás 130 5 5,8 0,6 0 48 Distrito Federal 288 0 3,9 ",,2.0
Informe Semanal nº 04 - COE Dengue e outras Arboviroses - SE 1 a 10.pdf,16,localidade_uf,Goiás,tabela," 5 61 Mato Grosso do Sul 9 3 6,6 0,0 4 1 Mato Grosso 10 5 3,3 4,3 1 7 Goiás 130 5 5,8 0,6 0 48 Distrito Federal 288 0 3,9 0,0 0 5 Brasil 1.733 24",,2.0
Informe Semanal nº 04 - COE Dengue e outras Arboviroses - SE 1 a 10.pdf,16,localidade_uf,Distrito Federal,tabela,"9 3 6,6 0,0 4 1 Mato Grosso 10 5 3,3 4,3 1 7 Goiás 130 5 5,8 0,6 0 48 Distrito Federal 288 0 3,9 0,0 0 5 Brasil 1.733 243 5,3 3,6 102 520 FONTE:SinanOn-line",,1.0
Informe Semanal nº 05 - COE Dengue e outras Arboviroses - SE 1 a 11.pdf,2,localidade_regiao,Sudeste,narrativa," Geográficas que apresentam os maiores coeficientes de incidência são Sudeste, Centro-Oeste e Sul. Entre as Unidades Federativas (UF), Acre, São Pa",,1.0
Informe Semanal nº 05 - COE Dengue e outras Arboviroses - SE 1 a 11.pdf,2,localidade_regiao,Centro-Oeste,narrativa,"cas que apresentam os maiores coeficientes de incidência são Sudeste, Centro-Oeste e Sul. Entre as Unidades Federativas (UF), Acre, São Paulo e Mato Gro",,1.0
Informe Semanal nº 05 - COE Dengue e outras Arboviroses - SE 1 a 11.pdf,2,localidade_regiao,Sul,narrativa,"tam os maiores coeficientes de incidência são Sudeste, Centro-Oeste e Sul. Entre as Unidades Federativas (UF), Acre, São Paulo e Mato Grosso ap",,1.0
Informe Semanal nº 05 - COE Dengue e outras Arboviroses - SE 1 a 11.pdf,2,localidade_uf,Acre,narrativa," são Sudeste, Centro-Oeste e Sul. Entre as Unidades Federativas (UF), Acre, São Paulo e Mato Grosso apresentam as maiores incidências. Os maiore",,1.0
Informe Semanal nº 05 - COE Dengue e outras Arboviroses - SE 1 a 11.pdf,2,localidade_uf,São Paulo,narrativa,"udeste, Centro-Oeste e Sul. Entre as Unidades Federativas (UF), Acre, São Paulo e Mato Grosso apresentam as maiores incidências. Os maiores números d",,2.0
Informe Semanal nº 05 - COE Dengue e outras Arboviroses - SE 1 a 11.pdf,2,localidade_uf,Mato Grosso,narrativa,"ro-Oeste e Sul. Entre as Unidades Federativas (UF), Acre, São Paulo e Mato Grosso apresentam as maiores incidências. Os maiores números de casos graves",,2.0
Informe Semanal nº 05 - COE Dengue e outras Arboviroses - SE 1 a 11.pdf,2,localidade_regiao,Sudeste,narrativa,"dências. Os maiores números de casos graves concentram-se nas regiões Sudeste, Centro-Oeste e Sul. Os óbitos concentram-se na região Sudeste. Foram",,1.0
Informe Semanal nº 05 - COE Dengue e outras Arboviroses - SE 1 a 11.pdf,2,localidade_regiao,Centro-Oeste,narrativa,"Os maiores números de casos graves concentram-se nas regiões Sudeste, Centro-Oeste e Sul. Os óbitos concentram-se na região Sudeste. Foram confirmados 3",,1.0
Informe Semanal nº 05 - COE Dengue e outras Arboviroses - SE 1 a 11.pdf,2,localidade_regiao,Sul,narrativa,"ros de casos graves concentram-se nas regiões Sudeste, Centro-Oeste e Sul. Os óbitos concentram-se na região Sudeste. Foram confirmados 304 óbi",,1.0
Informe Semanal nº 05 - COE Dengue e outras Arboviroses - SE 1 a 11.pdf,2,localidade_regiao,Sudeste,narrativa,"egiões Sudeste, Centro-Oeste e Sul. Os óbitos concentram-se na região Sudeste. Foram confirmados 304 óbitos no período, e 632 estão em investigação",,1.0
Informe Semanal nº 05 - COE Dengue e outras Arboviroses - SE 1 a 11.pdf,14,localidade_regiao,Norte,tabela,"de incidência Região/UF SE 01 aSE 11 SE 01 aSE 11 2024 2025 2024 2025 Norte 25.044 21.727 144,3 125,2 Rondônia 3.350 682 211,9 43,1 Acre 3.065 7.",,1.0
Informe Semanal nº 05 - COE Dengue e outras Arboviroses - SE 1 a 11.pdf,14,localidade_uf,Rondônia,tabela,"E 11 SE 01 aSE 11 2024 2025 2024 2025 Norte 25.044 21.727 144,3 125,2 Rondônia 3.350 682 211,9 43,1 Acre 3.065 7.426 369,3 894,7 Amazonas 4.884 2.41",,1.0
Informe Semanal nº 05 - COE Dengue e outras Arboviroses - SE 1 a 11.pdf,14,localidade_uf,Acre,tabela,"24 2025 Norte 25.044 21.727 144,3 125,2 Rondônia 3.350 682 211,9 43,1 Acre 3.065 7.426 369,3 894,7 Amazonas 4.884 2.419 123,9 61,4 Roraima 120 1",,1.0
Informe Semanal nº 05 - COE Dengue e outras Arboviroses - SE 1 a 11.pdf,14,localidade_uf,Amazonas,tabela,"44,3 125,2 Rondônia 3.350 682 211,9 43,1 Acre 3.065 7.426 369,3 894,7 Amazonas 4.884 2.419 123,9 61,4 Roraima 120 124 18,9 19,5 Pará 8.178 8.650 100",,1.0
Informe Semanal nº 05 - COE Dengue e outras Arboviroses - SE 1 a 11.pdf,14,localidade_uf,Roraima,tabela,"1,9 43,1 Acre 3.065 7.426 369,3 894,7 Amazonas 4.884 2.419 123,9 61,4 Roraima 120 124 18,9 19,5 Pará 8.178 8.650 100,8 106,6 Amapá 4.117 730 561,3 ",,1.0
Informe Semanal nº 05 - COE Dengue e outras Arboviroses - SE 1 a 11.pdf,14,localidade_uf,Pará,tabela,"369,3 894,7 Amazonas 4.884 2.419 123,9 61,4 Roraima 120 124 18,9 19,5 Pará 8.178 8.650 100,8 106,6 Amapá 4.117 730 561,3 99,5 Tocantins 1.330 1.",,1.0
Informe Semanal nº 05 - COE Dengue e outras Arboviroses - SE 1 a 11.pdf,14,localidade_uf,Amapá,tabela,"419 123,9 61,4 Roraima 120 124 18,9 19,5 Pará 8.178 8.650 100,8 106,6 Amapá 4.117 730 561,3 99,5 Tocantins 1.330 1.696 88,0 112,2 Nordeste 103.26",,2.0
Informe Semanal nº 05 - COE Dengue e outras Arboviroses - SE 1 a 11.pdf,14,localidade_uf,Tocantins,tabela,"124 18,9 19,5 Pará 8.178 8.650 100,8 106,6 Amapá 4.117 730 561,3 99,5 Tocantins 1.330 1.696 88,0 112,2 Nordeste 103.261 22.609 189,0 41,4 Maranhão 4.",,2.0
Informe Semanal nº 05 - COE Dengue e outras Arboviroses - SE 1 a 11.pdf,14,localidade_regiao,Nordeste,tabela,"0,8 106,6 Amapá 4.117 730 561,3 99,5 Tocantins 1.330 1.696 88,0 112,2 Nordeste 103.261 22.609 189,0 41,4 Maranhão 4.246 1.446 62,7 21,3 Piauí 4.547 ",,1.0
Informe Semanal nº 05 - COE Dengue e outras Arboviroses - SE 1 a 11.pdf,14,localidade_uf,Maranhão,tabela,"5 Tocantins 1.330 1.696 88,0 112,2 Nordeste 103.261 22.609 189,0 41,4 Maranhão 4.246 1.446 62,7 21,3 Piauí 4.547 1.587 139,1 48,5 Ceará 2.515 1.553 ",,1.0
Informe Semanal nº 05 - COE Dengue e outras Arboviroses - SE 1 a 11.pdf,14,localidade_uf,Piauí,tabela,"2,2 Nordeste 103.261 22.609 189,0 41,4 Maranhão 4.246 1.446 62,7 21,3 Piauí 4.547 1.587 139,1 48,5 Ceará 2.515 1.553 28,6 17,7 Rio Grande do Nort",,1.0
Informe Semanal nº 05 - COE Dengue e outras Arboviroses - SE 1 a 11.pdf,14,localidade_uf,Ceará,tabela,"89,0 41,4 Maranhão 4.246 1.446 62,7 21,3 Piauí 4.547 1.587 139,1 48,5 Ceará 2.515 1.553 28,6 17,7 Rio Grande do Norte 5.395 1.539 163,4 46,6 Para",,1.0
Informe Semanal nº 05 - COE Dengue e outras Arboviroses - SE 1 a 11.pdf,14,localidade_uf,Rio Grande do Norte,tabela,"46 62,7 21,3 Piauí 4.547 1.587 139,1 48,5 Ceará 2.515 1.553 28,6 17,7 Rio Grande do Norte 5.395 1.539 163,4 46,6 Paraíba 4.389 2.238 110,4 56,3 Pernambuco 5.26",,1.0
Informe Semanal nº 05 - COE Dengue e outras Arboviroses - SE 1 a 11.pdf,14,localidade_uf,Paraíba,tabela,"eará 2.515 1.553 28,6 17,7 Rio Grande do Norte 5.395 1.539 163,4 46,6 Paraíba 4.389 2.238 110,4 56,3 Pernambuco 5.267 4.113 58,1 45,4 Alagoas 2.866",,1.0
Informe Semanal nº 05 - COE Dengue e outras Arboviroses - SE 1 a 11.pdf,14,localidade_uf,Pernambuco,tabela,"Grande do Norte 5.395 1.539 163,4 46,6 Paraíba 4.389 2.238 110,4 56,3 Pernambuco 5.267 4.113 58,1 45,4 Alagoas 2.866 715 91,6 22,9 Sergipe 539 488 24,",,1.0
Informe Semanal nº 05 - COE Dengue e outras Arboviroses - SE 1 a 11.pdf,14,localidade_uf,Alagoas,tabela," 46,6 Paraíba 4.389 2.238 110,4 56,3 Pernambuco 5.267 4.113 58,1 45,4 Alagoas 2.866 715 91,6 22,9 Sergipe 539 488 24,4 22,1 Bahia 73.497 8.930 519,",,1.0
Informe Semanal nº 05 - COE Dengue e outras Arboviroses - SE 1 a 11.pdf,14,localidade_uf,Sergipe,tabela,"0,4 56,3 Pernambuco 5.267 4.113 58,1 45,4 Alagoas 2.866 715 91,6 22,9 Sergipe 539 488 24,4 22,1 Bahia 73.497 8.930 519,9 63,2 Sudeste 1.568.110 456",,1.0
Informe Semanal nº 05 - COE Dengue e outras Arboviroses - SE 1 a 11.pdf,14,localidade_uf,Bahia,tabela,"4.113 58,1 45,4 Alagoas 2.866 715 91,6 22,9 Sergipe 539 488 24,4 22,1 Bahia 73.497 8.930 519,9 63,2 Sudeste 1.568.110 456.958 1.848,2 538,6 Minas",,1.0
Informe Semanal nº 05 - COE Dengue e outras Arboviroses - SE 1 a 11.pdf,14,localidade_regiao,Sudeste,tabela,"715 91,6 22,9 Sergipe 539 488 24,4 22,1 Bahia 73.497 8.930 519,9 63,2 Sudeste 1.568.110 456.958 1.848,2 538,6 Minas Gerais 875.286 69.389 4.261,6 3",,1.0
Informe Semanal nº 05 - COE Dengue e outras Arboviroses - SE 1 a 11.pdf,14,localidade_uf,Minas Gerais,tabela,"Bahia 73.497 8.930 519,9 63,2 Sudeste 1.568.110 456.958 1.848,2 538,6 Minas Gerais 875.286 69.389 4.261,6 337,8 Espírito Santo 62.967 10.484 1.642,6 273",,1.0
Informe Semanal nº 05 - COE Dengue e outras Arboviroses - SE 1 a 11.pdf,14,localidade_uf,Espírito Santo,tabela,"8.110 456.958 1.848,2 538,6 Minas Gerais 875.286 69.389 4.261,6 337,8 Espírito Santo 62.967 10.484 1.642,6 273,5 Rio de Janeiro 176.827 12.889 1.101,4 80,",,2.0
Informe Semanal nº 05 - COE Dengue e outras Arboviroses - SE 1 a 11.pdf,14,localidade_uf,Rio de Janeiro,tabela,"5.286 69.389 4.261,6 337,8 Espírito Santo 62.967 10.484 1.642,6 273,5 Rio de Janeiro 176.827 12.889 1.101,4 80,3 São Paulo 453.030 364.196 1.019,9 819,9 S",,2.0
Informe Semanal nº 05 - COE Dengue e outras Arboviroses - SE 1 a 11.pdf,14,localidade_uf,São Paulo,tabela,"2.967 10.484 1.642,6 273,5 Rio de Janeiro 176.827 12.889 1.101,4 80,3 São Paulo 453.030 364.196 1.019,9 819,9 Sul 253.476 57.050 846,8 190,6 Paraná 2",,2.0
Informe Semanal nº 05 - COE Dengue e outras Arboviroses - SE 1 a 11.pdf,14,localidade_regiao,Sul,tabela,"o 176.827 12.889 1.101,4 80,3 São Paulo 453.030 364.196 1.019,9 819,9 Sul 253.476 57.050 846,8 190,6 Paraná 203.328 42.678 1.776,8 373,0 Santa ",,1.0
Informe Semanal nº 05 - COE Dengue e outras Arboviroses - SE 1 a 11.pdf,14,localidade_uf,Paraná,tabela,"ão Paulo 453.030 364.196 1.019,9 819,9 Sul 253.476 57.050 846,8 190,6 Paraná 203.328 42.678 1.776,8 373,0 Santa Catarina 71.268 7.389 936,6 97,1 R",,3.0
Informe Semanal nº 05 - COE Dengue e outras Arboviroses - SE 1 a 11.pdf,14,localidade_uf,Santa Catarina,tabela,",9 Sul 253.476 57.050 846,8 190,6 Paraná 203.328 42.678 1.776,8 373,0 Santa Catarina 71.268 7.389 936,6 97,1 Rio Grande do Sul 46.898 6.983 431,0 64,2 Cen",,1.0
Informe Semanal nº 05 - COE Dengue e outras Arboviroses - SE 1 a 11.pdf,14,localidade_uf,Rio Grande do Sul,tabela,"á 203.328 42.678 1.776,8 373,0 Santa Catarina 71.268 7.389 936,6 97,1 Rio Grande do Sul 46.898 6.983 431,0 64,2 Centro-Oeste 347.433 62.358 2.133,1 382,9 Mat",,1.0
Informe Semanal nº 05 - COE Dengue e outras Arboviroses - SE 1 a 11.pdf,14,localidade_regiao,Centro-Oeste,tabela,"ina 71.268 7.389 936,6 97,1 Rio Grande do Sul 46.898 6.983 431,0 64,2 Centro-Oeste 347.433 62.358 2.133,1 382,9 Mato Grosso do Sul 7.049 5.011 255,7 181",,1.0
Informe Semanal nº 05 - COE Dengue e outras Arboviroses - SE 1 a 11.pdf,14,localidade_uf,Mato Grosso do Sul,tabela,"Sul 46.898 6.983 431,0 64,2 Centro-Oeste 347.433 62.358 2.133,1 382,9 Mato Grosso do Sul 7.049 5.011 255,7 181,8 Mato Grosso 14.432 19.745 394,4 539,7 Goiás 1",,1.0
Informe Semanal nº 05 - COE Dengue e outras Arboviroses - SE 1 a 11.pdf,14,localidade_uf,Mato Grosso,tabela,"7.433 62.358 2.133,1 382,9 Mato Grosso do Sul 7.049 5.011 255,7 181,8 Mato Grosso 14.432 19.745 394,4 539,7 Goiás 131.206 32.441 1.859,7 459,8 Distrito",,2.0
Informe Semanal nº 05 - COE Dengue e outras Arboviroses - SE 1 a 11.pdf,14,localidade_uf,Goiás,tabela," do Sul 7.049 5.011 255,7 181,8 Mato Grosso 14.432 19.745 394,4 539,7 Goiás 131.206 32.441 1.859,7 459,8 Distrito Federal 194.746 5.161 6.913,1 1",,2.0
Informe Semanal nº 05 - COE Dengue e outras Arboviroses - SE 1 a 11.pdf,14,localidade_uf,Distrito Federal,tabela,"o Grosso 14.432 19.745 394,4 539,7 Goiás 131.206 32.441 1.859,7 459,8 Distrito Federal 194.746 5.161 6.913,1 183,2 Brasil 2.365.342 620.702 1.164,8 305,7 FO",,1.0
Informe Semanal nº 05 - COE Dengue e outras Arboviroses - SE 1 a 11.pdf,15,localidade_regiao,Norte,tabela,de alarme (n) SE 01 aSE 11 SE 01 aSE 11 Região/UF 2024 2025 2024 2025 Norte 32 18 283 116 Rondônia 2 1 14 5 Acre 2 1 4 17 Amazonas 9 0 52 6 Rorai,,1.0
Informe Semanal nº 05 - COE Dengue e outras Arboviroses - SE 1 a 11.pdf,15,localidade_uf,Rondônia,tabela,aSE 11 SE 01 aSE 11 Região/UF 2024 2025 2024 2025 Norte 32 18 283 116 Rondônia 2 1 14 5 Acre 2 1 4 17 Amazonas 9 0 52 6 Roraima 0 1 1 1 Pará 15 13 1,,1.0
Informe Semanal nº 05 - COE Dengue e outras Arboviroses - SE 1 a 11.pdf,15,localidade_uf,Acre,tabela,1 Região/UF 2024 2025 2024 2025 Norte 32 18 283 116 Rondônia 2 1 14 5 Acre 2 1 4 17 Amazonas 9 0 52 6 Roraima 0 1 1 1 Pará 15 13 131 76 Amapá 2 ,,1.0
Informe Semanal nº 05 - COE Dengue e outras Arboviroses - SE 1 a 11.pdf,15,localidade_uf,Amazonas,tabela,24 2025 2024 2025 Norte 32 18 283 116 Rondônia 2 1 14 5 Acre 2 1 4 17 Amazonas 9 0 52 6 Roraima 0 1 1 1 Pará 15 13 131 76 Amapá 2 2 56 9 Tocantins 2,,1.0
Informe Semanal nº 05 - COE Dengue e outras Arboviroses - SE 1 a 11.pdf,15,localidade_uf,Roraima,tabela,Norte 32 18 283 116 Rondônia 2 1 14 5 Acre 2 1 4 17 Amazonas 9 0 52 6 Roraima 0 1 1 1 Pará 15 13 131 76 Amapá 2 2 56 9 Tocantins 2 0 25 2 Nordeste ,,1.0
Informe Semanal nº 05 - COE Dengue e outras Arboviroses - SE 1 a 11.pdf,15,localidade_uf,Pará,tabela,116 Rondônia 2 1 14 5 Acre 2 1 4 17 Amazonas 9 0 52 6 Roraima 0 1 1 1 Pará 15 13 131 76 Amapá 2 2 56 9 Tocantins 2 0 25 2 Nordeste 119 17 1.501 ,,1.0
Informe Semanal nº 05 - COE Dengue e outras Arboviroses - SE 1 a 11.pdf,15,localidade_uf,Amapá,tabela,4 5 Acre 2 1 4 17 Amazonas 9 0 52 6 Roraima 0 1 1 1 Pará 15 13 131 76 Amapá 2 2 56 9 Tocantins 2 0 25 2 Nordeste 119 17 1.501 219 Maranhão 6 2 71,,2.0
Informe Semanal nº 05 - COE Dengue e outras Arboviroses - SE 1 a 11.pdf,15,localidade_uf,Tocantins,tabela,17 Amazonas 9 0 52 6 Roraima 0 1 1 1 Pará 15 13 131 76 Amapá 2 2 56 9 Tocantins 2 0 25 2 Nordeste 119 17 1.501 219 Maranhão 6 2 71 8 Piauí 8 4 102 31,,2.0
Informe Semanal nº 05 - COE Dengue e outras Arboviroses - SE 1 a 11.pdf,15,localidade_regiao,Nordeste,tabela,6 Roraima 0 1 1 1 Pará 15 13 131 76 Amapá 2 2 56 9 Tocantins 2 0 25 2 Nordeste 119 17 1.501 219 Maranhão 6 2 71 8 Piauí 8 4 102 31 Ceará 1 0 34 7 Ri,,1.0
Informe Semanal nº 05 - COE Dengue e outras Arboviroses - SE 1 a 11.pdf,15,localidade_uf,Maranhão,tabela,13 131 76 Amapá 2 2 56 9 Tocantins 2 0 25 2 Nordeste 119 17 1.501 219 Maranhão 6 2 71 8 Piauí 8 4 102 31 Ceará 1 0 34 7 Rio Grande do Norte 5 0 35 1,,1.0
Informe Semanal nº 05 - COE Dengue e outras Arboviroses - SE 1 a 11.pdf,15,localidade_uf,Piauí,tabela,2 56 9 Tocantins 2 0 25 2 Nordeste 119 17 1.501 219 Maranhão 6 2 71 8 Piauí 8 4 102 31 Ceará 1 0 34 7 Rio Grande do Norte 5 0 35 10 Paraíba 4 0 4,,1.0
Informe Semanal nº 05 - COE Dengue e outras Arboviroses - SE 1 a 11.pdf,15,localidade_uf,Ceará,tabela,2 0 25 2 Nordeste 119 17 1.501 219 Maranhão 6 2 71 8 Piauí 8 4 102 31 Ceará 1 0 34 7 Rio Grande do Norte 5 0 35 10 Paraíba 4 0 49 5 Pernambuco 3 ,,1.0
Informe Semanal nº 05 - COE Dengue e outras Arboviroses - SE 1 a 11.pdf,15,localidade_uf,Rio Grande do Norte,tabela,te 119 17 1.501 219 Maranhão 6 2 71 8 Piauí 8 4 102 31 Ceará 1 0 34 7 Rio Grande do Norte 5 0 35 10 Paraíba 4 0 49 5 Pernambuco 3 1 22 6 Alagoas 3 2 37 8 Sergi,,1.0
Informe Semanal nº 05 - COE Dengue e outras Arboviroses - SE 1 a 11.pdf,15,localidade_uf,Paraíba,tabela, 2 71 8 Piauí 8 4 102 31 Ceará 1 0 34 7 Rio Grande do Norte 5 0 35 10 Paraíba 4 0 49 5 Pernambuco 3 1 22 6 Alagoas 3 2 37 8 Sergipe 3 1 18 7 Bahia ,,1.0
Informe Semanal nº 05 - COE Dengue e outras Arboviroses - SE 1 a 11.pdf,15,localidade_uf,Pernambuco,tabela, 102 31 Ceará 1 0 34 7 Rio Grande do Norte 5 0 35 10 Paraíba 4 0 49 5 Pernambuco 3 1 22 6 Alagoas 3 2 37 8 Sergipe 3 1 18 7 Bahia 86 7 1133 137 Sudest,,1.0
Informe Semanal nº 05 - COE Dengue e outras Arboviroses - SE 1 a 11.pdf,15,localidade_uf,Alagoas,tabela, 7 Rio Grande do Norte 5 0 35 10 Paraíba 4 0 49 5 Pernambuco 3 1 22 6 Alagoas 3 2 37 8 Sergipe 3 1 18 7 Bahia 86 7 1133 137 Sudeste 1.536 420 14.17,,1.0
Informe Semanal nº 05 - COE Dengue e outras Arboviroses - SE 1 a 11.pdf,15,localidade_uf,Sergipe,tabela,Norte 5 0 35 10 Paraíba 4 0 49 5 Pernambuco 3 1 22 6 Alagoas 3 2 37 8 Sergipe 3 1 18 7 Bahia 86 7 1133 137 Sudeste 1.536 420 14.177 5.547 Minas Ger,,1.0
Informe Semanal nº 05 - COE Dengue e outras Arboviroses - SE 1 a 11.pdf,15,localidade_uf,Bahia,tabela,araíba 4 0 49 5 Pernambuco 3 1 22 6 Alagoas 3 2 37 8 Sergipe 3 1 18 7 Bahia 86 7 1133 137 Sudeste 1.536 420 14.177 5.547 Minas Gerais 776 64 6.94,,1.0
Informe Semanal nº 05 - COE Dengue e outras Arboviroses - SE 1 a 11.pdf,15,localidade_regiao,Sudeste,tabela,ambuco 3 1 22 6 Alagoas 3 2 37 8 Sergipe 3 1 18 7 Bahia 86 7 1133 137 Sudeste 1.536 420 14.177 5.547 Minas Gerais 776 64 6.941 665 Espírito Santo 5,,1.0
Informe Semanal nº 05 - COE Dengue e outras Arboviroses - SE 1 a 11.pdf,15,localidade_uf,Minas Gerais,tabela,8 Sergipe 3 1 18 7 Bahia 86 7 1133 137 Sudeste 1.536 420 14.177 5.547 Minas Gerais 776 64 6.941 665 Espírito Santo 53 5 973 221 Rio de Janeiro 131 9 2.1,,1.0
Informe Semanal nº 05 - COE Dengue e outras Arboviroses - SE 1 a 11.pdf,15,localidade_uf,Espírito Santo,tabela,1133 137 Sudeste 1.536 420 14.177 5.547 Minas Gerais 776 64 6.941 665 Espírito Santo 53 5 973 221 Rio de Janeiro 131 9 2.190 185 São Paulo 576 342 4.073 4,,2.0
Informe Semanal nº 05 - COE Dengue e outras Arboviroses - SE 1 a 11.pdf,15,localidade_uf,Rio de Janeiro,tabela,4.177 5.547 Minas Gerais 776 64 6.941 665 Espírito Santo 53 5 973 221 Rio de Janeiro 131 9 2.190 185 São Paulo 576 342 4.073 4.476 Sul 298 43 5.208 626 Pa,,2.0
Informe Semanal nº 05 - COE Dengue e outras Arboviroses - SE 1 a 11.pdf,15,localidade_uf,São Paulo,tabela, 6.941 665 Espírito Santo 53 5 973 221 Rio de Janeiro 131 9 2.190 185 São Paulo 576 342 4.073 4.476 Sul 298 43 5.208 626 Paraná 168 39 3.224 575 Sant,,2.0
Informe Semanal nº 05 - COE Dengue e outras Arboviroses - SE 1 a 11.pdf,15,localidade_regiao,Sul,tabela, 973 221 Rio de Janeiro 131 9 2.190 185 São Paulo 576 342 4.073 4.476 Sul 298 43 5.208 626 Paraná 168 39 3.224 575 Santa Catarina 60 0 1.570 21,,1.0
Informe Semanal nº 05 - COE Dengue e outras Arboviroses - SE 1 a 11.pdf,15,localidade_uf,Paraná,tabela,ro 131 9 2.190 185 São Paulo 576 342 4.073 4.476 Sul 298 43 5.208 626 Paraná 168 39 3.224 575 Santa Catarina 60 0 1.570 21 Rio Grande do Sul 70 4 ,,3.0
Informe Semanal nº 05 - COE Dengue e outras Arboviroses - SE 1 a 11.pdf,15,localidade_uf,Santa Catarina,tabela,aulo 576 342 4.073 4.476 Sul 298 43 5.208 626 Paraná 168 39 3.224 575 Santa Catarina 60 0 1.570 21 Rio Grande do Sul 70 4 414 30 Centro-Oeste 586 61 10.76,,1.0
Informe Semanal nº 05 - COE Dengue e outras Arboviroses - SE 1 a 11.pdf,15,localidade_uf,Rio Grande do Sul,tabela,298 43 5.208 626 Paraná 168 39 3.224 575 Santa Catarina 60 0 1.570 21 Rio Grande do Sul 70 4 414 30 Centro-Oeste 586 61 10.761 1.121 Mato Grosso do Sul 14 5 ,,1.0
Informe Semanal nº 05 - COE Dengue e outras Arboviroses - SE 1 a 11.pdf,15,localidade_regiao,Centro-Oeste,tabela, 3.224 575 Santa Catarina 60 0 1.570 21 Rio Grande do Sul 70 4 414 30 Centro-Oeste 586 61 10.761 1.121 Mato Grosso do Sul 14 5 153 110 Mato Grosso 32 22,,1.0
Informe Semanal nº 05 - COE Dengue e outras Arboviroses - SE 1 a 11.pdf,15,localidade_uf,Mato Grosso do Sul,tabela,570 21 Rio Grande do Sul 70 4 414 30 Centro-Oeste 586 61 10.761 1.121 Mato Grosso do Sul 14 5 153 110 Mato Grosso 32 22 328 129 Goiás 201 34 2505 853 Distrito,,1.0
Informe Semanal nº 05 - COE Dengue e outras Arboviroses - SE 1 a 11.pdf,15,localidade_uf,Mato Grosso,tabela,4 30 Centro-Oeste 586 61 10.761 1.121 Mato Grosso do Sul 14 5 153 110 Mato Grosso 32 22 328 129 Goiás 201 34 2505 853 Distrito Federal 339 0 7775 29 Br,,2.0
Informe Semanal nº 05 - COE Dengue e outras Arboviroses - SE 1 a 11.pdf,15,localidade_uf,Goiás,tabela,0.761 1.121 Mato Grosso do Sul 14 5 153 110 Mato Grosso 32 22 328 129 Goiás 201 34 2505 853 Distrito Federal 339 0 7775 29 Brasil 2.650 559 36.15,,2.0
Informe Semanal nº 05 - COE Dengue e outras Arboviroses - SE 1 a 11.pdf,15,localidade_uf,Distrito Federal,tabela,o do Sul 14 5 153 110 Mato Grosso 32 22 328 129 Goiás 201 34 2505 853 Distrito Federal 339 0 7775 29 Brasil 2.650 559 36.159 7.629 FONTE:SinanOn-lineeE-SUS ,,1.0
Informe Semanal nº 05 - COE Dengue e outras Arboviroses - SE 1 a 11.pdf,16,localidade_regiao,Norte,tabela," SE 01 aSE 11 SE 01 aSE 11 SE 01 aSE 11 2024 2025 2024 2025 2024 2025 Norte 14 15 4,4 11,2 0 8 Rondônia 3 0 18,8 0,0 0 1 Acre 0 3 0,0 0,0 0 1 Ama",,1.0
Informe Semanal nº 05 - COE Dengue e outras Arboviroses - SE 1 a 11.pdf,16,localidade_uf,Rondônia,tabela,"1 SE 01 aSE 11 2024 2025 2024 2025 2024 2025 Norte 14 15 4,4 11,2 0 8 Rondônia 3 0 18,8 0,0 0 1 Acre 0 3 0,0 0,0 0 1 Amazonas 4 0 6,6 0,0 0 1 Roraim",,1.0
Informe Semanal nº 05 - COE Dengue e outras Arboviroses - SE 1 a 11.pdf,16,localidade_uf,Acre,tabela,"024 2025 2024 2025 Norte 14 15 4,4 11,2 0 8 Rondônia 3 0 18,8 0,0 0 1 Acre 0 3 0,0 0,0 0 1 Amazonas 4 0 6,6 0,0 0 1 Roraima 0 1 0,0 0,0 0 0 Pará",,1.0
Informe Semanal nº 05 - COE Dengue e outras Arboviroses - SE 1 a 11.pdf,16,localidade_uf,Amazonas,tabela,"rte 14 15 4,4 11,2 0 8 Rondônia 3 0 18,8 0,0 0 1 Acre 0 3 0,0 0,0 0 1 Amazonas 4 0 6,6 0,0 0 1 Roraima 0 1 0,0 0,0 0 0 Pará 3 9 2,1 0,0 0 5 Amapá 3 ",,1.0
Informe Semanal nº 05 - COE Dengue e outras Arboviroses - SE 1 a 11.pdf,16,localidade_uf,Roraima,tabela,"ndônia 3 0 18,8 0,0 0 1 Acre 0 3 0,0 0,0 0 1 Amazonas 4 0 6,6 0,0 0 1 Roraima 0 1 0,0 0,0 0 0 Pará 3 9 2,1 0,0 0 5 Amapá 3 2 5,2 0,0 0 0 Tocantins ",,1.0
Informe Semanal nº 05 - COE Dengue e outras Arboviroses - SE 1 a 11.pdf,16,localidade_uf,Pará,tabela,"Acre 0 3 0,0 0,0 0 1 Amazonas 4 0 6,6 0,0 0 1 Roraima 0 1 0,0 0,0 0 0 Pará 3 9 2,1 0,0 0 5 Amapá 3 2 5,2 0,0 0 0 Tocantins 1 0 3,7 0,0 0 0 Norde",,1.0
Informe Semanal nº 05 - COE Dengue e outras Arboviroses - SE 1 a 11.pdf,16,localidade_uf,Amapá,tabela,"Amazonas 4 0 6,6 0,0 0 1 Roraima 0 1 0,0 0,0 0 0 Pará 3 9 2,1 0,0 0 5 Amapá 3 2 5,2 0,0 0 0 Tocantins 1 0 3,7 0,0 0 0 Nordeste 69 8 4,3 3,4 5 27 ",,2.0
Informe Semanal nº 05 - COE Dengue e outras Arboviroses - SE 1 a 11.pdf,16,localidade_uf,Tocantins,tabela," 1 Roraima 0 1 0,0 0,0 0 0 Pará 3 9 2,1 0,0 0 5 Amapá 3 2 5,2 0,0 0 0 Tocantins 1 0 3,7 0,0 0 0 Nordeste 69 8 4,3 3,4 5 27 Maranhão 4 0 5,2 0,0 1 6 P",,2.0
Informe Semanal nº 05 - COE Dengue e outras Arboviroses - SE 1 a 11.pdf,16,localidade_regiao,Nordeste,tabela," Pará 3 9 2,1 0,0 0 5 Amapá 3 2 5,2 0,0 0 0 Tocantins 1 0 3,7 0,0 0 0 Nordeste 69 8 4,3 3,4 5 27 Maranhão 4 0 5,2 0,0 1 6 Piauí 4 2 3,6 0,0 0 0 Cear",,1.0
Informe Semanal nº 05 - COE Dengue e outras Arboviroses - SE 1 a 11.pdf,16,localidade_uf,Maranhão,tabela," 3 2 5,2 0,0 0 0 Tocantins 1 0 3,7 0,0 0 0 Nordeste 69 8 4,3 3,4 5 27 Maranhão 4 0 5,2 0,0 1 6 Piauí 4 2 3,6 0,0 0 0 Ceará 0 0 0,0 0,0 0 1 Rio Grand",,1.0
Informe Semanal nº 05 - COE Dengue e outras Arboviroses - SE 1 a 11.pdf,16,localidade_uf,Piauí,tabela,"s 1 0 3,7 0,0 0 0 Nordeste 69 8 4,3 3,4 5 27 Maranhão 4 0 5,2 0,0 1 6 Piauí 4 2 3,6 0,0 0 0 Ceará 0 0 0,0 0,0 0 1 Rio Grande do Norte 1 0 2,5 0,0",,1.0
Informe Semanal nº 05 - COE Dengue e outras Arboviroses - SE 1 a 11.pdf,16,localidade_uf,Ceará,tabela,"este 69 8 4,3 3,4 5 27 Maranhão 4 0 5,2 0,0 1 6 Piauí 4 2 3,6 0,0 0 0 Ceará 0 0 0,0 0,0 0 1 Rio Grande do Norte 1 0 2,5 0,0 0 2 Paraíba 4 1 7,5 0",,1.0
Informe Semanal nº 05 - COE Dengue e outras Arboviroses - SE 1 a 11.pdf,16,localidade_uf,Rio Grande do Norte,tabela," Maranhão 4 0 5,2 0,0 1 6 Piauí 4 2 3,6 0,0 0 0 Ceará 0 0 0,0 0,0 0 1 Rio Grande do Norte 1 0 2,5 0,0 0 2 Paraíba 4 1 7,5 0,0 0 1 Pernambuco 3 0 12,0 0,0 0 6 A",,1.0
Informe Semanal nº 05 - COE Dengue e outras Arboviroses - SE 1 a 11.pdf,16,localidade_uf,Paraíba,tabela,"3,6 0,0 0 0 Ceará 0 0 0,0 0,0 0 1 Rio Grande do Norte 1 0 2,5 0,0 0 2 Paraíba 4 1 7,5 0,0 0 1 Pernambuco 3 0 12,0 0,0 0 6 Alagoas 1 0 2,5 0,0 0 1 S",,1.0
Informe Semanal nº 05 - COE Dengue e outras Arboviroses - SE 1 a 11.pdf,16,localidade_uf,Pernambuco,tabela,"0 0,0 0 1 Rio Grande do Norte 1 0 2,5 0,0 0 2 Paraíba 4 1 7,5 0,0 0 1 Pernambuco 3 0 12,0 0,0 0 6 Alagoas 1 0 2,5 0,0 0 1 Sergipe 3 1 14,3 0,0 0 0 Bah",,1.0
Informe Semanal nº 05 - COE Dengue e outras Arboviroses - SE 1 a 11.pdf,16,localidade_uf,Alagoas,tabela,"e 1 0 2,5 0,0 0 2 Paraíba 4 1 7,5 0,0 0 1 Pernambuco 3 0 12,0 0,0 0 6 Alagoas 1 0 2,5 0,0 0 1 Sergipe 3 1 14,3 0,0 0 0 Bahia 49 4 4,0 2,8 4 10 Sude",,1.0
Informe Semanal nº 05 - COE Dengue e outras Arboviroses - SE 1 a 11.pdf,16,localidade_uf,Sergipe,tabela,"a 4 1 7,5 0,0 0 1 Pernambuco 3 0 12,0 0,0 0 6 Alagoas 1 0 2,5 0,0 0 1 Sergipe 3 1 14,3 0,0 0 0 Bahia 49 4 4,0 2,8 4 10 Sudeste 1.193 247 7,6 4,1 12",,1.0
Informe Semanal nº 05 - COE Dengue e outras Arboviroses - SE 1 a 11.pdf,16,localidade_uf,Bahia,tabela,"uco 3 0 12,0 0,0 0 6 Alagoas 1 0 2,5 0,0 0 1 Sergipe 3 1 14,3 0,0 0 0 Bahia 49 4 4,0 2,8 4 10 Sudeste 1.193 247 7,6 4,1 125 494 Minas Gerais 572 ",,1.0
Informe Semanal nº 05 - COE Dengue e outras Arboviroses - SE 1 a 11.pdf,16,localidade_regiao,Sudeste,tabela,"goas 1 0 2,5 0,0 0 1 Sergipe 3 1 14,3 0,0 0 0 Bahia 49 4 4,0 2,8 4 10 Sudeste 1.193 247 7,6 4,1 125 494 Minas Gerais 572 15 7,4 2,1 123 60 Espírito",,1.0
Informe Semanal nº 05 - COE Dengue e outras Arboviroses - SE 1 a 11.pdf,16,localidade_uf,Minas Gerais,tabela,"4,3 0,0 0 0 Bahia 49 4 4,0 2,8 4 10 Sudeste 1.193 247 7,6 4,1 125 494 Minas Gerais 572 15 7,4 2,1 123 60 Espírito Santo 23 0 2,2 0,0 0 7 Rio de Janeiro ",,1.0
Informe Semanal nº 05 - COE Dengue e outras Arboviroses - SE 1 a 11.pdf,16,localidade_uf,Espírito Santo,tabela," Sudeste 1.193 247 7,6 4,1 125 494 Minas Gerais 572 15 7,4 2,1 123 60 Espírito Santo 23 0 2,2 0,0 0 7 Rio de Janeiro 123 6 5,3 3,1 0 4 São Paulo 475 226 1",,2.0
Informe Semanal nº 05 - COE Dengue e outras Arboviroses - SE 1 a 11.pdf,16,localidade_uf,Rio de Janeiro,tabela,"94 Minas Gerais 572 15 7,4 2,1 123 60 Espírito Santo 23 0 2,2 0,0 0 7 Rio de Janeiro 123 6 5,3 3,1 0 4 São Paulo 475 226 10,2 4,7 2 423 Sul 370 16 6,7 2,4",,2.0
Informe Semanal nº 05 - COE Dengue e outras Arboviroses - SE 1 a 11.pdf,16,localidade_uf,São Paulo,tabela,"3 60 Espírito Santo 23 0 2,2 0,0 0 7 Rio de Janeiro 123 6 5,3 3,1 0 4 São Paulo 475 226 10,2 4,7 2 423 Sul 370 16 6,7 2,4 1 39 Paraná 234 13 6,9 2,1 ",,2.0
Informe Semanal nº 05 - COE Dengue e outras Arboviroses - SE 1 a 11.pdf,16,localidade_regiao,Sul,tabela,"0 7 Rio de Janeiro 123 6 5,3 3,1 0 4 São Paulo 475 226 10,2 4,7 2 423 Sul 370 16 6,7 2,4 1 39 Paraná 234 13 6,9 2,1 0 33 Santa Catarina 69 3 4,",,1.0
Informe Semanal nº 05 - COE Dengue e outras Arboviroses - SE 1 a 11.pdf,16,localidade_uf,Paraná,tabela," 5,3 3,1 0 4 São Paulo 475 226 10,2 4,7 2 423 Sul 370 16 6,7 2,4 1 39 Paraná 234 13 6,9 2,1 0 33 Santa Catarina 69 3 4,2 0,0 0 2 Rio Grande do Sul",,3.0
Informe Semanal nº 05 - COE Dengue e outras Arboviroses - SE 1 a 11.pdf,16,localidade_uf,Santa Catarina,tabela,"226 10,2 4,7 2 423 Sul 370 16 6,7 2,4 1 39 Paraná 234 13 6,9 2,1 0 33 Santa Catarina 69 3 4,2 0,0 0 2 Rio Grande do Sul 67 0 13,8 0,0 1 4 Centro-Oeste 492",,1.0
Informe Semanal nº 05 - COE Dengue e outras Arboviroses - SE 1 a 11.pdf,16,localidade_uf,Rio Grande do Sul,tabela,"7 2,4 1 39 Paraná 234 13 6,9 2,1 0 33 Santa Catarina 69 3 4,2 0,0 0 2 Rio Grande do Sul 67 0 13,8 0,0 1 4 Centro-Oeste 492 18 4,3 1,5 7 64 Mato Grosso do Sul",,1.0
Informe Semanal nº 05 - COE Dengue e outras Arboviroses - SE 1 a 11.pdf,16,localidade_regiao,Centro-Oeste,tabela,"3 Santa Catarina 69 3 4,2 0,0 0 2 Rio Grande do Sul 67 0 13,8 0,0 1 4 Centro-Oeste 492 18 4,3 1,5 7 64 Mato Grosso do Sul 10 4 6,0 0,0 6 5 Mato Grosso 1",,1.0
Informe Semanal nº 05 - COE Dengue e outras Arboviroses - SE 1 a 11.pdf,16,localidade_uf,Mato Grosso do Sul,tabela," Rio Grande do Sul 67 0 13,8 0,0 1 4 Centro-Oeste 492 18 4,3 1,5 7 64 Mato Grosso do Sul 10 4 6,0 0,0 6 5 Mato Grosso 11 8 3,1 5,3 1 7 Goiás 152 6 5,6 0,7 0 4",,1.0
Informe Semanal nº 05 - COE Dengue e outras Arboviroses - SE 1 a 11.pdf,16,localidade_uf,Mato Grosso,tabela," Centro-Oeste 492 18 4,3 1,5 7 64 Mato Grosso do Sul 10 4 6,0 0,0 6 5 Mato Grosso 11 8 3,1 5,3 1 7 Goiás 152 6 5,6 0,7 0 48 Distrito Federal 319 0 3,9 ",,2.0
Informe Semanal nº 05 - COE Dengue e outras Arboviroses - SE 1 a 11.pdf,16,localidade_uf,Goiás,tabela,"7 64 Mato Grosso do Sul 10 4 6,0 0,0 6 5 Mato Grosso 11 8 3,1 5,3 1 7 Goiás 152 6 5,6 0,7 0 48 Distrito Federal 319 0 3,9 0,0 0 4 Brasil 2.138 30",,2.0
Informe Semanal nº 05 - COE Dengue e outras Arboviroses - SE 1 a 11.pdf,16,localidade_uf,Distrito Federal,tabela,"0 4 6,0 0,0 6 5 Mato Grosso 11 8 3,1 5,3 1 7 Goiás 152 6 5,6 0,7 0 48 Distrito Federal 319 0 3,9 0,0 0 4 Brasil 2.138 304 5,5 3,7 138 632 FONTE:SinanOn-line",,1.0
Informe Semanal nº 06 - COE Dengue e outras Arboviroses - SE 1 a 12.pdf,2,localidade_regiao,Sudeste,narrativa," Geográficas que apresentam os maiores coeficientes de incidência são Sudeste, Centro-Oeste e Sul. Entre as Unidades Federativas (UF), Acre, São Pa",,1.0
Informe Semanal nº 06 - COE Dengue e outras Arboviroses - SE 1 a 12.pdf,2,localidade_regiao,Centro-Oeste,narrativa,"cas que apresentam os maiores coeficientes de incidência são Sudeste, Centro-Oeste e Sul. Entre as Unidades Federativas (UF), Acre, São Paulo e Mato Gro",,1.0
Informe Semanal nº 06 - COE Dengue e outras Arboviroses - SE 1 a 12.pdf,2,localidade_regiao,Sul,narrativa,"tam os maiores coeficientes de incidência são Sudeste, Centro-Oeste e Sul. Entre as Unidades Federativas (UF), Acre, São Paulo e Mato Grosso ap",,1.0
Informe Semanal nº 06 - COE Dengue e outras Arboviroses - SE 1 a 12.pdf,2,localidade_uf,Acre,narrativa," são Sudeste, Centro-Oeste e Sul. Entre as Unidades Federativas (UF), Acre, São Paulo e Mato Grosso apresentam as maiores incidências. Os maiore",,1.0
Informe Semanal nº 06 - COE Dengue e outras Arboviroses - SE 1 a 12.pdf,2,localidade_uf,São Paulo,narrativa,"udeste, Centro-Oeste e Sul. Entre as Unidades Federativas (UF), Acre, São Paulo e Mato Grosso apresentam as maiores incidências. Os maiores números d",,2.0
Informe Semanal nº 06 - COE Dengue e outras Arboviroses - SE 1 a 12.pdf,2,localidade_uf,Mato Grosso,narrativa,"ro-Oeste e Sul. Entre as Unidades Federativas (UF), Acre, São Paulo e Mato Grosso apresentam as maiores incidências. Os maiores números de casos graves",,2.0
Informe Semanal nº 06 - COE Dengue e outras Arboviroses - SE 1 a 12.pdf,2,localidade_regiao,Sudeste,narrativa,"dências. Os maiores números de casos graves concentram-se nas regiões Sudeste, Centro-Oeste e Sul. Os óbitos concentram-se na região Sudeste. Foram",,1.0
Informe Semanal nº 06 - COE Dengue e outras Arboviroses - SE 1 a 12.pdf,2,localidade_regiao,Centro-Oeste,narrativa,"Os maiores números de casos graves concentram-se nas regiões Sudeste, Centro-Oeste e Sul. Os óbitos concentram-se na região Sudeste. Foram confirmados 3",,1.0
Informe Semanal nº 06 - COE Dengue e outras Arboviroses - SE 1 a 12.pdf,2,localidade_regiao,Sul,narrativa,"ros de casos graves concentram-se nas regiões Sudeste, Centro-Oeste e Sul. Os óbitos concentram-se na região Sudeste. Foram confirmados 377 óbi",,1.0
Informe Semanal nº 06 - COE Dengue e outras Arboviroses - SE 1 a 12.pdf,2,localidade_regiao,Sudeste,narrativa,"egiões Sudeste, Centro-Oeste e Sul. Os óbitos concentram-se na região Sudeste. Foram confirmados 377 óbitos no período, e 684 estão em investigação",,1.0
Informe Semanal nº 06 - COE Dengue e outras Arboviroses - SE 1 a 12.pdf,14,localidade_regiao,Norte,tabela,"de incidência Região/UF SE 01 aSE 12 SE 01 aSE 12 2024 2025 2024 2025 Norte 27.447 23.783 158,2 137,1 Rondônia 3.705 795 234,3 50,3 Acre 3.139 7.",,1.0
Informe Semanal nº 06 - COE Dengue e outras Arboviroses - SE 1 a 12.pdf,14,localidade_uf,Rondônia,tabela,"E 12 SE 01 aSE 12 2024 2025 2024 2025 Norte 27.447 23.783 158,2 137,1 Rondônia 3.705 795 234,3 50,3 Acre 3.139 7.911 378,2 953,1 Amazonas 5.119 2.69",,1.0
Informe Semanal nº 06 - COE Dengue e outras Arboviroses - SE 1 a 12.pdf,14,localidade_uf,Acre,tabela,"24 2025 Norte 27.447 23.783 158,2 137,1 Rondônia 3.705 795 234,3 50,3 Acre 3.139 7.911 378,2 953,1 Amazonas 5.119 2.694 129,9 68,4 Roraima 129 1",,1.0
Informe Semanal nº 06 - COE Dengue e outras Arboviroses - SE 1 a 12.pdf,14,localidade_uf,Amazonas,tabela,"58,2 137,1 Rondônia 3.705 795 234,3 50,3 Acre 3.139 7.911 378,2 953,1 Amazonas 5.119 2.694 129,9 68,4 Roraima 129 135 20,3 21,2 Pará 9.302 9.777 114",,1.0
Informe Semanal nº 06 - COE Dengue e outras Arboviroses - SE 1 a 12.pdf,14,localidade_uf,Roraima,tabela,"4,3 50,3 Acre 3.139 7.911 378,2 953,1 Amazonas 5.119 2.694 129,9 68,4 Roraima 129 135 20,3 21,2 Pará 9.302 9.777 114,6 120,5 Amapá 4.457 717 607,6 ",,1.0
Informe Semanal nº 06 - COE Dengue e outras Arboviroses - SE 1 a 12.pdf,14,localidade_uf,Pará,tabela,"378,2 953,1 Amazonas 5.119 2.694 129,9 68,4 Roraima 129 135 20,3 21,2 Pará 9.302 9.777 114,6 120,5 Amapá 4.457 717 607,6 97,7 Tocantins 1.596 1.",,1.0
Informe Semanal nº 06 - COE Dengue e outras Arboviroses - SE 1 a 12.pdf,14,localidade_uf,Amapá,tabela,"694 129,9 68,4 Roraima 129 135 20,3 21,2 Pará 9.302 9.777 114,6 120,5 Amapá 4.457 717 607,6 97,7 Tocantins 1.596 1.754 105,6 116,0 Nordeste 128.2",,2.0
Informe Semanal nº 06 - COE Dengue e outras Arboviroses - SE 1 a 12.pdf,14,localidade_uf,Tocantins,tabela,"135 20,3 21,2 Pará 9.302 9.777 114,6 120,5 Amapá 4.457 717 607,6 97,7 Tocantins 1.596 1.754 105,6 116,0 Nordeste 128.201 25.835 234,6 47,3 Maranhão 5",,2.0
Informe Semanal nº 06 - COE Dengue e outras Arboviroses - SE 1 a 12.pdf,14,localidade_regiao,Nordeste,tabela,",6 120,5 Amapá 4.457 717 607,6 97,7 Tocantins 1.596 1.754 105,6 116,0 Nordeste 128.201 25.835 234,6 47,3 Maranhão 5.344 1.904 78,9 28,1 Piauí 5.335 ",,1.0
Informe Semanal nº 06 - COE Dengue e outras Arboviroses - SE 1 a 12.pdf,14,localidade_uf,Maranhão,tabela," Tocantins 1.596 1.754 105,6 116,0 Nordeste 128.201 25.835 234,6 47,3 Maranhão 5.344 1.904 78,9 28,1 Piauí 5.335 1.794 163,2 54,9 Ceará 2.973 1.842 ",,1.0
Informe Semanal nº 06 - COE Dengue e outras Arboviroses - SE 1 a 12.pdf,14,localidade_uf,Piauí,tabela,"6,0 Nordeste 128.201 25.835 234,6 47,3 Maranhão 5.344 1.904 78,9 28,1 Piauí 5.335 1.794 163,2 54,9 Ceará 2.973 1.842 33,8 21,0 Rio Grande do Nort",,1.0
Informe Semanal nº 06 - COE Dengue e outras Arboviroses - SE 1 a 12.pdf,14,localidade_uf,Ceará,tabela,"34,6 47,3 Maranhão 5.344 1.904 78,9 28,1 Piauí 5.335 1.794 163,2 54,9 Ceará 2.973 1.842 33,8 21,0 Rio Grande do Norte 6.536 1.814 197,9 54,9 Para",,1.0
Informe Semanal nº 06 - COE Dengue e outras Arboviroses - SE 1 a 12.pdf,14,localidade_uf,Rio Grande do Norte,tabela,"04 78,9 28,1 Piauí 5.335 1.794 163,2 54,9 Ceará 2.973 1.842 33,8 21,0 Rio Grande do Norte 6.536 1.814 197,9 54,9 Paraíba 5.398 2.363 135,8 59,5 Pernambuco 6.46",,1.0
Informe Semanal nº 06 - COE Dengue e outras Arboviroses - SE 1 a 12.pdf,14,localidade_uf,Paraíba,tabela,"eará 2.973 1.842 33,8 21,0 Rio Grande do Norte 6.536 1.814 197,9 54,9 Paraíba 5.398 2.363 135,8 59,5 Pernambuco 6.468 4.674 71,4 51,6 Alagoas 3.420",,1.0
Informe Semanal nº 06 - COE Dengue e outras Arboviroses - SE 1 a 12.pdf,14,localidade_uf,Pernambuco,tabela,"Grande do Norte 6.536 1.814 197,9 54,9 Paraíba 5.398 2.363 135,8 59,5 Pernambuco 6.468 4.674 71,4 51,6 Alagoas 3.420 773 109,4 24,7 Sergipe 605 506 27",,1.0
Informe Semanal nº 06 - COE Dengue e outras Arboviroses - SE 1 a 12.pdf,14,localidade_uf,Alagoas,tabela," 54,9 Paraíba 5.398 2.363 135,8 59,5 Pernambuco 6.468 4.674 71,4 51,6 Alagoas 3.420 773 109,4 24,7 Sergipe 605 506 27,4 22,9 Bahia 92.122 10.165 65",,1.0
Informe Semanal nº 06 - COE Dengue e outras Arboviroses - SE 1 a 12.pdf,14,localidade_uf,Sergipe,tabela,",8 59,5 Pernambuco 6.468 4.674 71,4 51,6 Alagoas 3.420 773 109,4 24,7 Sergipe 605 506 27,4 22,9 Bahia 92.122 10.165 651,7 71,9 Sudeste 1.858.850 52",,1.0
Informe Semanal nº 06 - COE Dengue e outras Arboviroses - SE 1 a 12.pdf,14,localidade_uf,Bahia,tabela,".674 71,4 51,6 Alagoas 3.420 773 109,4 24,7 Sergipe 605 506 27,4 22,9 Bahia 92.122 10.165 651,7 71,9 Sudeste 1.858.850 523.055 2.190,8 616,5 Mina",,1.0
Informe Semanal nº 06 - COE Dengue e outras Arboviroses - SE 1 a 12.pdf,14,localidade_regiao,Sudeste,tabela,"3 109,4 24,7 Sergipe 605 506 27,4 22,9 Bahia 92.122 10.165 651,7 71,9 Sudeste 1.858.850 523.055 2.190,8 616,5 Minas Gerais 1.007.220 77.954 4.904,0",,1.0
Informe Semanal nº 06 - COE Dengue e outras Arboviroses - SE 1 a 12.pdf,14,localidade_uf,Minas Gerais,tabela,"ahia 92.122 10.165 651,7 71,9 Sudeste 1.858.850 523.055 2.190,8 616,5 Minas Gerais 1.007.220 77.954 4.904,0 379,5 Espírito Santo 73.688 11.662 1.922,2 3",,1.0
Informe Semanal nº 06 - COE Dengue e outras Arboviroses - SE 1 a 12.pdf,14,localidade_uf,Espírito Santo,tabela,"850 523.055 2.190,8 616,5 Minas Gerais 1.007.220 77.954 4.904,0 379,5 Espírito Santo 73.688 11.662 1.922,2 304,2 Rio de Janeiro 195.188 14.874 1.215,8 92,",,2.0
Informe Semanal nº 06 - COE Dengue e outras Arboviroses - SE 1 a 12.pdf,14,localidade_uf,Rio de Janeiro,tabela,"7.220 77.954 4.904,0 379,5 Espírito Santo 73.688 11.662 1.922,2 304,2 Rio de Janeiro 195.188 14.874 1.215,8 92,6 São Paulo 582.754 418.565 1.311,9 942,3 S",,2.0
Informe Semanal nº 06 - COE Dengue e outras Arboviroses - SE 1 a 12.pdf,14,localidade_uf,São Paulo,tabela,"3.688 11.662 1.922,2 304,2 Rio de Janeiro 195.188 14.874 1.215,8 92,6 São Paulo 582.754 418.565 1.311,9 942,3 Sul 404.203 69.273 1.350,3 231,4 Paraná",,2.0
Informe Semanal nº 06 - COE Dengue e outras Arboviroses - SE 1 a 12.pdf,14,localidade_regiao,Sul,tabela,"o 195.188 14.874 1.215,8 92,6 São Paulo 582.754 418.565 1.311,9 942,3 Sul 404.203 69.273 1.350,3 231,4 Paraná 247.005 50.730 2.158,5 443,3 Sant",,1.0
Informe Semanal nº 06 - COE Dengue e outras Arboviroses - SE 1 a 12.pdf,14,localidade_uf,Paraná,tabela," Paulo 582.754 418.565 1.311,9 942,3 Sul 404.203 69.273 1.350,3 231,4 Paraná 247.005 50.730 2.158,5 443,3 Santa Catarina 95.929 9.113 1.260,6 119,",,3.0
Informe Semanal nº 06 - COE Dengue e outras Arboviroses - SE 1 a 12.pdf,14,localidade_uf,Santa Catarina,tabela," Sul 404.203 69.273 1.350,3 231,4 Paraná 247.005 50.730 2.158,5 443,3 Santa Catarina 95.929 9.113 1.260,6 119,8 Rio Grande do Sul 61.269 9.430 563,1 86,7 ",,1.0
Informe Semanal nº 06 - COE Dengue e outras Arboviroses - SE 1 a 12.pdf,14,localidade_uf,Rio Grande do Sul,tabela,"47.005 50.730 2.158,5 443,3 Santa Catarina 95.929 9.113 1.260,6 119,8 Rio Grande do Sul 61.269 9.430 563,1 86,7 Centro-Oeste 383.355 67.688 2.353,6 415,6 Mat",,1.0
Informe Semanal nº 06 - COE Dengue e outras Arboviroses - SE 1 a 12.pdf,14,localidade_regiao,Centro-Oeste,tabela," 95.929 9.113 1.260,6 119,8 Rio Grande do Sul 61.269 9.430 563,1 86,7 Centro-Oeste 383.355 67.688 2.353,6 415,6 Mato Grosso do Sul 8.232 5.709 298,6 207",,1.0
Informe Semanal nº 06 - COE Dengue e outras Arboviroses - SE 1 a 12.pdf,14,localidade_uf,Mato Grosso do Sul,tabela,"Sul 61.269 9.430 563,1 86,7 Centro-Oeste 383.355 67.688 2.353,6 415,6 Mato Grosso do Sul 8.232 5.709 298,6 207,1 Mato Grosso 16.064 20.501 439,0 560,3 Goiás 1",,1.0
Informe Semanal nº 06 - COE Dengue e outras Arboviroses - SE 1 a 12.pdf,14,localidade_uf,Mato Grosso,tabela,"3.355 67.688 2.353,6 415,6 Mato Grosso do Sul 8.232 5.709 298,6 207,1 Mato Grosso 16.064 20.501 439,0 560,3 Goiás 149.013 35.826 2.112,1 507,8 Distrito",,2.0
Informe Semanal nº 06 - COE Dengue e outras Arboviroses - SE 1 a 12.pdf,14,localidade_uf,Goiás,tabela," do Sul 8.232 5.709 298,6 207,1 Mato Grosso 16.064 20.501 439,0 560,3 Goiás 149.013 35.826 2.112,1 507,8 Distrito Federal 210.046 5.652 7.456,2 2",,2.0
Informe Semanal nº 06 - COE Dengue e outras Arboviroses - SE 1 a 12.pdf,14,localidade_uf,Distrito Federal,tabela,"o Grosso 16.064 20.501 439,0 560,3 Goiás 149.013 35.826 2.112,1 507,8 Distrito Federal 210.046 5.652 7.456,2 200,6 Brasil 2.802.056 709.634 1.379,9 349,5 FO",,1.0
Informe Semanal nº 06 - COE Dengue e outras Arboviroses - SE 1 a 12.pdf,15,localidade_regiao,Norte,tabela,de alarme (n) SE 01 aSE 12 SE 01 aSE 12 Região/UF 2024 2025 2024 2025 Norte 33 19 339 140 Rondônia 2 1 15 7 Acre 2 1 5 18 Amazonas 9 0 53 6 Rorai,,1.0
Informe Semanal nº 06 - COE Dengue e outras Arboviroses - SE 1 a 12.pdf,15,localidade_uf,Rondônia,tabela,aSE 12 SE 01 aSE 12 Região/UF 2024 2025 2024 2025 Norte 33 19 339 140 Rondônia 2 1 15 7 Acre 2 1 5 18 Amazonas 9 0 53 6 Roraima 0 1 1 1 Pará 16 14 1,,1.0
Informe Semanal nº 06 - COE Dengue e outras Arboviroses - SE 1 a 12.pdf,15,localidade_uf,Acre,tabela,2 Região/UF 2024 2025 2024 2025 Norte 33 19 339 140 Rondônia 2 1 15 7 Acre 2 1 5 18 Amazonas 9 0 53 6 Roraima 0 1 1 1 Pará 16 14 163 96 Amapá 2 ,,1.0
Informe Semanal nº 06 - COE Dengue e outras Arboviroses - SE 1 a 12.pdf,15,localidade_uf,Amazonas,tabela,24 2025 2024 2025 Norte 33 19 339 140 Rondônia 2 1 15 7 Acre 2 1 5 18 Amazonas 9 0 53 6 Roraima 0 1 1 1 Pará 16 14 163 96 Amapá 2 2 72 9 Tocantins 2,,1.0
Informe Semanal nº 06 - COE Dengue e outras Arboviroses - SE 1 a 12.pdf,15,localidade_uf,Roraima,tabela,Norte 33 19 339 140 Rondônia 2 1 15 7 Acre 2 1 5 18 Amazonas 9 0 53 6 Roraima 0 1 1 1 Pará 16 14 163 96 Amapá 2 2 72 9 Tocantins 2 0 30 3 Nordeste ,,1.0
Informe Semanal nº 06 - COE Dengue e outras Arboviroses - SE 1 a 12.pdf,15,localidade_uf,Pará,tabela,140 Rondônia 2 1 15 7 Acre 2 1 5 18 Amazonas 9 0 53 6 Roraima 0 1 1 1 Pará 16 14 163 96 Amapá 2 2 72 9 Tocantins 2 0 30 3 Nordeste 176 22 2.449 ,,1.0
Informe Semanal nº 06 - COE Dengue e outras Arboviroses - SE 1 a 12.pdf,15,localidade_uf,Amapá,tabela,5 7 Acre 2 1 5 18 Amazonas 9 0 53 6 Roraima 0 1 1 1 Pará 16 14 163 96 Amapá 2 2 72 9 Tocantins 2 0 30 3 Nordeste 176 22 2.449 239 Maranhão 6 2 95,,2.0
Informe Semanal nº 06 - COE Dengue e outras Arboviroses - SE 1 a 12.pdf,15,localidade_uf,Tocantins,tabela,18 Amazonas 9 0 53 6 Roraima 0 1 1 1 Pará 16 14 163 96 Amapá 2 2 72 9 Tocantins 2 0 30 3 Nordeste 176 22 2.449 239 Maranhão 6 2 95 11 Piauí 11 6 149 ,,2.0
Informe Semanal nº 06 - COE Dengue e outras Arboviroses - SE 1 a 12.pdf,15,localidade_regiao,Nordeste,tabela,6 Roraima 0 1 1 1 Pará 16 14 163 96 Amapá 2 2 72 9 Tocantins 2 0 30 3 Nordeste 176 22 2.449 239 Maranhão 6 2 95 11 Piauí 11 6 149 37 Ceará 3 0 40 10,,1.0
Informe Semanal nº 06 - COE Dengue e outras Arboviroses - SE 1 a 12.pdf,15,localidade_uf,Maranhão,tabela,14 163 96 Amapá 2 2 72 9 Tocantins 2 0 30 3 Nordeste 176 22 2.449 239 Maranhão 6 2 95 11 Piauí 11 6 149 37 Ceará 3 0 40 10 Rio Grande do Norte 7 0 5,,1.0
Informe Semanal nº 06 - COE Dengue e outras Arboviroses - SE 1 a 12.pdf,15,localidade_uf,Piauí,tabela, 72 9 Tocantins 2 0 30 3 Nordeste 176 22 2.449 239 Maranhão 6 2 95 11 Piauí 11 6 149 37 Ceará 3 0 40 10 Rio Grande do Norte 7 0 51 10 Paraíba 4 0,,1.0
Informe Semanal nº 06 - COE Dengue e outras Arboviroses - SE 1 a 12.pdf,15,localidade_uf,Ceará,tabela,0 30 3 Nordeste 176 22 2.449 239 Maranhão 6 2 95 11 Piauí 11 6 149 37 Ceará 3 0 40 10 Rio Grande do Norte 7 0 51 10 Paraíba 4 0 88 5 Pernambuco 3,,1.0
Informe Semanal nº 06 - COE Dengue e outras Arboviroses - SE 1 a 12.pdf,15,localidade_uf,Rio Grande do Norte,tabela,176 22 2.449 239 Maranhão 6 2 95 11 Piauí 11 6 149 37 Ceará 3 0 40 10 Rio Grande do Norte 7 0 51 10 Paraíba 4 0 88 5 Pernambuco 3 1 38 9 Alagoas 3 2 52 8 Sergi,,1.0
Informe Semanal nº 06 - COE Dengue e outras Arboviroses - SE 1 a 12.pdf,15,localidade_uf,Paraíba,tabela,95 11 Piauí 11 6 149 37 Ceará 3 0 40 10 Rio Grande do Norte 7 0 51 10 Paraíba 4 0 88 5 Pernambuco 3 1 38 9 Alagoas 3 2 52 8 Sergipe 3 1 20 8 Bahia ,,1.0
Informe Semanal nº 06 - COE Dengue e outras Arboviroses - SE 1 a 12.pdf,15,localidade_uf,Pernambuco,tabela,149 37 Ceará 3 0 40 10 Rio Grande do Norte 7 0 51 10 Paraíba 4 0 88 5 Pernambuco 3 1 38 9 Alagoas 3 2 52 8 Sergipe 3 1 20 8 Bahia 136 10 1916 141 Sude,,1.0
Informe Semanal nº 06 - COE Dengue e outras Arboviroses - SE 1 a 12.pdf,15,localidade_uf,Alagoas,tabela,10 Rio Grande do Norte 7 0 51 10 Paraíba 4 0 88 5 Pernambuco 3 1 38 9 Alagoas 3 2 52 8 Sergipe 3 1 20 8 Bahia 136 10 1916 141 Sudeste 1.895 515 19.,,1.0
Informe Semanal nº 06 - COE Dengue e outras Arboviroses - SE 1 a 12.pdf,15,localidade_uf,Sergipe,tabela,Norte 7 0 51 10 Paraíba 4 0 88 5 Pernambuco 3 1 38 9 Alagoas 3 2 52 8 Sergipe 3 1 20 8 Bahia 136 10 1916 141 Sudeste 1.895 515 19.556 7.055 Minas G,,1.0
Informe Semanal nº 06 - COE Dengue e outras Arboviroses - SE 1 a 12.pdf,15,localidade_uf,Bahia,tabela,araíba 4 0 88 5 Pernambuco 3 1 38 9 Alagoas 3 2 52 8 Sergipe 3 1 20 8 Bahia 136 10 1916 141 Sudeste 1.895 515 19.556 7.055 Minas Gerais 962 76 9.,,1.0
Informe Semanal nº 06 - COE Dengue e outras Arboviroses - SE 1 a 12.pdf,15,localidade_regiao,Sudeste,tabela,buco 3 1 38 9 Alagoas 3 2 52 8 Sergipe 3 1 20 8 Bahia 136 10 1916 141 Sudeste 1.895 515 19.556 7.055 Minas Gerais 962 76 9.260 759 Espírito Santo 6,,1.0
Informe Semanal nº 06 - COE Dengue e outras Arboviroses - SE 1 a 12.pdf,15,localidade_uf,Minas Gerais,tabela,Sergipe 3 1 20 8 Bahia 136 10 1916 141 Sudeste 1.895 515 19.556 7.055 Minas Gerais 962 76 9.260 759 Espírito Santo 64 5 1.298 231 Rio de Janeiro 139 11 ,,1.0
Informe Semanal nº 06 - COE Dengue e outras Arboviroses - SE 1 a 12.pdf,15,localidade_uf,Espírito Santo,tabela,1916 141 Sudeste 1.895 515 19.556 7.055 Minas Gerais 962 76 9.260 759 Espírito Santo 64 5 1.298 231 Rio de Janeiro 139 11 2.800 194 São Paulo 730 423 6.19,,2.0
Informe Semanal nº 06 - COE Dengue e outras Arboviroses - SE 1 a 12.pdf,15,localidade_uf,Rio de Janeiro,tabela,556 7.055 Minas Gerais 962 76 9.260 759 Espírito Santo 64 5 1.298 231 Rio de Janeiro 139 11 2.800 194 São Paulo 730 423 6.198 5.871 Sul 490 56 7.723 859 P,,2.0
Informe Semanal nº 06 - COE Dengue e outras Arboviroses - SE 1 a 12.pdf,15,localidade_uf,São Paulo,tabela,260 759 Espírito Santo 64 5 1.298 231 Rio de Janeiro 139 11 2.800 194 São Paulo 730 423 6.198 5.871 Sul 490 56 7.723 859 Paraná 257 47 4.734 772 Sant,,2.0
Informe Semanal nº 06 - COE Dengue e outras Arboviroses - SE 1 a 12.pdf,15,localidade_regiao,Sul,tabela,298 231 Rio de Janeiro 139 11 2.800 194 São Paulo 730 423 6.198 5.871 Sul 490 56 7.723 859 Paraná 257 47 4.734 772 Santa Catarina 110 4 2.271 4,,1.0
Informe Semanal nº 06 - COE Dengue e outras Arboviroses - SE 1 a 12.pdf,15,localidade_uf,Paraná,tabela,o 139 11 2.800 194 São Paulo 730 423 6.198 5.871 Sul 490 56 7.723 859 Paraná 257 47 4.734 772 Santa Catarina 110 4 2.271 42 Rio Grande do Sul 123 ,,3.0
Informe Semanal nº 06 - COE Dengue e outras Arboviroses - SE 1 a 12.pdf,15,localidade_uf,Santa Catarina,tabela,aulo 730 423 6.198 5.871 Sul 490 56 7.723 859 Paraná 257 47 4.734 772 Santa Catarina 110 4 2.271 42 Rio Grande do Sul 123 5 718 73 Centro-Oeste 663 65 11.,,1.0
Informe Semanal nº 06 - COE Dengue e outras Arboviroses - SE 1 a 12.pdf,15,localidade_uf,Rio Grande do Sul,tabela,90 56 7.723 859 Paraná 257 47 4.734 772 Santa Catarina 110 4 2.271 42 Rio Grande do Sul 123 5 718 73 Centro-Oeste 663 65 11.654 1.240 Mato Grosso do Sul 14 6,,1.0
Informe Semanal nº 06 - COE Dengue e outras Arboviroses - SE 1 a 12.pdf,15,localidade_regiao,Centro-Oeste,tabela,.734 772 Santa Catarina 110 4 2.271 42 Rio Grande do Sul 123 5 718 73 Centro-Oeste 663 65 11.654 1.240 Mato Grosso do Sul 14 6 176 113 Mato Grosso 33 22,,1.0
Informe Semanal nº 06 - COE Dengue e outras Arboviroses - SE 1 a 12.pdf,15,localidade_uf,Mato Grosso do Sul,tabela,71 42 Rio Grande do Sul 123 5 718 73 Centro-Oeste 663 65 11.654 1.240 Mato Grosso do Sul 14 6 176 113 Mato Grosso 33 22 377 144 Goiás 245 37 2856 958 Distrito,,1.0
Informe Semanal nº 06 - COE Dengue e outras Arboviroses - SE 1 a 12.pdf,15,localidade_uf,Mato Grosso,tabela,8 73 Centro-Oeste 663 65 11.654 1.240 Mato Grosso do Sul 14 6 176 113 Mato Grosso 33 22 377 144 Goiás 245 37 2856 958 Distrito Federal 371 0 8245 25 Br,,2.0
Informe Semanal nº 06 - COE Dengue e outras Arboviroses - SE 1 a 12.pdf,15,localidade_uf,Goiás,tabela,1.654 1.240 Mato Grosso do Sul 14 6 176 113 Mato Grosso 33 22 377 144 Goiás 245 37 2856 958 Distrito Federal 371 0 8245 25 Brasil 3.257 677 41.72,,2.0
Informe Semanal nº 06 - COE Dengue e outras Arboviroses - SE 1 a 12.pdf,15,localidade_uf,Distrito Federal,tabela,o do Sul 14 6 176 113 Mato Grosso 33 22 377 144 Goiás 245 37 2856 958 Distrito Federal 371 0 8245 25 Brasil 3.257 677 41.721 9.533 FONTE:SinanOn-lineeE-SUS ,,1.0
Informe Semanal nº 06 - COE Dengue e outras Arboviroses - SE 1 a 12.pdf,16,localidade_regiao,Norte,tabela," SE 01 aSE 12 SE 01 aSE 12 SE 01 aSE 12 2024 2025 2024 2025 2024 2025 Norte 14 20 3,8 12,6 0 8 Rondônia 3 0 17,6 0,0 0 1 Acre 0 3 0,0 0,0 0 1 Ama",,1.0
Informe Semanal nº 06 - COE Dengue e outras Arboviroses - SE 1 a 12.pdf,16,localidade_uf,Rondônia,tabela,"2 SE 01 aSE 12 2024 2025 2024 2025 2024 2025 Norte 14 20 3,8 12,6 0 8 Rondônia 3 0 17,6 0,0 0 1 Acre 0 3 0,0 0,0 0 1 Amazonas 4 0 6,5 0,0 0 1 Roraim",,1.0
Informe Semanal nº 06 - COE Dengue e outras Arboviroses - SE 1 a 12.pdf,16,localidade_uf,Acre,tabela,"024 2025 2024 2025 Norte 14 20 3,8 12,6 0 8 Rondônia 3 0 17,6 0,0 0 1 Acre 0 3 0,0 0,0 0 1 Amazonas 4 0 6,5 0,0 0 1 Roraima 0 1 0,0 0,0 0 0 Pará",,1.0
Informe Semanal nº 06 - COE Dengue e outras Arboviroses - SE 1 a 12.pdf,16,localidade_uf,Amazonas,tabela,"rte 14 20 3,8 12,6 0 8 Rondônia 3 0 17,6 0,0 0 1 Acre 0 3 0,0 0,0 0 1 Amazonas 4 0 6,5 0,0 0 1 Roraima 0 1 0,0 0,0 0 0 Pará 3 14 1,7 0,0 0 5 Amapá 3",,1.0
Informe Semanal nº 06 - COE Dengue e outras Arboviroses - SE 1 a 12.pdf,16,localidade_uf,Roraima,tabela,"ndônia 3 0 17,6 0,0 0 1 Acre 0 3 0,0 0,0 0 1 Amazonas 4 0 6,5 0,0 0 1 Roraima 0 1 0,0 0,0 0 0 Pará 3 14 1,7 0,0 0 5 Amapá 3 2 4,1 0,0 0 0 Tocantins",,1.0
Informe Semanal nº 06 - COE Dengue e outras Arboviroses - SE 1 a 12.pdf,16,localidade_uf,Pará,tabela,"Acre 0 3 0,0 0,0 0 1 Amazonas 4 0 6,5 0,0 0 1 Roraima 0 1 0,0 0,0 0 0 Pará 3 14 1,7 0,0 0 5 Amapá 3 2 4,1 0,0 0 0 Tocantins 1 0 3,1 0,0 0 0 Nord",,1.0
Informe Semanal nº 06 - COE Dengue e outras Arboviroses - SE 1 a 12.pdf,16,localidade_uf,Amapá,tabela,"mazonas 4 0 6,5 0,0 0 1 Roraima 0 1 0,0 0,0 0 0 Pará 3 14 1,7 0,0 0 5 Amapá 3 2 4,1 0,0 0 0 Tocantins 1 0 3,1 0,0 0 0 Nordeste 98 7 3,7 2,7 7 27 ",,2.0
Informe Semanal nº 06 - COE Dengue e outras Arboviroses - SE 1 a 12.pdf,16,localidade_uf,Tocantins,tabela,"1 Roraima 0 1 0,0 0,0 0 0 Pará 3 14 1,7 0,0 0 5 Amapá 3 2 4,1 0,0 0 0 Tocantins 1 0 3,1 0,0 0 0 Nordeste 98 7 3,7 2,7 7 27 Maranhão 4 0 4,0 0,0 1 7 P",,2.0
Informe Semanal nº 06 - COE Dengue e outras Arboviroses - SE 1 a 12.pdf,16,localidade_regiao,Nordeste,tabela,"Pará 3 14 1,7 0,0 0 5 Amapá 3 2 4,1 0,0 0 0 Tocantins 1 0 3,1 0,0 0 0 Nordeste 98 7 3,7 2,7 7 27 Maranhão 4 0 4,0 0,0 1 7 Piauí 5 1 3,1 0,0 0 0 Cear",,1.0
Informe Semanal nº 06 - COE Dengue e outras Arboviroses - SE 1 a 12.pdf,16,localidade_uf,Maranhão,tabela," 3 2 4,1 0,0 0 0 Tocantins 1 0 3,1 0,0 0 0 Nordeste 98 7 3,7 2,7 7 27 Maranhão 4 0 4,0 0,0 1 7 Piauí 5 1 3,1 0,0 0 0 Ceará 1 0 2,3 0,0 0 0 Rio Grand",,1.0
Informe Semanal nº 06 - COE Dengue e outras Arboviroses - SE 1 a 12.pdf,16,localidade_uf,Piauí,tabela,"s 1 0 3,1 0,0 0 0 Nordeste 98 7 3,7 2,7 7 27 Maranhão 4 0 4,0 0,0 1 7 Piauí 5 1 3,1 0,0 0 0 Ceará 1 0 2,3 0,0 0 0 Rio Grande do Norte 2 0 3,4 0,0",,1.0
Informe Semanal nº 06 - COE Dengue e outras Arboviroses - SE 1 a 12.pdf,16,localidade_uf,Ceará,tabela,"este 98 7 3,7 2,7 7 27 Maranhão 4 0 4,0 0,0 1 7 Piauí 5 1 3,1 0,0 0 0 Ceará 1 0 2,3 0,0 0 0 Rio Grande do Norte 2 0 3,4 0,0 1 2 Paraíba 4 1 4,3 0",,1.0
Informe Semanal nº 06 - COE Dengue e outras Arboviroses - SE 1 a 12.pdf,16,localidade_uf,Rio Grande do Norte,tabela," Maranhão 4 0 4,0 0,0 1 7 Piauí 5 1 3,1 0,0 0 0 Ceará 1 0 2,3 0,0 0 0 Rio Grande do Norte 2 0 3,4 0,0 1 2 Paraíba 4 1 4,3 0,0 0 1 Pernambuco 4 0 9,8 0,0 0 8 Al",,1.0
Informe Semanal nº 06 - COE Dengue e outras Arboviroses - SE 1 a 12.pdf,16,localidade_uf,Paraíba,tabela,"3,1 0,0 0 0 Ceará 1 0 2,3 0,0 0 0 Rio Grande do Norte 2 0 3,4 0,0 1 2 Paraíba 4 1 4,3 0,0 0 1 Pernambuco 4 0 9,8 0,0 0 8 Alagoas 2 0 3,6 0,0 0 1 Se",,1.0
Informe Semanal nº 06 - COE Dengue e outras Arboviroses - SE 1 a 12.pdf,16,localidade_uf,Pernambuco,tabela,"3 0,0 0 0 Rio Grande do Norte 2 0 3,4 0,0 1 2 Paraíba 4 1 4,3 0,0 0 1 Pernambuco 4 0 9,8 0,0 0 8 Alagoas 2 0 3,6 0,0 0 1 Sergipe 3 1 13,0 0,0 0 0 Bahi",,1.0
Informe Semanal nº 06 - COE Dengue e outras Arboviroses - SE 1 a 12.pdf,16,localidade_uf,Alagoas,tabela,"te 2 0 3,4 0,0 1 2 Paraíba 4 1 4,3 0,0 0 1 Pernambuco 4 0 9,8 0,0 0 8 Alagoas 2 0 3,6 0,0 0 1 Sergipe 3 1 13,0 0,0 0 0 Bahia 73 4 3,6 2,6 5 8 Sudes",,1.0
Informe Semanal nº 06 - COE Dengue e outras Arboviroses - SE 1 a 12.pdf,16,localidade_uf,Sergipe,tabela,"ba 4 1 4,3 0,0 0 1 Pernambuco 4 0 9,8 0,0 0 8 Alagoas 2 0 3,6 0,0 0 1 Sergipe 3 1 13,0 0,0 0 0 Bahia 73 4 3,6 2,6 5 8 Sudeste 1.476 303 6,9 4,0 151",,1.0
Informe Semanal nº 06 - COE Dengue e outras Arboviroses - SE 1 a 12.pdf,16,localidade_uf,Bahia,tabela,"buco 4 0 9,8 0,0 0 8 Alagoas 2 0 3,6 0,0 0 1 Sergipe 3 1 13,0 0,0 0 0 Bahia 73 4 3,6 2,6 5 8 Sudeste 1.476 303 6,9 4,0 151 535 Minas Gerais 686 2",,1.0
Informe Semanal nº 06 - COE Dengue e outras Arboviroses - SE 1 a 12.pdf,16,localidade_regiao,Sudeste,tabela,"agoas 2 0 3,6 0,0 0 1 Sergipe 3 1 13,0 0,0 0 0 Bahia 73 4 3,6 2,6 5 8 Sudeste 1.476 303 6,9 4,0 151 535 Minas Gerais 686 24 6,7 2,9 148 63 Espírito",,1.0
Informe Semanal nº 06 - COE Dengue e outras Arboviroses - SE 1 a 12.pdf,16,localidade_uf,Minas Gerais,tabela,"13,0 0,0 0 0 Bahia 73 4 3,6 2,6 5 8 Sudeste 1.476 303 6,9 4,0 151 535 Minas Gerais 686 24 6,7 2,9 148 63 Espírito Santo 25 0 1,8 0,0 0 7 Rio de Janeiro ",,1.0
Informe Semanal nº 06 - COE Dengue e outras Arboviroses - SE 1 a 12.pdf,16,localidade_uf,Espírito Santo,tabela," Sudeste 1.476 303 6,9 4,0 151 535 Minas Gerais 686 24 6,7 2,9 148 63 Espírito Santo 25 0 1,8 0,0 0 7 Rio de Janeiro 138 6 4,7 2,9 0 4 São Paulo 627 273 9",,2.0
Informe Semanal nº 06 - COE Dengue e outras Arboviroses - SE 1 a 12.pdf,16,localidade_uf,Rio de Janeiro,tabela,"35 Minas Gerais 686 24 6,7 2,9 148 63 Espírito Santo 25 0 1,8 0,0 0 7 Rio de Janeiro 138 6 4,7 2,9 0 4 São Paulo 627 273 9,1 4,3 3 461 Sul 489 24 6,0 2,6 ",,2.0
Informe Semanal nº 06 - COE Dengue e outras Arboviroses - SE 1 a 12.pdf,16,localidade_uf,São Paulo,tabela,"8 63 Espírito Santo 25 0 1,8 0,0 0 7 Rio de Janeiro 138 6 4,7 2,9 0 4 São Paulo 627 273 9,1 4,3 3 461 Sul 489 24 6,0 2,6 1 46 Paraná 299 20 6,0 2,4 0",,2.0
Informe Semanal nº 06 - COE Dengue e outras Arboviroses - SE 1 a 12.pdf,16,localidade_regiao,Sul,tabela," 0 7 Rio de Janeiro 138 6 4,7 2,9 0 4 São Paulo 627 273 9,1 4,3 3 461 Sul 489 24 6,0 2,6 1 46 Paraná 299 20 6,0 2,4 0 41 Santa Catarina 109 3 4",,1.0
Informe Semanal nº 06 - COE Dengue e outras Arboviroses - SE 1 a 12.pdf,16,localidade_uf,Paraná,tabela,"6 4,7 2,9 0 4 São Paulo 627 273 9,1 4,3 3 461 Sul 489 24 6,0 2,6 1 46 Paraná 299 20 6,0 2,4 0 41 Santa Catarina 109 3 4,6 0,0 0 2 Rio Grande do Su",,3.0
Informe Semanal nº 06 - COE Dengue e outras Arboviroses - SE 1 a 12.pdf,16,localidade_uf,Santa Catarina,tabela," 273 9,1 4,3 3 461 Sul 489 24 6,0 2,6 1 46 Paraná 299 20 6,0 2,4 0 41 Santa Catarina 109 3 4,6 0,0 0 2 Rio Grande do Sul 81 1 9,6 1,3 1 3 Centro-Oeste 546",,1.0
Informe Semanal nº 06 - COE Dengue e outras Arboviroses - SE 1 a 12.pdf,16,localidade_uf,Rio Grande do Sul,tabela," 2,6 1 46 Paraná 299 20 6,0 2,4 0 41 Santa Catarina 109 3 4,6 0,0 0 2 Rio Grande do Sul 81 1 9,6 1,3 1 3 Centro-Oeste 546 23 4,4 1,8 8 68 Mato Grosso do Sul ",,1.0
Informe Semanal nº 06 - COE Dengue e outras Arboviroses - SE 1 a 12.pdf,16,localidade_regiao,Centro-Oeste,tabela,"1 Santa Catarina 109 3 4,6 0,0 0 2 Rio Grande do Sul 81 1 9,6 1,3 1 3 Centro-Oeste 546 23 4,4 1,8 8 68 Mato Grosso do Sul 12 5 6,3 0,0 6 5 Mato Grosso 1",,1.0
Informe Semanal nº 06 - COE Dengue e outras Arboviroses - SE 1 a 12.pdf,16,localidade_uf,Mato Grosso do Sul,tabela,"2 Rio Grande do Sul 81 1 9,6 1,3 1 3 Centro-Oeste 546 23 4,4 1,8 8 68 Mato Grosso do Sul 12 5 6,3 0,0 6 5 Mato Grosso 11 10 2,7 6,0 1 7 Goiás 179 8 5,8 0,8 1 ",,1.0
Informe Semanal nº 06 - COE Dengue e outras Arboviroses - SE 1 a 12.pdf,16,localidade_uf,Mato Grosso,tabela," Centro-Oeste 546 23 4,4 1,8 8 68 Mato Grosso do Sul 12 5 6,3 0,0 6 5 Mato Grosso 11 10 2,7 6,0 1 7 Goiás 179 8 5,8 0,8 1 52 Distrito Federal 344 0 4,0",,2.0
Informe Semanal nº 06 - COE Dengue e outras Arboviroses - SE 1 a 12.pdf,16,localidade_uf,Goiás,tabela," 68 Mato Grosso do Sul 12 5 6,3 0,0 6 5 Mato Grosso 11 10 2,7 6,0 1 7 Goiás 179 8 5,8 0,8 1 52 Distrito Federal 344 0 4,0 0,0 0 4 Brasil 2.623 37",,2.0
Informe Semanal nº 06 - COE Dengue e outras Arboviroses - SE 1 a 12.pdf,16,localidade_uf,Distrito Federal,tabela," 5 6,3 0,0 6 5 Mato Grosso 11 10 2,7 6,0 1 7 Goiás 179 8 5,8 0,8 1 52 Distrito Federal 344 0 4,0 0,0 0 4 Brasil 2.623 377 5,8 3,7 167 684 FONTE:SinanOn-line",,1.0
Informe Semanal nº 07 - COE Dengue e outras Arboviroses - SE 1 a 13.pdf,2,localidade_regiao,Sudeste,narrativa," Geográficas que apresentam os maiores coeficientes de incidência são Sudeste, Centro-Oeste e Sul. Entre as Unidades Federativas (UF), São Paulo, A",,1.0
Informe Semanal nº 07 - COE Dengue e outras Arboviroses - SE 1 a 13.pdf,2,localidade_regiao,Centro-Oeste,narrativa,"cas que apresentam os maiores coeficientes de incidência são Sudeste, Centro-Oeste e Sul. Entre as Unidades Federativas (UF), São Paulo, Acre, e Mato Gr",,1.0
Informe Semanal nº 07 - COE Dengue e outras Arboviroses - SE 1 a 13.pdf,2,localidade_regiao,Sul,narrativa,"tam os maiores coeficientes de incidência são Sudeste, Centro-Oeste e Sul. Entre as Unidades Federativas (UF), São Paulo, Acre, e Mato Grosso a",,1.0
Informe Semanal nº 07 - COE Dengue e outras Arboviroses - SE 1 a 13.pdf,2,localidade_uf,São Paulo,narrativa," são Sudeste, Centro-Oeste e Sul. Entre as Unidades Federativas (UF), São Paulo, Acre, e Mato Grosso apresentam as maiores incidências. Os maiores nú",,2.0
Informe Semanal nº 07 - COE Dengue e outras Arboviroses - SE 1 a 13.pdf,2,localidade_uf,Acre,narrativa,"e, Centro-Oeste e Sul. Entre as Unidades Federativas (UF), São Paulo, Acre, e Mato Grosso apresentam as maiores incidências. Os maiores números ",,1.0
Informe Semanal nº 07 - COE Dengue e outras Arboviroses - SE 1 a 13.pdf,2,localidade_uf,Mato Grosso,narrativa,"o-Oeste e Sul. Entre as Unidades Federativas (UF), São Paulo, Acre, e Mato Grosso apresentam as maiores incidências. Os maiores números de casos graves",,2.0
Informe Semanal nº 07 - COE Dengue e outras Arboviroses - SE 1 a 13.pdf,2,localidade_regiao,Sudeste,narrativa,"dências. Os maiores números de casos graves concentram-se nas regiões Sudeste, Centro-Oeste e Sul. Os óbitos concentram-se na região Sudeste. Foram",,1.0
Informe Semanal nº 07 - COE Dengue e outras Arboviroses - SE 1 a 13.pdf,2,localidade_regiao,Centro-Oeste,narrativa,"Os maiores números de casos graves concentram-se nas regiões Sudeste, Centro-Oeste e Sul. Os óbitos concentram-se na região Sudeste. Foram confirmados 4",,1.0
Informe Semanal nº 07 - COE Dengue e outras Arboviroses - SE 1 a 13.pdf,2,localidade_regiao,Sul,narrativa,"ros de casos graves concentram-se nas regiões Sudeste, Centro-Oeste e Sul. Os óbitos concentram-se na região Sudeste. Foram confirmados 451 óbi",,1.0
Informe Semanal nº 07 - COE Dengue e outras Arboviroses - SE 1 a 13.pdf,2,localidade_regiao,Sudeste,narrativa,"egiões Sudeste, Centro-Oeste e Sul. Os óbitos concentram-se na região Sudeste. Foram confirmados 451 óbitos no período, e 704 estão em investigação",,1.0
Informe Semanal nº 07 - COE Dengue e outras Arboviroses - SE 1 a 13.pdf,2,localidade_uf,Minas Gerais,narrativa,"stre de 2024. DENV-4 (vírus selvagem) foi detectado em uma amostra de Minas Gerais. Outras detecções de DENV-4 em Minas Gerais, Mato Grosso do Sul e Ror",,1.0
Informe Semanal nº 07 - COE Dengue e outras Arboviroses - SE 1 a 13.pdf,2,localidade_uf,Minas Gerais,narrativa,"tectado em uma amostra de Minas Gerais. Outras detecções de DENV-4 em Minas Gerais, Mato Grosso do Sul e Roraima estão em análise. O coeficiente de inci",,1.0
Informe Semanal nº 07 - COE Dengue e outras Arboviroses - SE 1 a 13.pdf,2,localidade_uf,Mato Grosso do Sul,narrativa," amostra de Minas Gerais. Outras detecções de DENV-4 em Minas Gerais, Mato Grosso do Sul e Roraima estão em análise. O coeficiente de incidência de dengue no ",,1.0
Informe Semanal nº 07 - COE Dengue e outras Arboviroses - SE 1 a 13.pdf,2,localidade_uf,Roraima,narrativa,"ais. Outras detecções de DENV-4 em Minas Gerais, Mato Grosso do Sul e Roraima estão em análise. O coeficiente de incidência de dengue no Brasil enc",,1.0
Informe Semanal nº 07 - COE Dengue e outras Arboviroses - SE 1 a 13.pdf,14,localidade_regiao,Norte,tabela,"de incidência Região/UF SE 01 aSE 13 SE 01 aSE 13 2024 2025 2024 2025 Norte 29.401 25.361 169,5 146,2 Rondônia 3.864 935 244,4 59,1 Acre 3.231 8.",,1.0
Informe Semanal nº 07 - COE Dengue e outras Arboviroses - SE 1 a 13.pdf,14,localidade_uf,Rondônia,tabela,"E 13 SE 01 aSE 13 2024 2025 2024 2025 Norte 29.401 25.361 169,5 146,2 Rondônia 3.864 935 244,4 59,1 Acre 3.231 8.113 389,3 977,4 Amazonas 5.269 2.89",,1.0
Informe Semanal nº 07 - COE Dengue e outras Arboviroses - SE 1 a 13.pdf,14,localidade_uf,Acre,tabela,"24 2025 Norte 29.401 25.361 169,5 146,2 Rondônia 3.864 935 244,4 59,1 Acre 3.231 8.113 389,3 977,4 Amazonas 5.269 2.893 133,7 73,4 Roraima 135 1",,1.0
Informe Semanal nº 07 - COE Dengue e outras Arboviroses - SE 1 a 13.pdf,14,localidade_uf,Amazonas,tabela,"69,5 146,2 Rondônia 3.864 935 244,4 59,1 Acre 3.231 8.113 389,3 977,4 Amazonas 5.269 2.893 133,7 73,4 Roraima 135 135 21,2 21,2 Pará 10.254 10.647 1",,1.0
Informe Semanal nº 07 - COE Dengue e outras Arboviroses - SE 1 a 13.pdf,14,localidade_uf,Roraima,tabela,"4,4 59,1 Acre 3.231 8.113 389,3 977,4 Amazonas 5.269 2.893 133,7 73,4 Roraima 135 135 21,2 21,2 Pará 10.254 10.647 126,3 131,2 Amapá 4.822 834 657,",,1.0
Informe Semanal nº 07 - COE Dengue e outras Arboviroses - SE 1 a 13.pdf,14,localidade_uf,Pará,tabela,"389,3 977,4 Amazonas 5.269 2.893 133,7 73,4 Roraima 135 135 21,2 21,2 Pará 10.254 10.647 126,3 131,2 Amapá 4.822 834 657,4 113,7 Tocantins 1.826",,1.0
Informe Semanal nº 07 - COE Dengue e outras Arboviroses - SE 1 a 13.pdf,14,localidade_uf,Amapá,tabela,"3 133,7 73,4 Roraima 135 135 21,2 21,2 Pará 10.254 10.647 126,3 131,2 Amapá 4.822 834 657,4 113,7 Tocantins 1.826 1.804 120,8 119,4 Nordeste 150.",,2.0
Informe Semanal nº 07 - COE Dengue e outras Arboviroses - SE 1 a 13.pdf,14,localidade_uf,Tocantins,tabela," 21,2 21,2 Pará 10.254 10.647 126,3 131,2 Amapá 4.822 834 657,4 113,7 Tocantins 1.826 1.804 120,8 119,4 Nordeste 150.035 29.074 274,6 53,2 Maranhão 6",,2.0
Informe Semanal nº 07 - COE Dengue e outras Arboviroses - SE 1 a 13.pdf,14,localidade_regiao,Nordeste,tabela,"3 131,2 Amapá 4.822 834 657,4 113,7 Tocantins 1.826 1.804 120,8 119,4 Nordeste 150.035 29.074 274,6 53,2 Maranhão 6.113 2.357 90,2 34,8 Piauí 5.970 ",,1.0
Informe Semanal nº 07 - COE Dengue e outras Arboviroses - SE 1 a 13.pdf,14,localidade_uf,Maranhão,tabela," Tocantins 1.826 1.804 120,8 119,4 Nordeste 150.035 29.074 274,6 53,2 Maranhão 6.113 2.357 90,2 34,8 Piauí 5.970 2.162 182,6 66,1 Ceará 3.447 2.089 ",,1.0
Informe Semanal nº 07 - COE Dengue e outras Arboviroses - SE 1 a 13.pdf,14,localidade_uf,Piauí,tabela,"9,4 Nordeste 150.035 29.074 274,6 53,2 Maranhão 6.113 2.357 90,2 34,8 Piauí 5.970 2.162 182,6 66,1 Ceará 3.447 2.089 39,2 23,8 Rio Grande do Nort",,1.0
Informe Semanal nº 07 - COE Dengue e outras Arboviroses - SE 1 a 13.pdf,14,localidade_uf,Ceará,tabela,"74,6 53,2 Maranhão 6.113 2.357 90,2 34,8 Piauí 5.970 2.162 182,6 66,1 Ceará 3.447 2.089 39,2 23,8 Rio Grande do Norte 7.413 2.172 224,5 65,8 Para",,1.0
Informe Semanal nº 07 - COE Dengue e outras Arboviroses - SE 1 a 13.pdf,14,localidade_uf,Rio Grande do Norte,tabela,"57 90,2 34,8 Piauí 5.970 2.162 182,6 66,1 Ceará 3.447 2.089 39,2 23,8 Rio Grande do Norte 7.413 2.172 224,5 65,8 Paraíba 6.084 2.450 153,1 61,6 Pernambuco 7.37",,1.0
Informe Semanal nº 07 - COE Dengue e outras Arboviroses - SE 1 a 13.pdf,14,localidade_uf,Paraíba,tabela,"eará 3.447 2.089 39,2 23,8 Rio Grande do Norte 7.413 2.172 224,5 65,8 Paraíba 6.084 2.450 153,1 61,6 Pernambuco 7.373 5.169 81,4 57,1 Alagoas 3.858",,1.0
Informe Semanal nº 07 - COE Dengue e outras Arboviroses - SE 1 a 13.pdf,14,localidade_uf,Pernambuco,tabela,"Grande do Norte 7.413 2.172 224,5 65,8 Paraíba 6.084 2.450 153,1 61,6 Pernambuco 7.373 5.169 81,4 57,1 Alagoas 3.858 861 123,4 27,5 Sergipe 674 454 30",,1.0
Informe Semanal nº 07 - COE Dengue e outras Arboviroses - SE 1 a 13.pdf,14,localidade_uf,Alagoas,tabela," 65,8 Paraíba 6.084 2.450 153,1 61,6 Pernambuco 7.373 5.169 81,4 57,1 Alagoas 3.858 861 123,4 27,5 Sergipe 674 454 30,5 20,5 Bahia 109.103 11.360 7",,1.0
Informe Semanal nº 07 - COE Dengue e outras Arboviroses - SE 1 a 13.pdf,14,localidade_uf,Sergipe,tabela,",1 61,6 Pernambuco 7.373 5.169 81,4 57,1 Alagoas 3.858 861 123,4 27,5 Sergipe 674 454 30,5 20,5 Bahia 109.103 11.360 771,8 80,4 Sudeste 2.102.492 5",,1.0
Informe Semanal nº 07 - COE Dengue e outras Arboviroses - SE 1 a 13.pdf,14,localidade_uf,Bahia,tabela,".169 81,4 57,1 Alagoas 3.858 861 123,4 27,5 Sergipe 674 454 30,5 20,5 Bahia 109.103 11.360 771,8 80,4 Sudeste 2.102.492 595.954 2.478,0 702,4 Min",,1.0
Informe Semanal nº 07 - COE Dengue e outras Arboviroses - SE 1 a 13.pdf,14,localidade_regiao,Sudeste,tabela," 123,4 27,5 Sergipe 674 454 30,5 20,5 Bahia 109.103 11.360 771,8 80,4 Sudeste 2.102.492 595.954 2.478,0 702,4 Minas Gerais 1.107.412 87.056 5.391,8",,1.0
Informe Semanal nº 07 - COE Dengue e outras Arboviroses - SE 1 a 13.pdf,14,localidade_uf,Minas Gerais,tabela,"hia 109.103 11.360 771,8 80,4 Sudeste 2.102.492 595.954 2.478,0 702,4 Minas Gerais 1.107.412 87.056 5.391,8 423,9 Espírito Santo 81.997 21.261 2.139,0 5",,1.0
Informe Semanal nº 07 - COE Dengue e outras Arboviroses - SE 1 a 13.pdf,14,localidade_uf,Espírito Santo,tabela,"492 595.954 2.478,0 702,4 Minas Gerais 1.107.412 87.056 5.391,8 423,9 Espírito Santo 81.997 21.261 2.139,0 554,6 Rio de Janeiro 207.758 16.669 1.294,1 103",,2.0
Informe Semanal nº 07 - COE Dengue e outras Arboviroses - SE 1 a 13.pdf,14,localidade_uf,Rio de Janeiro,tabela,"7.412 87.056 5.391,8 423,9 Espírito Santo 81.997 21.261 2.139,0 554,6 Rio de Janeiro 207.758 16.669 1.294,1 103,8 São Paulo 705.325 470.968 1.587,8 1.060,",,2.0
Informe Semanal nº 07 - COE Dengue e outras Arboviroses - SE 1 a 13.pdf,14,localidade_uf,São Paulo,tabela,".997 21.261 2.139,0 554,6 Rio de Janeiro 207.758 16.669 1.294,1 103,8 São Paulo 705.325 470.968 1.587,8 1.060,3 Sul 487.816 84.029 1.629,7 280,7 Para",,2.0
Informe Semanal nº 07 - COE Dengue e outras Arboviroses - SE 1 a 13.pdf,14,localidade_regiao,Sul,tabela,"07.758 16.669 1.294,1 103,8 São Paulo 705.325 470.968 1.587,8 1.060,3 Sul 487.816 84.029 1.629,7 280,7 Paraná 289.308 60.481 2.528,2 528,5 Sant",,1.0
Informe Semanal nº 07 - COE Dengue e outras Arboviroses - SE 1 a 13.pdf,14,localidade_uf,Paraná,tabela,"aulo 705.325 470.968 1.587,8 1.060,3 Sul 487.816 84.029 1.629,7 280,7 Paraná 289.308 60.481 2.528,2 528,5 Santa Catarina 121.675 10.456 1.599,0 13",,3.0
Informe Semanal nº 07 - COE Dengue e outras Arboviroses - SE 1 a 13.pdf,14,localidade_uf,Santa Catarina,tabela," Sul 487.816 84.029 1.629,7 280,7 Paraná 289.308 60.481 2.528,2 528,5 Santa Catarina 121.675 10.456 1.599,0 137,4 Rio Grande do Sul 76.833 13.092 706,2 12",,1.0
Informe Semanal nº 07 - COE Dengue e outras Arboviroses - SE 1 a 13.pdf,14,localidade_uf,Rio Grande do Sul,tabela,".308 60.481 2.528,2 528,5 Santa Catarina 121.675 10.456 1.599,0 137,4 Rio Grande do Sul 76.833 13.092 706,2 120,3 Centro-Oeste 410.386 73.360 2.519,6 450,4 M",,1.0
Informe Semanal nº 07 - COE Dengue e outras Arboviroses - SE 1 a 13.pdf,14,localidade_regiao,Centro-Oeste,tabela,".675 10.456 1.599,0 137,4 Rio Grande do Sul 76.833 13.092 706,2 120,3 Centro-Oeste 410.386 73.360 2.519,6 450,4 Mato Grosso do Sul 9.239 6.670 335,1 242",,1.0
Informe Semanal nº 07 - COE Dengue e outras Arboviroses - SE 1 a 13.pdf,14,localidade_uf,Mato Grosso do Sul,tabela,"l 76.833 13.092 706,2 120,3 Centro-Oeste 410.386 73.360 2.519,6 450,4 Mato Grosso do Sul 9.239 6.670 335,1 242,0 Mato Grosso 17.393 21.407 475,4 585,1 Goiás 1",,1.0
Informe Semanal nº 07 - COE Dengue e outras Arboviroses - SE 1 a 13.pdf,14,localidade_uf,Mato Grosso,tabela,"0.386 73.360 2.519,6 450,4 Mato Grosso do Sul 9.239 6.670 335,1 242,0 Mato Grosso 17.393 21.407 475,4 585,1 Goiás 163.503 39.498 2.317,5 559,8 Distrito",,2.0
Informe Semanal nº 07 - COE Dengue e outras Arboviroses - SE 1 a 13.pdf,14,localidade_uf,Goiás,tabela," do Sul 9.239 6.670 335,1 242,0 Mato Grosso 17.393 21.407 475,4 585,1 Goiás 163.503 39.498 2.317,5 559,8 Distrito Federal 220.251 5.785 7.818,4 2",,2.0
Informe Semanal nº 07 - COE Dengue e outras Arboviroses - SE 1 a 13.pdf,14,localidade_uf,Distrito Federal,tabela,"o Grosso 17.393 21.407 475,4 585,1 Goiás 163.503 39.498 2.317,5 559,8 Distrito Federal 220.251 5.785 7.818,4 205,4 Brasil 3.180.130 807.778 1.566,1 397,8 FO",,1.0
Informe Semanal nº 07 - COE Dengue e outras Arboviroses - SE 1 a 13.pdf,15,localidade_regiao,Norte,tabela,de alarme (n) SE 01 aSE 13 SE 01 aSE 13 Região/UF 2024 2025 2024 2025 Norte 37 22 376 203 Rondônia 2 1 17 8 Acre 2 1 5 25 Amazonas 9 1 56 6 Rorai,,1.0
Informe Semanal nº 07 - COE Dengue e outras Arboviroses - SE 1 a 13.pdf,15,localidade_uf,Rondônia,tabela,aSE 13 SE 01 aSE 13 Região/UF 2024 2025 2024 2025 Norte 37 22 376 203 Rondônia 2 1 17 8 Acre 2 1 5 25 Amazonas 9 1 56 6 Roraima 0 1 1 1 Pará 18 16 1,,1.0
Informe Semanal nº 07 - COE Dengue e outras Arboviroses - SE 1 a 13.pdf,15,localidade_uf,Acre,tabela,3 Região/UF 2024 2025 2024 2025 Norte 37 22 376 203 Rondônia 2 1 17 8 Acre 2 1 5 25 Amazonas 9 1 56 6 Roraima 0 1 1 1 Pará 18 16 181 145 Amapá 4,,1.0
Informe Semanal nº 07 - COE Dengue e outras Arboviroses - SE 1 a 13.pdf,15,localidade_uf,Amazonas,tabela,24 2025 2024 2025 Norte 37 22 376 203 Rondônia 2 1 17 8 Acre 2 1 5 25 Amazonas 9 1 56 6 Roraima 0 1 1 1 Pará 18 16 181 145 Amapá 4 2 83 14 Tocantins,,1.0
Informe Semanal nº 07 - COE Dengue e outras Arboviroses - SE 1 a 13.pdf,15,localidade_uf,Roraima,tabela,Norte 37 22 376 203 Rondônia 2 1 17 8 Acre 2 1 5 25 Amazonas 9 1 56 6 Roraima 0 1 1 1 Pará 18 16 181 145 Amapá 4 2 83 14 Tocantins 2 0 33 4 Nordest,,1.0
Informe Semanal nº 07 - COE Dengue e outras Arboviroses - SE 1 a 13.pdf,15,localidade_uf,Pará,tabela,203 Rondônia 2 1 17 8 Acre 2 1 5 25 Amazonas 9 1 56 6 Roraima 0 1 1 1 Pará 18 16 181 145 Amapá 4 2 83 14 Tocantins 2 0 33 4 Nordeste 249 26 3.01,,1.0
Informe Semanal nº 07 - COE Dengue e outras Arboviroses - SE 1 a 13.pdf,15,localidade_uf,Amapá,tabela, 8 Acre 2 1 5 25 Amazonas 9 1 56 6 Roraima 0 1 1 1 Pará 18 16 181 145 Amapá 4 2 83 14 Tocantins 2 0 33 4 Nordeste 249 26 3.017 277 Maranhão 8 2 1,,2.0
Informe Semanal nº 07 - COE Dengue e outras Arboviroses - SE 1 a 13.pdf,15,localidade_uf,Tocantins,tabela, Amazonas 9 1 56 6 Roraima 0 1 1 1 Pará 18 16 181 145 Amapá 4 2 83 14 Tocantins 2 0 33 4 Nordeste 249 26 3.017 277 Maranhão 8 2 104 14 Piauí 14 7 165,,2.0
Informe Semanal nº 07 - COE Dengue e outras Arboviroses - SE 1 a 13.pdf,15,localidade_regiao,Nordeste,tabela,Roraima 0 1 1 1 Pará 18 16 181 145 Amapá 4 2 83 14 Tocantins 2 0 33 4 Nordeste 249 26 3.017 277 Maranhão 8 2 104 14 Piauí 14 7 165 40 Ceará 3 0 42 1,,1.0
Informe Semanal nº 07 - COE Dengue e outras Arboviroses - SE 1 a 13.pdf,15,localidade_uf,Maranhão,tabela, 181 145 Amapá 4 2 83 14 Tocantins 2 0 33 4 Nordeste 249 26 3.017 277 Maranhão 8 2 104 14 Piauí 14 7 165 40 Ceará 3 0 42 10 Rio Grande do Norte 8 1 ,,1.0
Informe Semanal nº 07 - COE Dengue e outras Arboviroses - SE 1 a 13.pdf,15,localidade_uf,Piauí,tabela,3 14 Tocantins 2 0 33 4 Nordeste 249 26 3.017 277 Maranhão 8 2 104 14 Piauí 14 7 165 40 Ceará 3 0 42 10 Rio Grande do Norte 8 1 64 12 Paraíba 4 0,,1.0
Informe Semanal nº 07 - COE Dengue e outras Arboviroses - SE 1 a 13.pdf,15,localidade_uf,Ceará,tabela, 33 4 Nordeste 249 26 3.017 277 Maranhão 8 2 104 14 Piauí 14 7 165 40 Ceará 3 0 42 10 Rio Grande do Norte 8 1 64 12 Paraíba 4 0 94 5 Pernambuco 5,,1.0
Informe Semanal nº 07 - COE Dengue e outras Arboviroses - SE 1 a 13.pdf,15,localidade_uf,Rio Grande do Norte,tabela,49 26 3.017 277 Maranhão 8 2 104 14 Piauí 14 7 165 40 Ceará 3 0 42 10 Rio Grande do Norte 8 1 64 12 Paraíba 4 0 94 5 Pernambuco 5 1 46 15 Alagoas 4 2 61 10 Ser,,1.0
Informe Semanal nº 07 - COE Dengue e outras Arboviroses - SE 1 a 13.pdf,15,localidade_uf,Paraíba,tabela,04 14 Piauí 14 7 165 40 Ceará 3 0 42 10 Rio Grande do Norte 8 1 64 12 Paraíba 4 0 94 5 Pernambuco 5 1 46 15 Alagoas 4 2 61 10 Sergipe 3 1 20 8 Bahi,,1.0
Informe Semanal nº 07 - COE Dengue e outras Arboviroses - SE 1 a 13.pdf,15,localidade_uf,Pernambuco,tabela,165 40 Ceará 3 0 42 10 Rio Grande do Norte 8 1 64 12 Paraíba 4 0 94 5 Pernambuco 5 1 46 15 Alagoas 4 2 61 10 Sergipe 3 1 20 8 Bahia 200 12 2421 163 Su,,1.0
Informe Semanal nº 07 - COE Dengue e outras Arboviroses - SE 1 a 13.pdf,15,localidade_uf,Alagoas,tabela,0 Rio Grande do Norte 8 1 64 12 Paraíba 4 0 94 5 Pernambuco 5 1 46 15 Alagoas 4 2 61 10 Sergipe 3 1 20 8 Bahia 200 12 2421 163 Sudeste 2.187 627 21,,1.0
Informe Semanal nº 07 - COE Dengue e outras Arboviroses - SE 1 a 13.pdf,15,localidade_uf,Sergipe,tabela,rte 8 1 64 12 Paraíba 4 0 94 5 Pernambuco 5 1 46 15 Alagoas 4 2 61 10 Sergipe 3 1 20 8 Bahia 200 12 2421 163 Sudeste 2.187 627 21.867 8.466 Minas G,,1.0
Informe Semanal nº 07 - COE Dengue e outras Arboviroses - SE 1 a 13.pdf,15,localidade_uf,Bahia,tabela,aíba 4 0 94 5 Pernambuco 5 1 46 15 Alagoas 4 2 61 10 Sergipe 3 1 20 8 Bahia 200 12 2421 163 Sudeste 2.187 627 21.867 8.466 Minas Gerais 1.087 85 ,,1.0
Informe Semanal nº 07 - COE Dengue e outras Arboviroses - SE 1 a 13.pdf,15,localidade_regiao,Sudeste,tabela,co 5 1 46 15 Alagoas 4 2 61 10 Sergipe 3 1 20 8 Bahia 200 12 2421 163 Sudeste 2.187 627 21.867 8.466 Minas Gerais 1.087 85 10.170 869 Espírito Sant,,1.0
Informe Semanal nº 07 - COE Dengue e outras Arboviroses - SE 1 a 13.pdf,15,localidade_uf,Minas Gerais,tabela,Sergipe 3 1 20 8 Bahia 200 12 2421 163 Sudeste 2.187 627 21.867 8.466 Minas Gerais 1.087 85 10.170 869 Espírito Santo 67 5 1.426 259 Rio de Janeiro 154 ,,1.0
Informe Semanal nº 07 - COE Dengue e outras Arboviroses - SE 1 a 13.pdf,15,localidade_uf,Espírito Santo,tabela,1 163 Sudeste 2.187 627 21.867 8.466 Minas Gerais 1.087 85 10.170 869 Espírito Santo 67 5 1.426 259 Rio de Janeiro 154 12 2.996 210 São Paulo 879 525 7.27,,2.0
Informe Semanal nº 07 - COE Dengue e outras Arboviroses - SE 1 a 13.pdf,15,localidade_uf,Rio de Janeiro,tabela, 8.466 Minas Gerais 1.087 85 10.170 869 Espírito Santo 67 5 1.426 259 Rio de Janeiro 154 12 2.996 210 São Paulo 879 525 7.275 7.128 Sul 596 67 9.076 1.159,,2.0
Informe Semanal nº 07 - COE Dengue e outras Arboviroses - SE 1 a 13.pdf,15,localidade_uf,São Paulo,tabela,170 869 Espírito Santo 67 5 1.426 259 Rio de Janeiro 154 12 2.996 210 São Paulo 879 525 7.275 7.128 Sul 596 67 9.076 1.159 Paraná 307 57 5.507 1.001 ,,2.0
Informe Semanal nº 07 - COE Dengue e outras Arboviroses - SE 1 a 13.pdf,15,localidade_regiao,Sul,tabela,426 259 Rio de Janeiro 154 12 2.996 210 São Paulo 879 525 7.275 7.128 Sul 596 67 9.076 1.159 Paraná 307 57 5.507 1.001 Santa Catarina 131 5 2.6,,1.0
Informe Semanal nº 07 - COE Dengue e outras Arboviroses - SE 1 a 13.pdf,15,localidade_uf,Paraná,tabela,154 12 2.996 210 São Paulo 879 525 7.275 7.128 Sul 596 67 9.076 1.159 Paraná 307 57 5.507 1.001 Santa Catarina 131 5 2.641 57 Rio Grande do Sul 15,,3.0
Informe Semanal nº 07 - COE Dengue e outras Arboviroses - SE 1 a 13.pdf,15,localidade_uf,Santa Catarina,tabela, 879 525 7.275 7.128 Sul 596 67 9.076 1.159 Paraná 307 57 5.507 1.001 Santa Catarina 131 5 2.641 57 Rio Grande do Sul 158 5 928 101 Centro-Oeste 710 86 12,,1.0
Informe Semanal nº 07 - COE Dengue e outras Arboviroses - SE 1 a 13.pdf,15,localidade_uf,Rio Grande do Sul,tabela,7 9.076 1.159 Paraná 307 57 5.507 1.001 Santa Catarina 131 5 2.641 57 Rio Grande do Sul 158 5 928 101 Centro-Oeste 710 86 12.269 1.343 Mato Grosso do Sul 14 ,,1.0
Informe Semanal nº 07 - COE Dengue e outras Arboviroses - SE 1 a 13.pdf,15,localidade_regiao,Centro-Oeste,tabela,7 1.001 Santa Catarina 131 5 2.641 57 Rio Grande do Sul 158 5 928 101 Centro-Oeste 710 86 12.269 1.343 Mato Grosso do Sul 14 9 200 145 Mato Grosso 35 22,,1.0
Informe Semanal nº 07 - COE Dengue e outras Arboviroses - SE 1 a 13.pdf,15,localidade_uf,Mato Grosso do Sul,tabela,1 57 Rio Grande do Sul 158 5 928 101 Centro-Oeste 710 86 12.269 1.343 Mato Grosso do Sul 14 9 200 145 Mato Grosso 35 22 407 154 Goiás 278 55 3135 1033 Distrit,,1.0
Informe Semanal nº 07 - COE Dengue e outras Arboviroses - SE 1 a 13.pdf,15,localidade_uf,Mato Grosso,tabela, 101 Centro-Oeste 710 86 12.269 1.343 Mato Grosso do Sul 14 9 200 145 Mato Grosso 35 22 407 154 Goiás 278 55 3135 1033 Distrito Federal 383 0 8527 11 B,,2.0
Informe Semanal nº 07 - COE Dengue e outras Arboviroses - SE 1 a 13.pdf,15,localidade_uf,Goiás,tabela,2.269 1.343 Mato Grosso do Sul 14 9 200 145 Mato Grosso 35 22 407 154 Goiás 278 55 3135 1033 Distrito Federal 383 0 8527 11 Brasil 3.779 828 46.6,,2.0
Informe Semanal nº 07 - COE Dengue e outras Arboviroses - SE 1 a 13.pdf,15,localidade_uf,Distrito Federal,tabela, do Sul 14 9 200 145 Mato Grosso 35 22 407 154 Goiás 278 55 3135 1033 Distrito Federal 383 0 8527 11 Brasil 3.779 828 46.605 11.448 FONTE:SinanOn-lineeE-SUS,,1.0
Informe Semanal nº 07 - COE Dengue e outras Arboviroses - SE 1 a 13.pdf,16,localidade_regiao,Norte,tabela," SE 01 aSE 13 SE 01 aSE 13 SE 01 aSE 13 2024 2025 2024 2025 2024 2025 Norte 16 21 3,9 9,3 0 7 Rondônia 4 0 21,1 0,0 0 0 Acre 0 3 0,0 0,0 0 1 Amaz",,1.0
Informe Semanal nº 07 - COE Dengue e outras Arboviroses - SE 1 a 13.pdf,16,localidade_uf,Rondônia,tabela,"13 SE 01 aSE 13 2024 2025 2024 2025 2024 2025 Norte 16 21 3,9 9,3 0 7 Rondônia 4 0 21,1 0,0 0 0 Acre 0 3 0,0 0,0 0 1 Amazonas 4 1 6,2 14,3 0 0 Rorai",,1.0
Informe Semanal nº 07 - COE Dengue e outras Arboviroses - SE 1 a 13.pdf,16,localidade_uf,Acre,tabela,"2024 2025 2024 2025 Norte 16 21 3,9 9,3 0 7 Rondônia 4 0 21,1 0,0 0 0 Acre 0 3 0,0 0,0 0 1 Amazonas 4 1 6,2 14,3 0 0 Roraima 0 1 0,0 0,0 0 0 Par",,1.0
Informe Semanal nº 07 - COE Dengue e outras Arboviroses - SE 1 a 13.pdf,16,localidade_uf,Amazonas,tabela,"orte 16 21 3,9 9,3 0 7 Rondônia 4 0 21,1 0,0 0 0 Acre 0 3 0,0 0,0 0 1 Amazonas 4 1 6,2 14,3 0 0 Roraima 0 1 0,0 0,0 0 0 Pará 3 14 1,5 0,0 0 5 Amapá ",,1.0
Informe Semanal nº 07 - COE Dengue e outras Arboviroses - SE 1 a 13.pdf,16,localidade_uf,Roraima,tabela,"dônia 4 0 21,1 0,0 0 0 Acre 0 3 0,0 0,0 0 1 Amazonas 4 1 6,2 14,3 0 0 Roraima 0 1 0,0 0,0 0 0 Pará 3 14 1,5 0,0 0 5 Amapá 4 2 4,6 0,0 0 1 Tocantins",,1.0
Informe Semanal nº 07 - COE Dengue e outras Arboviroses - SE 1 a 13.pdf,16,localidade_uf,Pará,tabela,"cre 0 3 0,0 0,0 0 1 Amazonas 4 1 6,2 14,3 0 0 Roraima 0 1 0,0 0,0 0 0 Pará 3 14 1,5 0,0 0 5 Amapá 4 2 4,6 0,0 0 1 Tocantins 1 0 2,9 0,0 0 0 Nord",,1.0
Informe Semanal nº 07 - COE Dengue e outras Arboviroses - SE 1 a 13.pdf,16,localidade_uf,Amapá,tabela,"azonas 4 1 6,2 14,3 0 0 Roraima 0 1 0,0 0,0 0 0 Pará 3 14 1,5 0,0 0 5 Amapá 4 2 4,6 0,0 0 1 Tocantins 1 0 2,9 0,0 0 0 Nordeste 113 9 3,5 3,0 12 2",,2.0
Informe Semanal nº 07 - COE Dengue e outras Arboviroses - SE 1 a 13.pdf,16,localidade_uf,Tocantins,tabela,"0 Roraima 0 1 0,0 0,0 0 0 Pará 3 14 1,5 0,0 0 5 Amapá 4 2 4,6 0,0 0 1 Tocantins 1 0 2,9 0,0 0 0 Nordeste 113 9 3,5 3,0 12 29 Maranhão 4 0 3,6 0,0 1 7",,2.0
Informe Semanal nº 07 - COE Dengue e outras Arboviroses - SE 1 a 13.pdf,16,localidade_regiao,Nordeste,tabela,"Pará 3 14 1,5 0,0 0 5 Amapá 4 2 4,6 0,0 0 1 Tocantins 1 0 2,9 0,0 0 0 Nordeste 113 9 3,5 3,0 12 29 Maranhão 4 0 3,6 0,0 1 7 Piauí 8 1 4,5 0,0 0 0 Ce",,1.0
Informe Semanal nº 07 - COE Dengue e outras Arboviroses - SE 1 a 13.pdf,16,localidade_uf,Maranhão,tabela," 2 4,6 0,0 0 1 Tocantins 1 0 2,9 0,0 0 0 Nordeste 113 9 3,5 3,0 12 29 Maranhão 4 0 3,6 0,0 1 7 Piauí 8 1 4,5 0,0 0 0 Ceará 1 0 2,2 0,0 0 0 Rio Grand",,1.0
Informe Semanal nº 07 - COE Dengue e outras Arboviroses - SE 1 a 13.pdf,16,localidade_uf,Piauí,tabela,"1 0 2,9 0,0 0 0 Nordeste 113 9 3,5 3,0 12 29 Maranhão 4 0 3,6 0,0 1 7 Piauí 8 1 4,5 0,0 0 0 Ceará 1 0 2,2 0,0 0 0 Rio Grande do Norte 2 0 2,8 0,0",,1.0
Informe Semanal nº 07 - COE Dengue e outras Arboviroses - SE 1 a 13.pdf,16,localidade_uf,Ceará,tabela,"te 113 9 3,5 3,0 12 29 Maranhão 4 0 3,6 0,0 1 7 Piauí 8 1 4,5 0,0 0 0 Ceará 1 0 2,2 0,0 0 0 Rio Grande do Norte 2 0 2,8 0,0 1 0 Paraíba 4 1 4,1 0",,1.0
Informe Semanal nº 07 - COE Dengue e outras Arboviroses - SE 1 a 13.pdf,16,localidade_uf,Rio Grande do Norte,tabela," Maranhão 4 0 3,6 0,0 1 7 Piauí 8 1 4,5 0,0 0 0 Ceará 1 0 2,2 0,0 0 0 Rio Grande do Norte 2 0 2,8 0,0 1 0 Paraíba 4 1 4,1 0,0 0 1 Pernambuco 6 0 11,8 0,0 2 10 ",,1.0
Informe Semanal nº 07 - COE Dengue e outras Arboviroses - SE 1 a 13.pdf,16,localidade_uf,Paraíba,tabela,"4,5 0,0 0 0 Ceará 1 0 2,2 0,0 0 0 Rio Grande do Norte 2 0 2,8 0,0 1 0 Paraíba 4 1 4,1 0,0 0 1 Pernambuco 6 0 11,8 0,0 2 10 Alagoas 2 0 3,1 0,0 0 1 ",,1.0
Informe Semanal nº 07 - COE Dengue e outras Arboviroses - SE 1 a 13.pdf,16,localidade_uf,Pernambuco,tabela,"2 0,0 0 0 Rio Grande do Norte 2 0 2,8 0,0 1 0 Paraíba 4 1 4,1 0,0 0 1 Pernambuco 6 0 11,8 0,0 2 10 Alagoas 2 0 3,1 0,0 0 1 Sergipe 3 1 13,0 0,0 0 0 Ba",,1.0
Informe Semanal nº 07 - COE Dengue e outras Arboviroses - SE 1 a 13.pdf,16,localidade_uf,Alagoas,tabela," 2 0 2,8 0,0 1 0 Paraíba 4 1 4,1 0,0 0 1 Pernambuco 6 0 11,8 0,0 2 10 Alagoas 2 0 3,1 0,0 0 1 Sergipe 3 1 13,0 0,0 0 0 Bahia 83 6 3,2 3,4 8 10 Sude",,1.0
Informe Semanal nº 07 - COE Dengue e outras Arboviroses - SE 1 a 13.pdf,16,localidade_uf,Sergipe,tabela," 4 1 4,1 0,0 0 1 Pernambuco 6 0 11,8 0,0 2 10 Alagoas 2 0 3,1 0,0 0 1 Sergipe 3 1 13,0 0,0 0 0 Bahia 83 6 3,2 3,4 8 10 Sudeste 1.710 360 7,1 4,0 17",,1.0
Informe Semanal nº 07 - COE Dengue e outras Arboviroses - SE 1 a 13.pdf,16,localidade_uf,Bahia,tabela,"co 6 0 11,8 0,0 2 10 Alagoas 2 0 3,1 0,0 0 1 Sergipe 3 1 13,0 0,0 0 0 Bahia 83 6 3,2 3,4 8 10 Sudeste 1.710 360 7,1 4,0 175 554 Minas Gerais 765 ",,1.0
Informe Semanal nº 07 - COE Dengue e outras Arboviroses - SE 1 a 13.pdf,16,localidade_regiao,Sudeste,tabela,"goas 2 0 3,1 0,0 0 1 Sergipe 3 1 13,0 0,0 0 0 Bahia 83 6 3,2 3,4 8 10 Sudeste 1.710 360 7,1 4,0 175 554 Minas Gerais 765 28 6,8 2,9 171 67 Espírito",,1.0
Informe Semanal nº 07 - COE Dengue e outras Arboviroses - SE 1 a 13.pdf,16,localidade_uf,Minas Gerais,tabela,"3,0 0,0 0 0 Bahia 83 6 3,2 3,4 8 10 Sudeste 1.710 360 7,1 4,0 175 554 Minas Gerais 765 28 6,8 2,9 171 67 Espírito Santo 28 0 1,9 0,0 0 10 Rio de Janeiro",,1.0
Informe Semanal nº 07 - COE Dengue e outras Arboviroses - SE 1 a 13.pdf,16,localidade_uf,Espírito Santo,tabela," Sudeste 1.710 360 7,1 4,0 175 554 Minas Gerais 765 28 6,8 2,9 171 67 Espírito Santo 28 0 1,9 0,0 0 10 Rio de Janeiro 150 6 4,8 2,7 0 3 São Paulo 767 326 ",,2.0
Informe Semanal nº 07 - COE Dengue e outras Arboviroses - SE 1 a 13.pdf,16,localidade_uf,Rio de Janeiro,tabela,"4 Minas Gerais 765 28 6,8 2,9 171 67 Espírito Santo 28 0 1,9 0,0 0 10 Rio de Janeiro 150 6 4,8 2,7 0 3 São Paulo 767 326 9,4 4,3 4 474 Sul 596 27 6,2 2,2 ",,2.0
Informe Semanal nº 07 - COE Dengue e outras Arboviroses - SE 1 a 13.pdf,16,localidade_uf,São Paulo,tabela," 67 Espírito Santo 28 0 1,9 0,0 0 10 Rio de Janeiro 150 6 4,8 2,7 0 3 São Paulo 767 326 9,4 4,3 4 474 Sul 596 27 6,2 2,2 1 53 Paraná 361 24 6,2 2,3 0",,2.0
Informe Semanal nº 07 - COE Dengue e outras Arboviroses - SE 1 a 13.pdf,16,localidade_regiao,Sul,tabela,"0 10 Rio de Janeiro 150 6 4,8 2,7 0 3 São Paulo 767 326 9,4 4,3 4 474 Sul 596 27 6,2 2,2 1 53 Paraná 361 24 6,2 2,3 0 46 Santa Catarina 137 2 4",,1.0
Informe Semanal nº 07 - COE Dengue e outras Arboviroses - SE 1 a 13.pdf,16,localidade_uf,Paraná,tabela,"6 4,8 2,7 0 3 São Paulo 767 326 9,4 4,3 4 474 Sul 596 27 6,2 2,2 1 53 Paraná 361 24 6,2 2,3 0 46 Santa Catarina 137 2 4,9 0,0 0 4 Rio Grande do Su",,3.0
Informe Semanal nº 07 - COE Dengue e outras Arboviroses - SE 1 a 13.pdf,16,localidade_uf,Santa Catarina,tabela," 326 9,4 4,3 4 474 Sul 596 27 6,2 2,2 1 53 Paraná 361 24 6,2 2,3 0 46 Santa Catarina 137 2 4,9 0,0 0 4 Rio Grande do Sul 98 1 9,0 0,9 1 3 Centro-Oeste 585",,1.0
Informe Semanal nº 07 - COE Dengue e outras Arboviroses - SE 1 a 13.pdf,16,localidade_uf,Rio Grande do Sul,tabela," 2,2 1 53 Paraná 361 24 6,2 2,3 0 46 Santa Catarina 137 2 4,9 0,0 0 4 Rio Grande do Sul 98 1 9,0 0,9 1 3 Centro-Oeste 585 34 4,5 2,4 8 61 Mato Grosso do Sul ",,1.0
Informe Semanal nº 07 - COE Dengue e outras Arboviroses - SE 1 a 13.pdf,16,localidade_regiao,Centro-Oeste,tabela,"6 Santa Catarina 137 2 4,9 0,0 0 4 Rio Grande do Sul 98 1 9,0 0,9 1 3 Centro-Oeste 585 34 4,5 2,4 8 61 Mato Grosso do Sul 13 6 6,1 0,0 6 6 Mato Grosso 1",,1.0
Informe Semanal nº 07 - COE Dengue e outras Arboviroses - SE 1 a 13.pdf,16,localidade_uf,Mato Grosso do Sul,tabela,"4 Rio Grande do Sul 98 1 9,0 0,9 1 3 Centro-Oeste 585 34 4,5 2,4 8 61 Mato Grosso do Sul 13 6 6,1 0,0 6 6 Mato Grosso 12 10 2,7 5,7 1 8 Goiás 206 18 6,0 1,7 1",,1.0
Informe Semanal nº 07 - COE Dengue e outras Arboviroses - SE 1 a 13.pdf,16,localidade_uf,Mato Grosso,tabela," Centro-Oeste 585 34 4,5 2,4 8 61 Mato Grosso do Sul 13 6 6,1 0,0 6 6 Mato Grosso 12 10 2,7 5,7 1 8 Goiás 206 18 6,0 1,7 1 43 Distrito Federal 354 0 4,",,2.0
Informe Semanal nº 07 - COE Dengue e outras Arboviroses - SE 1 a 13.pdf,16,localidade_uf,Goiás,tabela," 61 Mato Grosso do Sul 13 6 6,1 0,0 6 6 Mato Grosso 12 10 2,7 5,7 1 8 Goiás 206 18 6,0 1,7 1 43 Distrito Federal 354 0 4,0 0,0 0 4 Brasil 3.020 4",,2.0
Informe Semanal nº 07 - COE Dengue e outras Arboviroses - SE 1 a 13.pdf,16,localidade_uf,Distrito Federal,tabela,"6 6,1 0,0 6 6 Mato Grosso 12 10 2,7 5,7 1 8 Goiás 206 18 6,0 1,7 1 43 Distrito Federal 354 0 4,0 0,0 0 4 Brasil 3.020 451 6,0 3,7 215 704 FONTE:SinanOn-line",,1.0
Informe Semanal nº 08 - COE Dengue e outras Arboviroses - SE 1 a 13.pdf,2,localidade_regiao,Sudeste,narrativa," Geográficas que apresentam os maiores coeficientes de incidência são Sudeste, Centro-Oeste e Sul. Entre as Unidades Federativas (UF), São Paulo, A",,1.0
Informe Semanal nº 08 - COE Dengue e outras Arboviroses - SE 1 a 13.pdf,2,localidade_regiao,Centro-Oeste,narrativa,"cas que apresentam os maiores coeficientes de incidência são Sudeste, Centro-Oeste e Sul. Entre as Unidades Federativas (UF), São Paulo, Acre e Mato Gro",,1.0
Informe Semanal nº 08 - COE Dengue e outras Arboviroses - SE 1 a 13.pdf,2,localidade_regiao,Sul,narrativa,"tam os maiores coeficientes de incidência são Sudeste, Centro-Oeste e Sul. Entre as Unidades Federativas (UF), São Paulo, Acre e Mato Grosso ap",,1.0
Informe Semanal nº 08 - COE Dengue e outras Arboviroses - SE 1 a 13.pdf,2,localidade_uf,São Paulo,narrativa," são Sudeste, Centro-Oeste e Sul. Entre as Unidades Federativas (UF), São Paulo, Acre e Mato Grosso apresentam as maiores incidências. Os maiores núm",,2.0
Informe Semanal nº 08 - COE Dengue e outras Arboviroses - SE 1 a 13.pdf,2,localidade_uf,Acre,narrativa,"e, Centro-Oeste e Sul. Entre as Unidades Federativas (UF), São Paulo, Acre e Mato Grosso apresentam as maiores incidências. Os maiores números d",,1.0
Informe Semanal nº 08 - COE Dengue e outras Arboviroses - SE 1 a 13.pdf,2,localidade_uf,Mato Grosso,narrativa,"ro-Oeste e Sul. Entre as Unidades Federativas (UF), São Paulo, Acre e Mato Grosso apresentam as maiores incidências. Os maiores números de casos graves",,2.0
Informe Semanal nº 08 - COE Dengue e outras Arboviroses - SE 1 a 13.pdf,2,localidade_regiao,Sudeste,narrativa,"dências. Os maiores números de casos graves concentram-se nas regiões Sudeste, Centro-Oeste e Sul. Os óbitos concentram-se na região Sudeste. Foram",,1.0
Informe Semanal nº 08 - COE Dengue e outras Arboviroses - SE 1 a 13.pdf,2,localidade_regiao,Centro-Oeste,narrativa,"Os maiores números de casos graves concentram-se nas regiões Sudeste, Centro-Oeste e Sul. Os óbitos concentram-se na região Sudeste. Foram confirmados 5",,1.0
Informe Semanal nº 08 - COE Dengue e outras Arboviroses - SE 1 a 13.pdf,2,localidade_regiao,Sul,narrativa,"ros de casos graves concentram-se nas regiões Sudeste, Centro-Oeste e Sul. Os óbitos concentram-se na região Sudeste. Foram confirmados 536 óbi",,1.0
Informe Semanal nº 08 - COE Dengue e outras Arboviroses - SE 1 a 13.pdf,2,localidade_regiao,Sudeste,narrativa,"egiões Sudeste, Centro-Oeste e Sul. Os óbitos concentram-se na região Sudeste. Foram confirmados 536 óbitos no período, e 727 estão em investigação",,1.0
Informe Semanal nº 08 - COE Dengue e outras Arboviroses - SE 1 a 13.pdf,2,localidade_uf,Minas Gerais,narrativa,"stre de 2024. DENV-4 (vírus selvagem) foi detectado em uma amostra de Minas Gerais. Outras detecções de DENV-4 em Minas Gerais, Mato Grosso do Sul e Ror",,1.0
Informe Semanal nº 08 - COE Dengue e outras Arboviroses - SE 1 a 13.pdf,2,localidade_uf,Minas Gerais,narrativa,"tectado em uma amostra de Minas Gerais. Outras detecções de DENV-4 em Minas Gerais, Mato Grosso do Sul e Roraima estão em análise. O coeficiente de inci",,1.0
Informe Semanal nº 08 - COE Dengue e outras Arboviroses - SE 1 a 13.pdf,2,localidade_uf,Mato Grosso do Sul,narrativa," amostra de Minas Gerais. Outras detecções de DENV-4 em Minas Gerais, Mato Grosso do Sul e Roraima estão em análise. O coeficiente de incidência de dengue no ",,1.0
Informe Semanal nº 08 - COE Dengue e outras Arboviroses - SE 1 a 13.pdf,2,localidade_uf,Roraima,narrativa,"ais. Outras detecções de DENV-4 em Minas Gerais, Mato Grosso do Sul e Roraima estão em análise. O coeficiente de incidência de dengue no Brasil enc",,1.0
Informe Semanal nº 08 - COE Dengue e outras Arboviroses - SE 1 a 13.pdf,2,localidade_uf,Pará,narrativa,"indica tendência de alta no número de casos, acima do limite esperado para o período. Fonte: Sinan On-line (banco de dados atualizado em 07/04/2",,1.0
Informe Semanal nº 08 - COE Dengue e outras Arboviroses - SE 1 a 13.pdf,14,localidade_regiao,Norte,tabela,"de incidência Região/UF SE 01 aSE 14 SE 01 aSE 14 2024 2025 2024 2025 Norte 31.635 26.457 182,3 152,5 Rondônia 4.069 1.027 257,4 65,0 Acre 3.310 ",,1.0
Informe Semanal nº 08 - COE Dengue e outras Arboviroses - SE 1 a 13.pdf,14,localidade_uf,Rondônia,tabela,"E 14 SE 01 aSE 14 2024 2025 2024 2025 Norte 31.635 26.457 182,3 152,5 Rondônia 4.069 1.027 257,4 65,0 Acre 3.310 8.200 398,8 987,9 Amazonas 5.484 3.",,1.0
Informe Semanal nº 08 - COE Dengue e outras Arboviroses - SE 1 a 13.pdf,14,localidade_uf,Acre,tabela," 2025 Norte 31.635 26.457 182,3 152,5 Rondônia 4.069 1.027 257,4 65,0 Acre 3.310 8.200 398,8 987,9 Amazonas 5.484 3.208 139,1 81,4 Roraima 147 1",,1.0
Informe Semanal nº 08 - COE Dengue e outras Arboviroses - SE 1 a 13.pdf,14,localidade_uf,Amazonas,tabela,",3 152,5 Rondônia 4.069 1.027 257,4 65,0 Acre 3.310 8.200 398,8 987,9 Amazonas 5.484 3.208 139,1 81,4 Roraima 147 118 23,1 18,5 Pará 11.325 11.123 1",,1.0
Informe Semanal nº 08 - COE Dengue e outras Arboviroses - SE 1 a 13.pdf,14,localidade_uf,Roraima,tabela,"7,4 65,0 Acre 3.310 8.200 398,8 987,9 Amazonas 5.484 3.208 139,1 81,4 Roraima 147 118 23,1 18,5 Pará 11.325 11.123 139,5 137,0 Amapá 5.232 933 713,",,1.0
Informe Semanal nº 08 - COE Dengue e outras Arboviroses - SE 1 a 13.pdf,14,localidade_uf,Pará,tabela,"398,8 987,9 Amazonas 5.484 3.208 139,1 81,4 Roraima 147 118 23,1 18,5 Pará 11.325 11.123 139,5 137,0 Amapá 5.232 933 713,3 127,2 Tocantins 2.068",,1.0
Informe Semanal nº 08 - COE Dengue e outras Arboviroses - SE 1 a 13.pdf,14,localidade_uf,Amapá,tabela,"8 139,1 81,4 Roraima 147 118 23,1 18,5 Pará 11.325 11.123 139,5 137,0 Amapá 5.232 933 713,3 127,2 Tocantins 2.068 1.848 136,8 122,3 Nordeste 175.",,2.0
Informe Semanal nº 08 - COE Dengue e outras Arboviroses - SE 1 a 13.pdf,14,localidade_uf,Tocantins,tabela," 23,1 18,5 Pará 11.325 11.123 139,5 137,0 Amapá 5.232 933 713,3 127,2 Tocantins 2.068 1.848 136,8 122,3 Nordeste 175.636 32.477 321,4 59,4 Maranhão 6",,2.0
Informe Semanal nº 08 - COE Dengue e outras Arboviroses - SE 1 a 13.pdf,14,localidade_regiao,Nordeste,tabela,"5 137,0 Amapá 5.232 933 713,3 127,2 Tocantins 2.068 1.848 136,8 122,3 Nordeste 175.636 32.477 321,4 59,4 Maranhão 6.977 2.658 103,0 39,2 Piauí 6.793",,1.0
Informe Semanal nº 08 - COE Dengue e outras Arboviroses - SE 1 a 13.pdf,14,localidade_uf,Maranhão,tabela," Tocantins 2.068 1.848 136,8 122,3 Nordeste 175.636 32.477 321,4 59,4 Maranhão 6.977 2.658 103,0 39,2 Piauí 6.793 2.412 207,8 73,8 Ceará 4.200 2.486",,1.0
Informe Semanal nº 08 - COE Dengue e outras Arboviroses - SE 1 a 13.pdf,14,localidade_uf,Piauí,tabela,",3 Nordeste 175.636 32.477 321,4 59,4 Maranhão 6.977 2.658 103,0 39,2 Piauí 6.793 2.412 207,8 73,8 Ceará 4.200 2.486 47,8 28,3 Rio Grande do Nort",,1.0
Informe Semanal nº 08 - COE Dengue e outras Arboviroses - SE 1 a 13.pdf,14,localidade_uf,Ceará,tabela,"1,4 59,4 Maranhão 6.977 2.658 103,0 39,2 Piauí 6.793 2.412 207,8 73,8 Ceará 4.200 2.486 47,8 28,3 Rio Grande do Norte 8.407 2.547 254,6 77,1 Para",,1.0
Informe Semanal nº 08 - COE Dengue e outras Arboviroses - SE 1 a 13.pdf,14,localidade_uf,Rio Grande do Norte,tabela,"8 103,0 39,2 Piauí 6.793 2.412 207,8 73,8 Ceará 4.200 2.486 47,8 28,3 Rio Grande do Norte 8.407 2.547 254,6 77,1 Paraíba 6.903 2.685 173,7 67,6 Pernambuco 8.58",,1.0
Informe Semanal nº 08 - COE Dengue e outras Arboviroses - SE 1 a 13.pdf,14,localidade_uf,Paraíba,tabela,"eará 4.200 2.486 47,8 28,3 Rio Grande do Norte 8.407 2.547 254,6 77,1 Paraíba 6.903 2.685 173,7 67,6 Pernambuco 8.588 5.911 94,8 65,3 Alagoas 4.336",,1.0
Informe Semanal nº 08 - COE Dengue e outras Arboviroses - SE 1 a 13.pdf,14,localidade_uf,Pernambuco,tabela,"Grande do Norte 8.407 2.547 254,6 77,1 Paraíba 6.903 2.685 173,7 67,6 Pernambuco 8.588 5.911 94,8 65,3 Alagoas 4.336 955 138,6 30,5 Sergipe 777 478 35",,1.0
Informe Semanal nº 08 - COE Dengue e outras Arboviroses - SE 1 a 13.pdf,14,localidade_uf,Alagoas,tabela," 77,1 Paraíba 6.903 2.685 173,7 67,6 Pernambuco 8.588 5.911 94,8 65,3 Alagoas 4.336 955 138,6 30,5 Sergipe 777 478 35,2 21,6 Bahia 128.655 12.345 9",,1.0
Informe Semanal nº 08 - COE Dengue e outras Arboviroses - SE 1 a 13.pdf,14,localidade_uf,Sergipe,tabela,",7 67,6 Pernambuco 8.588 5.911 94,8 65,3 Alagoas 4.336 955 138,6 30,5 Sergipe 777 478 35,2 21,6 Bahia 128.655 12.345 910,1 87,3 Sudeste 2.367.463 6",,1.0
Informe Semanal nº 08 - COE Dengue e outras Arboviroses - SE 1 a 13.pdf,14,localidade_uf,Bahia,tabela,".911 94,8 65,3 Alagoas 4.336 955 138,6 30,5 Sergipe 777 478 35,2 21,6 Bahia 128.655 12.345 910,1 87,3 Sudeste 2.367.463 659.321 2.790,3 777,1 Min",,1.0
Informe Semanal nº 08 - COE Dengue e outras Arboviroses - SE 1 a 13.pdf,14,localidade_regiao,Sudeste,tabela," 138,6 30,5 Sergipe 777 478 35,2 21,6 Bahia 128.655 12.345 910,1 87,3 Sudeste 2.367.463 659.321 2.790,3 777,1 Minas Gerais 1.210.652 96.844 5.894,5",,1.0
Informe Semanal nº 08 - COE Dengue e outras Arboviroses - SE 1 a 13.pdf,14,localidade_uf,Minas Gerais,tabela,"hia 128.655 12.345 910,1 87,3 Sudeste 2.367.463 659.321 2.790,3 777,1 Minas Gerais 1.210.652 96.844 5.894,5 471,5 Espírito Santo 90.587 22.359 2.363,0 5",,1.0
Informe Semanal nº 08 - COE Dengue e outras Arboviroses - SE 1 a 13.pdf,14,localidade_uf,Espírito Santo,tabela,"463 659.321 2.790,3 777,1 Minas Gerais 1.210.652 96.844 5.894,5 471,5 Espírito Santo 90.587 22.359 2.363,0 583,3 Rio de Janeiro 222.514 18.239 1.386,0 113",,2.0
Informe Semanal nº 08 - COE Dengue e outras Arboviroses - SE 1 a 13.pdf,14,localidade_uf,Rio de Janeiro,tabela,"0.652 96.844 5.894,5 471,5 Espírito Santo 90.587 22.359 2.363,0 583,3 Rio de Janeiro 222.514 18.239 1.386,0 113,6 São Paulo 843.710 521.879 1.899,4 1.174,",,2.0
Informe Semanal nº 08 - COE Dengue e outras Arboviroses - SE 1 a 13.pdf,14,localidade_uf,São Paulo,tabela,".587 22.359 2.363,0 583,3 Rio de Janeiro 222.514 18.239 1.386,0 113,6 São Paulo 843.710 521.879 1.899,4 1.174,9 Sul 580.938 99.754 1.940,8 333,3 Para",,2.0
Informe Semanal nº 08 - COE Dengue e outras Arboviroses - SE 1 a 13.pdf,14,localidade_regiao,Sul,tabela,"22.514 18.239 1.386,0 113,6 São Paulo 843.710 521.879 1.899,4 1.174,9 Sul 580.938 99.754 1.940,8 333,3 Paraná 335.438 69.006 2.931,3 603,0 Sant",,1.0
Informe Semanal nº 08 - COE Dengue e outras Arboviroses - SE 1 a 13.pdf,14,localidade_uf,Paraná,tabela,"aulo 843.710 521.879 1.899,4 1.174,9 Sul 580.938 99.754 1.940,8 333,3 Paraná 335.438 69.006 2.931,3 603,0 Santa Catarina 149.936 12.391 1.970,4 16",,3.0
Informe Semanal nº 08 - COE Dengue e outras Arboviroses - SE 1 a 13.pdf,14,localidade_uf,Santa Catarina,tabela," Sul 580.938 99.754 1.940,8 333,3 Paraná 335.438 69.006 2.931,3 603,0 Santa Catarina 149.936 12.391 1.970,4 162,8 Rio Grande do Sul 95.564 18.357 878,3 16",,1.0
Informe Semanal nº 08 - COE Dengue e outras Arboviroses - SE 1 a 13.pdf,14,localidade_uf,Rio Grande do Sul,tabela,".438 69.006 2.931,3 603,0 Santa Catarina 149.936 12.391 1.970,4 162,8 Rio Grande do Sul 95.564 18.357 878,3 168,7 Centro-Oeste 441.481 78.671 2.710,5 483,0 M",,1.0
Informe Semanal nº 08 - COE Dengue e outras Arboviroses - SE 1 a 13.pdf,14,localidade_regiao,Centro-Oeste,tabela,".936 12.391 1.970,4 162,8 Rio Grande do Sul 95.564 18.357 878,3 168,7 Centro-Oeste 441.481 78.671 2.710,5 483,0 Mato Grosso do Sul 10.313 7.518 374,1 27",,1.0
Informe Semanal nº 08 - COE Dengue e outras Arboviroses - SE 1 a 13.pdf,14,localidade_uf,Mato Grosso do Sul,tabela,"l 95.564 18.357 878,3 168,7 Centro-Oeste 441.481 78.671 2.710,5 483,0 Mato Grosso do Sul 10.313 7.518 374,1 272,7 Mato Grosso 19.254 22.367 526,2 611,3 Goiás ",,1.0
Informe Semanal nº 08 - COE Dengue e outras Arboviroses - SE 1 a 13.pdf,14,localidade_uf,Mato Grosso,tabela,".481 78.671 2.710,5 483,0 Mato Grosso do Sul 10.313 7.518 374,1 272,7 Mato Grosso 19.254 22.367 526,2 611,3 Goiás 181.213 42.676 2.568,5 604,9 Distrito",,2.0
Informe Semanal nº 08 - COE Dengue e outras Arboviroses - SE 1 a 13.pdf,14,localidade_uf,Goiás,tabela,"do Sul 10.313 7.518 374,1 272,7 Mato Grosso 19.254 22.367 526,2 611,3 Goiás 181.213 42.676 2.568,5 604,9 Distrito Federal 230.701 6.110 8.189,4 2",,2.0
Informe Semanal nº 08 - COE Dengue e outras Arboviroses - SE 1 a 13.pdf,14,localidade_uf,Distrito Federal,tabela,"o Grosso 19.254 22.367 526,2 611,3 Goiás 181.213 42.676 2.568,5 604,9 Distrito Federal 230.701 6.110 8.189,4 216,9 Brasil 3.597.153 896.680 1.771,5 441,6 FO",,1.0
Informe Semanal nº 08 - COE Dengue e outras Arboviroses - SE 1 a 13.pdf,15,localidade_regiao,Norte,tabela,de alarme (n) SE 01 aSE 14 SE 01 aSE 14 Região/UF 2024 2025 2024 2025 Norte 43 23 421 228 Rondônia 2 1 18 8 Acre 2 1 5 28 Amazonas 10 1 60 7 Rora,,1.0
Informe Semanal nº 08 - COE Dengue e outras Arboviroses - SE 1 a 13.pdf,15,localidade_uf,Rondônia,tabela,aSE 14 SE 01 aSE 14 Região/UF 2024 2025 2024 2025 Norte 43 23 421 228 Rondônia 2 1 18 8 Acre 2 1 5 28 Amazonas 10 1 60 7 Roraima 0 1 1 1 Pará 22 16 ,,1.0
Informe Semanal nº 08 - COE Dengue e outras Arboviroses - SE 1 a 13.pdf,15,localidade_uf,Acre,tabela,4 Região/UF 2024 2025 2024 2025 Norte 43 23 421 228 Rondônia 2 1 18 8 Acre 2 1 5 28 Amazonas 10 1 60 7 Roraima 0 1 1 1 Pará 22 16 194 164 Amapá ,,1.0
Informe Semanal nº 08 - COE Dengue e outras Arboviroses - SE 1 a 13.pdf,15,localidade_uf,Amazonas,tabela,24 2025 2024 2025 Norte 43 23 421 228 Rondônia 2 1 18 8 Acre 2 1 5 28 Amazonas 10 1 60 7 Roraima 0 1 1 1 Pará 22 16 194 164 Amapá 5 3 107 15 Tocanti,,1.0
Informe Semanal nº 08 - COE Dengue e outras Arboviroses - SE 1 a 13.pdf,15,localidade_uf,Roraima,tabela,orte 43 23 421 228 Rondônia 2 1 18 8 Acre 2 1 5 28 Amazonas 10 1 60 7 Roraima 0 1 1 1 Pará 22 16 194 164 Amapá 5 3 107 15 Tocantins 2 0 36 5 Nordes,,1.0
Informe Semanal nº 08 - COE Dengue e outras Arboviroses - SE 1 a 13.pdf,15,localidade_uf,Pará,tabela,28 Rondônia 2 1 18 8 Acre 2 1 5 28 Amazonas 10 1 60 7 Roraima 0 1 1 1 Pará 22 16 194 164 Amapá 5 3 107 15 Tocantins 2 0 36 5 Nordeste 317 30 3.6,,1.0
Informe Semanal nº 08 - COE Dengue e outras Arboviroses - SE 1 a 13.pdf,15,localidade_uf,Amapá,tabela,8 Acre 2 1 5 28 Amazonas 10 1 60 7 Roraima 0 1 1 1 Pará 22 16 194 164 Amapá 5 3 107 15 Tocantins 2 0 36 5 Nordeste 317 30 3.626 316 Maranhão 10 3,,2.0
Informe Semanal nº 08 - COE Dengue e outras Arboviroses - SE 1 a 13.pdf,15,localidade_uf,Tocantins,tabela,mazonas 10 1 60 7 Roraima 0 1 1 1 Pará 22 16 194 164 Amapá 5 3 107 15 Tocantins 2 0 36 5 Nordeste 317 30 3.626 316 Maranhão 10 3 112 19 Piauí 15 7 18,,2.0
Informe Semanal nº 08 - COE Dengue e outras Arboviroses - SE 1 a 13.pdf,15,localidade_regiao,Nordeste,tabela,oraima 0 1 1 1 Pará 22 16 194 164 Amapá 5 3 107 15 Tocantins 2 0 36 5 Nordeste 317 30 3.626 316 Maranhão 10 3 112 19 Piauí 15 7 184 50 Ceará 3 1 44 ,,1.0
Informe Semanal nº 08 - COE Dengue e outras Arboviroses - SE 1 a 13.pdf,15,localidade_uf,Maranhão,tabela,194 164 Amapá 5 3 107 15 Tocantins 2 0 36 5 Nordeste 317 30 3.626 316 Maranhão 10 3 112 19 Piauí 15 7 184 50 Ceará 3 1 44 12 Rio Grande do Norte 8 1,,1.0
Informe Semanal nº 08 - COE Dengue e outras Arboviroses - SE 1 a 13.pdf,15,localidade_uf,Piauí,tabela, 15 Tocantins 2 0 36 5 Nordeste 317 30 3.626 316 Maranhão 10 3 112 19 Piauí 15 7 184 50 Ceará 3 1 44 12 Rio Grande do Norte 8 1 77 13 Paraíba 4 0,,1.0
Informe Semanal nº 08 - COE Dengue e outras Arboviroses - SE 1 a 13.pdf,15,localidade_uf,Ceará,tabela,36 5 Nordeste 317 30 3.626 316 Maranhão 10 3 112 19 Piauí 15 7 184 50 Ceará 3 1 44 12 Rio Grande do Norte 8 1 77 13 Paraíba 4 0 100 7 Pernambuco ,,1.0
Informe Semanal nº 08 - COE Dengue e outras Arboviroses - SE 1 a 13.pdf,15,localidade_uf,Rio Grande do Norte,tabela,7 30 3.626 316 Maranhão 10 3 112 19 Piauí 15 7 184 50 Ceará 3 1 44 12 Rio Grande do Norte 8 1 77 13 Paraíba 4 0 100 7 Pernambuco 7 2 53 19 Alagoas 5 2 76 11 Se,,1.0
Informe Semanal nº 08 - COE Dengue e outras Arboviroses - SE 1 a 13.pdf,15,localidade_uf,Paraíba,tabela,12 19 Piauí 15 7 184 50 Ceará 3 1 44 12 Rio Grande do Norte 8 1 77 13 Paraíba 4 0 100 7 Pernambuco 7 2 53 19 Alagoas 5 2 76 11 Sergipe 3 1 24 9 Bah,,1.0
Informe Semanal nº 08 - COE Dengue e outras Arboviroses - SE 1 a 13.pdf,15,localidade_uf,Pernambuco,tabela,84 50 Ceará 3 1 44 12 Rio Grande do Norte 8 1 77 13 Paraíba 4 0 100 7 Pernambuco 7 2 53 19 Alagoas 5 2 76 11 Sergipe 3 1 24 9 Bahia 262 13 2956 176 Su,,1.0
Informe Semanal nº 08 - COE Dengue e outras Arboviroses - SE 1 a 13.pdf,15,localidade_uf,Alagoas,tabela, Rio Grande do Norte 8 1 77 13 Paraíba 4 0 100 7 Pernambuco 7 2 53 19 Alagoas 5 2 76 11 Sergipe 3 1 24 9 Bahia 262 13 2956 176 Sudeste 2.477 722 24,,1.0
Informe Semanal nº 08 - COE Dengue e outras Arboviroses - SE 1 a 13.pdf,15,localidade_uf,Sergipe,tabela,te 8 1 77 13 Paraíba 4 0 100 7 Pernambuco 7 2 53 19 Alagoas 5 2 76 11 Sergipe 3 1 24 9 Bahia 262 13 2956 176 Sudeste 2.477 722 24.312 9.624 Minas G,,1.0
Informe Semanal nº 08 - COE Dengue e outras Arboviroses - SE 1 a 13.pdf,15,localidade_uf,Bahia,tabela,íba 4 0 100 7 Pernambuco 7 2 53 19 Alagoas 5 2 76 11 Sergipe 3 1 24 9 Bahia 262 13 2956 176 Sudeste 2.477 722 24.312 9.624 Minas Gerais 1.217 92 ,,1.0
Informe Semanal nº 08 - COE Dengue e outras Arboviroses - SE 1 a 13.pdf,15,localidade_regiao,Sudeste,tabela,co 7 2 53 19 Alagoas 5 2 76 11 Sergipe 3 1 24 9 Bahia 262 13 2956 176 Sudeste 2.477 722 24.312 9.624 Minas Gerais 1.217 92 11.023 967 Espírito Sant,,1.0
Informe Semanal nº 08 - COE Dengue e outras Arboviroses - SE 1 a 13.pdf,15,localidade_uf,Minas Gerais,tabela,Sergipe 3 1 24 9 Bahia 262 13 2956 176 Sudeste 2.477 722 24.312 9.624 Minas Gerais 1.217 92 11.023 967 Espírito Santo 74 6 1.574 276 Rio de Janeiro 164 ,,1.0
Informe Semanal nº 08 - COE Dengue e outras Arboviroses - SE 1 a 13.pdf,15,localidade_uf,Espírito Santo,tabela,6 176 Sudeste 2.477 722 24.312 9.624 Minas Gerais 1.217 92 11.023 967 Espírito Santo 74 6 1.574 276 Rio de Janeiro 164 14 3.213 222 São Paulo 1.022 610 8.,,2.0
Informe Semanal nº 08 - COE Dengue e outras Arboviroses - SE 1 a 13.pdf,15,localidade_uf,Rio de Janeiro,tabela, 9.624 Minas Gerais 1.217 92 11.023 967 Espírito Santo 74 6 1.574 276 Rio de Janeiro 164 14 3.213 222 São Paulo 1.022 610 8.502 8.159 Sul 723 79 10.545 1.,,2.0
Informe Semanal nº 08 - COE Dengue e outras Arboviroses - SE 1 a 13.pdf,15,localidade_uf,São Paulo,tabela,023 967 Espírito Santo 74 6 1.574 276 Rio de Janeiro 164 14 3.213 222 São Paulo 1.022 610 8.502 8.159 Sul 723 79 10.545 1.416 Paraná 372 67 6.403 1.2,,2.0
Informe Semanal nº 08 - COE Dengue e outras Arboviroses - SE 1 a 13.pdf,15,localidade_regiao,Sul,tabela,4 276 Rio de Janeiro 164 14 3.213 222 São Paulo 1.022 610 8.502 8.159 Sul 723 79 10.545 1.416 Paraná 372 67 6.403 1.217 Santa Catarina 153 6 2.,,1.0
Informe Semanal nº 08 - COE Dengue e outras Arboviroses - SE 1 a 13.pdf,15,localidade_uf,Paraná,tabela, 14 3.213 222 São Paulo 1.022 610 8.502 8.159 Sul 723 79 10.545 1.416 Paraná 372 67 6.403 1.217 Santa Catarina 153 6 2.984 71 Rio Grande do Sul 19,,3.0
Informe Semanal nº 08 - COE Dengue e outras Arboviroses - SE 1 a 13.pdf,15,localidade_uf,Santa Catarina,tabela,022 610 8.502 8.159 Sul 723 79 10.545 1.416 Paraná 372 67 6.403 1.217 Santa Catarina 153 6 2.984 71 Rio Grande do Sul 198 6 1.158 128 Centro-Oeste 776 101,,1.0
Informe Semanal nº 08 - COE Dengue e outras Arboviroses - SE 1 a 13.pdf,15,localidade_uf,Rio Grande do Sul,tabela, 10.545 1.416 Paraná 372 67 6.403 1.217 Santa Catarina 153 6 2.984 71 Rio Grande do Sul 198 6 1.158 128 Centro-Oeste 776 101 12.982 1.565 Mato Grosso do Sul ,,1.0
Informe Semanal nº 08 - COE Dengue e outras Arboviroses - SE 1 a 13.pdf,15,localidade_regiao,Centro-Oeste,tabela,1.217 Santa Catarina 153 6 2.984 71 Rio Grande do Sul 198 6 1.158 128 Centro-Oeste 776 101 12.982 1.565 Mato Grosso do Sul 17 10 228 151 Mato Grosso 39 ,,1.0
Informe Semanal nº 08 - COE Dengue e outras Arboviroses - SE 1 a 13.pdf,15,localidade_uf,Mato Grosso do Sul,tabela,1 Rio Grande do Sul 198 6 1.158 128 Centro-Oeste 776 101 12.982 1.565 Mato Grosso do Sul 17 10 228 151 Mato Grosso 39 24 438 169 Goiás 318 67 3468 1228 Distri,,1.0
Informe Semanal nº 08 - COE Dengue e outras Arboviroses - SE 1 a 13.pdf,15,localidade_uf,Mato Grosso,tabela,28 Centro-Oeste 776 101 12.982 1.565 Mato Grosso do Sul 17 10 228 151 Mato Grosso 39 24 438 169 Goiás 318 67 3468 1228 Distrito Federal 402 0 8848 17 B,,2.0
Informe Semanal nº 08 - COE Dengue e outras Arboviroses - SE 1 a 13.pdf,15,localidade_uf,Goiás,tabela,.982 1.565 Mato Grosso do Sul 17 10 228 151 Mato Grosso 39 24 438 169 Goiás 318 67 3468 1228 Distrito Federal 402 0 8848 17 Brasil 4.336 955 51.8,,2.0
Informe Semanal nº 08 - COE Dengue e outras Arboviroses - SE 1 a 13.pdf,15,localidade_uf,Distrito Federal,tabela,do Sul 17 10 228 151 Mato Grosso 39 24 438 169 Goiás 318 67 3468 1228 Distrito Federal 402 0 8848 17 Brasil 4.336 955 51.886 13.149 FONTE:SinanOn-lineeE-SUS,,1.0
Informe Semanal nº 08 - COE Dengue e outras Arboviroses - SE 1 a 13.pdf,16,localidade_regiao,Norte,tabela," SE 01 aSE 14 SE 01 aSE 14 SE 01 aSE 14 2024 2025 2024 2025 2024 2025 Norte 19 22 4,1 8,8 0 6 Rondônia 4 0 20,0 0,0 0 0 Acre 0 3 0,0 0,0 0 1 Amaz",,1.0
Informe Semanal nº 08 - COE Dengue e outras Arboviroses - SE 1 a 13.pdf,16,localidade_uf,Rondônia,tabela,"14 SE 01 aSE 14 2024 2025 2024 2025 2024 2025 Norte 19 22 4,1 8,8 0 6 Rondônia 4 0 20,0 0,0 0 0 Acre 0 3 0,0 0,0 0 1 Amazonas 5 1 7,1 12,5 0 0 Rorai",,1.0
Informe Semanal nº 08 - COE Dengue e outras Arboviroses - SE 1 a 13.pdf,16,localidade_uf,Acre,tabela,"2024 2025 2024 2025 Norte 19 22 4,1 8,8 0 6 Rondônia 4 0 20,0 0,0 0 0 Acre 0 3 0,0 0,0 0 1 Amazonas 5 1 7,1 12,5 0 0 Roraima 0 1 0,0 0,0 0 0 Par",,1.0
Informe Semanal nº 08 - COE Dengue e outras Arboviroses - SE 1 a 13.pdf,16,localidade_uf,Amazonas,tabela,"orte 19 22 4,1 8,8 0 6 Rondônia 4 0 20,0 0,0 0 0 Acre 0 3 0,0 0,0 0 1 Amazonas 5 1 7,1 12,5 0 0 Roraima 0 1 0,0 0,0 0 0 Pará 4 14 1,9 0,0 0 5 Amapá ",,1.0
Informe Semanal nº 08 - COE Dengue e outras Arboviroses - SE 1 a 13.pdf,16,localidade_uf,Roraima,tabela,"dônia 4 0 20,0 0,0 0 0 Acre 0 3 0,0 0,0 0 1 Amazonas 5 1 7,1 12,5 0 0 Roraima 0 1 0,0 0,0 0 0 Pará 4 14 1,9 0,0 0 5 Amapá 5 3 4,5 0,0 0 0 Tocantins",,1.0
Informe Semanal nº 08 - COE Dengue e outras Arboviroses - SE 1 a 13.pdf,16,localidade_uf,Pará,tabela,"cre 0 3 0,0 0,0 0 1 Amazonas 5 1 7,1 12,5 0 0 Roraima 0 1 0,0 0,0 0 0 Pará 4 14 1,9 0,0 0 5 Amapá 5 3 4,5 0,0 0 0 Tocantins 1 0 2,6 0,0 0 0 Nord",,1.0
Informe Semanal nº 08 - COE Dengue e outras Arboviroses - SE 1 a 13.pdf,16,localidade_uf,Amapá,tabela,"azonas 5 1 7,1 12,5 0 0 Roraima 0 1 0,0 0,0 0 0 Pará 4 14 1,9 0,0 0 5 Amapá 5 3 4,5 0,0 0 0 Tocantins 1 0 2,6 0,0 0 0 Nordeste 135 9 3,4 2,6 15 3",,2.0
Informe Semanal nº 08 - COE Dengue e outras Arboviroses - SE 1 a 13.pdf,16,localidade_uf,Tocantins,tabela,"0 Roraima 0 1 0,0 0,0 0 0 Pará 4 14 1,9 0,0 0 5 Amapá 5 3 4,5 0,0 0 0 Tocantins 1 0 2,6 0,0 0 0 Nordeste 135 9 3,4 2,6 15 36 Maranhão 4 0 3,3 0,0 2 9",,2.0
Informe Semanal nº 08 - COE Dengue e outras Arboviroses - SE 1 a 13.pdf,16,localidade_regiao,Nordeste,tabela,"Pará 4 14 1,9 0,0 0 5 Amapá 5 3 4,5 0,0 0 0 Tocantins 1 0 2,6 0,0 0 0 Nordeste 135 9 3,4 2,6 15 36 Maranhão 4 0 3,3 0,0 2 9 Piauí 10 1 5,0 0,0 0 1 C",,1.0
Informe Semanal nº 08 - COE Dengue e outras Arboviroses - SE 1 a 13.pdf,16,localidade_uf,Maranhão,tabela," 3 4,5 0,0 0 0 Tocantins 1 0 2,6 0,0 0 0 Nordeste 135 9 3,4 2,6 15 36 Maranhão 4 0 3,3 0,0 2 9 Piauí 10 1 5,0 0,0 0 1 Ceará 1 0 2,1 0,0 0 0 Rio Gran",,1.0
Informe Semanal nº 08 - COE Dengue e outras Arboviroses - SE 1 a 13.pdf,16,localidade_uf,Piauí,tabela,"1 0 2,6 0,0 0 0 Nordeste 135 9 3,4 2,6 15 36 Maranhão 4 0 3,3 0,0 2 9 Piauí 10 1 5,0 0,0 0 1 Ceará 1 0 2,1 0,0 0 0 Rio Grande do Norte 2 0 2,4 0,",,1.0
Informe Semanal nº 08 - COE Dengue e outras Arboviroses - SE 1 a 13.pdf,16,localidade_uf,Ceará,tabela,"e 135 9 3,4 2,6 15 36 Maranhão 4 0 3,3 0,0 2 9 Piauí 10 1 5,0 0,0 0 1 Ceará 1 0 2,1 0,0 0 0 Rio Grande do Norte 2 0 2,4 0,0 1 0 Paraíba 4 1 3,8 0",,1.0
Informe Semanal nº 08 - COE Dengue e outras Arboviroses - SE 1 a 13.pdf,16,localidade_uf,Rio Grande do Norte,tabela,"Maranhão 4 0 3,3 0,0 2 9 Piauí 10 1 5,0 0,0 0 1 Ceará 1 0 2,1 0,0 0 0 Rio Grande do Norte 2 0 2,4 0,0 1 0 Paraíba 4 1 3,8 0,0 0 5 Pernambuco 8 0 13,3 0,0 2 10 ",,1.0
Informe Semanal nº 08 - COE Dengue e outras Arboviroses - SE 1 a 13.pdf,16,localidade_uf,Paraíba,tabela,"5,0 0,0 0 1 Ceará 1 0 2,1 0,0 0 0 Rio Grande do Norte 2 0 2,4 0,0 1 0 Paraíba 4 1 3,8 0,0 0 5 Pernambuco 8 0 13,3 0,0 2 10 Alagoas 2 0 2,5 0,0 0 1 ",,1.0
Informe Semanal nº 08 - COE Dengue e outras Arboviroses - SE 1 a 13.pdf,16,localidade_uf,Pernambuco,tabela,"1 0,0 0 0 Rio Grande do Norte 2 0 2,4 0,0 1 0 Paraíba 4 1 3,8 0,0 0 5 Pernambuco 8 0 13,3 0,0 2 10 Alagoas 2 0 2,5 0,0 0 1 Sergipe 3 1 11,1 0,0 0 0 Ba",,1.0
Informe Semanal nº 08 - COE Dengue e outras Arboviroses - SE 1 a 13.pdf,16,localidade_uf,Alagoas,tabela," 2 0 2,4 0,0 1 0 Paraíba 4 1 3,8 0,0 0 5 Pernambuco 8 0 13,3 0,0 2 10 Alagoas 2 0 2,5 0,0 0 1 Sergipe 3 1 11,1 0,0 0 0 Bahia 101 6 3,1 3,2 10 10 Su",,1.0
Informe Semanal nº 08 - COE Dengue e outras Arboviroses - SE 1 a 13.pdf,16,localidade_uf,Sergipe,tabela," 4 1 3,8 0,0 0 5 Pernambuco 8 0 13,3 0,0 2 10 Alagoas 2 0 2,5 0,0 0 1 Sergipe 3 1 11,1 0,0 0 0 Bahia 101 6 3,1 3,2 10 10 Sudeste 1.909 425 7,1 4,1 ",,1.0
Informe Semanal nº 08 - COE Dengue e outras Arboviroses - SE 1 a 13.pdf,16,localidade_uf,Bahia,tabela,"co 8 0 13,3 0,0 2 10 Alagoas 2 0 2,5 0,0 0 1 Sergipe 3 1 11,1 0,0 0 0 Bahia 101 6 3,1 3,2 10 10 Sudeste 1.909 425 7,1 4,1 190 566 Minas Gerais 83",,1.0
Informe Semanal nº 08 - COE Dengue e outras Arboviroses - SE 1 a 13.pdf,16,localidade_regiao,Sudeste,tabela,"as 2 0 2,5 0,0 0 1 Sergipe 3 1 11,1 0,0 0 0 Bahia 101 6 3,1 3,2 10 10 Sudeste 1.909 425 7,1 4,1 190 566 Minas Gerais 839 33 6,9 3,1 184 78 Espírito",,1.0
Informe Semanal nº 08 - COE Dengue e outras Arboviroses - SE 1 a 13.pdf,16,localidade_uf,Minas Gerais,tabela,"1 0,0 0 0 Bahia 101 6 3,1 3,2 10 10 Sudeste 1.909 425 7,1 4,1 190 566 Minas Gerais 839 33 6,9 3,1 184 78 Espírito Santo 32 0 1,9 0,0 0 11 Rio de Janeiro",,1.0
Informe Semanal nº 08 - COE Dengue e outras Arboviroses - SE 1 a 13.pdf,16,localidade_uf,Espírito Santo,tabela," Sudeste 1.909 425 7,1 4,1 190 566 Minas Gerais 839 33 6,9 3,1 184 78 Espírito Santo 32 0 1,9 0,0 0 11 Rio de Janeiro 158 7 4,7 3,0 0 4 São Paulo 880 385 ",,2.0
Informe Semanal nº 08 - COE Dengue e outras Arboviroses - SE 1 a 13.pdf,16,localidade_uf,Rio de Janeiro,tabela,"6 Minas Gerais 839 33 6,9 3,1 184 78 Espírito Santo 32 0 1,9 0,0 0 11 Rio de Janeiro 158 7 4,7 3,0 0 4 São Paulo 880 385 9,2 4,4 6 473 Sul 699 40 6,2 2,7 ",,2.0
Informe Semanal nº 08 - COE Dengue e outras Arboviroses - SE 1 a 13.pdf,16,localidade_uf,São Paulo,tabela," 78 Espírito Santo 32 0 1,9 0,0 0 11 Rio de Janeiro 158 7 4,7 3,0 0 4 São Paulo 880 385 9,2 4,4 6 473 Sul 699 40 6,2 2,7 1 56 Paraná 411 34 6,1 2,6 0",,2.0
Informe Semanal nº 08 - COE Dengue e outras Arboviroses - SE 1 a 13.pdf,16,localidade_regiao,Sul,tabela,"0 11 Rio de Janeiro 158 7 4,7 3,0 0 4 São Paulo 880 385 9,2 4,4 6 473 Sul 699 40 6,2 2,7 1 56 Paraná 411 34 6,1 2,6 0 45 Santa Catarina 160 3 5",,1.0
Informe Semanal nº 08 - COE Dengue e outras Arboviroses - SE 1 a 13.pdf,16,localidade_uf,Paraná,tabela,"7 4,7 3,0 0 4 São Paulo 880 385 9,2 4,4 6 473 Sul 699 40 6,2 2,7 1 56 Paraná 411 34 6,1 2,6 0 45 Santa Catarina 160 3 5,1 0,0 0 8 Rio Grande do Su",,3.0
Informe Semanal nº 08 - COE Dengue e outras Arboviroses - SE 1 a 13.pdf,16,localidade_uf,Santa Catarina,tabela," 385 9,2 4,4 6 473 Sul 699 40 6,2 2,7 1 56 Paraná 411 34 6,1 2,6 0 45 Santa Catarina 160 3 5,1 0,0 0 8 Rio Grande do Sul 128 3 9,4 2,2 1 3 Centro-Oeste 63",,1.0
Informe Semanal nº 08 - COE Dengue e outras Arboviroses - SE 1 a 13.pdf,16,localidade_uf,Rio Grande do Sul,tabela," 2,7 1 56 Paraná 411 34 6,1 2,6 0 45 Santa Catarina 160 3 5,1 0,0 0 8 Rio Grande do Sul 128 3 9,4 2,2 1 3 Centro-Oeste 634 40 4,6 2,4 9 63 Mato Grosso do Sul",,1.0
Informe Semanal nº 08 - COE Dengue e outras Arboviroses - SE 1 a 13.pdf,16,localidade_regiao,Centro-Oeste,tabela," Santa Catarina 160 3 5,1 0,0 0 8 Rio Grande do Sul 128 3 9,4 2,2 1 3 Centro-Oeste 634 40 4,6 2,4 9 63 Mato Grosso do Sul 14 6 5,7 0,0 6 6 Mato Grosso 1",,1.0
Informe Semanal nº 08 - COE Dengue e outras Arboviroses - SE 1 a 13.pdf,16,localidade_uf,Mato Grosso do Sul,tabela," Rio Grande do Sul 128 3 9,4 2,2 1 3 Centro-Oeste 634 40 4,6 2,4 9 63 Mato Grosso do Sul 14 6 5,7 0,0 6 6 Mato Grosso 12 11 2,5 5,7 1 10 Goiás 237 23 6,3 1,8 ",,1.0
Informe Semanal nº 08 - COE Dengue e outras Arboviroses - SE 1 a 13.pdf,16,localidade_uf,Mato Grosso,tabela," Centro-Oeste 634 40 4,6 2,4 9 63 Mato Grosso do Sul 14 6 5,7 0,0 6 6 Mato Grosso 12 11 2,5 5,7 1 10 Goiás 237 23 6,3 1,8 1 44 Distrito Federal 371 0 4",,2.0
Informe Semanal nº 08 - COE Dengue e outras Arboviroses - SE 1 a 13.pdf,16,localidade_uf,Goiás,tabela,"63 Mato Grosso do Sul 14 6 5,7 0,0 6 6 Mato Grosso 12 11 2,5 5,7 1 10 Goiás 237 23 6,3 1,8 1 44 Distrito Federal 371 0 4,0 0,0 1 3 Brasil 3.396 5",,2.0
Informe Semanal nº 08 - COE Dengue e outras Arboviroses - SE 1 a 13.pdf,16,localidade_uf,Distrito Federal,tabela," 5,7 0,0 6 6 Mato Grosso 12 11 2,5 5,7 1 10 Goiás 237 23 6,3 1,8 1 44 Distrito Federal 371 0 4,0 0,0 1 3 Brasil 3.396 536 6,0 3,8 215 727 FONTE:SinanOn-line",,1.0
Informe Semanal nº 09 - COE Dengue e outras Arboviroses - SE 1 a 15.pdf,2,localidade_regiao,Sudeste,narrativa," Geográficas que apresentam os maiores coeficientes de incidência são Sudeste, Centro-Oeste e Sul. Entre as Unidades Federativas (UF), São Paulo, A",,1.0
Informe Semanal nº 09 - COE Dengue e outras Arboviroses - SE 1 a 15.pdf,2,localidade_regiao,Centro-Oeste,narrativa,"cas que apresentam os maiores coeficientes de incidência são Sudeste, Centro-Oeste e Sul. Entre as Unidades Federativas (UF), São Paulo, Acre e Paraná a",,1.0
Informe Semanal nº 09 - COE Dengue e outras Arboviroses - SE 1 a 15.pdf,2,localidade_regiao,Sul,narrativa,"tam os maiores coeficientes de incidência são Sudeste, Centro-Oeste e Sul. Entre as Unidades Federativas (UF), São Paulo, Acre e Paraná apresen",,1.0
Informe Semanal nº 09 - COE Dengue e outras Arboviroses - SE 1 a 15.pdf,2,localidade_uf,São Paulo,narrativa," são Sudeste, Centro-Oeste e Sul. Entre as Unidades Federativas (UF), São Paulo, Acre e Paraná apresentam as maiores incidências. Os maiores números ",,2.0
Informe Semanal nº 09 - COE Dengue e outras Arboviroses - SE 1 a 15.pdf,2,localidade_uf,Acre,narrativa,"e, Centro-Oeste e Sul. Entre as Unidades Federativas (UF), São Paulo, Acre e Paraná apresentam as maiores incidências. Os maiores números de cas",,1.0
Informe Semanal nº 09 - COE Dengue e outras Arboviroses - SE 1 a 15.pdf,2,localidade_uf,Paraná,narrativa,"ro-Oeste e Sul. Entre as Unidades Federativas (UF), São Paulo, Acre e Paraná apresentam as maiores incidências. Os maiores números de casos graves",,3.0
Informe Semanal nº 09 - COE Dengue e outras Arboviroses - SE 1 a 15.pdf,2,localidade_regiao,Sudeste,narrativa,"dências. Os maiores números de casos graves concentram-se nas regiões Sudeste, Centro-Oeste e Sul. A maior parte dos óbitos está na região Sudeste.",,1.0
Informe Semanal nº 09 - COE Dengue e outras Arboviroses - SE 1 a 15.pdf,2,localidade_regiao,Centro-Oeste,narrativa,"Os maiores números de casos graves concentram-se nas regiões Sudeste, Centro-Oeste e Sul. A maior parte dos óbitos está na região Sudeste. Foram confirm",,1.0
Informe Semanal nº 09 - COE Dengue e outras Arboviroses - SE 1 a 15.pdf,2,localidade_regiao,Sul,narrativa,"ros de casos graves concentram-se nas regiões Sudeste, Centro-Oeste e Sul. A maior parte dos óbitos está na região Sudeste. Foram confirmados 6",,1.0
Informe Semanal nº 09 - COE Dengue e outras Arboviroses - SE 1 a 15.pdf,2,localidade_regiao,Sudeste,narrativa," Sudeste, Centro-Oeste e Sul. A maior parte dos óbitos está na região Sudeste. Foram confirmados 622 óbitos no período, e 741 estão em investigação",,1.0
Informe Semanal nº 09 - COE Dengue e outras Arboviroses - SE 1 a 15.pdf,2,localidade_uf,Minas Gerais,narrativa,"re de 2024. DENV-4 (vírus selvagem) foi detectado em duas amostras de Minas Gerais e três de São Paulo. Outras detecções de DENV-4 em Minas Gerais, Mato",,1.0
Informe Semanal nº 09 - COE Dengue e outras Arboviroses - SE 1 a 15.pdf,2,localidade_uf,São Paulo,narrativa,"us selvagem) foi detectado em duas amostras de Minas Gerais e três de São Paulo. Outras detecções de DENV-4 em Minas Gerais, Mato Grosso do Sul, São ",,2.0
Informe Semanal nº 09 - COE Dengue e outras Arboviroses - SE 1 a 15.pdf,2,localidade_uf,Minas Gerais,narrativa,"as de Minas Gerais e três de São Paulo. Outras detecções de DENV-4 em Minas Gerais, Mato Grosso do Sul, São Paulo, Paraná e Roraima estão em análise. O ",,1.0
Informe Semanal nº 09 - COE Dengue e outras Arboviroses - SE 1 a 15.pdf,2,localidade_uf,Mato Grosso do Sul,narrativa,"rais e três de São Paulo. Outras detecções de DENV-4 em Minas Gerais, Mato Grosso do Sul, São Paulo, Paraná e Roraima estão em análise. O coeficiente de incid",,1.0
Informe Semanal nº 09 - COE Dengue e outras Arboviroses - SE 1 a 15.pdf,2,localidade_uf,São Paulo,narrativa,"aulo. Outras detecções de DENV-4 em Minas Gerais, Mato Grosso do Sul, São Paulo, Paraná e Roraima estão em análise. O coeficiente de incidência de de",,2.0
Informe Semanal nº 09 - COE Dengue e outras Arboviroses - SE 1 a 15.pdf,2,localidade_uf,Paraná,narrativa,"s detecções de DENV-4 em Minas Gerais, Mato Grosso do Sul, São Paulo, Paraná e Roraima estão em análise. O coeficiente de incidência de dengue no ",,3.0
Informe Semanal nº 09 - COE Dengue e outras Arboviroses - SE 1 a 15.pdf,2,localidade_uf,Roraima,narrativa,"es de DENV-4 em Minas Gerais, Mato Grosso do Sul, São Paulo, Paraná e Roraima estão em análise. O coeficiente de incidência de dengue no Brasil enc",,1.0
Informe Semanal nº 09 - COE Dengue e outras Arboviroses - SE 1 a 15.pdf,2,localidade_uf,Pará,narrativa," a estimativa por nowcasting indica acima do limite superior esperado para o período atual, embora com tendência de queda, retorna à faixa endêm",,1.0
Informe Semanal nº 09 - COE Dengue e outras Arboviroses - SE 1 a 15.pdf,14,localidade_regiao,Norte,tabela,"de incidência Região/UF SE 01 aSE 15 SE 01 aSE 15 2024 2025 2024 2025 Norte 33.525 27.588 193,2 159,0 Rondônia 4.205 1.352 266,0 85,5 Acre 3.393 ",,1.0
Informe Semanal nº 09 - COE Dengue e outras Arboviroses - SE 1 a 15.pdf,14,localidade_uf,Rondônia,tabela,"E 15 SE 01 aSE 15 2024 2025 2024 2025 Norte 33.525 27.588 193,2 159,0 Rondônia 4.205 1.352 266,0 85,5 Acre 3.393 7.828 408,8 943,1 Amazonas 5.650 3.",,1.0
Informe Semanal nº 09 - COE Dengue e outras Arboviroses - SE 1 a 15.pdf,14,localidade_uf,Acre,tabela," 2025 Norte 33.525 27.588 193,2 159,0 Rondônia 4.205 1.352 266,0 85,5 Acre 3.393 7.828 408,8 943,1 Amazonas 5.650 3.506 143,4 89,0 Roraima 153 1",,1.0
Informe Semanal nº 09 - COE Dengue e outras Arboviroses - SE 1 a 15.pdf,14,localidade_uf,Amazonas,tabela,",2 159,0 Rondônia 4.205 1.352 266,0 85,5 Acre 3.393 7.828 408,8 943,1 Amazonas 5.650 3.506 143,4 89,0 Roraima 153 125 24,0 19,6 Pará 12.203 11.671 1",,1.0
Informe Semanal nº 09 - COE Dengue e outras Arboviroses - SE 1 a 15.pdf,14,localidade_uf,Roraima,tabela,"6,0 85,5 Acre 3.393 7.828 408,8 943,1 Amazonas 5.650 3.506 143,4 89,0 Roraima 153 125 24,0 19,6 Pará 12.203 11.671 150,4 143,8 Amapá 5.553 1.072 75",,1.0
Informe Semanal nº 09 - COE Dengue e outras Arboviroses - SE 1 a 15.pdf,14,localidade_uf,Pará,tabela,"408,8 943,1 Amazonas 5.650 3.506 143,4 89,0 Roraima 153 125 24,0 19,6 Pará 12.203 11.671 150,4 143,8 Amapá 5.553 1.072 757,0 146,1 Tocantins 2.3",,1.0
Informe Semanal nº 09 - COE Dengue e outras Arboviroses - SE 1 a 15.pdf,14,localidade_uf,Amapá,tabela,"6 143,4 89,0 Roraima 153 125 24,0 19,6 Pará 12.203 11.671 150,4 143,8 Amapá 5.553 1.072 757,0 146,1 Tocantins 2.368 2.034 156,7 134,6 Nordeste 19",,2.0
Informe Semanal nº 09 - COE Dengue e outras Arboviroses - SE 1 a 15.pdf,14,localidade_uf,Tocantins,tabela,"4,0 19,6 Pará 12.203 11.671 150,4 143,8 Amapá 5.553 1.072 757,0 146,1 Tocantins 2.368 2.034 156,7 134,6 Nordeste 199.058 36.185 364,3 66,2 Maranhão 7",,2.0
Informe Semanal nº 09 - COE Dengue e outras Arboviroses - SE 1 a 15.pdf,14,localidade_regiao,Nordeste,tabela,"143,8 Amapá 5.553 1.072 757,0 146,1 Tocantins 2.368 2.034 156,7 134,6 Nordeste 199.058 36.185 364,3 66,2 Maranhão 7.777 3.050 114,8 45,0 Piauí 7.541",,1.0
Informe Semanal nº 09 - COE Dengue e outras Arboviroses - SE 1 a 15.pdf,14,localidade_uf,Maranhão,tabela," Tocantins 2.368 2.034 156,7 134,6 Nordeste 199.058 36.185 364,3 66,2 Maranhão 7.777 3.050 114,8 45,0 Piauí 7.541 2.894 230,7 88,5 Ceará 5.046 2.758",,1.0
Informe Semanal nº 09 - COE Dengue e outras Arboviroses - SE 1 a 15.pdf,14,localidade_uf,Piauí,tabela,",6 Nordeste 199.058 36.185 364,3 66,2 Maranhão 7.777 3.050 114,8 45,0 Piauí 7.541 2.894 230,7 88,5 Ceará 5.046 2.758 57,4 31,4 Rio Grande do Nort",,1.0
Informe Semanal nº 09 - COE Dengue e outras Arboviroses - SE 1 a 15.pdf,14,localidade_uf,Ceará,tabela,"4,3 66,2 Maranhão 7.777 3.050 114,8 45,0 Piauí 7.541 2.894 230,7 88,5 Ceará 5.046 2.758 57,4 31,4 Rio Grande do Norte 9.296 2.883 281,5 87,3 Para",,1.0
Informe Semanal nº 09 - COE Dengue e outras Arboviroses - SE 1 a 15.pdf,14,localidade_uf,Rio Grande do Norte,tabela,"0 114,8 45,0 Piauí 7.541 2.894 230,7 88,5 Ceará 5.046 2.758 57,4 31,4 Rio Grande do Norte 9.296 2.883 281,5 87,3 Paraíba 7.618 2.924 191,7 73,6 Pernambuco 9.65",,1.0
Informe Semanal nº 09 - COE Dengue e outras Arboviroses - SE 1 a 15.pdf,14,localidade_uf,Paraíba,tabela,"eará 5.046 2.758 57,4 31,4 Rio Grande do Norte 9.296 2.883 281,5 87,3 Paraíba 7.618 2.924 191,7 73,6 Pernambuco 9.658 6.463 106,6 71,4 Alagoas 4.89",,1.0
Informe Semanal nº 09 - COE Dengue e outras Arboviroses - SE 1 a 15.pdf,14,localidade_uf,Pernambuco,tabela,"Grande do Norte 9.296 2.883 281,5 87,3 Paraíba 7.618 2.924 191,7 73,6 Pernambuco 9.658 6.463 106,6 71,4 Alagoas 4.891 1.172 156,4 37,5 Sergipe 850 511",,1.0
Informe Semanal nº 09 - COE Dengue e outras Arboviroses - SE 1 a 15.pdf,14,localidade_uf,Alagoas,tabela,"87,3 Paraíba 7.618 2.924 191,7 73,6 Pernambuco 9.658 6.463 106,6 71,4 Alagoas 4.891 1.172 156,4 37,5 Sergipe 850 511 38,5 23,1 Bahia 146.381 13.530",,1.0
Informe Semanal nº 09 - COE Dengue e outras Arboviroses - SE 1 a 15.pdf,14,localidade_uf,Sergipe,tabela,"73,6 Pernambuco 9.658 6.463 106,6 71,4 Alagoas 4.891 1.172 156,4 37,5 Sergipe 850 511 38,5 23,1 Bahia 146.381 13.530 1.035,5 95,7 Sudeste 2.635.677",,1.0
Informe Semanal nº 09 - COE Dengue e outras Arboviroses - SE 1 a 15.pdf,14,localidade_uf,Bahia,tabela,"3 106,6 71,4 Alagoas 4.891 1.172 156,4 37,5 Sergipe 850 511 38,5 23,1 Bahia 146.381 13.530 1.035,5 95,7 Sudeste 2.635.677 719.271 3.106,4 847,7 M",,1.0
Informe Semanal nº 09 - COE Dengue e outras Arboviroses - SE 1 a 15.pdf,14,localidade_regiao,Sudeste,tabela,"56,4 37,5 Sergipe 850 511 38,5 23,1 Bahia 146.381 13.530 1.035,5 95,7 Sudeste 2.635.677 719.271 3.106,4 847,7 Minas Gerais 1.305.229 105.845 6.355,",,1.0
Informe Semanal nº 09 - COE Dengue e outras Arboviroses - SE 1 a 15.pdf,14,localidade_uf,Minas Gerais,tabela,"a 146.381 13.530 1.035,5 95,7 Sudeste 2.635.677 719.271 3.106,4 847,7 Minas Gerais 1.305.229 105.845 6.355,0 515,3 Espírito Santo 97.815 23.005 2.551,6 ",,1.0
Informe Semanal nº 09 - COE Dengue e outras Arboviroses - SE 1 a 15.pdf,14,localidade_uf,Espírito Santo,tabela,"77 719.271 3.106,4 847,7 Minas Gerais 1.305.229 105.845 6.355,0 515,3 Espírito Santo 97.815 23.005 2.551,6 600,1 Rio de Janeiro 234.959 19.688 1.463,5 122",,2.0
Informe Semanal nº 09 - COE Dengue e outras Arboviroses - SE 1 a 15.pdf,14,localidade_uf,Rio de Janeiro,tabela,".229 105.845 6.355,0 515,3 Espírito Santo 97.815 23.005 2.551,6 600,1 Rio de Janeiro 234.959 19.688 1.463,5 122,6 São Paulo 997.674 570.733 2.246,0 1.284,",,2.0
Informe Semanal nº 09 - COE Dengue e outras Arboviroses - SE 1 a 15.pdf,14,localidade_uf,São Paulo,tabela,".815 23.005 2.551,6 600,1 Rio de Janeiro 234.959 19.688 1.463,5 122,6 São Paulo 997.674 570.733 2.246,0 1.284,8 Sul 677.453 116.560 2.263,2 389,4 Par",,2.0
Informe Semanal nº 09 - COE Dengue e outras Arboviroses - SE 1 a 15.pdf,14,localidade_regiao,Sul,tabela,"34.959 19.688 1.463,5 122,6 São Paulo 997.674 570.733 2.246,0 1.284,8 Sul 677.453 116.560 2.263,2 389,4 Paraná 380.520 77.456 3.325,3 676,9 San",,1.0
Informe Semanal nº 09 - COE Dengue e outras Arboviroses - SE 1 a 15.pdf,14,localidade_uf,Paraná,tabela,"ulo 997.674 570.733 2.246,0 1.284,8 Sul 677.453 116.560 2.263,2 389,4 Paraná 380.520 77.456 3.325,3 676,9 Santa Catarina 180.262 14.079 2.368,9 18",,3.0
Informe Semanal nº 09 - COE Dengue e outras Arboviroses - SE 1 a 15.pdf,14,localidade_uf,Santa Catarina,tabela,"Sul 677.453 116.560 2.263,2 389,4 Paraná 380.520 77.456 3.325,3 676,9 Santa Catarina 180.262 14.079 2.368,9 185,0 Rio Grande do Sul 116.671 25.025 1.072,3",,1.0
Informe Semanal nº 09 - COE Dengue e outras Arboviroses - SE 1 a 15.pdf,14,localidade_uf,Rio Grande do Sul,tabela,".520 77.456 3.325,3 676,9 Santa Catarina 180.262 14.079 2.368,9 185,0 Rio Grande do Sul 116.671 25.025 1.072,3 230,0 Centro-Oeste 472.118 83.534 2.898,6 512,",,1.0
Informe Semanal nº 09 - COE Dengue e outras Arboviroses - SE 1 a 15.pdf,14,localidade_regiao,Centro-Oeste,tabela,"2 14.079 2.368,9 185,0 Rio Grande do Sul 116.671 25.025 1.072,3 230,0 Centro-Oeste 472.118 83.534 2.898,6 512,9 Mato Grosso do Sul 11.472 8.621 416,1 31",,1.0
Informe Semanal nº 09 - COE Dengue e outras Arboviroses - SE 1 a 15.pdf,14,localidade_uf,Mato Grosso do Sul,tabela,"16.671 25.025 1.072,3 230,0 Centro-Oeste 472.118 83.534 2.898,6 512,9 Mato Grosso do Sul 11.472 8.621 416,1 312,7 Mato Grosso 21.081 22.787 576,2 622,8 Goiás ",,1.0
Informe Semanal nº 09 - COE Dengue e outras Arboviroses - SE 1 a 15.pdf,14,localidade_uf,Mato Grosso,tabela,".118 83.534 2.898,6 512,9 Mato Grosso do Sul 11.472 8.621 416,1 312,7 Mato Grosso 21.081 22.787 576,2 622,8 Goiás 199.376 45.726 2.825,9 648,1 Distrito",,2.0
Informe Semanal nº 09 - COE Dengue e outras Arboviroses - SE 1 a 15.pdf,14,localidade_uf,Goiás,tabela,"do Sul 11.472 8.621 416,1 312,7 Mato Grosso 21.081 22.787 576,2 622,8 Goiás 199.376 45.726 2.825,9 648,1 Distrito Federal 240.189 6.400 8.526,2 2",,2.0
Informe Semanal nº 09 - COE Dengue e outras Arboviroses - SE 1 a 15.pdf,14,localidade_uf,Distrito Federal,tabela,"o Grosso 21.081 22.787 576,2 622,8 Goiás 199.376 45.726 2.825,9 648,1 Distrito Federal 240.189 6.400 8.526,2 227,2 Brasil 4.017.831 983.138 1.978,6 484,2 FO",,1.0
Informe Semanal nº 09 - COE Dengue e outras Arboviroses - SE 1 a 15.pdf,15,localidade_regiao,Norte,tabela,de alarme (n) SE 01 aSE 15 SE 01 aSE 15 Região/UF 2024 2025 2024 2025 Norte 51 24 444 252 Rondônia 3 1 18 9 Acre 2 1 5 30 Amazonas 11 2 60 8 Rora,,1.0
Informe Semanal nº 09 - COE Dengue e outras Arboviroses - SE 1 a 15.pdf,15,localidade_uf,Rondônia,tabela,aSE 15 SE 01 aSE 15 Região/UF 2024 2025 2024 2025 Norte 51 24 444 252 Rondônia 3 1 18 9 Acre 2 1 5 30 Amazonas 11 2 60 8 Roraima 0 1 1 1 Pará 24 16 ,,1.0
Informe Semanal nº 09 - COE Dengue e outras Arboviroses - SE 1 a 15.pdf,15,localidade_uf,Acre,tabela,5 Região/UF 2024 2025 2024 2025 Norte 51 24 444 252 Rondônia 3 1 18 9 Acre 2 1 5 30 Amazonas 11 2 60 8 Roraima 0 1 1 1 Pará 24 16 203 183 Amapá ,,1.0
Informe Semanal nº 09 - COE Dengue e outras Arboviroses - SE 1 a 15.pdf,15,localidade_uf,Amazonas,tabela,24 2025 2024 2025 Norte 51 24 444 252 Rondônia 3 1 18 9 Acre 2 1 5 30 Amazonas 11 2 60 8 Roraima 0 1 1 1 Pará 24 16 203 183 Amapá 6 3 120 15 Tocanti,,1.0
Informe Semanal nº 09 - COE Dengue e outras Arboviroses - SE 1 a 15.pdf,15,localidade_uf,Roraima,tabela,orte 51 24 444 252 Rondônia 3 1 18 9 Acre 2 1 5 30 Amazonas 11 2 60 8 Roraima 0 1 1 1 Pará 24 16 203 183 Amapá 6 3 120 15 Tocantins 5 0 37 6 Nordes,,1.0
Informe Semanal nº 09 - COE Dengue e outras Arboviroses - SE 1 a 15.pdf,15,localidade_uf,Pará,tabela,52 Rondônia 3 1 18 9 Acre 2 1 5 30 Amazonas 11 2 60 8 Roraima 0 1 1 1 Pará 24 16 203 183 Amapá 6 3 120 15 Tocantins 5 0 37 6 Nordeste 424 37 4.1,,1.0
Informe Semanal nº 09 - COE Dengue e outras Arboviroses - SE 1 a 15.pdf,15,localidade_uf,Amapá,tabela,9 Acre 2 1 5 30 Amazonas 11 2 60 8 Roraima 0 1 1 1 Pará 24 16 203 183 Amapá 6 3 120 15 Tocantins 5 0 37 6 Nordeste 424 37 4.181 373 Maranhão 11 3,,2.0
Informe Semanal nº 09 - COE Dengue e outras Arboviroses - SE 1 a 15.pdf,15,localidade_uf,Tocantins,tabela,mazonas 11 2 60 8 Roraima 0 1 1 1 Pará 24 16 203 183 Amapá 6 3 120 15 Tocantins 5 0 37 6 Nordeste 424 37 4.181 373 Maranhão 11 3 122 26 Piauí 21 10 1,,2.0
Informe Semanal nº 09 - COE Dengue e outras Arboviroses - SE 1 a 15.pdf,15,localidade_regiao,Nordeste,tabela,oraima 0 1 1 1 Pará 24 16 203 183 Amapá 6 3 120 15 Tocantins 5 0 37 6 Nordeste 424 37 4.181 373 Maranhão 11 3 122 26 Piauí 21 10 198 57 Ceará 3 2 56,,1.0
Informe Semanal nº 09 - COE Dengue e outras Arboviroses - SE 1 a 15.pdf,15,localidade_uf,Maranhão,tabela,203 183 Amapá 6 3 120 15 Tocantins 5 0 37 6 Nordeste 424 37 4.181 373 Maranhão 11 3 122 26 Piauí 21 10 198 57 Ceará 3 2 56 12 Rio Grande do Norte 8 ,,1.0
Informe Semanal nº 09 - COE Dengue e outras Arboviroses - SE 1 a 15.pdf,15,localidade_uf,Piauí,tabela, 15 Tocantins 5 0 37 6 Nordeste 424 37 4.181 373 Maranhão 11 3 122 26 Piauí 21 10 198 57 Ceará 3 2 56 12 Rio Grande do Norte 8 1 87 15 Paraíba 4 ,,1.0
Informe Semanal nº 09 - COE Dengue e outras Arboviroses - SE 1 a 15.pdf,15,localidade_uf,Ceará,tabela,7 6 Nordeste 424 37 4.181 373 Maranhão 11 3 122 26 Piauí 21 10 198 57 Ceará 3 2 56 12 Rio Grande do Norte 8 1 87 15 Paraíba 4 0 107 8 Pernambuco ,,1.0
Informe Semanal nº 09 - COE Dengue e outras Arboviroses - SE 1 a 15.pdf,15,localidade_uf,Rio Grande do Norte,tabela, 37 4.181 373 Maranhão 11 3 122 26 Piauí 21 10 198 57 Ceará 3 2 56 12 Rio Grande do Norte 8 1 87 15 Paraíba 4 0 107 8 Pernambuco 9 2 62 23 Alagoas 9 3 90 15 Se,,1.0
Informe Semanal nº 09 - COE Dengue e outras Arboviroses - SE 1 a 15.pdf,15,localidade_uf,Paraíba,tabela,2 26 Piauí 21 10 198 57 Ceará 3 2 56 12 Rio Grande do Norte 8 1 87 15 Paraíba 4 0 107 8 Pernambuco 9 2 62 23 Alagoas 9 3 90 15 Sergipe 3 1 26 10 Ba,,1.0
Informe Semanal nº 09 - COE Dengue e outras Arboviroses - SE 1 a 15.pdf,15,localidade_uf,Pernambuco,tabela,98 57 Ceará 3 2 56 12 Rio Grande do Norte 8 1 87 15 Paraíba 4 0 107 8 Pernambuco 9 2 62 23 Alagoas 9 3 90 15 Sergipe 3 1 26 10 Bahia 356 15 3433 207 S,,1.0
Informe Semanal nº 09 - COE Dengue e outras Arboviroses - SE 1 a 15.pdf,15,localidade_uf,Alagoas,tabela, Rio Grande do Norte 8 1 87 15 Paraíba 4 0 107 8 Pernambuco 9 2 62 23 Alagoas 9 3 90 15 Sergipe 3 1 26 10 Bahia 356 15 3433 207 Sudeste 2.793 821 2,,1.0
Informe Semanal nº 09 - COE Dengue e outras Arboviroses - SE 1 a 15.pdf,15,localidade_uf,Sergipe,tabela,te 8 1 87 15 Paraíba 4 0 107 8 Pernambuco 9 2 62 23 Alagoas 9 3 90 15 Sergipe 3 1 26 10 Bahia 356 15 3433 207 Sudeste 2.793 821 26.708 10.833 Minas,,1.0
Informe Semanal nº 09 - COE Dengue e outras Arboviroses - SE 1 a 15.pdf,15,localidade_uf,Bahia,tabela,ba 4 0 107 8 Pernambuco 9 2 62 23 Alagoas 9 3 90 15 Sergipe 3 1 26 10 Bahia 356 15 3433 207 Sudeste 2.793 821 26.708 10.833 Minas Gerais 1.327 10,,1.0
Informe Semanal nº 09 - COE Dengue e outras Arboviroses - SE 1 a 15.pdf,15,localidade_regiao,Sudeste,tabela,o 9 2 62 23 Alagoas 9 3 90 15 Sergipe 3 1 26 10 Bahia 356 15 3433 207 Sudeste 2.793 821 26.708 10.833 Minas Gerais 1.327 102 11.760 1.098 Espírito ,,1.0
Informe Semanal nº 09 - COE Dengue e outras Arboviroses - SE 1 a 15.pdf,15,localidade_uf,Minas Gerais,tabela,rgipe 3 1 26 10 Bahia 356 15 3433 207 Sudeste 2.793 821 26.708 10.833 Minas Gerais 1.327 102 11.760 1.098 Espírito Santo 77 6 1.671 286 Rio de Janeiro 1,,1.0
Informe Semanal nº 09 - COE Dengue e outras Arboviroses - SE 1 a 15.pdf,15,localidade_uf,Espírito Santo,tabela,7 Sudeste 2.793 821 26.708 10.833 Minas Gerais 1.327 102 11.760 1.098 Espírito Santo 77 6 1.671 286 Rio de Janeiro 173 15 3.382 236 São Paulo 1.216 698 9.,,2.0
Informe Semanal nº 09 - COE Dengue e outras Arboviroses - SE 1 a 15.pdf,15,localidade_uf,Rio de Janeiro,tabela,833 Minas Gerais 1.327 102 11.760 1.098 Espírito Santo 77 6 1.671 286 Rio de Janeiro 173 15 3.382 236 São Paulo 1.216 698 9.895 9.213 Sul 841 90 11.994 1.,,2.0
Informe Semanal nº 09 - COE Dengue e outras Arboviroses - SE 1 a 15.pdf,15,localidade_uf,São Paulo,tabela,0 1.098 Espírito Santo 77 6 1.671 286 Rio de Janeiro 173 15 3.382 236 São Paulo 1.216 698 9.895 9.213 Sul 841 90 11.994 1.768 Paraná 430 75 7.204 1.5,,2.0
Informe Semanal nº 09 - COE Dengue e outras Arboviroses - SE 1 a 15.pdf,15,localidade_regiao,Sul,tabela,1 286 Rio de Janeiro 173 15 3.382 236 São Paulo 1.216 698 9.895 9.213 Sul 841 90 11.994 1.768 Paraná 430 75 7.204 1.532 Santa Catarina 187 7 3.,,1.0
Informe Semanal nº 09 - COE Dengue e outras Arboviroses - SE 1 a 15.pdf,15,localidade_uf,Paraná,tabela, 15 3.382 236 São Paulo 1.216 698 9.895 9.213 Sul 841 90 11.994 1.768 Paraná 430 75 7.204 1.532 Santa Catarina 187 7 3.403 86 Rio Grande do Sul 22,,3.0
Informe Semanal nº 09 - COE Dengue e outras Arboviroses - SE 1 a 15.pdf,15,localidade_uf,Santa Catarina,tabela,216 698 9.895 9.213 Sul 841 90 11.994 1.768 Paraná 430 75 7.204 1.532 Santa Catarina 187 7 3.403 86 Rio Grande do Sul 224 8 1.387 150 Centro-Oeste 851 103,,1.0
Informe Semanal nº 09 - COE Dengue e outras Arboviroses - SE 1 a 15.pdf,15,localidade_uf,Rio Grande do Sul,tabela, 11.994 1.768 Paraná 430 75 7.204 1.532 Santa Catarina 187 7 3.403 86 Rio Grande do Sul 224 8 1.387 150 Centro-Oeste 851 103 13.743 1.655 Mato Grosso do Sul ,,1.0
Informe Semanal nº 09 - COE Dengue e outras Arboviroses - SE 1 a 15.pdf,15,localidade_regiao,Centro-Oeste,tabela,1.532 Santa Catarina 187 7 3.403 86 Rio Grande do Sul 224 8 1.387 150 Centro-Oeste 851 103 13.743 1.655 Mato Grosso do Sul 21 13 261 153 Mato Grosso 43 ,,1.0
Informe Semanal nº 09 - COE Dengue e outras Arboviroses - SE 1 a 15.pdf,15,localidade_uf,Mato Grosso do Sul,tabela,6 Rio Grande do Sul 224 8 1.387 150 Centro-Oeste 851 103 13.743 1.655 Mato Grosso do Sul 21 13 261 153 Mato Grosso 43 26 466 190 Goiás 365 64 3874 1303 Distri,,1.0
Informe Semanal nº 09 - COE Dengue e outras Arboviroses - SE 1 a 15.pdf,15,localidade_uf,Mato Grosso,tabela,50 Centro-Oeste 851 103 13.743 1.655 Mato Grosso do Sul 21 13 261 153 Mato Grosso 43 26 466 190 Goiás 365 64 3874 1303 Distrito Federal 422 0 9142 9 Br,,2.0
Informe Semanal nº 09 - COE Dengue e outras Arboviroses - SE 1 a 15.pdf,15,localidade_uf,Goiás,tabela,.743 1.655 Mato Grosso do Sul 21 13 261 153 Mato Grosso 43 26 466 190 Goiás 365 64 3874 1303 Distrito Federal 422 0 9142 9 Brasil 4.960 1.075 57.,,2.0
Informe Semanal nº 09 - COE Dengue e outras Arboviroses - SE 1 a 15.pdf,15,localidade_uf,Distrito Federal,tabela,do Sul 21 13 261 153 Mato Grosso 43 26 466 190 Goiás 365 64 3874 1303 Distrito Federal 422 0 9142 9 Brasil 4.960 1.075 57.070 14.881 FONTE:SinanOn-lineeE-SU,,1.0
Informe Semanal nº 09 - COE Dengue e outras Arboviroses - SE 1 a 15.pdf,16,localidade_regiao,Norte,tabela," SE 01 aSE 15 SE 01 aSE 15 SE 01 aSE 15 2024 2025 2024 2025 2024 2025 Norte 23 22 4,6 8,0 0 7 Rondônia 4 0 19,0 0,0 0 0 Acre 0 3 0,0 0,0 0 0 Amaz",,1.0
Informe Semanal nº 09 - COE Dengue e outras Arboviroses - SE 1 a 15.pdf,16,localidade_uf,Rondônia,tabela,"15 SE 01 aSE 15 2024 2025 2024 2025 2024 2025 Norte 23 22 4,6 8,0 0 7 Rondônia 4 0 19,0 0,0 0 0 Acre 0 3 0,0 0,0 0 0 Amazonas 5 1 7,0 10,0 0 0 Rorai",,1.0
Informe Semanal nº 09 - COE Dengue e outras Arboviroses - SE 1 a 15.pdf,16,localidade_uf,Acre,tabela,"2024 2025 2024 2025 Norte 23 22 4,6 8,0 0 7 Rondônia 4 0 19,0 0,0 0 0 Acre 0 3 0,0 0,0 0 0 Amazonas 5 1 7,0 10,0 0 0 Roraima 0 1 0,0 0,0 0 0 Par",,1.0
Informe Semanal nº 09 - COE Dengue e outras Arboviroses - SE 1 a 15.pdf,16,localidade_uf,Amazonas,tabela,"orte 23 22 4,6 8,0 0 7 Rondônia 4 0 19,0 0,0 0 0 Acre 0 3 0,0 0,0 0 0 Amazonas 5 1 7,0 10,0 0 0 Roraima 0 1 0,0 0,0 0 0 Pará 5 14 2,2 0,0 0 6 Amapá ",,1.0
Informe Semanal nº 09 - COE Dengue e outras Arboviroses - SE 1 a 15.pdf,16,localidade_uf,Roraima,tabela,"dônia 4 0 19,0 0,0 0 0 Acre 0 3 0,0 0,0 0 0 Amazonas 5 1 7,0 10,0 0 0 Roraima 0 1 0,0 0,0 0 0 Pará 5 14 2,2 0,0 0 6 Amapá 6 3 4,8 0,0 0 1 Tocantins",,1.0
Informe Semanal nº 09 - COE Dengue e outras Arboviroses - SE 1 a 15.pdf,16,localidade_uf,Pará,tabela,"cre 0 3 0,0 0,0 0 0 Amazonas 5 1 7,0 10,0 0 0 Roraima 0 1 0,0 0,0 0 0 Pará 5 14 2,2 0,0 0 6 Amapá 6 3 4,8 0,0 0 1 Tocantins 3 0 7,1 0,0 0 0 Nord",,1.0
Informe Semanal nº 09 - COE Dengue e outras Arboviroses - SE 1 a 15.pdf,16,localidade_uf,Amapá,tabela,"azonas 5 1 7,0 10,0 0 0 Roraima 0 1 0,0 0,0 0 0 Pará 5 14 2,2 0,0 0 6 Amapá 6 3 4,8 0,0 0 1 Tocantins 3 0 7,1 0,0 0 0 Nordeste 157 12 3,4 2,9 21 ",,2.0
Informe Semanal nº 09 - COE Dengue e outras Arboviroses - SE 1 a 15.pdf,16,localidade_uf,Tocantins,tabela,"0 Roraima 0 1 0,0 0,0 0 0 Pará 5 14 2,2 0,0 0 6 Amapá 6 3 4,8 0,0 0 1 Tocantins 3 0 7,1 0,0 0 0 Nordeste 157 12 3,4 2,9 21 39 Maranhão 4 0 3,0 0,0 2 ",,2.0
Informe Semanal nº 09 - COE Dengue e outras Arboviroses - SE 1 a 15.pdf,16,localidade_regiao,Nordeste,tabela,"Pará 5 14 2,2 0,0 0 6 Amapá 6 3 4,8 0,0 0 1 Tocantins 3 0 7,1 0,0 0 0 Nordeste 157 12 3,4 2,9 21 39 Maranhão 4 0 3,0 0,0 2 10 Piauí 12 3 5,5 0,0 0 2",,1.0
Informe Semanal nº 09 - COE Dengue e outras Arboviroses - SE 1 a 15.pdf,16,localidade_uf,Maranhão,tabela,"3 4,8 0,0 0 1 Tocantins 3 0 7,1 0,0 0 0 Nordeste 157 12 3,4 2,9 21 39 Maranhão 4 0 3,0 0,0 2 10 Piauí 12 3 5,5 0,0 0 2 Ceará 1 0 1,7 0,0 0 0 Rio Gra",,1.0
Informe Semanal nº 09 - COE Dengue e outras Arboviroses - SE 1 a 15.pdf,16,localidade_uf,Piauí,tabela,"0 7,1 0,0 0 0 Nordeste 157 12 3,4 2,9 21 39 Maranhão 4 0 3,0 0,0 2 10 Piauí 12 3 5,5 0,0 0 2 Ceará 1 0 1,7 0,0 0 0 Rio Grande do Norte 2 0 2,1 0,",,1.0
Informe Semanal nº 09 - COE Dengue e outras Arboviroses - SE 1 a 15.pdf,16,localidade_uf,Ceará,tabela,"157 12 3,4 2,9 21 39 Maranhão 4 0 3,0 0,0 2 10 Piauí 12 3 5,5 0,0 0 2 Ceará 1 0 1,7 0,0 0 0 Rio Grande do Norte 2 0 2,1 0,0 1 1 Paraíba 6 1 5,4 0",,1.0
Informe Semanal nº 09 - COE Dengue e outras Arboviroses - SE 1 a 15.pdf,16,localidade_uf,Rio Grande do Norte,tabela,"aranhão 4 0 3,0 0,0 2 10 Piauí 12 3 5,5 0,0 0 2 Ceará 1 0 1,7 0,0 0 0 Rio Grande do Norte 2 0 2,1 0,0 1 1 Paraíba 6 1 5,4 0,0 0 5 Pernambuco 8 1 11,3 0,0 3 9 A",,1.0
Informe Semanal nº 09 - COE Dengue e outras Arboviroses - SE 1 a 15.pdf,16,localidade_uf,Paraíba,tabela,"5,5 0,0 0 2 Ceará 1 0 1,7 0,0 0 0 Rio Grande do Norte 2 0 2,1 0,0 1 1 Paraíba 6 1 5,4 0,0 0 5 Pernambuco 8 1 11,3 0,0 3 9 Alagoas 5 0 5,1 0,0 0 1 S",,1.0
Informe Semanal nº 09 - COE Dengue e outras Arboviroses - SE 1 a 15.pdf,16,localidade_uf,Pernambuco,tabela,"7 0,0 0 0 Rio Grande do Norte 2 0 2,1 0,0 1 1 Paraíba 6 1 5,4 0,0 0 5 Pernambuco 8 1 11,3 0,0 3 9 Alagoas 5 0 5,1 0,0 0 1 Sergipe 3 1 10,3 0,0 0 0 Bah",,1.0
Informe Semanal nº 09 - COE Dengue e outras Arboviroses - SE 1 a 15.pdf,16,localidade_uf,Alagoas,tabela,"e 2 0 2,1 0,0 1 1 Paraíba 6 1 5,4 0,0 0 5 Pernambuco 8 1 11,3 0,0 3 9 Alagoas 5 0 5,1 0,0 0 1 Sergipe 3 1 10,3 0,0 0 0 Bahia 116 6 3,1 2,7 15 11 Su",,1.0
Informe Semanal nº 09 - COE Dengue e outras Arboviroses - SE 1 a 15.pdf,16,localidade_uf,Sergipe,tabela,"a 6 1 5,4 0,0 0 5 Pernambuco 8 1 11,3 0,0 3 9 Alagoas 5 0 5,1 0,0 0 1 Sergipe 3 1 10,3 0,0 0 0 Bahia 116 6 3,1 2,7 15 11 Sudeste 2.135 495 7,2 4,2 ",,1.0
Informe Semanal nº 09 - COE Dengue e outras Arboviroses - SE 1 a 15.pdf,16,localidade_uf,Bahia,tabela,"uco 8 1 11,3 0,0 3 9 Alagoas 5 0 5,1 0,0 0 1 Sergipe 3 1 10,3 0,0 0 0 Bahia 116 6 3,1 2,7 15 11 Sudeste 2.135 495 7,2 4,2 218 571 Minas Gerais 90",,1.0
Informe Semanal nº 09 - COE Dengue e outras Arboviroses - SE 1 a 15.pdf,16,localidade_regiao,Sudeste,tabela,"as 5 0 5,1 0,0 0 1 Sergipe 3 1 10,3 0,0 0 0 Bahia 116 6 3,1 2,7 15 11 Sudeste 2.135 495 7,2 4,2 218 571 Minas Gerais 904 40 6,9 3,3 211 80 Espírito",,1.0
Informe Semanal nº 09 - COE Dengue e outras Arboviroses - SE 1 a 15.pdf,16,localidade_uf,Minas Gerais,tabela,"3 0,0 0 0 Bahia 116 6 3,1 2,7 15 11 Sudeste 2.135 495 7,2 4,2 218 571 Minas Gerais 904 40 6,9 3,3 211 80 Espírito Santo 32 0 1,8 0,0 0 12 Rio de Janeiro",,1.0
Informe Semanal nº 09 - COE Dengue e outras Arboviroses - SE 1 a 15.pdf,16,localidade_uf,Espírito Santo,tabela," Sudeste 2.135 495 7,2 4,2 218 571 Minas Gerais 904 40 6,9 3,3 211 80 Espírito Santo 32 0 1,8 0,0 0 12 Rio de Janeiro 169 7 4,8 2,8 0 4 São Paulo 1.030 44",,2.0
Informe Semanal nº 09 - COE Dengue e outras Arboviroses - SE 1 a 15.pdf,16,localidade_uf,Rio de Janeiro,tabela,"1 Minas Gerais 904 40 6,9 3,3 211 80 Espírito Santo 32 0 1,8 0,0 0 12 Rio de Janeiro 169 7 4,8 2,8 0 4 São Paulo 1.030 448 9,3 4,5 7 475 Sul 809 53 6,3 2,",,2.0
Informe Semanal nº 09 - COE Dengue e outras Arboviroses - SE 1 a 15.pdf,16,localidade_uf,São Paulo,tabela," 80 Espírito Santo 32 0 1,8 0,0 0 12 Rio de Janeiro 169 7 4,8 2,8 0 4 São Paulo 1.030 448 9,3 4,5 7 475 Sul 809 53 6,3 2,9 1 59 Paraná 468 43 6,1 2,7",,2.0
Informe Semanal nº 09 - COE Dengue e outras Arboviroses - SE 1 a 15.pdf,16,localidade_regiao,Sul,tabela,"12 Rio de Janeiro 169 7 4,8 2,8 0 4 São Paulo 1.030 448 9,3 4,5 7 475 Sul 809 53 6,3 2,9 1 59 Paraná 468 43 6,1 2,7 0 47 Santa Catarina 194 5 5",,1.0
Informe Semanal nº 09 - COE Dengue e outras Arboviroses - SE 1 a 15.pdf,16,localidade_uf,Paraná,tabela,"4,8 2,8 0 4 São Paulo 1.030 448 9,3 4,5 7 475 Sul 809 53 6,3 2,9 1 59 Paraná 468 43 6,1 2,7 0 47 Santa Catarina 194 5 5,4 0,0 0 8 Rio Grande do Su",,3.0
Informe Semanal nº 09 - COE Dengue e outras Arboviroses - SE 1 a 15.pdf,16,localidade_uf,Santa Catarina,tabela," 448 9,3 4,5 7 475 Sul 809 53 6,3 2,9 1 59 Paraná 468 43 6,1 2,7 0 47 Santa Catarina 194 5 5,4 0,0 0 8 Rio Grande do Sul 147 5 9,1 3,2 1 4 Centro-Oeste 67",,1.0
Informe Semanal nº 09 - COE Dengue e outras Arboviroses - SE 1 a 15.pdf,16,localidade_uf,Rio Grande do Sul,tabela," 2,9 1 59 Paraná 468 43 6,1 2,7 0 47 Santa Catarina 194 5 5,4 0,0 0 8 Rio Grande do Sul 147 5 9,1 3,2 1 4 Centro-Oeste 673 40 4,6 2,3 10 65 Mato Grosso do Su",,1.0
Informe Semanal nº 09 - COE Dengue e outras Arboviroses - SE 1 a 15.pdf,16,localidade_regiao,Centro-Oeste,tabela," Santa Catarina 194 5 5,4 0,0 0 8 Rio Grande do Sul 147 5 9,1 3,2 1 4 Centro-Oeste 673 40 4,6 2,3 10 65 Mato Grosso do Sul 16 6 5,7 0,0 6 8 Mato Grosso ",,1.0
Informe Semanal nº 09 - COE Dengue e outras Arboviroses - SE 1 a 15.pdf,16,localidade_uf,Mato Grosso do Sul,tabela,"Rio Grande do Sul 147 5 9,1 3,2 1 4 Centro-Oeste 673 40 4,6 2,3 10 65 Mato Grosso do Sul 16 6 5,7 0,0 6 8 Mato Grosso 12 11 2,4 5,1 1 10 Goiás 259 23 6,1 1,7 ",,1.0
Informe Semanal nº 09 - COE Dengue e outras Arboviroses - SE 1 a 15.pdf,16,localidade_uf,Mato Grosso,tabela,"Centro-Oeste 673 40 4,6 2,3 10 65 Mato Grosso do Sul 16 6 5,7 0,0 6 8 Mato Grosso 12 11 2,4 5,1 1 10 Goiás 259 23 6,1 1,7 2 44 Distrito Federal 386 0 4",,2.0
Informe Semanal nº 09 - COE Dengue e outras Arboviroses - SE 1 a 15.pdf,16,localidade_uf,Goiás,tabela,"65 Mato Grosso do Sul 16 6 5,7 0,0 6 8 Mato Grosso 12 11 2,4 5,1 1 10 Goiás 259 23 6,1 1,7 2 44 Distrito Federal 386 0 4,0 0,0 1 3 Brasil 3.797 6",,2.0
Informe Semanal nº 09 - COE Dengue e outras Arboviroses - SE 1 a 15.pdf,16,localidade_uf,Distrito Federal,tabela," 5,7 0,0 6 8 Mato Grosso 12 11 2,4 5,1 1 10 Goiás 259 23 6,1 1,7 2 44 Distrito Federal 386 0 4,0 0,0 1 3 Brasil 3.797 622 6,1 3,9 250 741 FONTE:SinanOn-line",,1.0
Informe Semanal nº 10 - COE Dengue e outras Arboviroses - SE 1 a 16.pdf,2,localidade_regiao,Sudeste,narrativa," Geográficas que apresentam os maiores coeficientes de incidência são Sudeste, Centro-Oeste e Sul. Entre as Unidades Federativas (UF), São Paulo, A",,1.0
Informe Semanal nº 10 - COE Dengue e outras Arboviroses - SE 1 a 16.pdf,2,localidade_regiao,Centro-Oeste,narrativa,"cas que apresentam os maiores coeficientes de incidência são Sudeste, Centro-Oeste e Sul. Entre as Unidades Federativas (UF), São Paulo, Acre Paraná, Go",,1.0
Informe Semanal nº 10 - COE Dengue e outras Arboviroses - SE 1 a 16.pdf,2,localidade_regiao,Sul,narrativa,"tam os maiores coeficientes de incidência são Sudeste, Centro-Oeste e Sul. Entre as Unidades Federativas (UF), São Paulo, Acre Paraná, Goiás e ",,1.0
Informe Semanal nº 10 - COE Dengue e outras Arboviroses - SE 1 a 16.pdf,2,localidade_uf,São Paulo,narrativa," são Sudeste, Centro-Oeste e Sul. Entre as Unidades Federativas (UF), São Paulo, Acre Paraná, Goiás e Mato Grosso apresentam as maiores incidências. ",,2.0
Informe Semanal nº 10 - COE Dengue e outras Arboviroses - SE 1 a 16.pdf,2,localidade_uf,Acre,narrativa,"e, Centro-Oeste e Sul. Entre as Unidades Federativas (UF), São Paulo, Acre Paraná, Goiás e Mato Grosso apresentam as maiores incidências. Os mai",,1.0
Informe Semanal nº 10 - COE Dengue e outras Arboviroses - SE 1 a 16.pdf,2,localidade_uf,Paraná,narrativa,"ntro-Oeste e Sul. Entre as Unidades Federativas (UF), São Paulo, Acre Paraná, Goiás e Mato Grosso apresentam as maiores incidências. Os maiores nú",,3.0
Informe Semanal nº 10 - COE Dengue e outras Arboviroses - SE 1 a 16.pdf,2,localidade_uf,Goiás,narrativa,"te e Sul. Entre as Unidades Federativas (UF), São Paulo, Acre Paraná, Goiás e Mato Grosso apresentam as maiores incidências. Os maiores números d",,2.0
Informe Semanal nº 10 - COE Dengue e outras Arboviroses - SE 1 a 16.pdf,2,localidade_uf,Mato Grosso,narrativa,". Entre as Unidades Federativas (UF), São Paulo, Acre Paraná, Goiás e Mato Grosso apresentam as maiores incidências. Os maiores números de casos graves",,2.0
Informe Semanal nº 10 - COE Dengue e outras Arboviroses - SE 1 a 16.pdf,2,localidade_regiao,Sudeste,narrativa,"dências. Os maiores números de casos graves concentram-se nas regiões Sudeste, Centro-Oeste e Sul. Foram confirmados 703 óbitos no período, e 714 e",,1.0
Informe Semanal nº 10 - COE Dengue e outras Arboviroses - SE 1 a 16.pdf,2,localidade_regiao,Centro-Oeste,narrativa,"Os maiores números de casos graves concentram-se nas regiões Sudeste, Centro-Oeste e Sul. Foram confirmados 703 óbitos no período, e 714 estão em invest",,1.0
Informe Semanal nº 10 - COE Dengue e outras Arboviroses - SE 1 a 16.pdf,2,localidade_regiao,Sul,narrativa,"ros de casos graves concentram-se nas regiões Sudeste, Centro-Oeste e Sul. Foram confirmados 703 óbitos no período, e 714 estão em investigação",,1.0
Informe Semanal nº 10 - COE Dengue e outras Arboviroses - SE 1 a 16.pdf,2,localidade_regiao,Sudeste,narrativa,"o período, e 714 estão em investigação, sendo a maior parte na região Sudeste. Foi identificada a circulação dos quatro sorotipos do vírus dengue (",,1.0
Informe Semanal nº 10 - COE Dengue e outras Arboviroses - SE 1 a 16.pdf,2,localidade_uf,Minas Gerais,narrativa,"re de 2024. DENV-4 (vírus selvagem) foi detectado em duas amostras de Minas Gerais e três de São Paulo. Outras detecções de DENV-4 em Minas Gerais, Mato",,1.0
Informe Semanal nº 10 - COE Dengue e outras Arboviroses - SE 1 a 16.pdf,2,localidade_uf,São Paulo,narrativa,"us selvagem) foi detectado em duas amostras de Minas Gerais e três de São Paulo. Outras detecções de DENV-4 em Minas Gerais, Mato Grosso do Sul, São ",,2.0
Informe Semanal nº 10 - COE Dengue e outras Arboviroses - SE 1 a 16.pdf,2,localidade_uf,Minas Gerais,narrativa,"as de Minas Gerais e três de São Paulo. Outras detecções de DENV-4 em Minas Gerais, Mato Grosso do Sul, São Paulo, Paraná e Roraima estão em análise. O ",,1.0
Informe Semanal nº 10 - COE Dengue e outras Arboviroses - SE 1 a 16.pdf,2,localidade_uf,Mato Grosso do Sul,narrativa,"rais e três de São Paulo. Outras detecções de DENV-4 em Minas Gerais, Mato Grosso do Sul, São Paulo, Paraná e Roraima estão em análise. O coeficiente de incid",,1.0
Informe Semanal nº 10 - COE Dengue e outras Arboviroses - SE 1 a 16.pdf,2,localidade_uf,São Paulo,narrativa,"aulo. Outras detecções de DENV-4 em Minas Gerais, Mato Grosso do Sul, São Paulo, Paraná e Roraima estão em análise. O coeficiente de incidência de de",,2.0
Informe Semanal nº 10 - COE Dengue e outras Arboviroses - SE 1 a 16.pdf,2,localidade_uf,Paraná,narrativa,"s detecções de DENV-4 em Minas Gerais, Mato Grosso do Sul, São Paulo, Paraná e Roraima estão em análise. O coeficiente de incidência de dengue no ",,3.0
Informe Semanal nº 10 - COE Dengue e outras Arboviroses - SE 1 a 16.pdf,2,localidade_uf,Roraima,narrativa,"es de DENV-4 em Minas Gerais, Mato Grosso do Sul, São Paulo, Paraná e Roraima estão em análise. O coeficiente de incidência de dengue no Brasil est",,1.0
Informe Semanal nº 10 - COE Dengue e outras Arboviroses - SE 1 a 16.pdf,13,localidade_regiao,Norte,tabela,"de incidência Região/UF SE 01 aSE 16 SE 01 aSE 16 2024 2025 2024 2025 Norte 35.414 28.493 204,1 164,2 Rondônia 4.359 1.627 275,7 102,9 Acre 3.492",,1.0
Informe Semanal nº 10 - COE Dengue e outras Arboviroses - SE 1 a 16.pdf,13,localidade_uf,Rondônia,tabela,"E 16 SE 01 aSE 16 2024 2025 2024 2025 Norte 35.414 28.493 204,1 164,2 Rondônia 4.359 1.627 275,7 102,9 Acre 3.492 7.791 420,7 938,6 Amazonas 5.799 3",,1.0
Informe Semanal nº 10 - COE Dengue e outras Arboviroses - SE 1 a 16.pdf,13,localidade_uf,Acre,tabela,"2025 Norte 35.414 28.493 204,1 164,2 Rondônia 4.359 1.627 275,7 102,9 Acre 3.492 7.791 420,7 938,6 Amazonas 5.799 3.731 147,1 94,7 Roraima 167 1",,1.0
Informe Semanal nº 10 - COE Dengue e outras Arboviroses - SE 1 a 16.pdf,13,localidade_uf,Amazonas,tabela,"1 164,2 Rondônia 4.359 1.627 275,7 102,9 Acre 3.492 7.791 420,7 938,6 Amazonas 5.799 3.731 147,1 94,7 Roraima 167 142 26,2 22,3 Pará 13.057 11.807 1",,1.0
Informe Semanal nº 10 - COE Dengue e outras Arboviroses - SE 1 a 16.pdf,13,localidade_uf,Roraima,tabela,",7 102,9 Acre 3.492 7.791 420,7 938,6 Amazonas 5.799 3.731 147,1 94,7 Roraima 167 142 26,2 22,3 Pará 13.057 11.807 160,9 145,5 Amapá 5.858 1.147 79",,1.0
Informe Semanal nº 10 - COE Dengue e outras Arboviroses - SE 1 a 16.pdf,13,localidade_uf,Pará,tabela,"420,7 938,6 Amazonas 5.799 3.731 147,1 94,7 Roraima 167 142 26,2 22,3 Pará 13.057 11.807 160,9 145,5 Amapá 5.858 1.147 798,6 156,4 Tocantins 2.6",,1.0
Informe Semanal nº 10 - COE Dengue e outras Arboviroses - SE 1 a 16.pdf,13,localidade_uf,Amapá,tabela,"1 147,1 94,7 Roraima 167 142 26,2 22,3 Pará 13.057 11.807 160,9 145,5 Amapá 5.858 1.147 798,6 156,4 Tocantins 2.682 2.248 177,4 148,7 Nordeste 22",,2.0
Informe Semanal nº 10 - COE Dengue e outras Arboviroses - SE 1 a 16.pdf,13,localidade_uf,Tocantins,tabela,"6,2 22,3 Pará 13.057 11.807 160,9 145,5 Amapá 5.858 1.147 798,6 156,4 Tocantins 2.682 2.248 177,4 148,7 Nordeste 220.193 38.245 403,0 70,0 Maranhão 8",,2.0
Informe Semanal nº 10 - COE Dengue e outras Arboviroses - SE 1 a 16.pdf,13,localidade_regiao,Nordeste,tabela,"145,5 Amapá 5.858 1.147 798,6 156,4 Tocantins 2.682 2.248 177,4 148,7 Nordeste 220.193 38.245 403,0 70,0 Maranhão 8.466 3.197 125,0 47,2 Piauí 8.286",,1.0
Informe Semanal nº 10 - COE Dengue e outras Arboviroses - SE 1 a 16.pdf,13,localidade_uf,Maranhão,tabela," Tocantins 2.682 2.248 177,4 148,7 Nordeste 220.193 38.245 403,0 70,0 Maranhão 8.466 3.197 125,0 47,2 Piauí 8.286 3.125 253,5 95,6 Ceará 5.825 2.541",,1.0
Informe Semanal nº 10 - COE Dengue e outras Arboviroses - SE 1 a 16.pdf,13,localidade_uf,Piauí,tabela,",7 Nordeste 220.193 38.245 403,0 70,0 Maranhão 8.466 3.197 125,0 47,2 Piauí 8.286 3.125 253,5 95,6 Ceará 5.825 2.541 66,3 28,9 Rio Grande do Nort",,1.0
Informe Semanal nº 10 - COE Dengue e outras Arboviroses - SE 1 a 16.pdf,13,localidade_uf,Ceará,tabela,"3,0 70,0 Maranhão 8.466 3.197 125,0 47,2 Piauí 8.286 3.125 253,5 95,6 Ceará 5.825 2.541 66,3 28,9 Rio Grande do Norte 10.077 3.120 305,1 94,5 Par",,1.0
Informe Semanal nº 10 - COE Dengue e outras Arboviroses - SE 1 a 16.pdf,13,localidade_uf,Rio Grande do Norte,tabela,"7 125,0 47,2 Piauí 8.286 3.125 253,5 95,6 Ceará 5.825 2.541 66,3 28,9 Rio Grande do Norte 10.077 3.120 305,1 94,5 Paraíba 8.266 3.213 208,0 80,8 Pernambuco 10.",,1.0
Informe Semanal nº 10 - COE Dengue e outras Arboviroses - SE 1 a 16.pdf,13,localidade_uf,Paraíba,tabela,"ará 5.825 2.541 66,3 28,9 Rio Grande do Norte 10.077 3.120 305,1 94,5 Paraíba 8.266 3.213 208,0 80,8 Pernambuco 10.820 6.904 119,5 76,2 Alagoas 5.4",,1.0
Informe Semanal nº 10 - COE Dengue e outras Arboviroses - SE 1 a 16.pdf,13,localidade_uf,Pernambuco,tabela,"rande do Norte 10.077 3.120 305,1 94,5 Paraíba 8.266 3.213 208,0 80,8 Pernambuco 10.820 6.904 119,5 76,2 Alagoas 5.420 1.293 173,3 41,3 Sergipe 911 53",,1.0
Informe Semanal nº 10 - COE Dengue e outras Arboviroses - SE 1 a 16.pdf,13,localidade_uf,Alagoas,tabela,"4,5 Paraíba 8.266 3.213 208,0 80,8 Pernambuco 10.820 6.904 119,5 76,2 Alagoas 5.420 1.293 173,3 41,3 Sergipe 911 536 41,2 24,3 Bahia 162.122 14.316",,1.0
Informe Semanal nº 10 - COE Dengue e outras Arboviroses - SE 1 a 16.pdf,13,localidade_uf,Sergipe,tabela,"0,8 Pernambuco 10.820 6.904 119,5 76,2 Alagoas 5.420 1.293 173,3 41,3 Sergipe 911 536 41,2 24,3 Bahia 162.122 14.316 1.146,8 101,3 Sudeste 2.873.48",,1.0
Informe Semanal nº 10 - COE Dengue e outras Arboviroses - SE 1 a 16.pdf,13,localidade_uf,Bahia,tabela,"4 119,5 76,2 Alagoas 5.420 1.293 173,3 41,3 Sergipe 911 536 41,2 24,3 Bahia 162.122 14.316 1.146,8 101,3 Sudeste 2.873.487 763.744 3.386,7 900,1 ",,1.0
Informe Semanal nº 10 - COE Dengue e outras Arboviroses - SE 1 a 16.pdf,13,localidade_regiao,Sudeste,tabela,"3,3 41,3 Sergipe 911 536 41,2 24,3 Bahia 162.122 14.316 1.146,8 101,3 Sudeste 2.873.487 763.744 3.386,7 900,1 Minas Gerais 1.379.578 112.630 6.717,",,1.0
Informe Semanal nº 10 - COE Dengue e outras Arboviroses - SE 1 a 16.pdf,13,localidade_uf,Minas Gerais,tabela," 162.122 14.316 1.146,8 101,3 Sudeste 2.873.487 763.744 3.386,7 900,1 Minas Gerais 1.379.578 112.630 6.717,0 548,4 Espírito Santo 104.371 23.674 2.722,6",,1.0
Informe Semanal nº 10 - COE Dengue e outras Arboviroses - SE 1 a 16.pdf,13,localidade_uf,Espírito Santo,tabela,"87 763.744 3.386,7 900,1 Minas Gerais 1.379.578 112.630 6.717,0 548,4 Espírito Santo 104.371 23.674 2.722,6 617,6 Rio de Janeiro 245.028 20.422 1.526,2 12",,2.0
Informe Semanal nº 10 - COE Dengue e outras Arboviroses - SE 1 a 16.pdf,13,localidade_uf,Rio de Janeiro,tabela,"578 112.630 6.717,0 548,4 Espírito Santo 104.371 23.674 2.722,6 617,6 Rio de Janeiro 245.028 20.422 1.526,2 127,2 São Paulo 1.144.510 607.018 2.576,5 1.36",,2.0
Informe Semanal nº 10 - COE Dengue e outras Arboviroses - SE 1 a 16.pdf,13,localidade_uf,São Paulo,tabela,".371 23.674 2.722,6 617,6 Rio de Janeiro 245.028 20.422 1.526,2 127,2 São Paulo 1.144.510 607.018 2.576,5 1.366,5 Sul 772.940 133.034 2.582,2 444,4 P",,2.0
Informe Semanal nº 10 - COE Dengue e outras Arboviroses - SE 1 a 16.pdf,13,localidade_regiao,Sul,tabela,".028 20.422 1.526,2 127,2 São Paulo 1.144.510 607.018 2.576,5 1.366,5 Sul 772.940 133.034 2.582,2 444,4 Paraná 424.868 84.343 3.712,8 737,1 San",,1.0
Informe Semanal nº 10 - COE Dengue e outras Arboviroses - SE 1 a 16.pdf,13,localidade_uf,Paraná,tabela,"o 1.144.510 607.018 2.576,5 1.366,5 Sul 772.940 133.034 2.582,2 444,4 Paraná 424.868 84.343 3.712,8 737,1 Santa Catarina 209.930 15.920 2.758,8 20",,3.0
Informe Semanal nº 10 - COE Dengue e outras Arboviroses - SE 1 a 16.pdf,13,localidade_uf,Santa Catarina,tabela,"Sul 772.940 133.034 2.582,2 444,4 Paraná 424.868 84.343 3.712,8 737,1 Santa Catarina 209.930 15.920 2.758,8 209,2 Rio Grande do Sul 138.142 32.771 1.269,6",,1.0
Informe Semanal nº 10 - COE Dengue e outras Arboviroses - SE 1 a 16.pdf,13,localidade_uf,Rio Grande do Sul,tabela,".868 84.343 3.712,8 737,1 Santa Catarina 209.930 15.920 2.758,8 209,2 Rio Grande do Sul 138.142 32.771 1.269,6 301,2 Centro-Oeste 500.659 87.795 3.073,8 539,",,1.0
Informe Semanal nº 10 - COE Dengue e outras Arboviroses - SE 1 a 16.pdf,13,localidade_regiao,Centro-Oeste,tabela,"0 15.920 2.758,8 209,2 Rio Grande do Sul 138.142 32.771 1.269,6 301,2 Centro-Oeste 500.659 87.795 3.073,8 539,0 Mato Grosso do Sul 12.420 9.155 450,5 33",,1.0
Informe Semanal nº 10 - COE Dengue e outras Arboviroses - SE 1 a 16.pdf,13,localidade_uf,Mato Grosso do Sul,tabela,"38.142 32.771 1.269,6 301,2 Centro-Oeste 500.659 87.795 3.073,8 539,0 Mato Grosso do Sul 12.420 9.155 450,5 332,1 Mato Grosso 23.140 23.957 632,4 654,8 Goiás ",,1.0
Informe Semanal nº 10 - COE Dengue e outras Arboviroses - SE 1 a 16.pdf,13,localidade_uf,Mato Grosso,tabela,".659 87.795 3.073,8 539,0 Mato Grosso do Sul 12.420 9.155 450,5 332,1 Mato Grosso 23.140 23.957 632,4 654,8 Goiás 217.578 48.290 3.083,9 684,5 Distrito",,2.0
Informe Semanal nº 10 - COE Dengue e outras Arboviroses - SE 1 a 16.pdf,13,localidade_uf,Goiás,tabela,"do Sul 12.420 9.155 450,5 332,1 Mato Grosso 23.140 23.957 632,4 654,8 Goiás 217.578 48.290 3.083,9 684,5 Distrito Federal 247.521 6.393 8.786,5 2",,2.0
Informe Semanal nº 10 - COE Dengue e outras Arboviroses - SE 1 a 16.pdf,13,localidade_uf,Distrito Federal,tabela,"o Grosso 23.140 23.957 632,4 654,8 Goiás 217.578 48.290 3.083,9 684,5 Distrito Federal 247.521 6.393 8.786,5 226,9 Brasil 4.402.693 1.051.311 2.168,1 517,7 ",,1.0
Informe Semanal nº 10 - COE Dengue e outras Arboviroses - SE 1 a 16.pdf,14,localidade_regiao,Norte,tabela,de alarme (n) SE 01 aSE 16 SE 01 aSE 16 Região/UF 2024 2025 2024 2025 Norte 51 26 476 272 Rondônia 3 1 20 10 Acre 2 1 5 33 Amazonas 11 2 60 7 Ror,,1.0
Informe Semanal nº 10 - COE Dengue e outras Arboviroses - SE 1 a 16.pdf,14,localidade_uf,Rondônia,tabela,aSE 16 SE 01 aSE 16 Região/UF 2024 2025 2024 2025 Norte 51 26 476 272 Rondônia 3 1 20 10 Acre 2 1 5 33 Amazonas 11 2 60 7 Roraima 0 2 1 1 Pará 24 17,,1.0
Informe Semanal nº 10 - COE Dengue e outras Arboviroses - SE 1 a 16.pdf,14,localidade_uf,Acre,tabela, Região/UF 2024 2025 2024 2025 Norte 51 26 476 272 Rondônia 3 1 20 10 Acre 2 1 5 33 Amazonas 11 2 60 7 Roraima 0 2 1 1 Pará 24 17 219 197 Amapá ,,1.0
Informe Semanal nº 10 - COE Dengue e outras Arboviroses - SE 1 a 16.pdf,14,localidade_uf,Amazonas,tabela,4 2025 2024 2025 Norte 51 26 476 272 Rondônia 3 1 20 10 Acre 2 1 5 33 Amazonas 11 2 60 7 Roraima 0 2 1 1 Pará 24 17 219 197 Amapá 6 3 130 15 Tocanti,,1.0
Informe Semanal nº 10 - COE Dengue e outras Arboviroses - SE 1 a 16.pdf,14,localidade_uf,Roraima,tabela,rte 51 26 476 272 Rondônia 3 1 20 10 Acre 2 1 5 33 Amazonas 11 2 60 7 Roraima 0 2 1 1 Pará 24 17 219 197 Amapá 6 3 130 15 Tocantins 5 0 41 9 Nordes,,1.0
Informe Semanal nº 10 - COE Dengue e outras Arboviroses - SE 1 a 16.pdf,14,localidade_uf,Pará,tabela,2 Rondônia 3 1 20 10 Acre 2 1 5 33 Amazonas 11 2 60 7 Roraima 0 2 1 1 Pará 24 17 219 197 Amapá 6 3 130 15 Tocantins 5 0 41 9 Nordeste 424 42 4.6,,1.0
Informe Semanal nº 10 - COE Dengue e outras Arboviroses - SE 1 a 16.pdf,14,localidade_uf,Amapá,tabela,0 Acre 2 1 5 33 Amazonas 11 2 60 7 Roraima 0 2 1 1 Pará 24 17 219 197 Amapá 6 3 130 15 Tocantins 5 0 41 9 Nordeste 424 42 4.671 418 Maranhão 11 3,,2.0
Informe Semanal nº 10 - COE Dengue e outras Arboviroses - SE 1 a 16.pdf,14,localidade_uf,Tocantins,tabela,mazonas 11 2 60 7 Roraima 0 2 1 1 Pará 24 17 219 197 Amapá 6 3 130 15 Tocantins 5 0 41 9 Nordeste 424 42 4.671 418 Maranhão 11 3 130 30 Piauí 21 13 2,,2.0
Informe Semanal nº 10 - COE Dengue e outras Arboviroses - SE 1 a 16.pdf,14,localidade_regiao,Nordeste,tabela,oraima 0 2 1 1 Pará 24 17 219 197 Amapá 6 3 130 15 Tocantins 5 0 41 9 Nordeste 424 42 4.671 418 Maranhão 11 3 130 30 Piauí 21 13 216 66 Ceará 3 2 67,,1.0
Informe Semanal nº 10 - COE Dengue e outras Arboviroses - SE 1 a 16.pdf,14,localidade_uf,Maranhão,tabela,219 197 Amapá 6 3 130 15 Tocantins 5 0 41 9 Nordeste 424 42 4.671 418 Maranhão 11 3 130 30 Piauí 21 13 216 66 Ceará 3 2 67 12 Rio Grande do Norte 8 ,,1.0
Informe Semanal nº 10 - COE Dengue e outras Arboviroses - SE 1 a 16.pdf,14,localidade_uf,Piauí,tabela, 15 Tocantins 5 0 41 9 Nordeste 424 42 4.671 418 Maranhão 11 3 130 30 Piauí 21 13 216 66 Ceará 3 2 67 12 Rio Grande do Norte 8 1 93 17 Paraíba 4 ,,1.0
Informe Semanal nº 10 - COE Dengue e outras Arboviroses - SE 1 a 16.pdf,14,localidade_uf,Ceará,tabela,1 9 Nordeste 424 42 4.671 418 Maranhão 11 3 130 30 Piauí 21 13 216 66 Ceará 3 2 67 12 Rio Grande do Norte 8 1 93 17 Paraíba 4 0 110 9 Pernambuco ,,1.0
Informe Semanal nº 10 - COE Dengue e outras Arboviroses - SE 1 a 16.pdf,14,localidade_uf,Rio Grande do Norte,tabela, 42 4.671 418 Maranhão 11 3 130 30 Piauí 21 13 216 66 Ceará 3 2 67 12 Rio Grande do Norte 8 1 93 17 Paraíba 4 0 110 9 Pernambuco 9 2 78 26 Alagoas 9 4 104 15 S,,1.0
Informe Semanal nº 10 - COE Dengue e outras Arboviroses - SE 1 a 16.pdf,14,localidade_uf,Paraíba,tabela,0 30 Piauí 21 13 216 66 Ceará 3 2 67 12 Rio Grande do Norte 8 1 93 17 Paraíba 4 0 110 9 Pernambuco 9 2 78 26 Alagoas 9 4 104 15 Sergipe 3 1 29 12 B,,1.0
Informe Semanal nº 10 - COE Dengue e outras Arboviroses - SE 1 a 16.pdf,14,localidade_uf,Pernambuco,tabela,16 66 Ceará 3 2 67 12 Rio Grande do Norte 8 1 93 17 Paraíba 4 0 110 9 Pernambuco 9 2 78 26 Alagoas 9 4 104 15 Sergipe 3 1 29 12 Bahia 356 16 3844 231 ,,1.0
Informe Semanal nº 10 - COE Dengue e outras Arboviroses - SE 1 a 16.pdf,14,localidade_uf,Alagoas,tabela, Rio Grande do Norte 8 1 93 17 Paraíba 4 0 110 9 Pernambuco 9 2 78 26 Alagoas 9 4 104 15 Sergipe 3 1 29 12 Bahia 356 16 3844 231 Sudeste 2.793 898 ,,1.0
Informe Semanal nº 10 - COE Dengue e outras Arboviroses - SE 1 a 16.pdf,14,localidade_uf,Sergipe,tabela,e 8 1 93 17 Paraíba 4 0 110 9 Pernambuco 9 2 78 26 Alagoas 9 4 104 15 Sergipe 3 1 29 12 Bahia 356 16 3844 231 Sudeste 2.793 898 29.039 11.922 Minas,,1.0
Informe Semanal nº 10 - COE Dengue e outras Arboviroses - SE 1 a 16.pdf,14,localidade_uf,Bahia,tabela,a 4 0 110 9 Pernambuco 9 2 78 26 Alagoas 9 4 104 15 Sergipe 3 1 29 12 Bahia 356 16 3844 231 Sudeste 2.793 898 29.039 11.922 Minas Gerais 1.327 11,,1.0
Informe Semanal nº 10 - COE Dengue e outras Arboviroses - SE 1 a 16.pdf,14,localidade_regiao,Sudeste,tabela, 9 2 78 26 Alagoas 9 4 104 15 Sergipe 3 1 29 12 Bahia 356 16 3844 231 Sudeste 2.793 898 29.039 11.922 Minas Gerais 1.327 115 12.330 1.191 Espírito ,,1.0
Informe Semanal nº 10 - COE Dengue e outras Arboviroses - SE 1 a 16.pdf,14,localidade_uf,Minas Gerais,tabela,rgipe 3 1 29 12 Bahia 356 16 3844 231 Sudeste 2.793 898 29.039 11.922 Minas Gerais 1.327 115 12.330 1.191 Espírito Santo 77 6 1.747 299 Rio de Janeiro 1,,1.0
Informe Semanal nº 10 - COE Dengue e outras Arboviroses - SE 1 a 16.pdf,14,localidade_uf,Espírito Santo,tabela,1 Sudeste 2.793 898 29.039 11.922 Minas Gerais 1.327 115 12.330 1.191 Espírito Santo 77 6 1.747 299 Rio de Janeiro 173 17 3.552 252 São Paulo 1.216 760 11,,2.0
Informe Semanal nº 10 - COE Dengue e outras Arboviroses - SE 1 a 16.pdf,14,localidade_uf,Rio de Janeiro,tabela,922 Minas Gerais 1.327 115 12.330 1.191 Espírito Santo 77 6 1.747 299 Rio de Janeiro 173 17 3.552 252 São Paulo 1.216 760 11.410 10.180 Sul 841 105 13.635,,2.0
Informe Semanal nº 10 - COE Dengue e outras Arboviroses - SE 1 a 16.pdf,14,localidade_uf,São Paulo,tabela,0 1.191 Espírito Santo 77 6 1.747 299 Rio de Janeiro 173 17 3.552 252 São Paulo 1.216 760 11.410 10.180 Sul 841 105 13.635 2.095 Paraná 430 90 8.051 ,,2.0
Informe Semanal nº 10 - COE Dengue e outras Arboviroses - SE 1 a 16.pdf,14,localidade_regiao,Sul,tabela,299 Rio de Janeiro 173 17 3.552 252 São Paulo 1.216 760 11.410 10.180 Sul 841 105 13.635 2.095 Paraná 430 90 8.051 1.786 Santa Catarina 187 7 3,,1.0
Informe Semanal nº 10 - COE Dengue e outras Arboviroses - SE 1 a 16.pdf,14,localidade_uf,Paraná,tabela, 3.552 252 São Paulo 1.216 760 11.410 10.180 Sul 841 105 13.635 2.095 Paraná 430 90 8.051 1.786 Santa Catarina 187 7 3.931 102 Rio Grande do Sul 2,,3.0
Informe Semanal nº 10 - COE Dengue e outras Arboviroses - SE 1 a 16.pdf,14,localidade_uf,Santa Catarina,tabela, 760 11.410 10.180 Sul 841 105 13.635 2.095 Paraná 430 90 8.051 1.786 Santa Catarina 187 7 3.931 102 Rio Grande do Sul 224 8 1.653 207 Centro-Oeste 851 10,,1.0
Informe Semanal nº 10 - COE Dengue e outras Arboviroses - SE 1 a 16.pdf,14,localidade_uf,Rio Grande do Sul,tabela,13.635 2.095 Paraná 430 90 8.051 1.786 Santa Catarina 187 7 3.931 102 Rio Grande do Sul 224 8 1.653 207 Centro-Oeste 851 109 14.463 1.735 Mato Grosso do Sul ,,1.0
Informe Semanal nº 10 - COE Dengue e outras Arboviroses - SE 1 a 16.pdf,14,localidade_regiao,Centro-Oeste,tabela,.786 Santa Catarina 187 7 3.931 102 Rio Grande do Sul 224 8 1.653 207 Centro-Oeste 851 109 14.463 1.735 Mato Grosso do Sul 21 14 287 162 Mato Grosso 43 ,,1.0
Informe Semanal nº 10 - COE Dengue e outras Arboviroses - SE 1 a 16.pdf,14,localidade_uf,Mato Grosso do Sul,tabela,2 Rio Grande do Sul 224 8 1.653 207 Centro-Oeste 851 109 14.463 1.735 Mato Grosso do Sul 21 14 287 162 Mato Grosso 43 28 490 201 Goiás 365 67 4285 1361 Distri,,1.0
Informe Semanal nº 10 - COE Dengue e outras Arboviroses - SE 1 a 16.pdf,14,localidade_uf,Mato Grosso,tabela,07 Centro-Oeste 851 109 14.463 1.735 Mato Grosso do Sul 21 14 287 162 Mato Grosso 43 28 490 201 Goiás 365 67 4285 1361 Distrito Federal 422 0 9401 11 B,,2.0
Informe Semanal nº 10 - COE Dengue e outras Arboviroses - SE 1 a 16.pdf,14,localidade_uf,Goiás,tabela,.463 1.735 Mato Grosso do Sul 21 14 287 162 Mato Grosso 43 28 490 201 Goiás 365 67 4285 1361 Distrito Federal 422 0 9401 11 Brasil 4.960 1.180 62,,2.0
Informe Semanal nº 10 - COE Dengue e outras Arboviroses - SE 1 a 16.pdf,14,localidade_uf,Distrito Federal,tabela,do Sul 21 14 287 162 Mato Grosso 43 28 490 201 Goiás 365 67 4285 1361 Distrito Federal 422 0 9401 11 Brasil 4.960 1.180 62.284 16.442 FONTE:SinanOn-lineeE-S,,1.0
Informe Semanal nº 10 - COE Dengue e outras Arboviroses - SE 1 a 16.pdf,15,localidade_regiao,Norte,tabela," SE 01 aSE 16 SE 01 aSE 16 SE 01 aSE 16 2024 2025 2024 2025 2024 2025 Norte 25 24 4,7 8,1 0 9 Rondônia 5 0 21,7 0,0 0 0 Acre 0 3 0,0 0,0 0 0 Amaz",,1.0
Informe Semanal nº 10 - COE Dengue e outras Arboviroses - SE 1 a 16.pdf,15,localidade_uf,Rondônia,tabela,"16 SE 01 aSE 16 2024 2025 2024 2025 2024 2025 Norte 25 24 4,7 8,1 0 9 Rondônia 5 0 21,7 0,0 0 0 Acre 0 3 0,0 0,0 0 0 Amazonas 5 1 7,0 11,1 0 0 Rorai",,1.0
Informe Semanal nº 10 - COE Dengue e outras Arboviroses - SE 1 a 16.pdf,15,localidade_uf,Acre,tabela,"2024 2025 2024 2025 Norte 25 24 4,7 8,1 0 9 Rondônia 5 0 21,7 0,0 0 0 Acre 0 3 0,0 0,0 0 0 Amazonas 5 1 7,0 11,1 0 0 Roraima 0 2 0,0 0,0 0 0 Par",,1.0
Informe Semanal nº 10 - COE Dengue e outras Arboviroses - SE 1 a 16.pdf,15,localidade_uf,Amazonas,tabela,"orte 25 24 4,7 8,1 0 9 Rondônia 5 0 21,7 0,0 0 0 Acre 0 3 0,0 0,0 0 0 Amazonas 5 1 7,0 11,1 0 0 Roraima 0 2 0,0 0,0 0 0 Pará 6 15 2,5 0,0 0 8 Amapá ",,1.0
Informe Semanal nº 10 - COE Dengue e outras Arboviroses - SE 1 a 16.pdf,15,localidade_uf,Roraima,tabela,"dônia 5 0 21,7 0,0 0 0 Acre 0 3 0,0 0,0 0 0 Amazonas 5 1 7,0 11,1 0 0 Roraima 0 2 0,0 0,0 0 0 Pará 6 15 2,5 0,0 0 8 Amapá 6 3 4,4 0,0 0 1 Tocantins",,1.0
Informe Semanal nº 10 - COE Dengue e outras Arboviroses - SE 1 a 16.pdf,15,localidade_uf,Pará,tabela,"cre 0 3 0,0 0,0 0 0 Amazonas 5 1 7,0 11,1 0 0 Roraima 0 2 0,0 0,0 0 0 Pará 6 15 2,5 0,0 0 8 Amapá 6 3 4,4 0,0 0 1 Tocantins 3 0 6,5 0,0 0 0 Nord",,1.0
Informe Semanal nº 10 - COE Dengue e outras Arboviroses - SE 1 a 16.pdf,15,localidade_uf,Amapá,tabela,"azonas 5 1 7,0 11,1 0 0 Roraima 0 2 0,0 0,0 0 0 Pará 6 15 2,5 0,0 0 8 Amapá 6 3 4,4 0,0 0 1 Tocantins 3 0 6,5 0,0 0 0 Nordeste 168 13 3,3 2,8 25 ",,2.0
Informe Semanal nº 10 - COE Dengue e outras Arboviroses - SE 1 a 16.pdf,15,localidade_uf,Tocantins,tabela,"0 Roraima 0 2 0,0 0,0 0 0 Pará 6 15 2,5 0,0 0 8 Amapá 6 3 4,4 0,0 0 1 Tocantins 3 0 6,5 0,0 0 0 Nordeste 168 13 3,3 2,8 25 42 Maranhão 4 0 2,8 0,0 3 ",,2.0
Informe Semanal nº 10 - COE Dengue e outras Arboviroses - SE 1 a 16.pdf,15,localidade_regiao,Nordeste,tabela,"Pará 6 15 2,5 0,0 0 8 Amapá 6 3 4,4 0,0 0 1 Tocantins 3 0 6,5 0,0 0 0 Nordeste 168 13 3,3 2,8 25 42 Maranhão 4 0 2,8 0,0 3 9 Piauí 13 4 5,5 0,0 0 2 ",,1.0
Informe Semanal nº 10 - COE Dengue e outras Arboviroses - SE 1 a 16.pdf,15,localidade_uf,Maranhão,tabela,"3 4,4 0,0 0 1 Tocantins 3 0 6,5 0,0 0 0 Nordeste 168 13 3,3 2,8 25 42 Maranhão 4 0 2,8 0,0 3 9 Piauí 13 4 5,5 0,0 0 2 Ceará 1 0 1,4 0,0 0 0 Rio Gran",,1.0
Informe Semanal nº 10 - COE Dengue e outras Arboviroses - SE 1 a 16.pdf,15,localidade_uf,Piauí,tabela," 0 6,5 0,0 0 0 Nordeste 168 13 3,3 2,8 25 42 Maranhão 4 0 2,8 0,0 3 9 Piauí 13 4 5,5 0,0 0 2 Ceará 1 0 1,4 0,0 0 0 Rio Grande do Norte 2 0 2,0 0,",,1.0
Informe Semanal nº 10 - COE Dengue e outras Arboviroses - SE 1 a 16.pdf,15,localidade_uf,Ceará,tabela," 168 13 3,3 2,8 25 42 Maranhão 4 0 2,8 0,0 3 9 Piauí 13 4 5,5 0,0 0 2 Ceará 1 0 1,4 0,0 0 0 Rio Grande do Norte 2 0 2,0 0,0 1 2 Paraíba 6 1 5,3 0",,1.0
Informe Semanal nº 10 - COE Dengue e outras Arboviroses - SE 1 a 16.pdf,15,localidade_uf,Rio Grande do Norte,tabela,"Maranhão 4 0 2,8 0,0 3 9 Piauí 13 4 5,5 0,0 0 2 Ceará 1 0 1,4 0,0 0 0 Rio Grande do Norte 2 0 2,0 0,0 1 2 Paraíba 6 1 5,3 0,0 0 7 Pernambuco 9 1 10,3 0,0 3 10 ",,1.0
Informe Semanal nº 10 - COE Dengue e outras Arboviroses - SE 1 a 16.pdf,15,localidade_uf,Paraíba,tabela,"5,5 0,0 0 2 Ceará 1 0 1,4 0,0 0 0 Rio Grande do Norte 2 0 2,0 0,0 1 2 Paraíba 6 1 5,3 0,0 0 7 Pernambuco 9 1 10,3 0,0 3 10 Alagoas 6 0 5,3 0,0 0 1 ",,1.0
Informe Semanal nº 10 - COE Dengue e outras Arboviroses - SE 1 a 16.pdf,15,localidade_uf,Pernambuco,tabela,"4 0,0 0 0 Rio Grande do Norte 2 0 2,0 0,0 1 2 Paraíba 6 1 5,3 0,0 0 7 Pernambuco 9 1 10,3 0,0 3 10 Alagoas 6 0 5,3 0,0 0 1 Sergipe 3 1 9,4 0,0 0 1 Bah",,1.0
Informe Semanal nº 10 - COE Dengue e outras Arboviroses - SE 1 a 16.pdf,15,localidade_uf,Alagoas,tabela," 2 0 2,0 0,0 1 2 Paraíba 6 1 5,3 0,0 0 7 Pernambuco 9 1 10,3 0,0 3 10 Alagoas 6 0 5,3 0,0 0 1 Sergipe 3 1 9,4 0,0 0 1 Bahia 124 6 3,0 2,4 18 10 Sud",,1.0
Informe Semanal nº 10 - COE Dengue e outras Arboviroses - SE 1 a 16.pdf,15,localidade_uf,Sergipe,tabela," 6 1 5,3 0,0 0 7 Pernambuco 9 1 10,3 0,0 3 10 Alagoas 6 0 5,3 0,0 0 1 Sergipe 3 1 9,4 0,0 0 1 Bahia 124 6 3,0 2,4 18 10 Sudeste 2.345 561 7,4 4,4 2",,1.0
Informe Semanal nº 10 - COE Dengue e outras Arboviroses - SE 1 a 16.pdf,15,localidade_uf,Bahia,tabela,"uco 9 1 10,3 0,0 3 10 Alagoas 6 0 5,3 0,0 0 1 Sergipe 3 1 9,4 0,0 0 1 Bahia 124 6 3,0 2,4 18 10 Sudeste 2.345 561 7,4 4,4 231 549 Minas Gerais 96",,1.0
Informe Semanal nº 10 - COE Dengue e outras Arboviroses - SE 1 a 16.pdf,15,localidade_regiao,Sudeste,tabela,"oas 6 0 5,3 0,0 0 1 Sergipe 3 1 9,4 0,0 0 1 Bahia 124 6 3,0 2,4 18 10 Sudeste 2.345 561 7,4 4,4 231 549 Minas Gerais 963 53 7,1 4,1 223 71 Espírito",,1.0
Informe Semanal nº 10 - COE Dengue e outras Arboviroses - SE 1 a 16.pdf,15,localidade_uf,Minas Gerais,tabela,"4 0,0 0 1 Bahia 124 6 3,0 2,4 18 10 Sudeste 2.345 561 7,4 4,4 231 549 Minas Gerais 963 53 7,1 4,1 223 71 Espírito Santo 32 0 1,8 0,0 0 12 Rio de Janeiro",,1.0
Informe Semanal nº 10 - COE Dengue e outras Arboviroses - SE 1 a 16.pdf,15,localidade_uf,Espírito Santo,tabela," Sudeste 2.345 561 7,4 4,4 231 549 Minas Gerais 963 53 7,1 4,1 223 71 Espírito Santo 32 0 1,8 0,0 0 12 Rio de Janeiro 177 8 4,8 3,0 0 3 São Paulo 1.173 50",,2.0
Informe Semanal nº 10 - COE Dengue e outras Arboviroses - SE 1 a 16.pdf,15,localidade_uf,Rio de Janeiro,tabela,"9 Minas Gerais 963 53 7,1 4,1 223 71 Espírito Santo 32 0 1,8 0,0 0 12 Rio de Janeiro 177 8 4,8 3,0 0 3 São Paulo 1.173 500 9,3 4,6 8 463 Sul 935 59 6,5 2,",,2.0
Informe Semanal nº 10 - COE Dengue e outras Arboviroses - SE 1 a 16.pdf,15,localidade_uf,São Paulo,tabela," 71 Espírito Santo 32 0 1,8 0,0 0 12 Rio de Janeiro 177 8 4,8 3,0 0 3 São Paulo 1.173 500 9,3 4,6 8 463 Sul 935 59 6,5 2,7 1 58 Paraná 525 49 6,2 2,6",,2.0
Informe Semanal nº 10 - COE Dengue e outras Arboviroses - SE 1 a 16.pdf,15,localidade_regiao,Sul,tabela,"12 Rio de Janeiro 177 8 4,8 3,0 0 3 São Paulo 1.173 500 9,3 4,6 8 463 Sul 935 59 6,5 2,7 1 58 Paraná 525 49 6,2 2,6 0 46 Santa Catarina 225 5 5",,1.0
Informe Semanal nº 10 - COE Dengue e outras Arboviroses - SE 1 a 16.pdf,15,localidade_uf,Paraná,tabela,"4,8 3,0 0 3 São Paulo 1.173 500 9,3 4,6 8 463 Sul 935 59 6,5 2,7 1 58 Paraná 525 49 6,2 2,6 0 46 Santa Catarina 225 5 5,5 0,0 0 7 Rio Grande do Su",,3.0
Informe Semanal nº 10 - COE Dengue e outras Arboviroses - SE 1 a 16.pdf,15,localidade_uf,Santa Catarina,tabela," 500 9,3 4,6 8 463 Sul 935 59 6,5 2,7 1 58 Paraná 525 49 6,2 2,6 0 46 Santa Catarina 225 5 5,5 0,0 0 7 Rio Grande do Sul 185 5 9,9 2,3 1 5 Centro-Oeste 71",,1.0
Informe Semanal nº 10 - COE Dengue e outras Arboviroses - SE 1 a 16.pdf,15,localidade_uf,Rio Grande do Sul,tabela," 2,7 1 58 Paraná 525 49 6,2 2,6 0 46 Santa Catarina 225 5 5,5 0,0 0 7 Rio Grande do Sul 185 5 9,9 2,3 1 5 Centro-Oeste 710 46 4,6 2,5 11 62 Mato Grosso do Su",,1.0
Informe Semanal nº 10 - COE Dengue e outras Arboviroses - SE 1 a 16.pdf,15,localidade_regiao,Centro-Oeste,tabela," Santa Catarina 225 5 5,5 0,0 0 7 Rio Grande do Sul 185 5 9,9 2,3 1 5 Centro-Oeste 710 46 4,6 2,5 11 62 Mato Grosso do Sul 20 8 6,5 0,0 7 8 Mato Grosso ",,1.0
Informe Semanal nº 10 - COE Dengue e outras Arboviroses - SE 1 a 16.pdf,15,localidade_uf,Mato Grosso do Sul,tabela,"Rio Grande do Sul 185 5 9,9 2,3 1 5 Centro-Oeste 710 46 4,6 2,5 11 62 Mato Grosso do Sul 20 8 6,5 0,0 7 8 Mato Grosso 13 11 2,4 4,8 1 9 Goiás 283 27 6,1 1,9 2",,1.0
Informe Semanal nº 10 - COE Dengue e outras Arboviroses - SE 1 a 16.pdf,15,localidade_uf,Mato Grosso,tabela,"Centro-Oeste 710 46 4,6 2,5 11 62 Mato Grosso do Sul 20 8 6,5 0,0 7 8 Mato Grosso 13 11 2,4 4,8 1 9 Goiás 283 27 6,1 1,9 2 42 Distrito Federal 394 0 4,",,2.0
Informe Semanal nº 10 - COE Dengue e outras Arboviroses - SE 1 a 16.pdf,15,localidade_uf,Goiás,tabela," 62 Mato Grosso do Sul 20 8 6,5 0,0 7 8 Mato Grosso 13 11 2,4 4,8 1 9 Goiás 283 27 6,1 1,9 2 42 Distrito Federal 394 0 4,0 0,0 1 3 Brasil 4.183 7",,2.0
Informe Semanal nº 10 - COE Dengue e outras Arboviroses - SE 1 a 16.pdf,15,localidade_uf,Distrito Federal,tabela,"8 6,5 0,0 7 8 Mato Grosso 13 11 2,4 4,8 1 9 Goiás 283 27 6,1 1,9 2 42 Distrito Federal 394 0 4,0 0,0 1 3 Brasil 4.183 703 6,2 4,0 250 714 FONTE:SinanOn-line",,1.0
Informe Semanal nº 11 - COE Dengue e outras Arboviroses - SE 1 a 17 - 13 de maio.pdf,2,localidade_regiao,Sudeste,narrativa," Geográficas que apresentam os maiores coeficientes de incidência são Sudeste, Centro-Oeste e Sul. Entre as Unidades Federativas (UF), São Paulo, A",,1.0
Informe Semanal nº 11 - COE Dengue e outras Arboviroses - SE 1 a 17 - 13 de maio.pdf,2,localidade_regiao,Centro-Oeste,narrativa,"cas que apresentam os maiores coeficientes de incidência são Sudeste, Centro-Oeste e Sul. Entre as Unidades Federativas (UF), São Paulo, Acre, Paraná, G",,1.0
Informe Semanal nº 11 - COE Dengue e outras Arboviroses - SE 1 a 17 - 13 de maio.pdf,2,localidade_regiao,Sul,narrativa,"tam os maiores coeficientes de incidência são Sudeste, Centro-Oeste e Sul. Entre as Unidades Federativas (UF), São Paulo, Acre, Paraná, Goiás e",,1.0
Informe Semanal nº 11 - COE Dengue e outras Arboviroses - SE 1 a 17 - 13 de maio.pdf,2,localidade_uf,São Paulo,narrativa," são Sudeste, Centro-Oeste e Sul. Entre as Unidades Federativas (UF), São Paulo, Acre, Paraná, Goiás e Mato Grosso apresentam as maiores incidências.",,2.0
Informe Semanal nº 11 - COE Dengue e outras Arboviroses - SE 1 a 17 - 13 de maio.pdf,2,localidade_uf,Acre,narrativa,"e, Centro-Oeste e Sul. Entre as Unidades Federativas (UF), São Paulo, Acre, Paraná, Goiás e Mato Grosso apresentam as maiores incidências. Os ma",,1.0
Informe Semanal nº 11 - COE Dengue e outras Arboviroses - SE 1 a 17 - 13 de maio.pdf,2,localidade_uf,Paraná,narrativa,"tro-Oeste e Sul. Entre as Unidades Federativas (UF), São Paulo, Acre, Paraná, Goiás e Mato Grosso apresentam as maiores incidências. Os maiores nú",,3.0
Informe Semanal nº 11 - COE Dengue e outras Arboviroses - SE 1 a 17 - 13 de maio.pdf,2,localidade_uf,Goiás,narrativa,"e e Sul. Entre as Unidades Federativas (UF), São Paulo, Acre, Paraná, Goiás e Mato Grosso apresentam as maiores incidências. Os maiores números d",,2.0
Informe Semanal nº 11 - COE Dengue e outras Arboviroses - SE 1 a 17 - 13 de maio.pdf,2,localidade_uf,Mato Grosso,narrativa," Entre as Unidades Federativas (UF), São Paulo, Acre, Paraná, Goiás e Mato Grosso apresentam as maiores incidências. Os maiores números de casos graves",,2.0
Informe Semanal nº 11 - COE Dengue e outras Arboviroses - SE 1 a 17 - 13 de maio.pdf,2,localidade_regiao,Sudeste,narrativa,"dências. Os maiores números de casos graves concentram-se nas regiões Sudeste, Centro-Oeste e Sul. A maior parte dos óbitos está na região Sudeste.",,1.0
Informe Semanal nº 11 - COE Dengue e outras Arboviroses - SE 1 a 17 - 13 de maio.pdf,2,localidade_regiao,Centro-Oeste,narrativa,"Os maiores números de casos graves concentram-se nas regiões Sudeste, Centro-Oeste e Sul. A maior parte dos óbitos está na região Sudeste. Foram confirm",,1.0
Informe Semanal nº 11 - COE Dengue e outras Arboviroses - SE 1 a 17 - 13 de maio.pdf,2,localidade_regiao,Sul,narrativa,"ros de casos graves concentram-se nas regiões Sudeste, Centro-Oeste e Sul. A maior parte dos óbitos está na região Sudeste. Foram confirmados 7",,1.0
Informe Semanal nº 11 - COE Dengue e outras Arboviroses - SE 1 a 17 - 13 de maio.pdf,2,localidade_regiao,Sudeste,narrativa," Sudeste, Centro-Oeste e Sul. A maior parte dos óbitos está na região Sudeste. Foram confirmados 772 óbitos no período, e 775 estão em investigação",,1.0
Informe Semanal nº 11 - COE Dengue e outras Arboviroses - SE 1 a 17 - 13 de maio.pdf,2,localidade_uf,Minas Gerais,narrativa,"re de 2024. DENV-4 (vírus selvagem) foi detectado em duas amostras de Minas Gerais e três de São Paulo. Outras detecções de DENV-4 em Minas Gerais, Mato",,1.0
Informe Semanal nº 11 - COE Dengue e outras Arboviroses - SE 1 a 17 - 13 de maio.pdf,2,localidade_uf,São Paulo,narrativa,"us selvagem) foi detectado em duas amostras de Minas Gerais e três de São Paulo. Outras detecções de DENV-4 em Minas Gerais, Mato Grosso do Sul, São ",,2.0
Informe Semanal nº 11 - COE Dengue e outras Arboviroses - SE 1 a 17 - 13 de maio.pdf,2,localidade_uf,Minas Gerais,narrativa,"as de Minas Gerais e três de São Paulo. Outras detecções de DENV-4 em Minas Gerais, Mato Grosso do Sul, São Paulo e Roraima estão em análise. O coeficie",,1.0
Informe Semanal nº 11 - COE Dengue e outras Arboviroses - SE 1 a 17 - 13 de maio.pdf,2,localidade_uf,Mato Grosso do Sul,narrativa,"rais e três de São Paulo. Outras detecções de DENV-4 em Minas Gerais, Mato Grosso do Sul, São Paulo e Roraima estão em análise. O coeficiente de incidência de",,1.0
Informe Semanal nº 11 - COE Dengue e outras Arboviroses - SE 1 a 17 - 13 de maio.pdf,2,localidade_uf,São Paulo,narrativa,"aulo. Outras detecções de DENV-4 em Minas Gerais, Mato Grosso do Sul, São Paulo e Roraima estão em análise. O coeficiente de incidência de dengue no ",,2.0
Informe Semanal nº 11 - COE Dengue e outras Arboviroses - SE 1 a 17 - 13 de maio.pdf,2,localidade_uf,Roraima,narrativa," detecções de DENV-4 em Minas Gerais, Mato Grosso do Sul, São Paulo e Roraima estão em análise. O coeficiente de incidência de dengue no Brasil enc",,1.0
Informe Semanal nº 11 - COE Dengue e outras Arboviroses - SE 1 a 17 - 13 de maio.pdf,14,localidade_regiao,Norte,tabela,"de incidência Região/UF SE 01 aSE 17 SE 01 aSE 17 2024 2025 2024 2025 Norte 36.861 30.097 212,5 173,5 Rondônia 4.487 1.900 283,8 120,2 Acre 3.564",,1.0
Informe Semanal nº 11 - COE Dengue e outras Arboviroses - SE 1 a 17 - 13 de maio.pdf,14,localidade_uf,Rondônia,tabela,"E 17 SE 01 aSE 17 2024 2025 2024 2025 Norte 36.861 30.097 212,5 173,5 Rondônia 4.487 1.900 283,8 120,2 Acre 3.564 7.852 429,4 946,0 Amazonas 5.903 3",,1.0
Informe Semanal nº 11 - COE Dengue e outras Arboviroses - SE 1 a 17 - 13 de maio.pdf,14,localidade_uf,Acre,tabela,"2025 Norte 36.861 30.097 212,5 173,5 Rondônia 4.487 1.900 283,8 120,2 Acre 3.564 7.852 429,4 946,0 Amazonas 5.903 3.965 149,8 100,6 Roraima 177 ",,1.0
Informe Semanal nº 11 - COE Dengue e outras Arboviroses - SE 1 a 17 - 13 de maio.pdf,14,localidade_uf,Amazonas,tabela,"5 173,5 Rondônia 4.487 1.900 283,8 120,2 Acre 3.564 7.852 429,4 946,0 Amazonas 5.903 3.965 149,8 100,6 Roraima 177 166 27,8 26,1 Pará 13.732 12.273 ",,1.0
Informe Semanal nº 11 - COE Dengue e outras Arboviroses - SE 1 a 17 - 13 de maio.pdf,14,localidade_uf,Roraima,tabela,"8 120,2 Acre 3.564 7.852 429,4 946,0 Amazonas 5.903 3.965 149,8 100,6 Roraima 177 166 27,8 26,1 Pará 13.732 12.273 169,2 151,2 Amapá 6.068 1.236 82",,1.0
Informe Semanal nº 11 - COE Dengue e outras Arboviroses - SE 1 a 17 - 13 de maio.pdf,14,localidade_uf,Pará,tabela,"29,4 946,0 Amazonas 5.903 3.965 149,8 100,6 Roraima 177 166 27,8 26,1 Pará 13.732 12.273 169,2 151,2 Amapá 6.068 1.236 827,3 168,5 Tocantins 2.9",,1.0
Informe Semanal nº 11 - COE Dengue e outras Arboviroses - SE 1 a 17 - 13 de maio.pdf,14,localidade_uf,Amapá,tabela," 149,8 100,6 Roraima 177 166 27,8 26,1 Pará 13.732 12.273 169,2 151,2 Amapá 6.068 1.236 827,3 168,5 Tocantins 2.930 2.705 193,9 179,0 Nordeste 23",,2.0
Informe Semanal nº 11 - COE Dengue e outras Arboviroses - SE 1 a 17 - 13 de maio.pdf,14,localidade_uf,Tocantins,tabela,"7,8 26,1 Pará 13.732 12.273 169,2 151,2 Amapá 6.068 1.236 827,3 168,5 Tocantins 2.930 2.705 193,9 179,0 Nordeste 236.959 41.814 433,6 76,5 Maranhão 8",,2.0
Informe Semanal nº 11 - COE Dengue e outras Arboviroses - SE 1 a 17 - 13 de maio.pdf,14,localidade_regiao,Nordeste,tabela,"151,2 Amapá 6.068 1.236 827,3 168,5 Tocantins 2.930 2.705 193,9 179,0 Nordeste 236.959 41.814 433,6 76,5 Maranhão 8.935 3.488 131,9 51,5 Piauí 8.970",,1.0
Informe Semanal nº 11 - COE Dengue e outras Arboviroses - SE 1 a 17 - 13 de maio.pdf,14,localidade_uf,Maranhão,tabela," Tocantins 2.930 2.705 193,9 179,0 Nordeste 236.959 41.814 433,6 76,5 Maranhão 8.935 3.488 131,9 51,5 Piauí 8.970 3.418 274,4 104,6 Ceará 6.468 3.00",,1.0
Informe Semanal nº 11 - COE Dengue e outras Arboviroses - SE 1 a 17 - 13 de maio.pdf,14,localidade_uf,Piauí,tabela,",0 Nordeste 236.959 41.814 433,6 76,5 Maranhão 8.935 3.488 131,9 51,5 Piauí 8.970 3.418 274,4 104,6 Ceará 6.468 3.003 73,6 34,2 Rio Grande do Nor",,1.0
Informe Semanal nº 11 - COE Dengue e outras Arboviroses - SE 1 a 17 - 13 de maio.pdf,14,localidade_uf,Ceará,tabela,",6 76,5 Maranhão 8.935 3.488 131,9 51,5 Piauí 8.970 3.418 274,4 104,6 Ceará 6.468 3.003 73,6 34,2 Rio Grande do Norte 10.704 3.524 324,1 106,7 Pa",,1.0
Informe Semanal nº 11 - COE Dengue e outras Arboviroses - SE 1 a 17 - 13 de maio.pdf,14,localidade_uf,Rio Grande do Norte,tabela," 131,9 51,5 Piauí 8.970 3.418 274,4 104,6 Ceará 6.468 3.003 73,6 34,2 Rio Grande do Norte 10.704 3.524 324,1 106,7 Paraíba 8.714 3.382 219,2 85,1 Pernambuco 11",,1.0
Informe Semanal nº 11 - COE Dengue e outras Arboviroses - SE 1 a 17 - 13 de maio.pdf,14,localidade_uf,Paraíba,tabela,"rá 6.468 3.003 73,6 34,2 Rio Grande do Norte 10.704 3.524 324,1 106,7 Paraíba 8.714 3.382 219,2 85,1 Pernambuco 11.737 7.549 129,6 83,3 Alagoas 5.9",,1.0
Informe Semanal nº 11 - COE Dengue e outras Arboviroses - SE 1 a 17 - 13 de maio.pdf,14,localidade_uf,Pernambuco,tabela,"ande do Norte 10.704 3.524 324,1 106,7 Paraíba 8.714 3.382 219,2 85,1 Pernambuco 11.737 7.549 129,6 83,3 Alagoas 5.928 1.398 189,5 44,7 Sergipe 980 57",,1.0
Informe Semanal nº 11 - COE Dengue e outras Arboviroses - SE 1 a 17 - 13 de maio.pdf,14,localidade_uf,Alagoas,tabela,"6,7 Paraíba 8.714 3.382 219,2 85,1 Pernambuco 11.737 7.549 129,6 83,3 Alagoas 5.928 1.398 189,5 44,7 Sergipe 980 571 44,4 25,8 Bahia 174.523 15.481",,1.0
Informe Semanal nº 11 - COE Dengue e outras Arboviroses - SE 1 a 17 - 13 de maio.pdf,14,localidade_uf,Sergipe,tabela,"5,1 Pernambuco 11.737 7.549 129,6 83,3 Alagoas 5.928 1.398 189,5 44,7 Sergipe 980 571 44,4 25,8 Bahia 174.523 15.481 1.234,6 109,5 Sudeste 3.085.92",,1.0
Informe Semanal nº 11 - COE Dengue e outras Arboviroses - SE 1 a 17 - 13 de maio.pdf,14,localidade_uf,Bahia,tabela,"9 129,6 83,3 Alagoas 5.928 1.398 189,5 44,7 Sergipe 980 571 44,4 25,8 Bahia 174.523 15.481 1.234,6 109,5 Sudeste 3.085.928 813.796 3.637,0 959,1 ",,1.0
Informe Semanal nº 11 - COE Dengue e outras Arboviroses - SE 1 a 17 - 13 de maio.pdf,14,localidade_regiao,Sudeste,tabela,"9,5 44,7 Sergipe 980 571 44,4 25,8 Bahia 174.523 15.481 1.234,6 109,5 Sudeste 3.085.928 813.796 3.637,0 959,1 Minas Gerais 1.438.462 121.142 7.003,",,1.0
Informe Semanal nº 11 - COE Dengue e outras Arboviroses - SE 1 a 17 - 13 de maio.pdf,14,localidade_uf,Minas Gerais,tabela," 174.523 15.481 1.234,6 109,5 Sudeste 3.085.928 813.796 3.637,0 959,1 Minas Gerais 1.438.462 121.142 7.003,7 589,8 Espírito Santo 109.730 24.258 2.862,4",,1.0
Informe Semanal nº 11 - COE Dengue e outras Arboviroses - SE 1 a 17 - 13 de maio.pdf,14,localidade_uf,Espírito Santo,tabela,"28 813.796 3.637,0 959,1 Minas Gerais 1.438.462 121.142 7.003,7 589,8 Espírito Santo 109.730 24.258 2.862,4 632,8 Rio de Janeiro 253.134 21.628 1.576,7 13",,2.0
Informe Semanal nº 11 - COE Dengue e outras Arboviroses - SE 1 a 17 - 13 de maio.pdf,14,localidade_uf,Rio de Janeiro,tabela,"462 121.142 7.003,7 589,8 Espírito Santo 109.730 24.258 2.862,4 632,8 Rio de Janeiro 253.134 21.628 1.576,7 134,7 São Paulo 1.284.602 646.768 2.891,9 1.45",,2.0
Informe Semanal nº 11 - COE Dengue e outras Arboviroses - SE 1 a 17 - 13 de maio.pdf,14,localidade_uf,São Paulo,tabela,".730 24.258 2.862,4 632,8 Rio de Janeiro 253.134 21.628 1.576,7 134,7 São Paulo 1.284.602 646.768 2.891,9 1.456,0 Sul 852.074 151.075 2.846,6 504,7 P",,2.0
Informe Semanal nº 11 - COE Dengue e outras Arboviroses - SE 1 a 17 - 13 de maio.pdf,14,localidade_regiao,Sul,tabela,".134 21.628 1.576,7 134,7 São Paulo 1.284.602 646.768 2.891,9 1.456,0 Sul 852.074 151.075 2.846,6 504,7 Paraná 459.675 91.579 4.017,0 800,3 San",,1.0
Informe Semanal nº 11 - COE Dengue e outras Arboviroses - SE 1 a 17 - 13 de maio.pdf,14,localidade_uf,Paraná,tabela,"o 1.284.602 646.768 2.891,9 1.456,0 Sul 852.074 151.075 2.846,6 504,7 Paraná 459.675 91.579 4.017,0 800,3 Santa Catarina 235.421 18.238 3.093,7 23",,3.0
Informe Semanal nº 11 - COE Dengue e outras Arboviroses - SE 1 a 17 - 13 de maio.pdf,14,localidade_uf,Santa Catarina,tabela,"Sul 852.074 151.075 2.846,6 504,7 Paraná 459.675 91.579 4.017,0 800,3 Santa Catarina 235.421 18.238 3.093,7 239,7 Rio Grande do Sul 156.978 41.258 1.442,7",,1.0
Informe Semanal nº 11 - COE Dengue e outras Arboviroses - SE 1 a 17 - 13 de maio.pdf,14,localidade_uf,Rio Grande do Sul,tabela,".675 91.579 4.017,0 800,3 Santa Catarina 235.421 18.238 3.093,7 239,7 Rio Grande do Sul 156.978 41.258 1.442,7 379,2 Centro-Oeste 525.625 93.504 3.227,1 574,",,1.0
Informe Semanal nº 11 - COE Dengue e outras Arboviroses - SE 1 a 17 - 13 de maio.pdf,14,localidade_regiao,Centro-Oeste,tabela,"1 18.238 3.093,7 239,7 Rio Grande do Sul 156.978 41.258 1.442,7 379,2 Centro-Oeste 525.625 93.504 3.227,1 574,1 Mato Grosso do Sul 13.345 10.137 484,1 3",,1.0
Informe Semanal nº 11 - COE Dengue e outras Arboviroses - SE 1 a 17 - 13 de maio.pdf,14,localidade_uf,Mato Grosso do Sul,tabela,"56.978 41.258 1.442,7 379,2 Centro-Oeste 525.625 93.504 3.227,1 574,1 Mato Grosso do Sul 13.345 10.137 484,1 367,7 Mato Grosso 25.176 25.002 688,1 683,3 Goiás",,1.0
Informe Semanal nº 11 - COE Dengue e outras Arboviroses - SE 1 a 17 - 13 de maio.pdf,14,localidade_uf,Mato Grosso,tabela,"625 93.504 3.227,1 574,1 Mato Grosso do Sul 13.345 10.137 484,1 367,7 Mato Grosso 25.176 25.002 688,1 683,3 Goiás 234.071 51.970 3.317,7 736,6 Distrito",,2.0
Informe Semanal nº 11 - COE Dengue e outras Arboviroses - SE 1 a 17 - 13 de maio.pdf,14,localidade_uf,Goiás,tabela,"o Sul 13.345 10.137 484,1 367,7 Mato Grosso 25.176 25.002 688,1 683,3 Goiás 234.071 51.970 3.317,7 736,6 Distrito Federal 253.033 6.395 8.982,1 2",,2.0
Informe Semanal nº 11 - COE Dengue e outras Arboviroses - SE 1 a 17 - 13 de maio.pdf,14,localidade_uf,Distrito Federal,tabela,"o Grosso 25.176 25.002 688,1 683,3 Goiás 234.071 51.970 3.317,7 736,6 Distrito Federal 253.033 6.395 8.982,1 227,0 Brasil 4.737.447 1.130.286 2.333,0 556,6 ",,1.0
Informe Semanal nº 11 - COE Dengue e outras Arboviroses - SE 1 a 17 - 13 de maio.pdf,15,localidade_regiao,Norte,tabela,de alarme (n) SE 01 aSE 17 SE 01 aSE 17 Região/UF 2024 2025 2024 2025 Norte 58 28 498 293 Rondônia 5 1 20 10 Acre 2 1 5 35 Amazonas 11 2 61 7 Ror,,1.0
Informe Semanal nº 11 - COE Dengue e outras Arboviroses - SE 1 a 17 - 13 de maio.pdf,15,localidade_uf,Rondônia,tabela,aSE 17 SE 01 aSE 17 Região/UF 2024 2025 2024 2025 Norte 58 28 498 293 Rondônia 5 1 20 10 Acre 2 1 5 35 Amazonas 11 2 61 7 Roraima 0 2 1 1 Pará 26 18,,1.0
Informe Semanal nº 11 - COE Dengue e outras Arboviroses - SE 1 a 17 - 13 de maio.pdf,15,localidade_uf,Acre,tabela, Região/UF 2024 2025 2024 2025 Norte 58 28 498 293 Rondônia 5 1 20 10 Acre 2 1 5 35 Amazonas 11 2 61 7 Roraima 0 2 1 1 Pará 26 18 235 215 Amapá ,,1.0
Informe Semanal nº 11 - COE Dengue e outras Arboviroses - SE 1 a 17 - 13 de maio.pdf,15,localidade_uf,Amazonas,tabela,4 2025 2024 2025 Norte 58 28 498 293 Rondônia 5 1 20 10 Acre 2 1 5 35 Amazonas 11 2 61 7 Roraima 0 2 1 1 Pará 26 18 235 215 Amapá 9 4 134 15 Tocanti,,1.0
Informe Semanal nº 11 - COE Dengue e outras Arboviroses - SE 1 a 17 - 13 de maio.pdf,15,localidade_uf,Roraima,tabela,rte 58 28 498 293 Rondônia 5 1 20 10 Acre 2 1 5 35 Amazonas 11 2 61 7 Roraima 0 2 1 1 Pará 26 18 235 215 Amapá 9 4 134 15 Tocantins 5 0 42 10 Norde,,1.0
Informe Semanal nº 11 - COE Dengue e outras Arboviroses - SE 1 a 17 - 13 de maio.pdf,15,localidade_uf,Pará,tabela,3 Rondônia 5 1 20 10 Acre 2 1 5 35 Amazonas 11 2 61 7 Roraima 0 2 1 1 Pará 26 18 235 215 Amapá 9 4 134 15 Tocantins 5 0 42 10 Nordeste 526 47 5.,,1.0
Informe Semanal nº 11 - COE Dengue e outras Arboviroses - SE 1 a 17 - 13 de maio.pdf,15,localidade_uf,Amapá,tabela,0 Acre 2 1 5 35 Amazonas 11 2 61 7 Roraima 0 2 1 1 Pará 26 18 235 215 Amapá 9 4 134 15 Tocantins 5 0 42 10 Nordeste 526 47 5.021 472 Maranhão 12 ,,2.0
Informe Semanal nº 11 - COE Dengue e outras Arboviroses - SE 1 a 17 - 13 de maio.pdf,15,localidade_uf,Tocantins,tabela,mazonas 11 2 61 7 Roraima 0 2 1 1 Pará 26 18 235 215 Amapá 9 4 134 15 Tocantins 5 0 42 10 Nordeste 526 47 5.021 472 Maranhão 12 4 136 31 Piauí 27 16 ,,2.0
Informe Semanal nº 11 - COE Dengue e outras Arboviroses - SE 1 a 17 - 13 de maio.pdf,15,localidade_regiao,Nordeste,tabela,raima 0 2 1 1 Pará 26 18 235 215 Amapá 9 4 134 15 Tocantins 5 0 42 10 Nordeste 526 47 5.021 472 Maranhão 12 4 136 31 Piauí 27 16 245 80 Ceará 4 2 73,,1.0
Informe Semanal nº 11 - COE Dengue e outras Arboviroses - SE 1 a 17 - 13 de maio.pdf,15,localidade_uf,Maranhão,tabela,35 215 Amapá 9 4 134 15 Tocantins 5 0 42 10 Nordeste 526 47 5.021 472 Maranhão 12 4 136 31 Piauí 27 16 245 80 Ceará 4 2 73 13 Rio Grande do Norte 8 ,,1.0
Informe Semanal nº 11 - COE Dengue e outras Arboviroses - SE 1 a 17 - 13 de maio.pdf,15,localidade_uf,Piauí,tabela,15 Tocantins 5 0 42 10 Nordeste 526 47 5.021 472 Maranhão 12 4 136 31 Piauí 27 16 245 80 Ceará 4 2 73 13 Rio Grande do Norte 8 1 100 18 Paraíba 4,,1.0
Informe Semanal nº 11 - COE Dengue e outras Arboviroses - SE 1 a 17 - 13 de maio.pdf,15,localidade_uf,Ceará,tabela, 10 Nordeste 526 47 5.021 472 Maranhão 12 4 136 31 Piauí 27 16 245 80 Ceará 4 2 73 13 Rio Grande do Norte 8 1 100 18 Paraíba 4 0 117 10 Pernambuc,,1.0
Informe Semanal nº 11 - COE Dengue e outras Arboviroses - SE 1 a 17 - 13 de maio.pdf,15,localidade_uf,Rio Grande do Norte,tabela, 47 5.021 472 Maranhão 12 4 136 31 Piauí 27 16 245 80 Ceará 4 2 73 13 Rio Grande do Norte 8 1 100 18 Paraíba 4 0 117 10 Pernambuco 12 2 88 35 Alagoas 12 4 126 ,,1.0
Informe Semanal nº 11 - COE Dengue e outras Arboviroses - SE 1 a 17 - 13 de maio.pdf,15,localidade_uf,Paraíba,tabela, 31 Piauí 27 16 245 80 Ceará 4 2 73 13 Rio Grande do Norte 8 1 100 18 Paraíba 4 0 117 10 Pernambuco 12 2 88 35 Alagoas 12 4 126 16 Sergipe 3 1 34 1,,1.0
Informe Semanal nº 11 - COE Dengue e outras Arboviroses - SE 1 a 17 - 13 de maio.pdf,15,localidade_uf,Pernambuco,tabela, 80 Ceará 4 2 73 13 Rio Grande do Norte 8 1 100 18 Paraíba 4 0 117 10 Pernambuco 12 2 88 35 Alagoas 12 4 126 16 Sergipe 3 1 34 13 Bahia 444 17 4102 25,,1.0
Informe Semanal nº 11 - COE Dengue e outras Arboviroses - SE 1 a 17 - 13 de maio.pdf,15,localidade_uf,Alagoas,tabela,o Grande do Norte 8 1 100 18 Paraíba 4 0 117 10 Pernambuco 12 2 88 35 Alagoas 12 4 126 16 Sergipe 3 1 34 13 Bahia 444 17 4102 256 Sudeste 3.246 974,,1.0
Informe Semanal nº 11 - COE Dengue e outras Arboviroses - SE 1 a 17 - 13 de maio.pdf,15,localidade_uf,Sergipe,tabela,1 100 18 Paraíba 4 0 117 10 Pernambuco 12 2 88 35 Alagoas 12 4 126 16 Sergipe 3 1 34 13 Bahia 444 17 4102 256 Sudeste 3.246 974 31.144 12.862 Minas,,1.0
Informe Semanal nº 11 - COE Dengue e outras Arboviroses - SE 1 a 17 - 13 de maio.pdf,15,localidade_uf,Bahia,tabela, 0 117 10 Pernambuco 12 2 88 35 Alagoas 12 4 126 16 Sergipe 3 1 34 13 Bahia 444 17 4102 256 Sudeste 3.246 974 31.144 12.862 Minas Gerais 1.477 12,,1.0
Informe Semanal nº 11 - COE Dengue e outras Arboviroses - SE 1 a 17 - 13 de maio.pdf,15,localidade_regiao,Sudeste,tabela,2 2 88 35 Alagoas 12 4 126 16 Sergipe 3 1 34 13 Bahia 444 17 4102 256 Sudeste 3.246 974 31.144 12.862 Minas Gerais 1.477 124 12.779 1.301 Espírito ,,1.0
Informe Semanal nº 11 - COE Dengue e outras Arboviroses - SE 1 a 17 - 13 de maio.pdf,15,localidade_uf,Minas Gerais,tabela,rgipe 3 1 34 13 Bahia 444 17 4102 256 Sudeste 3.246 974 31.144 12.862 Minas Gerais 1.477 124 12.779 1.301 Espírito Santo 80 6 1.816 307 Rio de Janeiro 1,,1.0
Informe Semanal nº 11 - COE Dengue e outras Arboviroses - SE 1 a 17 - 13 de maio.pdf,15,localidade_uf,Espírito Santo,tabela,6 Sudeste 3.246 974 31.144 12.862 Minas Gerais 1.477 124 12.779 1.301 Espírito Santo 80 6 1.816 307 Rio de Janeiro 192 20 3.693 258 São Paulo 1.497 824 12,,2.0
Informe Semanal nº 11 - COE Dengue e outras Arboviroses - SE 1 a 17 - 13 de maio.pdf,15,localidade_uf,Rio de Janeiro,tabela,862 Minas Gerais 1.477 124 12.779 1.301 Espírito Santo 80 6 1.816 307 Rio de Janeiro 192 20 3.693 258 São Paulo 1.497 824 12.856 10.996 Sul 1.086 114 14.9,,2.0
Informe Semanal nº 11 - COE Dengue e outras Arboviroses - SE 1 a 17 - 13 de maio.pdf,15,localidade_uf,São Paulo,tabela,9 1.301 Espírito Santo 80 6 1.816 307 Rio de Janeiro 192 20 3.693 258 São Paulo 1.497 824 12.856 10.996 Sul 1.086 114 14.927 2.447 Paraná 524 95 8.69,,2.0
Informe Semanal nº 11 - COE Dengue e outras Arboviroses - SE 1 a 17 - 13 de maio.pdf,15,localidade_regiao,Sul,tabela,307 Rio de Janeiro 192 20 3.693 258 São Paulo 1.497 824 12.856 10.996 Sul 1.086 114 14.927 2.447 Paraná 524 95 8.695 2.056 Santa Catarina 268 7,,1.0
Informe Semanal nº 11 - COE Dengue e outras Arboviroses - SE 1 a 17 - 13 de maio.pdf,15,localidade_uf,Paraná,tabela,.693 258 São Paulo 1.497 824 12.856 10.996 Sul 1.086 114 14.927 2.447 Paraná 524 95 8.695 2.056 Santa Catarina 268 7 4.371 116 Rio Grande do Sul 2,,3.0
Informe Semanal nº 11 - COE Dengue e outras Arboviroses - SE 1 a 17 - 13 de maio.pdf,15,localidade_uf,Santa Catarina,tabela,24 12.856 10.996 Sul 1.086 114 14.927 2.447 Paraná 524 95 8.695 2.056 Santa Catarina 268 7 4.371 116 Rio Grande do Sul 294 12 1.861 275 Centro-Oeste 980 1,,1.0
Informe Semanal nº 11 - COE Dengue e outras Arboviroses - SE 1 a 17 - 13 de maio.pdf,15,localidade_uf,Rio Grande do Sul,tabela,14.927 2.447 Paraná 524 95 8.695 2.056 Santa Catarina 268 7 4.371 116 Rio Grande do Sul 294 12 1.861 275 Centro-Oeste 980 114 15.089 1.853 Mato Grosso do Sul,,1.0
Informe Semanal nº 11 - COE Dengue e outras Arboviroses - SE 1 a 17 - 13 de maio.pdf,15,localidade_regiao,Centro-Oeste,tabela,056 Santa Catarina 268 7 4.371 116 Rio Grande do Sul 294 12 1.861 275 Centro-Oeste 980 114 15.089 1.853 Mato Grosso do Sul 27 14 317 168 Mato Grosso 49 ,,1.0
Informe Semanal nº 11 - COE Dengue e outras Arboviroses - SE 1 a 17 - 13 de maio.pdf,15,localidade_uf,Mato Grosso do Sul,tabela, Rio Grande do Sul 294 12 1.861 275 Centro-Oeste 980 114 15.089 1.853 Mato Grosso do Sul 27 14 317 168 Mato Grosso 49 29 520 211 Goiás 457 71 4686 1461 Distri,,1.0
Informe Semanal nº 11 - COE Dengue e outras Arboviroses - SE 1 a 17 - 13 de maio.pdf,15,localidade_uf,Mato Grosso,tabela,75 Centro-Oeste 980 114 15.089 1.853 Mato Grosso do Sul 27 14 317 168 Mato Grosso 49 29 520 211 Goiás 457 71 4686 1461 Distrito Federal 447 0 9566 13 B,,2.0
Informe Semanal nº 11 - COE Dengue e outras Arboviroses - SE 1 a 17 - 13 de maio.pdf,15,localidade_uf,Goiás,tabela,.089 1.853 Mato Grosso do Sul 27 14 317 168 Mato Grosso 49 29 520 211 Goiás 457 71 4686 1461 Distrito Federal 447 0 9566 13 Brasil 5.896 1.277 66,,2.0
Informe Semanal nº 11 - COE Dengue e outras Arboviroses - SE 1 a 17 - 13 de maio.pdf,15,localidade_uf,Distrito Federal,tabela,do Sul 27 14 317 168 Mato Grosso 49 29 520 211 Goiás 457 71 4686 1461 Distrito Federal 447 0 9566 13 Brasil 5.896 1.277 66.679 17.927 FONTE:SinanOn-lineeE-S,,1.0
Informe Semanal nº 11 - COE Dengue e outras Arboviroses - SE 1 a 17 - 13 de maio.pdf,16,localidade_regiao,Norte,tabela," SE 01 aSE 17 SE 01 aSE 17 SE 01 aSE 17 2024 2025 2024 2025 2024 2025 Norte 26 28 4,7 8,7 1 11 Rondônia 5 0 20,0 0,0 0 0 Acre 0 3 0,0 0,0 0 0 Ama",,1.0
Informe Semanal nº 11 - COE Dengue e outras Arboviroses - SE 1 a 17 - 13 de maio.pdf,16,localidade_uf,Rondônia,tabela,"7 SE 01 aSE 17 2024 2025 2024 2025 2024 2025 Norte 26 28 4,7 8,7 1 11 Rondônia 5 0 20,0 0,0 0 0 Acre 0 3 0,0 0,0 0 0 Amazonas 5 1 6,9 11,1 0 0 Rorai",,1.0
Informe Semanal nº 11 - COE Dengue e outras Arboviroses - SE 1 a 17 - 13 de maio.pdf,16,localidade_uf,Acre,tabela,"024 2025 2024 2025 Norte 26 28 4,7 8,7 1 11 Rondônia 5 0 20,0 0,0 0 0 Acre 0 3 0,0 0,0 0 0 Amazonas 5 1 6,9 11,1 0 0 Roraima 0 2 0,0 0,0 0 0 Par",,1.0
Informe Semanal nº 11 - COE Dengue e outras Arboviroses - SE 1 a 17 - 13 de maio.pdf,16,localidade_uf,Amazonas,tabela,"rte 26 28 4,7 8,7 1 11 Rondônia 5 0 20,0 0,0 0 0 Acre 0 3 0,0 0,0 0 0 Amazonas 5 1 6,9 11,1 0 0 Roraima 0 2 0,0 0,0 0 0 Pará 6 19 2,3 0,0 1 10 Amapá",,1.0
Informe Semanal nº 11 - COE Dengue e outras Arboviroses - SE 1 a 17 - 13 de maio.pdf,16,localidade_uf,Roraima,tabela,"dônia 5 0 20,0 0,0 0 0 Acre 0 3 0,0 0,0 0 0 Amazonas 5 1 6,9 11,1 0 0 Roraima 0 2 0,0 0,0 0 0 Pará 6 19 2,3 0,0 1 10 Amapá 7 3 4,9 0,0 0 1 Tocantin",,1.0
Informe Semanal nº 11 - COE Dengue e outras Arboviroses - SE 1 a 17 - 13 de maio.pdf,16,localidade_uf,Pará,tabela,"cre 0 3 0,0 0,0 0 0 Amazonas 5 1 6,9 11,1 0 0 Roraima 0 2 0,0 0,0 0 0 Pará 6 19 2,3 0,0 1 10 Amapá 7 3 4,9 0,0 0 1 Tocantins 3 0 6,4 0,0 0 0 Nor",,1.0
Informe Semanal nº 11 - COE Dengue e outras Arboviroses - SE 1 a 17 - 13 de maio.pdf,16,localidade_uf,Amapá,tabela,"zonas 5 1 6,9 11,1 0 0 Roraima 0 2 0,0 0,0 0 0 Pará 6 19 2,3 0,0 1 10 Amapá 7 3 4,9 0,0 0 1 Tocantins 3 0 6,4 0,0 0 0 Nordeste 183 18 3,3 3,5 27 ",,2.0
Informe Semanal nº 11 - COE Dengue e outras Arboviroses - SE 1 a 17 - 13 de maio.pdf,16,localidade_uf,Tocantins,tabela," Roraima 0 2 0,0 0,0 0 0 Pará 6 19 2,3 0,0 1 10 Amapá 7 3 4,9 0,0 0 1 Tocantins 3 0 6,4 0,0 0 0 Nordeste 183 18 3,3 3,5 27 44 Maranhão 4 1 2,7 0,0 4 ",,2.0
Informe Semanal nº 11 - COE Dengue e outras Arboviroses - SE 1 a 17 - 13 de maio.pdf,16,localidade_regiao,Nordeste,tabela,"ará 6 19 2,3 0,0 1 10 Amapá 7 3 4,9 0,0 0 1 Tocantins 3 0 6,4 0,0 0 0 Nordeste 183 18 3,3 3,5 27 44 Maranhão 4 1 2,7 0,0 4 8 Piauí 14 8 5,1 0,0 0 2 ",,1.0
Informe Semanal nº 11 - COE Dengue e outras Arboviroses - SE 1 a 17 - 13 de maio.pdf,16,localidade_uf,Maranhão,tabela,"3 4,9 0,0 0 1 Tocantins 3 0 6,4 0,0 0 0 Nordeste 183 18 3,3 3,5 27 44 Maranhão 4 1 2,7 0,0 4 8 Piauí 14 8 5,1 0,0 0 2 Ceará 2 0 2,6 0,0 0 0 Rio Gran",,1.0
Informe Semanal nº 11 - COE Dengue e outras Arboviroses - SE 1 a 17 - 13 de maio.pdf,16,localidade_uf,Piauí,tabela," 0 6,4 0,0 0 0 Nordeste 183 18 3,3 3,5 27 44 Maranhão 4 1 2,7 0,0 4 8 Piauí 14 8 5,1 0,0 0 2 Ceará 2 0 2,6 0,0 0 0 Rio Grande do Norte 2 0 1,9 0,",,1.0
Informe Semanal nº 11 - COE Dengue e outras Arboviroses - SE 1 a 17 - 13 de maio.pdf,16,localidade_uf,Ceará,tabela," 183 18 3,3 3,5 27 44 Maranhão 4 1 2,7 0,0 4 8 Piauí 14 8 5,1 0,0 0 2 Ceará 2 0 2,6 0,0 0 0 Rio Grande do Norte 2 0 1,9 0,0 1 2 Paraíba 6 1 5,0 0",,1.0
Informe Semanal nº 11 - COE Dengue e outras Arboviroses - SE 1 a 17 - 13 de maio.pdf,16,localidade_uf,Rio Grande do Norte,tabela,"Maranhão 4 1 2,7 0,0 4 8 Piauí 14 8 5,1 0,0 0 2 Ceará 2 0 2,6 0,0 0 0 Rio Grande do Norte 2 0 1,9 0,0 1 2 Paraíba 6 1 5,0 0,0 0 8 Pernambuco 9 2 9,0 0,0 3 12 A",,1.0
Informe Semanal nº 11 - COE Dengue e outras Arboviroses - SE 1 a 17 - 13 de maio.pdf,16,localidade_uf,Paraíba,tabela,"5,1 0,0 0 2 Ceará 2 0 2,6 0,0 0 0 Rio Grande do Norte 2 0 1,9 0,0 1 2 Paraíba 6 1 5,0 0,0 0 8 Pernambuco 9 2 9,0 0,0 3 12 Alagoas 6 0 4,3 0,0 0 1 S",,1.0
Informe Semanal nº 11 - COE Dengue e outras Arboviroses - SE 1 a 17 - 13 de maio.pdf,16,localidade_uf,Pernambuco,tabela,"6 0,0 0 0 Rio Grande do Norte 2 0 1,9 0,0 1 2 Paraíba 6 1 5,0 0,0 0 8 Pernambuco 9 2 9,0 0,0 3 12 Alagoas 6 0 4,3 0,0 0 1 Sergipe 3 1 8,1 0,0 0 1 Bahi",,1.0
Informe Semanal nº 11 - COE Dengue e outras Arboviroses - SE 1 a 17 - 13 de maio.pdf,16,localidade_uf,Alagoas,tabela,"e 2 0 1,9 0,0 1 2 Paraíba 6 1 5,0 0,0 0 8 Pernambuco 9 2 9,0 0,0 3 12 Alagoas 6 0 4,3 0,0 0 1 Sergipe 3 1 8,1 0,0 0 1 Bahia 137 5 3,0 1,8 19 10 Sud",,1.0
Informe Semanal nº 11 - COE Dengue e outras Arboviroses - SE 1 a 17 - 13 de maio.pdf,16,localidade_uf,Sergipe,tabela,"a 6 1 5,0 0,0 0 8 Pernambuco 9 2 9,0 0,0 3 12 Alagoas 6 0 4,3 0,0 0 1 Sergipe 3 1 8,1 0,0 0 1 Bahia 137 5 3,0 1,8 19 10 Sudeste 2.518 608 7,3 4,4 2",,1.0
Informe Semanal nº 11 - COE Dengue e outras Arboviroses - SE 1 a 17 - 13 de maio.pdf,16,localidade_uf,Bahia,tabela,"buco 9 2 9,0 0,0 3 12 Alagoas 6 0 4,3 0,0 0 1 Sergipe 3 1 8,1 0,0 0 1 Bahia 137 5 3,0 1,8 19 10 Sudeste 2.518 608 7,3 4,4 239 585 Minas Gerais 1.",,1.0
Informe Semanal nº 11 - COE Dengue e outras Arboviroses - SE 1 a 17 - 13 de maio.pdf,16,localidade_regiao,Sudeste,tabela,"oas 6 0 4,3 0,0 0 1 Sergipe 3 1 8,1 0,0 0 1 Bahia 137 5 3,0 1,8 19 10 Sudeste 2.518 608 7,3 4,4 239 585 Minas Gerais 1.008 57 7,1 4,0 228 81 Espíri",,1.0
Informe Semanal nº 11 - COE Dengue e outras Arboviroses - SE 1 a 17 - 13 de maio.pdf,16,localidade_uf,Minas Gerais,tabela,"1 0,0 0 1 Bahia 137 5 3,0 1,8 19 10 Sudeste 2.518 608 7,3 4,4 239 585 Minas Gerais 1.008 57 7,1 4,0 228 81 Espírito Santo 32 0 1,7 0,0 0 13 Rio de Janei",,1.0
Informe Semanal nº 11 - COE Dengue e outras Arboviroses - SE 1 a 17 - 13 de maio.pdf,16,localidade_uf,Espírito Santo,tabela,"udeste 2.518 608 7,3 4,4 239 585 Minas Gerais 1.008 57 7,1 4,0 228 81 Espírito Santo 32 0 1,7 0,0 0 13 Rio de Janeiro 186 8 4,8 2,9 0 4 São Paulo 1.292 54",,2.0
Informe Semanal nº 11 - COE Dengue e outras Arboviroses - SE 1 a 17 - 13 de maio.pdf,16,localidade_uf,Rio de Janeiro,tabela,"Minas Gerais 1.008 57 7,1 4,0 228 81 Espírito Santo 32 0 1,7 0,0 0 13 Rio de Janeiro 186 8 4,8 2,9 0 4 São Paulo 1.292 543 9,0 4,6 11 487 Sul 1.028 69 6,4",,2.0
Informe Semanal nº 11 - COE Dengue e outras Arboviroses - SE 1 a 17 - 13 de maio.pdf,16,localidade_uf,São Paulo,tabela," 81 Espírito Santo 32 0 1,7 0,0 0 13 Rio de Janeiro 186 8 4,8 2,9 0 4 São Paulo 1.292 543 9,0 4,6 11 487 Sul 1.028 69 6,4 2,7 1 68 Paraná 571 56 6,2 ",,2.0
Informe Semanal nº 11 - COE Dengue e outras Arboviroses - SE 1 a 17 - 13 de maio.pdf,16,localidade_regiao,Sul,tabela,"3 Rio de Janeiro 186 8 4,8 2,9 0 4 São Paulo 1.292 543 9,0 4,6 11 487 Sul 1.028 69 6,4 2,7 1 68 Paraná 571 56 6,2 2,6 0 51 Santa Catarina 253 6",,1.0
Informe Semanal nº 11 - COE Dengue e outras Arboviroses - SE 1 a 17 - 13 de maio.pdf,16,localidade_uf,Paraná,tabela," 2,9 0 4 São Paulo 1.292 543 9,0 4,6 11 487 Sul 1.028 69 6,4 2,7 1 68 Paraná 571 56 6,2 2,6 0 51 Santa Catarina 253 6 5,5 0,0 0 9 Rio Grande do Su",,3.0
Informe Semanal nº 11 - COE Dengue e outras Arboviroses - SE 1 a 17 - 13 de maio.pdf,16,localidade_uf,Santa Catarina,tabela,"3 9,0 4,6 11 487 Sul 1.028 69 6,4 2,7 1 68 Paraná 571 56 6,2 2,6 0 51 Santa Catarina 253 6 5,5 0,0 0 9 Rio Grande do Sul 204 7 9,5 2,4 1 8 Centro-Oeste 74",,1.0
Informe Semanal nº 11 - COE Dengue e outras Arboviroses - SE 1 a 17 - 13 de maio.pdf,16,localidade_uf,Rio Grande do Sul,tabela," 2,7 1 68 Paraná 571 56 6,2 2,6 0 51 Santa Catarina 253 6 5,5 0,0 0 9 Rio Grande do Sul 204 7 9,5 2,4 1 8 Centro-Oeste 745 49 4,6 2,5 11 67 Mato Grosso do Su",,1.0
Informe Semanal nº 11 - COE Dengue e outras Arboviroses - SE 1 a 17 - 13 de maio.pdf,16,localidade_regiao,Centro-Oeste,tabela," Santa Catarina 253 6 5,5 0,0 0 9 Rio Grande do Sul 204 7 9,5 2,4 1 8 Centro-Oeste 745 49 4,6 2,5 11 67 Mato Grosso do Sul 20 10 5,8 0,0 7 6 Mato Grosso",,1.0
Informe Semanal nº 11 - COE Dengue e outras Arboviroses - SE 1 a 17 - 13 de maio.pdf,16,localidade_uf,Mato Grosso do Sul,tabela,"Rio Grande do Sul 204 7 9,5 2,4 1 8 Centro-Oeste 745 49 4,6 2,5 11 67 Mato Grosso do Sul 20 10 5,8 0,0 7 6 Mato Grosso 13 12 2,3 5,0 1 9 Goiás 308 27 6,0 1,8 ",,1.0
Informe Semanal nº 11 - COE Dengue e outras Arboviroses - SE 1 a 17 - 13 de maio.pdf,16,localidade_uf,Mato Grosso,tabela,"entro-Oeste 745 49 4,6 2,5 11 67 Mato Grosso do Sul 20 10 5,8 0,0 7 6 Mato Grosso 13 12 2,3 5,0 1 9 Goiás 308 27 6,0 1,8 2 49 Distrito Federal 404 0 4,",,2.0
Informe Semanal nº 11 - COE Dengue e outras Arboviroses - SE 1 a 17 - 13 de maio.pdf,16,localidade_uf,Goiás,tabela,"67 Mato Grosso do Sul 20 10 5,8 0,0 7 6 Mato Grosso 13 12 2,3 5,0 1 9 Goiás 308 27 6,0 1,8 2 49 Distrito Federal 404 0 4,0 0,0 1 3 Brasil 4.500 7",,2.0
Informe Semanal nº 11 - COE Dengue e outras Arboviroses - SE 1 a 17 - 13 de maio.pdf,16,localidade_uf,Distrito Federal,tabela,"0 5,8 0,0 7 6 Mato Grosso 13 12 2,3 5,0 1 9 Goiás 308 27 6,0 1,8 2 49 Distrito Federal 404 0 4,0 0,0 1 3 Brasil 4.500 772 6,2 4,0 279 775 FONTE:SinanOn-line",,1.0
Informe Semanal nº 12 - COE Dengue e outras Arboviroses - SE 1 a 18 - 15 de maio.pdf,2,localidade_regiao,Sudeste,narrativa," Geográficas que apresentam os maiores coeficientes de incidência são Sudeste, Centro-Oeste e Sul. Entre as Unidades Federativas (UF), São Paulo, A",,1.0
Informe Semanal nº 12 - COE Dengue e outras Arboviroses - SE 1 a 18 - 15 de maio.pdf,2,localidade_regiao,Centro-Oeste,narrativa,"cas que apresentam os maiores coeficientes de incidência são Sudeste, Centro-Oeste e Sul. Entre as Unidades Federativas (UF), São Paulo, Acre Paraná, Go",,1.0
Informe Semanal nº 12 - COE Dengue e outras Arboviroses - SE 1 a 18 - 15 de maio.pdf,2,localidade_regiao,Sul,narrativa,"tam os maiores coeficientes de incidência são Sudeste, Centro-Oeste e Sul. Entre as Unidades Federativas (UF), São Paulo, Acre Paraná, Goiás e ",,1.0
Informe Semanal nº 12 - COE Dengue e outras Arboviroses - SE 1 a 18 - 15 de maio.pdf,2,localidade_uf,São Paulo,narrativa," são Sudeste, Centro-Oeste e Sul. Entre as Unidades Federativas (UF), São Paulo, Acre Paraná, Goiás e Mato Grosso apresentam as maiores incidências. ",,2.0
Informe Semanal nº 12 - COE Dengue e outras Arboviroses - SE 1 a 18 - 15 de maio.pdf,2,localidade_uf,Acre,narrativa,"e, Centro-Oeste e Sul. Entre as Unidades Federativas (UF), São Paulo, Acre Paraná, Goiás e Mato Grosso apresentam as maiores incidências. Os mai",,1.0
Informe Semanal nº 12 - COE Dengue e outras Arboviroses - SE 1 a 18 - 15 de maio.pdf,2,localidade_uf,Paraná,narrativa,"ntro-Oeste e Sul. Entre as Unidades Federativas (UF), São Paulo, Acre Paraná, Goiás e Mato Grosso apresentam as maiores incidências. Os maiores nú",,3.0
Informe Semanal nº 12 - COE Dengue e outras Arboviroses - SE 1 a 18 - 15 de maio.pdf,2,localidade_uf,Goiás,narrativa,"te e Sul. Entre as Unidades Federativas (UF), São Paulo, Acre Paraná, Goiás e Mato Grosso apresentam as maiores incidências. Os maiores números d",,2.0
Informe Semanal nº 12 - COE Dengue e outras Arboviroses - SE 1 a 18 - 15 de maio.pdf,2,localidade_uf,Mato Grosso,narrativa,". Entre as Unidades Federativas (UF), São Paulo, Acre Paraná, Goiás e Mato Grosso apresentam as maiores incidências. Os maiores números de casos graves",,2.0
Informe Semanal nº 12 - COE Dengue e outras Arboviroses - SE 1 a 18 - 15 de maio.pdf,2,localidade_regiao,Sudeste,narrativa,"dências. Os maiores números de casos graves concentram-se nas regiões Sudeste, Sul e Centro-Oeste. A maior parte dos óbitos está na região Sudeste.",,1.0
Informe Semanal nº 12 - COE Dengue e outras Arboviroses - SE 1 a 18 - 15 de maio.pdf,2,localidade_regiao,Sul,narrativa,"Os maiores números de casos graves concentram-se nas regiões Sudeste, Sul e Centro-Oeste. A maior parte dos óbitos está na região Sudeste. Fora",,1.0
Informe Semanal nº 12 - COE Dengue e outras Arboviroses - SE 1 a 18 - 15 de maio.pdf,2,localidade_regiao,Centro-Oeste,narrativa,"ores números de casos graves concentram-se nas regiões Sudeste, Sul e Centro-Oeste. A maior parte dos óbitos está na região Sudeste. Foram confirmados 8",,1.0
Informe Semanal nº 12 - COE Dengue e outras Arboviroses - SE 1 a 18 - 15 de maio.pdf,2,localidade_regiao,Sudeste,narrativa," Sudeste, Sul e Centro-Oeste. A maior parte dos óbitos está na região Sudeste. Foram confirmados 805 óbitos no período, e 807 estão em investigação",,1.0
Informe Semanal nº 12 - COE Dengue e outras Arboviroses - SE 1 a 18 - 15 de maio.pdf,2,localidade_uf,Minas Gerais,narrativa,"re de 2024. DENV-4 (vírus selvagem) foi detectado em duas amostras de Minas Gerais e três de São Paulo. Outras detecções de DENV-4 em Minas Gerais, Mato",,1.0
Informe Semanal nº 12 - COE Dengue e outras Arboviroses - SE 1 a 18 - 15 de maio.pdf,2,localidade_uf,São Paulo,narrativa,"us selvagem) foi detectado em duas amostras de Minas Gerais e três de São Paulo. Outras detecções de DENV-4 em Minas Gerais, Mato Grosso do Sul, São ",,2.0
Informe Semanal nº 12 - COE Dengue e outras Arboviroses - SE 1 a 18 - 15 de maio.pdf,2,localidade_uf,Minas Gerais,narrativa,"as de Minas Gerais e três de São Paulo. Outras detecções de DENV-4 em Minas Gerais, Mato Grosso do Sul, São Paulo e Roraima estão em análise. O coeficie",,1.0
Informe Semanal nº 12 - COE Dengue e outras Arboviroses - SE 1 a 18 - 15 de maio.pdf,2,localidade_uf,Mato Grosso do Sul,narrativa,"rais e três de São Paulo. Outras detecções de DENV-4 em Minas Gerais, Mato Grosso do Sul, São Paulo e Roraima estão em análise. O coeficiente de incidência de",,1.0
Informe Semanal nº 12 - COE Dengue e outras Arboviroses - SE 1 a 18 - 15 de maio.pdf,2,localidade_uf,São Paulo,narrativa,"aulo. Outras detecções de DENV-4 em Minas Gerais, Mato Grosso do Sul, São Paulo e Roraima estão em análise. O coeficiente de incidência de dengue no ",,2.0
Informe Semanal nº 12 - COE Dengue e outras Arboviroses - SE 1 a 18 - 15 de maio.pdf,2,localidade_uf,Roraima,narrativa," detecções de DENV-4 em Minas Gerais, Mato Grosso do Sul, São Paulo e Roraima estão em análise. O coeficiente de incidência de dengue no Brasil enc",,1.0
Informe Semanal nº 12 - COE Dengue e outras Arboviroses - SE 1 a 18 - 15 de maio.pdf,2,localidade_uf,Pará,narrativa,"g se encontra dentro do canal endêmico, mas acima da mediana de casos para o período e com tendência de redução de casos. Fonte: SinanOn-line (b",,1.0
Informe Semanal nº 12 - COE Dengue e outras Arboviroses - SE 1 a 18 - 15 de maio.pdf,13,localidade_regiao,Norte,tabela,"de incidência Região/UF SE 01 aSE 18 SE 01 aSE 18 2024 2025 2024 2025 Norte 38.079 31.231 219,5 180,0 Rondônia 4.564 2.280 288,7 144,2 Acre 3.627",,1.0
Informe Semanal nº 12 - COE Dengue e outras Arboviroses - SE 1 a 18 - 15 de maio.pdf,13,localidade_uf,Rondônia,tabela,"E 18 SE 01 aSE 18 2024 2025 2024 2025 Norte 38.079 31.231 219,5 180,0 Rondônia 4.564 2.280 288,7 144,2 Acre 3.627 7.996 437,0 963,3 Amazonas 6.001 4",,1.0
Informe Semanal nº 12 - COE Dengue e outras Arboviroses - SE 1 a 18 - 15 de maio.pdf,13,localidade_uf,Acre,tabela,"2025 Norte 38.079 31.231 219,5 180,0 Rondônia 4.564 2.280 288,7 144,2 Acre 3.627 7.996 437,0 963,3 Amazonas 6.001 4.099 152,3 104,0 Roraima 186 ",,1.0
Informe Semanal nº 12 - COE Dengue e outras Arboviroses - SE 1 a 18 - 15 de maio.pdf,13,localidade_uf,Amazonas,tabela,"5 180,0 Rondônia 4.564 2.280 288,7 144,2 Acre 3.627 7.996 437,0 963,3 Amazonas 6.001 4.099 152,3 104,0 Roraima 186 202 29,2 31,7 Pará 14.285 12.647 ",,1.0
Informe Semanal nº 12 - COE Dengue e outras Arboviroses - SE 1 a 18 - 15 de maio.pdf,13,localidade_uf,Roraima,tabela,"7 144,2 Acre 3.627 7.996 437,0 963,3 Amazonas 6.001 4.099 152,3 104,0 Roraima 186 202 29,2 31,7 Pará 14.285 12.647 176,0 155,8 Amapá 6.269 1.258 85",,1.0
Informe Semanal nº 12 - COE Dengue e outras Arboviroses - SE 1 a 18 - 15 de maio.pdf,13,localidade_uf,Pará,tabela,"37,0 963,3 Amazonas 6.001 4.099 152,3 104,0 Roraima 186 202 29,2 31,7 Pará 14.285 12.647 176,0 155,8 Amapá 6.269 1.258 854,7 171,5 Tocantins 3.1",,1.0
Informe Semanal nº 12 - COE Dengue e outras Arboviroses - SE 1 a 18 - 15 de maio.pdf,13,localidade_uf,Amapá,tabela," 152,3 104,0 Roraima 186 202 29,2 31,7 Pará 14.285 12.647 176,0 155,8 Amapá 6.269 1.258 854,7 171,5 Tocantins 3.147 2.749 208,2 181,9 Nordeste 25",,2.0
Informe Semanal nº 12 - COE Dengue e outras Arboviroses - SE 1 a 18 - 15 de maio.pdf,13,localidade_uf,Tocantins,tabela,"9,2 31,7 Pará 14.285 12.647 176,0 155,8 Amapá 6.269 1.258 854,7 171,5 Tocantins 3.147 2.749 208,2 181,9 Nordeste 251.775 44.804 460,8 82,0 Maranhão 9",,2.0
Informe Semanal nº 12 - COE Dengue e outras Arboviroses - SE 1 a 18 - 15 de maio.pdf,13,localidade_regiao,Nordeste,tabela,"155,8 Amapá 6.269 1.258 854,7 171,5 Tocantins 3.147 2.749 208,2 181,9 Nordeste 251.775 44.804 460,8 82,0 Maranhão 9.338 3.596 137,8 53,1 Piauí 9.522",,1.0
Informe Semanal nº 12 - COE Dengue e outras Arboviroses - SE 1 a 18 - 15 de maio.pdf,13,localidade_uf,Maranhão,tabela," Tocantins 3.147 2.749 208,2 181,9 Nordeste 251.775 44.804 460,8 82,0 Maranhão 9.338 3.596 137,8 53,1 Piauí 9.522 3.742 291,3 114,5 Ceará 7.120 3.43",,1.0
Informe Semanal nº 12 - COE Dengue e outras Arboviroses - SE 1 a 18 - 15 de maio.pdf,13,localidade_uf,Piauí,tabela,",9 Nordeste 251.775 44.804 460,8 82,0 Maranhão 9.338 3.596 137,8 53,1 Piauí 9.522 3.742 291,3 114,5 Ceará 7.120 3.438 81,0 39,1 Rio Grande do Nor",,1.0
Informe Semanal nº 12 - COE Dengue e outras Arboviroses - SE 1 a 18 - 15 de maio.pdf,13,localidade_uf,Ceará,tabela,",8 82,0 Maranhão 9.338 3.596 137,8 53,1 Piauí 9.522 3.742 291,3 114,5 Ceará 7.120 3.438 81,0 39,1 Rio Grande do Norte 11.200 4.004 339,1 121,2 Pa",,1.0
Informe Semanal nº 12 - COE Dengue e outras Arboviroses - SE 1 a 18 - 15 de maio.pdf,13,localidade_uf,Rio Grande do Norte,tabela," 137,8 53,1 Piauí 9.522 3.742 291,3 114,5 Ceará 7.120 3.438 81,0 39,1 Rio Grande do Norte 11.200 4.004 339,1 121,2 Paraíba 9.083 3.697 228,5 93,0 Pernambuco 12",,1.0
Informe Semanal nº 12 - COE Dengue e outras Arboviroses - SE 1 a 18 - 15 de maio.pdf,13,localidade_uf,Paraíba,tabela,"rá 7.120 3.438 81,0 39,1 Rio Grande do Norte 11.200 4.004 339,1 121,2 Paraíba 9.083 3.697 228,5 93,0 Pernambuco 12.586 7.859 138,9 86,8 Alagoas 6.4",,1.0
Informe Semanal nº 12 - COE Dengue e outras Arboviroses - SE 1 a 18 - 15 de maio.pdf,13,localidade_uf,Pernambuco,tabela,"ande do Norte 11.200 4.004 339,1 121,2 Paraíba 9.083 3.697 228,5 93,0 Pernambuco 12.586 7.859 138,9 86,8 Alagoas 6.459 1.529 206,5 48,9 Sergipe 1.030 ",,1.0
Informe Semanal nº 12 - COE Dengue e outras Arboviroses - SE 1 a 18 - 15 de maio.pdf,13,localidade_uf,Alagoas,tabela,"1,2 Paraíba 9.083 3.697 228,5 93,0 Pernambuco 12.586 7.859 138,9 86,8 Alagoas 6.459 1.529 206,5 48,9 Sergipe 1.030 586 46,6 26,5 Bahia 185.437 16.3",,1.0
Informe Semanal nº 12 - COE Dengue e outras Arboviroses - SE 1 a 18 - 15 de maio.pdf,13,localidade_uf,Sergipe,tabela,"3,0 Pernambuco 12.586 7.859 138,9 86,8 Alagoas 6.459 1.529 206,5 48,9 Sergipe 1.030 586 46,6 26,5 Bahia 185.437 16.353 1.311,8 115,7 Sudeste 3.297.",,1.0
Informe Semanal nº 12 - COE Dengue e outras Arboviroses - SE 1 a 18 - 15 de maio.pdf,13,localidade_uf,Bahia,tabela,"138,9 86,8 Alagoas 6.459 1.529 206,5 48,9 Sergipe 1.030 586 46,6 26,5 Bahia 185.437 16.353 1.311,8 115,7 Sudeste 3.297.120 855.261 3.886,0 1.008,",,1.0
Informe Semanal nº 12 - COE Dengue e outras Arboviroses - SE 1 a 18 - 15 de maio.pdf,13,localidade_regiao,Sudeste,tabela,"5 48,9 Sergipe 1.030 586 46,6 26,5 Bahia 185.437 16.353 1.311,8 115,7 Sudeste 3.297.120 855.261 3.886,0 1.008,0 Minas Gerais 1.492.267 127.388 7.26",,1.0
Informe Semanal nº 12 - COE Dengue e outras Arboviroses - SE 1 a 18 - 15 de maio.pdf,13,localidade_uf,Minas Gerais,tabela,"85.437 16.353 1.311,8 115,7 Sudeste 3.297.120 855.261 3.886,0 1.008,0 Minas Gerais 1.492.267 127.388 7.265,6 620,2 Espírito Santo 114.296 24.978 2.981,5",,1.0
Informe Semanal nº 12 - COE Dengue e outras Arboviroses - SE 1 a 18 - 15 de maio.pdf,13,localidade_uf,Espírito Santo,tabela," 855.261 3.886,0 1.008,0 Minas Gerais 1.492.267 127.388 7.265,6 620,2 Espírito Santo 114.296 24.978 2.981,5 651,6 Rio de Janeiro 261.028 22.577 1.625,9 14",,2.0
Informe Semanal nº 12 - COE Dengue e outras Arboviroses - SE 1 a 18 - 15 de maio.pdf,13,localidade_uf,Rio de Janeiro,tabela,"267 127.388 7.265,6 620,2 Espírito Santo 114.296 24.978 2.981,5 651,6 Rio de Janeiro 261.028 22.577 1.625,9 140,6 São Paulo 1.429.529 680.318 3.218,2 1.53",,2.0
Informe Semanal nº 12 - COE Dengue e outras Arboviroses - SE 1 a 18 - 15 de maio.pdf,13,localidade_uf,São Paulo,tabela,".296 24.978 2.981,5 651,6 Rio de Janeiro 261.028 22.577 1.625,9 140,6 São Paulo 1.429.529 680.318 3.218,2 1.531,5 Sul 927.112 166.634 3.097,3 556,7 P",,2.0
Informe Semanal nº 12 - COE Dengue e outras Arboviroses - SE 1 a 18 - 15 de maio.pdf,13,localidade_regiao,Sul,tabela,".028 22.577 1.625,9 140,6 São Paulo 1.429.529 680.318 3.218,2 1.531,5 Sul 927.112 166.634 3.097,3 556,7 Paraná 496.858 96.718 4.341,9 845,2 San",,1.0
Informe Semanal nº 12 - COE Dengue e outras Arboviroses - SE 1 a 18 - 15 de maio.pdf,13,localidade_uf,Paraná,tabela,"o 1.429.529 680.318 3.218,2 1.531,5 Sul 927.112 166.634 3.097,3 556,7 Paraná 496.858 96.718 4.341,9 845,2 Santa Catarina 257.437 20.433 3.383,1 26",,3.0
Informe Semanal nº 12 - COE Dengue e outras Arboviroses - SE 1 a 18 - 15 de maio.pdf,13,localidade_uf,Santa Catarina,tabela,"Sul 927.112 166.634 3.097,3 556,7 Paraná 496.858 96.718 4.341,9 845,2 Santa Catarina 257.437 20.433 3.383,1 268,5 Rio Grande do Sul 172.817 49.483 1.588,3",,1.0
Informe Semanal nº 12 - COE Dengue e outras Arboviroses - SE 1 a 18 - 15 de maio.pdf,13,localidade_uf,Rio Grande do Sul,tabela,".858 96.718 4.341,9 845,2 Santa Catarina 257.437 20.433 3.383,1 268,5 Rio Grande do Sul 172.817 49.483 1.588,3 454,8 Centro-Oeste 549.156 98.075 3.371,6 602,",,1.0
Informe Semanal nº 12 - COE Dengue e outras Arboviroses - SE 1 a 18 - 15 de maio.pdf,13,localidade_regiao,Centro-Oeste,tabela,"7 20.433 3.383,1 268,5 Rio Grande do Sul 172.817 49.483 1.588,3 454,8 Centro-Oeste 549.156 98.075 3.371,6 602,1 Mato Grosso do Sul 14.310 10.964 519,1 3",,1.0
Informe Semanal nº 12 - COE Dengue e outras Arboviroses - SE 1 a 18 - 15 de maio.pdf,13,localidade_uf,Mato Grosso do Sul,tabela,"72.817 49.483 1.588,3 454,8 Centro-Oeste 549.156 98.075 3.371,6 602,1 Mato Grosso do Sul 14.310 10.964 519,1 397,7 Mato Grosso 27.532 25.601 752,5 699,7 Goiás",,1.0
Informe Semanal nº 12 - COE Dengue e outras Arboviroses - SE 1 a 18 - 15 de maio.pdf,13,localidade_uf,Mato Grosso,tabela,"156 98.075 3.371,6 602,1 Mato Grosso do Sul 14.310 10.964 519,1 397,7 Mato Grosso 27.532 25.601 752,5 699,7 Goiás 249.949 54.882 3.542,7 777,9 Distrito",,2.0
Informe Semanal nº 12 - COE Dengue e outras Arboviroses - SE 1 a 18 - 15 de maio.pdf,13,localidade_uf,Goiás,tabela,"o Sul 14.310 10.964 519,1 397,7 Mato Grosso 27.532 25.601 752,5 699,7 Goiás 249.949 54.882 3.542,7 777,9 Distrito Federal 257.365 6.628 9.135,9 2",,2.0
Informe Semanal nº 12 - COE Dengue e outras Arboviroses - SE 1 a 18 - 15 de maio.pdf,13,localidade_uf,Distrito Federal,tabela,"o Grosso 27.532 25.601 752,5 699,7 Goiás 249.949 54.882 3.542,7 777,9 Distrito Federal 257.365 6.628 9.135,9 235,3 Brasil 5.063.242 1.196.005 2.493,4 589,0 ",,1.0
Informe Semanal nº 12 - COE Dengue e outras Arboviroses - SE 1 a 18 - 15 de maio.pdf,14,localidade_regiao,Norte,tabela,de alarme (n) SE 01 aSE 18 SE 01 aSE 18 Região/UF 2024 2025 2024 2025 Norte 58 30 535 306 Rondônia 5 1 21 10 Acre 2 1 5 36 Amazonas 11 2 63 7 Ror,,1.0
Informe Semanal nº 12 - COE Dengue e outras Arboviroses - SE 1 a 18 - 15 de maio.pdf,14,localidade_uf,Rondônia,tabela,aSE 18 SE 01 aSE 18 Região/UF 2024 2025 2024 2025 Norte 58 30 535 306 Rondônia 5 1 21 10 Acre 2 1 5 36 Amazonas 11 2 63 7 Roraima 0 2 1 1 Pará 26 20,,1.0
Informe Semanal nº 12 - COE Dengue e outras Arboviroses - SE 1 a 18 - 15 de maio.pdf,14,localidade_uf,Acre,tabela, Região/UF 2024 2025 2024 2025 Norte 58 30 535 306 Rondônia 5 1 21 10 Acre 2 1 5 36 Amazonas 11 2 63 7 Roraima 0 2 1 1 Pará 26 20 249 226 Amapá ,,1.0
Informe Semanal nº 12 - COE Dengue e outras Arboviroses - SE 1 a 18 - 15 de maio.pdf,14,localidade_uf,Amazonas,tabela,4 2025 2024 2025 Norte 58 30 535 306 Rondônia 5 1 21 10 Acre 2 1 5 36 Amazonas 11 2 63 7 Roraima 0 2 1 1 Pará 26 20 249 226 Amapá 9 4 148 15 Tocanti,,1.0
Informe Semanal nº 12 - COE Dengue e outras Arboviroses - SE 1 a 18 - 15 de maio.pdf,14,localidade_uf,Roraima,tabela,rte 58 30 535 306 Rondônia 5 1 21 10 Acre 2 1 5 36 Amazonas 11 2 63 7 Roraima 0 2 1 1 Pará 26 20 249 226 Amapá 9 4 148 15 Tocantins 5 0 48 11 Norde,,1.0
Informe Semanal nº 12 - COE Dengue e outras Arboviroses - SE 1 a 18 - 15 de maio.pdf,14,localidade_uf,Pará,tabela,6 Rondônia 5 1 21 10 Acre 2 1 5 36 Amazonas 11 2 63 7 Roraima 0 2 1 1 Pará 26 20 249 226 Amapá 9 4 148 15 Tocantins 5 0 48 11 Nordeste 543 47 5.,,1.0
Informe Semanal nº 12 - COE Dengue e outras Arboviroses - SE 1 a 18 - 15 de maio.pdf,14,localidade_uf,Amapá,tabela,0 Acre 2 1 5 36 Amazonas 11 2 63 7 Roraima 0 2 1 1 Pará 26 20 249 226 Amapá 9 4 148 15 Tocantins 5 0 48 11 Nordeste 543 47 5.381 517 Maranhão 12 ,,2.0
Informe Semanal nº 12 - COE Dengue e outras Arboviroses - SE 1 a 18 - 15 de maio.pdf,14,localidade_uf,Tocantins,tabela,mazonas 11 2 63 7 Roraima 0 2 1 1 Pará 26 20 249 226 Amapá 9 4 148 15 Tocantins 5 0 48 11 Nordeste 543 47 5.381 517 Maranhão 12 4 141 31 Piauí 31 16 ,,2.0
Informe Semanal nº 12 - COE Dengue e outras Arboviroses - SE 1 a 18 - 15 de maio.pdf,14,localidade_regiao,Nordeste,tabela,raima 0 2 1 1 Pará 26 20 249 226 Amapá 9 4 148 15 Tocantins 5 0 48 11 Nordeste 543 47 5.381 517 Maranhão 12 4 141 31 Piauí 31 16 270 91 Ceará 4 2 83,,1.0
Informe Semanal nº 12 - COE Dengue e outras Arboviroses - SE 1 a 18 - 15 de maio.pdf,14,localidade_uf,Maranhão,tabela,49 226 Amapá 9 4 148 15 Tocantins 5 0 48 11 Nordeste 543 47 5.381 517 Maranhão 12 4 141 31 Piauí 31 16 270 91 Ceará 4 2 83 14 Rio Grande do Norte 8 ,,1.0
Informe Semanal nº 12 - COE Dengue e outras Arboviroses - SE 1 a 18 - 15 de maio.pdf,14,localidade_uf,Piauí,tabela,15 Tocantins 5 0 48 11 Nordeste 543 47 5.381 517 Maranhão 12 4 141 31 Piauí 31 16 270 91 Ceará 4 2 83 14 Rio Grande do Norte 8 1 107 19 Paraíba 4,,1.0
Informe Semanal nº 12 - COE Dengue e outras Arboviroses - SE 1 a 18 - 15 de maio.pdf,14,localidade_uf,Ceará,tabela, 11 Nordeste 543 47 5.381 517 Maranhão 12 4 141 31 Piauí 31 16 270 91 Ceará 4 2 83 14 Rio Grande do Norte 8 1 107 19 Paraíba 4 0 120 11 Pernambuc,,1.0
Informe Semanal nº 12 - COE Dengue e outras Arboviroses - SE 1 a 18 - 15 de maio.pdf,14,localidade_uf,Rio Grande do Norte,tabela, 47 5.381 517 Maranhão 12 4 141 31 Piauí 31 16 270 91 Ceará 4 2 83 14 Rio Grande do Norte 8 1 107 19 Paraíba 4 0 120 11 Pernambuco 12 2 97 35 Alagoas 12 4 147 ,,1.0
Informe Semanal nº 12 - COE Dengue e outras Arboviroses - SE 1 a 18 - 15 de maio.pdf,14,localidade_uf,Paraíba,tabela, 31 Piauí 31 16 270 91 Ceará 4 2 83 14 Rio Grande do Norte 8 1 107 19 Paraíba 4 0 120 11 Pernambuco 12 2 97 35 Alagoas 12 4 147 19 Sergipe 3 1 34 1,,1.0
Informe Semanal nº 12 - COE Dengue e outras Arboviroses - SE 1 a 18 - 15 de maio.pdf,14,localidade_uf,Pernambuco,tabela, 91 Ceará 4 2 83 14 Rio Grande do Norte 8 1 107 19 Paraíba 4 0 120 11 Pernambuco 12 2 97 35 Alagoas 12 4 147 19 Sergipe 3 1 34 15 Bahia 457 17 4382 28,,1.0
Informe Semanal nº 12 - COE Dengue e outras Arboviroses - SE 1 a 18 - 15 de maio.pdf,14,localidade_uf,Alagoas,tabela,o Grande do Norte 8 1 107 19 Paraíba 4 0 120 11 Pernambuco 12 2 97 35 Alagoas 12 4 147 19 Sergipe 3 1 34 15 Bahia 457 17 4382 282 Sudeste 3.478 1.0,,1.0
Informe Semanal nº 12 - COE Dengue e outras Arboviroses - SE 1 a 18 - 15 de maio.pdf,14,localidade_uf,Sergipe,tabela,1 107 19 Paraíba 4 0 120 11 Pernambuco 12 2 97 35 Alagoas 12 4 147 19 Sergipe 3 1 34 15 Bahia 457 17 4382 282 Sudeste 3.478 1.034 33.527 13.606 Min,,1.0
Informe Semanal nº 12 - COE Dengue e outras Arboviroses - SE 1 a 18 - 15 de maio.pdf,14,localidade_uf,Bahia,tabela, 0 120 11 Pernambuco 12 2 97 35 Alagoas 12 4 147 19 Sergipe 3 1 34 15 Bahia 457 17 4382 282 Sudeste 3.478 1.034 33.527 13.606 Minas Gerais 1.536 ,,1.0
Informe Semanal nº 12 - COE Dengue e outras Arboviroses - SE 1 a 18 - 15 de maio.pdf,14,localidade_regiao,Sudeste,tabela,2 2 97 35 Alagoas 12 4 147 19 Sergipe 3 1 34 15 Bahia 457 17 4382 282 Sudeste 3.478 1.034 33.527 13.606 Minas Gerais 1.536 132 13.180 1.404 Espírit,,1.0
Informe Semanal nº 12 - COE Dengue e outras Arboviroses - SE 1 a 18 - 15 de maio.pdf,14,localidade_uf,Minas Gerais,tabela,ipe 3 1 34 15 Bahia 457 17 4382 282 Sudeste 3.478 1.034 33.527 13.606 Minas Gerais 1.536 132 13.180 1.404 Espírito Santo 81 6 1.867 318 Rio de Janeiro 2,,1.0
Informe Semanal nº 12 - COE Dengue e outras Arboviroses - SE 1 a 18 - 15 de maio.pdf,14,localidade_uf,Espírito Santo,tabela,Sudeste 3.478 1.034 33.527 13.606 Minas Gerais 1.536 132 13.180 1.404 Espírito Santo 81 6 1.867 318 Rio de Janeiro 203 20 3.849 272 São Paulo 1.658 876 14,,2.0
Informe Semanal nº 12 - COE Dengue e outras Arboviroses - SE 1 a 18 - 15 de maio.pdf,14,localidade_uf,Rio de Janeiro,tabela,606 Minas Gerais 1.536 132 13.180 1.404 Espírito Santo 81 6 1.867 318 Rio de Janeiro 203 20 3.849 272 São Paulo 1.658 876 14.631 11.612 Sul 1.199 122 16.2,,2.0
Informe Semanal nº 12 - COE Dengue e outras Arboviroses - SE 1 a 18 - 15 de maio.pdf,14,localidade_uf,São Paulo,tabela,0 1.404 Espírito Santo 81 6 1.867 318 Rio de Janeiro 203 20 3.849 272 São Paulo 1.658 876 14.631 11.612 Sul 1.199 122 16.223 2.645 Paraná 572 99 9.51,,2.0
Informe Semanal nº 12 - COE Dengue e outras Arboviroses - SE 1 a 18 - 15 de maio.pdf,14,localidade_regiao,Sul,tabela,318 Rio de Janeiro 203 20 3.849 272 São Paulo 1.658 876 14.631 11.612 Sul 1.199 122 16.223 2.645 Paraná 572 99 9.518 2.210 Santa Catarina 306 7,,1.0
Informe Semanal nº 12 - COE Dengue e outras Arboviroses - SE 1 a 18 - 15 de maio.pdf,14,localidade_uf,Paraná,tabela,.849 272 São Paulo 1.658 876 14.631 11.612 Sul 1.199 122 16.223 2.645 Paraná 572 99 9.518 2.210 Santa Catarina 306 7 4.694 124 Rio Grande do Sul 3,,3.0
Informe Semanal nº 12 - COE Dengue e outras Arboviroses - SE 1 a 18 - 15 de maio.pdf,14,localidade_uf,Santa Catarina,tabela,76 14.631 11.612 Sul 1.199 122 16.223 2.645 Paraná 572 99 9.518 2.210 Santa Catarina 306 7 4.694 124 Rio Grande do Sul 321 16 2.011 311 Centro-Oeste 1.021,,1.0
Informe Semanal nº 12 - COE Dengue e outras Arboviroses - SE 1 a 18 - 15 de maio.pdf,14,localidade_uf,Rio Grande do Sul,tabela,16.223 2.645 Paraná 572 99 9.518 2.210 Santa Catarina 306 7 4.694 124 Rio Grande do Sul 321 16 2.011 311 Centro-Oeste 1.021 117 15.812 1.965 Mato Grosso do S,,1.0
Informe Semanal nº 12 - COE Dengue e outras Arboviroses - SE 1 a 18 - 15 de maio.pdf,14,localidade_regiao,Centro-Oeste,tabela,210 Santa Catarina 306 7 4.694 124 Rio Grande do Sul 321 16 2.011 311 Centro-Oeste 1.021 117 15.812 1.965 Mato Grosso do Sul 28 14 339 175 Mato Grosso 5,,1.0
Informe Semanal nº 12 - COE Dengue e outras Arboviroses - SE 1 a 18 - 15 de maio.pdf,14,localidade_uf,Mato Grosso do Sul,tabela,io Grande do Sul 321 16 2.011 311 Centro-Oeste 1.021 117 15.812 1.965 Mato Grosso do Sul 28 14 339 175 Mato Grosso 51 30 558 214 Goiás 491 73 5161 1558 Distri,,1.0
Informe Semanal nº 12 - COE Dengue e outras Arboviroses - SE 1 a 18 - 15 de maio.pdf,14,localidade_uf,Mato Grosso,tabela, Centro-Oeste 1.021 117 15.812 1.965 Mato Grosso do Sul 28 14 339 175 Mato Grosso 51 30 558 214 Goiás 491 73 5161 1558 Distrito Federal 451 0 9754 18 B,,2.0
Informe Semanal nº 12 - COE Dengue e outras Arboviroses - SE 1 a 18 - 15 de maio.pdf,14,localidade_uf,Goiás,tabela,.812 1.965 Mato Grosso do Sul 28 14 339 175 Mato Grosso 51 30 558 214 Goiás 491 73 5161 1558 Distrito Federal 451 0 9754 18 Brasil 6.299 1.350 71,,2.0
Informe Semanal nº 12 - COE Dengue e outras Arboviroses - SE 1 a 18 - 15 de maio.pdf,14,localidade_uf,Distrito Federal,tabela,do Sul 28 14 339 175 Mato Grosso 51 30 558 214 Goiás 491 73 5161 1558 Distrito Federal 451 0 9754 18 Brasil 6.299 1.350 71.478 19.039 FONTE:SinanOn-lineeE-S,,1.0
Informe Semanal nº 12 - COE Dengue e outras Arboviroses - SE 1 a 18 - 15 de maio.pdf,15,localidade_regiao,Norte,tabela," SE 01 aSE 18 SE 01 aSE 18 SE 01 aSE 18 2024 2025 2024 2025 2024 2025 Norte 26 30 4,4 8,9 1 8 Rondônia 5 0 19,2 0,0 0 0 Acre 0 3 0,0 0,0 0 0 Amaz",,1.0
Informe Semanal nº 12 - COE Dengue e outras Arboviroses - SE 1 a 18 - 15 de maio.pdf,15,localidade_uf,Rondônia,tabela,"18 SE 01 aSE 18 2024 2025 2024 2025 2024 2025 Norte 26 30 4,4 8,9 1 8 Rondônia 5 0 19,2 0,0 0 0 Acre 0 3 0,0 0,0 0 0 Amazonas 5 1 6,8 11,1 0 0 Rorai",,1.0
Informe Semanal nº 12 - COE Dengue e outras Arboviroses - SE 1 a 18 - 15 de maio.pdf,15,localidade_uf,Acre,tabela,"2024 2025 2024 2025 Norte 26 30 4,4 8,9 1 8 Rondônia 5 0 19,2 0,0 0 0 Acre 0 3 0,0 0,0 0 0 Amazonas 5 1 6,8 11,1 0 0 Roraima 0 2 0,0 0,0 0 0 Par",,1.0
Informe Semanal nº 12 - COE Dengue e outras Arboviroses - SE 1 a 18 - 15 de maio.pdf,15,localidade_uf,Amazonas,tabela,"orte 26 30 4,4 8,9 1 8 Rondônia 5 0 19,2 0,0 0 0 Acre 0 3 0,0 0,0 0 0 Amazonas 5 1 6,8 11,1 0 0 Roraima 0 2 0,0 0,0 0 0 Pará 6 21 2,2 0,0 1 7 Amapá ",,1.0
Informe Semanal nº 12 - COE Dengue e outras Arboviroses - SE 1 a 18 - 15 de maio.pdf,15,localidade_uf,Roraima,tabela,"dônia 5 0 19,2 0,0 0 0 Acre 0 3 0,0 0,0 0 0 Amazonas 5 1 6,8 11,1 0 0 Roraima 0 2 0,0 0,0 0 0 Pará 6 21 2,2 0,0 1 7 Amapá 7 3 4,5 0,0 0 1 Tocantins",,1.0
Informe Semanal nº 12 - COE Dengue e outras Arboviroses - SE 1 a 18 - 15 de maio.pdf,15,localidade_uf,Pará,tabela,"cre 0 3 0,0 0,0 0 0 Amazonas 5 1 6,8 11,1 0 0 Roraima 0 2 0,0 0,0 0 0 Pará 6 21 2,2 0,0 1 7 Amapá 7 3 4,5 0,0 0 1 Tocantins 3 0 5,7 0,0 0 0 Nord",,1.0
Informe Semanal nº 12 - COE Dengue e outras Arboviroses - SE 1 a 18 - 15 de maio.pdf,15,localidade_uf,Amapá,tabela,"azonas 5 1 6,8 11,1 0 0 Roraima 0 2 0,0 0,0 0 0 Pará 6 21 2,2 0,0 1 7 Amapá 7 3 4,5 0,0 0 1 Tocantins 3 0 5,7 0,0 0 0 Nordeste 191 18 3,2 3,2 30 ",,2.0
Informe Semanal nº 12 - COE Dengue e outras Arboviroses - SE 1 a 18 - 15 de maio.pdf,15,localidade_uf,Tocantins,tabela,"0 Roraima 0 2 0,0 0,0 0 0 Pará 6 21 2,2 0,0 1 7 Amapá 7 3 4,5 0,0 0 1 Tocantins 3 0 5,7 0,0 0 0 Nordeste 191 18 3,2 3,2 30 45 Maranhão 4 1 2,6 0,0 4 ",,2.0
Informe Semanal nº 12 - COE Dengue e outras Arboviroses - SE 1 a 18 - 15 de maio.pdf,15,localidade_regiao,Nordeste,tabela,"Pará 6 21 2,2 0,0 1 7 Amapá 7 3 4,5 0,0 0 1 Tocantins 3 0 5,7 0,0 0 0 Nordeste 191 18 3,2 3,2 30 45 Maranhão 4 1 2,6 0,0 4 9 Piauí 15 8 5,0 0,0 1 3 ",,1.0
Informe Semanal nº 12 - COE Dengue e outras Arboviroses - SE 1 a 18 - 15 de maio.pdf,15,localidade_uf,Maranhão,tabela,"3 4,5 0,0 0 1 Tocantins 3 0 5,7 0,0 0 0 Nordeste 191 18 3,2 3,2 30 45 Maranhão 4 1 2,6 0,0 4 9 Piauí 15 8 5,0 0,0 1 3 Ceará 2 0 2,3 0,0 0 0 Rio Gran",,1.0
Informe Semanal nº 12 - COE Dengue e outras Arboviroses - SE 1 a 18 - 15 de maio.pdf,15,localidade_uf,Piauí,tabela," 0 5,7 0,0 0 0 Nordeste 191 18 3,2 3,2 30 45 Maranhão 4 1 2,6 0,0 4 9 Piauí 15 8 5,0 0,0 1 3 Ceará 2 0 2,3 0,0 0 0 Rio Grande do Norte 2 0 1,7 0,",,1.0
Informe Semanal nº 12 - COE Dengue e outras Arboviroses - SE 1 a 18 - 15 de maio.pdf,15,localidade_uf,Ceará,tabela," 191 18 3,2 3,2 30 45 Maranhão 4 1 2,6 0,0 4 9 Piauí 15 8 5,0 0,0 1 3 Ceará 2 0 2,3 0,0 0 0 Rio Grande do Norte 2 0 1,7 0,0 1 2 Paraíba 7 1 5,6 0",,1.0
Informe Semanal nº 12 - COE Dengue e outras Arboviroses - SE 1 a 18 - 15 de maio.pdf,15,localidade_uf,Rio Grande do Norte,tabela,"Maranhão 4 1 2,6 0,0 4 9 Piauí 15 8 5,0 0,0 1 3 Ceará 2 0 2,3 0,0 0 0 Rio Grande do Norte 2 0 1,7 0,0 1 2 Paraíba 7 1 5,6 0,0 0 9 Pernambuco 9 2 8,3 0,0 3 10 A",,1.0
Informe Semanal nº 12 - COE Dengue e outras Arboviroses - SE 1 a 18 - 15 de maio.pdf,15,localidade_uf,Paraíba,tabela,"5,0 0,0 1 3 Ceará 2 0 2,3 0,0 0 0 Rio Grande do Norte 2 0 1,7 0,0 1 2 Paraíba 7 1 5,6 0,0 0 9 Pernambuco 9 2 8,3 0,0 3 10 Alagoas 6 0 3,8 0,0 0 1 S",,1.0
Informe Semanal nº 12 - COE Dengue e outras Arboviroses - SE 1 a 18 - 15 de maio.pdf,15,localidade_uf,Pernambuco,tabela,"3 0,0 0 0 Rio Grande do Norte 2 0 1,7 0,0 1 2 Paraíba 7 1 5,6 0,0 0 9 Pernambuco 9 2 8,3 0,0 3 10 Alagoas 6 0 3,8 0,0 0 1 Sergipe 3 1 8,1 0,0 0 1 Bahi",,1.0
Informe Semanal nº 12 - COE Dengue e outras Arboviroses - SE 1 a 18 - 15 de maio.pdf,15,localidade_uf,Alagoas,tabela,"e 2 0 1,7 0,0 1 2 Paraíba 7 1 5,6 0,0 0 9 Pernambuco 9 2 8,3 0,0 3 10 Alagoas 6 0 3,8 0,0 0 1 Sergipe 3 1 8,1 0,0 0 1 Bahia 143 5 3,0 1,7 21 10 Sud",,1.0
Informe Semanal nº 12 - COE Dengue e outras Arboviroses - SE 1 a 18 - 15 de maio.pdf,15,localidade_uf,Sergipe,tabela,"a 7 1 5,6 0,0 0 9 Pernambuco 9 2 8,3 0,0 3 10 Alagoas 6 0 3,8 0,0 0 1 Sergipe 3 1 8,1 0,0 0 1 Bahia 143 5 3,0 1,7 21 10 Sudeste 2.722 633 7,4 4,3 2",,1.0
Informe Semanal nº 12 - COE Dengue e outras Arboviroses - SE 1 a 18 - 15 de maio.pdf,15,localidade_uf,Bahia,tabela,"buco 9 2 8,3 0,0 3 10 Alagoas 6 0 3,8 0,0 0 1 Sergipe 3 1 8,1 0,0 0 1 Bahia 143 5 3,0 1,7 21 10 Sudeste 2.722 633 7,4 4,3 251 607 Minas Gerais 1.",,1.0
Informe Semanal nº 12 - COE Dengue e outras Arboviroses - SE 1 a 18 - 15 de maio.pdf,15,localidade_regiao,Sudeste,tabela,"oas 6 0 3,8 0,0 0 1 Sergipe 3 1 8,1 0,0 0 1 Bahia 143 5 3,0 1,7 21 10 Sudeste 2.722 633 7,4 4,3 251 607 Minas Gerais 1.055 57 7,2 3,7 240 86 Espíri",,1.0
Informe Semanal nº 12 - COE Dengue e outras Arboviroses - SE 1 a 18 - 15 de maio.pdf,15,localidade_uf,Minas Gerais,tabela,"1 0,0 0 1 Bahia 143 5 3,0 1,7 21 10 Sudeste 2.722 633 7,4 4,3 251 607 Minas Gerais 1.055 57 7,2 3,7 240 86 Espírito Santo 34 0 1,7 0,0 0 12 Rio de Janei",,1.0
Informe Semanal nº 12 - COE Dengue e outras Arboviroses - SE 1 a 18 - 15 de maio.pdf,15,localidade_uf,Espírito Santo,tabela,"udeste 2.722 633 7,4 4,3 251 607 Minas Gerais 1.055 57 7,2 3,7 240 86 Espírito Santo 34 0 1,7 0,0 0 12 Rio de Janeiro 193 8 4,8 2,7 0 6 São Paulo 1.440 56",,2.0
Informe Semanal nº 12 - COE Dengue e outras Arboviroses - SE 1 a 18 - 15 de maio.pdf,15,localidade_uf,Rio de Janeiro,tabela,"Minas Gerais 1.055 57 7,2 3,7 240 86 Espírito Santo 34 0 1,7 0,0 0 12 Rio de Janeiro 193 8 4,8 2,7 0 6 São Paulo 1.440 568 8,8 4,5 11 503 Sul 1.096 73 6,3",,2.0
Informe Semanal nº 12 - COE Dengue e outras Arboviroses - SE 1 a 18 - 15 de maio.pdf,15,localidade_uf,São Paulo,tabela," 86 Espírito Santo 34 0 1,7 0,0 0 12 Rio de Janeiro 193 8 4,8 2,7 0 6 São Paulo 1.440 568 8,8 4,5 11 503 Sul 1.096 73 6,3 2,6 1 76 Paraná 609 60 6,0 ",,2.0
Informe Semanal nº 12 - COE Dengue e outras Arboviroses - SE 1 a 18 - 15 de maio.pdf,15,localidade_regiao,Sul,tabela,"2 Rio de Janeiro 193 8 4,8 2,7 0 6 São Paulo 1.440 568 8,8 4,5 11 503 Sul 1.096 73 6,3 2,6 1 76 Paraná 609 60 6,0 2,6 0 58 Santa Catarina 266 6",,1.0
Informe Semanal nº 12 - COE Dengue e outras Arboviroses - SE 1 a 18 - 15 de maio.pdf,15,localidade_uf,Paraná,tabela," 2,7 0 6 São Paulo 1.440 568 8,8 4,5 11 503 Sul 1.096 73 6,3 2,6 1 76 Paraná 609 60 6,0 2,6 0 58 Santa Catarina 266 6 5,3 0,0 0 7 Rio Grande do Su",,3.0
Informe Semanal nº 12 - COE Dengue e outras Arboviroses - SE 1 a 18 - 15 de maio.pdf,15,localidade_uf,Santa Catarina,tabela,"8 8,8 4,5 11 503 Sul 1.096 73 6,3 2,6 1 76 Paraná 609 60 6,0 2,6 0 58 Santa Catarina 266 6 5,3 0,0 0 7 Rio Grande do Sul 221 7 9,5 2,1 1 11 Centro-Oeste 7",,1.0
Informe Semanal nº 12 - COE Dengue e outras Arboviroses - SE 1 a 18 - 15 de maio.pdf,15,localidade_uf,Rio Grande do Sul,tabela," 2,6 1 76 Paraná 609 60 6,0 2,6 0 58 Santa Catarina 266 6 5,3 0,0 0 7 Rio Grande do Sul 221 7 9,5 2,1 1 11 Centro-Oeste 776 51 4,6 2,4 12 71 Mato Grosso do S",,1.0
Informe Semanal nº 12 - COE Dengue e outras Arboviroses - SE 1 a 18 - 15 de maio.pdf,15,localidade_regiao,Centro-Oeste,tabela,"Santa Catarina 266 6 5,3 0,0 0 7 Rio Grande do Sul 221 7 9,5 2,1 1 11 Centro-Oeste 776 51 4,6 2,4 12 71 Mato Grosso do Sul 20 10 5,4 0,0 7 5 Mato Grosso",,1.0
Informe Semanal nº 12 - COE Dengue e outras Arboviroses - SE 1 a 18 - 15 de maio.pdf,15,localidade_uf,Mato Grosso do Sul,tabela,"io Grande do Sul 221 7 9,5 2,1 1 11 Centro-Oeste 776 51 4,6 2,4 12 71 Mato Grosso do Sul 20 10 5,4 0,0 7 5 Mato Grosso 13 13 2,1 5,3 1 10 Goiás 330 28 5,8 1,7",,1.0
Informe Semanal nº 12 - COE Dengue e outras Arboviroses - SE 1 a 18 - 15 de maio.pdf,15,localidade_uf,Mato Grosso,tabela,"entro-Oeste 776 51 4,6 2,4 12 71 Mato Grosso do Sul 20 10 5,4 0,0 7 5 Mato Grosso 13 13 2,1 5,3 1 10 Goiás 330 28 5,8 1,7 3 52 Distrito Federal 413 0 4",,2.0
Informe Semanal nº 12 - COE Dengue e outras Arboviroses - SE 1 a 18 - 15 de maio.pdf,15,localidade_uf,Goiás,tabela,"1 Mato Grosso do Sul 20 10 5,4 0,0 7 5 Mato Grosso 13 13 2,1 5,3 1 10 Goiás 330 28 5,8 1,7 3 52 Distrito Federal 413 0 4,0 0,0 1 4 Brasil 4.811 8",,2.0
Informe Semanal nº 12 - COE Dengue e outras Arboviroses - SE 1 a 18 - 15 de maio.pdf,15,localidade_uf,Distrito Federal,tabela," 5,4 0,0 7 5 Mato Grosso 13 13 2,1 5,3 1 10 Goiás 330 28 5,8 1,7 3 52 Distrito Federal 413 0 4,0 0,0 1 4 Brasil 4.811 805 6,2 3,9 295 807 FONTE:SinanOn-line",,1.0
Informe semanal nº 13.pdf,2,localidade_regiao,Sudeste,narrativa," Geográficas que apresentam os maiores coeficientes de incidência são Sudeste, Centro-Oeste e Sul. Entre as Unidades Federativas (UF), destacam-se ",,1.0
Informe semanal nº 13.pdf,2,localidade_regiao,Centro-Oeste,narrativa,"cas que apresentam os maiores coeficientes de incidência são Sudeste, Centro-Oeste e Sul. Entre as Unidades Federativas (UF), destacam-se São Paulo, Acr",,1.0
Informe semanal nº 13.pdf,2,localidade_regiao,Sul,narrativa,"tam os maiores coeficientes de incidência são Sudeste, Centro-Oeste e Sul. Entre as Unidades Federativas (UF), destacam-se São Paulo, Acre, Par",,1.0
Informe semanal nº 13.pdf,2,localidade_uf,São Paulo,narrativa,", Centro-Oeste e Sul. Entre as Unidades Federativas (UF), destacam-se São Paulo, Acre, Paraná, Goiás e Mato Grosso. Os maiores números de casos grave",,2.0
Informe semanal nº 13.pdf,2,localidade_uf,Acre,narrativa,"ste e Sul. Entre as Unidades Federativas (UF), destacam-se São Paulo, Acre, Paraná, Goiás e Mato Grosso. Os maiores números de casos graves conc",,1.0
Informe semanal nº 13.pdf,2,localidade_uf,Paraná,narrativa,"Sul. Entre as Unidades Federativas (UF), destacam-se São Paulo, Acre, Paraná, Goiás e Mato Grosso. Os maiores números de casos graves concentram-s",,3.0
Informe semanal nº 13.pdf,2,localidade_uf,Goiás,narrativa,"re as Unidades Federativas (UF), destacam-se São Paulo, Acre, Paraná, Goiás e Mato Grosso. Os maiores números de casos graves concentram-se nas r",,2.0
Informe semanal nº 13.pdf,2,localidade_uf,Mato Grosso,narrativa,"idades Federativas (UF), destacam-se São Paulo, Acre, Paraná, Goiás e Mato Grosso. Os maiores números de casos graves concentram-se nas regiões Sudeste",,2.0
Informe semanal nº 13.pdf,2,localidade_regiao,Sudeste,narrativa," Grosso. Os maiores números de casos graves concentram-se nas regiões Sudeste, Sul e Centro-Oeste. A maior parte dos óbitos está na região Sudeste.",,1.0
Informe semanal nº 13.pdf,2,localidade_regiao,Sul,narrativa,"Os maiores números de casos graves concentram-se nas regiões Sudeste, Sul e Centro-Oeste. A maior parte dos óbitos está na região Sudeste. Fora",,1.0
Informe semanal nº 13.pdf,2,localidade_regiao,Centro-Oeste,narrativa,"ores números de casos graves concentram-se nas regiões Sudeste, Sul e Centro-Oeste. A maior parte dos óbitos está na região Sudeste. Foram confirmados 8",,1.0
Informe semanal nº 13.pdf,2,localidade_regiao,Sudeste,narrativa," Sudeste, Sul e Centro-Oeste. A maior parte dos óbitos está na região Sudeste. Foram confirmados 865 óbitos no período, e 830 estão em investigação",,1.0
Informe semanal nº 13.pdf,2,localidade_uf,Minas Gerais,narrativa, o último trimestre de 2024. DENV-4 foi detectado em duas amostras de Minas Gerais (vírus selvagem e vírus vacinal) e três de São Paulo. Outras detecçõe,,1.0
Informe semanal nº 13.pdf,2,localidade_uf,São Paulo,narrativa,"s amostras de Minas Gerais (vírus selvagem e vírus vacinal) e três de São Paulo. Outras detecções de DENV-4 em Mato Grosso do Sul, São Paulo, e Rorai",,2.0
Informe semanal nº 13.pdf,2,localidade_uf,Mato Grosso do Sul,narrativa,"m e vírus vacinal) e três de São Paulo. Outras detecções de DENV-4 em Mato Grosso do Sul, São Paulo, e Roraima estão em análise. O coeficiente de incidência d",,1.0
Informe semanal nº 13.pdf,2,localidade_uf,São Paulo,narrativa," três de São Paulo. Outras detecções de DENV-4 em Mato Grosso do Sul, São Paulo, e Roraima estão em análise. O coeficiente de incidência de dengue no",,2.0
Informe semanal nº 13.pdf,2,localidade_uf,Roraima,narrativa,"Paulo. Outras detecções de DENV-4 em Mato Grosso do Sul, São Paulo, e Roraima estão em análise. O coeficiente de incidência de dengue no Brasil enc",,1.0
Informe semanal nº 13.pdf,2,localidade_uf,Pará,narrativa,"ntra dentro do canal endêmico, mas com tendência de aumento de casos, para fora do limite superior. Fonte: SinanOn-line (banco de dados atualiza",,1.0
Informe semanal nº 13.pdf,13,localidade_regiao,Norte,tabela,"de incidência Região/UF SE 01 aSE 19 SE 01 aSE 19 2024 2025 2024 2025 Norte 39.192 31.396 225,9 181,0 Rondônia 4.633 2.526 293,0 159,8 Acre 3.678",,1.0
Informe semanal nº 13.pdf,13,localidade_uf,Rondônia,tabela,"E 19 SE 01 aSE 19 2024 2025 2024 2025 Norte 39.192 31.396 225,9 181,0 Rondônia 4.633 2.526 293,0 159,8 Acre 3.678 7.840 443,1 944,5 Amazonas 6.091 4",,1.0
Informe semanal nº 13.pdf,13,localidade_uf,Acre,tabela,"2025 Norte 39.192 31.396 225,9 181,0 Rondônia 4.633 2.526 293,0 159,8 Acre 3.678 7.840 443,1 944,5 Amazonas 6.091 4.122 154,5 104,6 Roraima 197 ",,1.0
Informe semanal nº 13.pdf,13,localidade_uf,Amazonas,tabela,"9 181,0 Rondônia 4.633 2.526 293,0 159,8 Acre 3.678 7.840 443,1 944,5 Amazonas 6.091 4.122 154,5 104,6 Roraima 197 234 31,0 36,8 Pará 14.816 12.593 ",,1.0
Informe semanal nº 13.pdf,13,localidade_uf,Roraima,tabela,"0 159,8 Acre 3.678 7.840 443,1 944,5 Amazonas 6.091 4.122 154,5 104,6 Roraima 197 234 31,0 36,8 Pará 14.816 12.593 182,6 155,2 Amapá 6.446 1.278 87",,1.0
Informe semanal nº 13.pdf,13,localidade_uf,Pará,tabela,"43,1 944,5 Amazonas 6.091 4.122 154,5 104,6 Roraima 197 234 31,0 36,8 Pará 14.816 12.593 182,6 155,2 Amapá 6.446 1.278 878,8 174,2 Tocantins 3.3",,1.0
Informe semanal nº 13.pdf,13,localidade_uf,Amapá,tabela," 154,5 104,6 Roraima 197 234 31,0 36,8 Pará 14.816 12.593 182,6 155,2 Amapá 6.446 1.278 878,8 174,2 Tocantins 3.331 2.803 220,4 185,4 Nordeste 26",,2.0
Informe semanal nº 13.pdf,13,localidade_uf,Tocantins,tabela,"1,0 36,8 Pará 14.816 12.593 182,6 155,2 Amapá 6.446 1.278 878,8 174,2 Tocantins 3.331 2.803 220,4 185,4 Nordeste 265.249 48.595 485,4 88,9 Maranhão 9",,2.0
Informe semanal nº 13.pdf,13,localidade_regiao,Nordeste,tabela,"155,2 Amapá 6.446 1.278 878,8 174,2 Tocantins 3.331 2.803 220,4 185,4 Nordeste 265.249 48.595 485,4 88,9 Maranhão 9.679 3.959 142,9 58,4 Piauí 10.12",,1.0
Informe semanal nº 13.pdf,13,localidade_uf,Maranhão,tabela," Tocantins 3.331 2.803 220,4 185,4 Nordeste 265.249 48.595 485,4 88,9 Maranhão 9.679 3.959 142,9 58,4 Piauí 10.120 4.131 309,6 126,4 Ceará 7.631 3.9",,1.0
Informe semanal nº 13.pdf,13,localidade_uf,Piauí,tabela,",4 Nordeste 265.249 48.595 485,4 88,9 Maranhão 9.679 3.959 142,9 58,4 Piauí 10.120 4.131 309,6 126,4 Ceará 7.631 3.937 86,8 44,8 Rio Grande do No",,1.0
Informe semanal nº 13.pdf,13,localidade_uf,Ceará,tabela,"4 88,9 Maranhão 9.679 3.959 142,9 58,4 Piauí 10.120 4.131 309,6 126,4 Ceará 7.631 3.937 86,8 44,8 Rio Grande do Norte 11.688 4.361 353,9 132,1 Pa",,1.0
Informe semanal nº 13.pdf,13,localidade_uf,Rio Grande do Norte,tabela,"142,9 58,4 Piauí 10.120 4.131 309,6 126,4 Ceará 7.631 3.937 86,8 44,8 Rio Grande do Norte 11.688 4.361 353,9 132,1 Paraíba 9.467 3.901 238,2 98,2 Pernambuco 13",,1.0
Informe semanal nº 13.pdf,13,localidade_uf,Paraíba,tabela,"rá 7.631 3.937 86,8 44,8 Rio Grande do Norte 11.688 4.361 353,9 132,1 Paraíba 9.467 3.901 238,2 98,2 Pernambuco 13.494 8.560 149,0 94,5 Alagoas 6.9",,1.0
Informe semanal nº 13.pdf,13,localidade_uf,Pernambuco,tabela,"ande do Norte 11.688 4.361 353,9 132,1 Paraíba 9.467 3.901 238,2 98,2 Pernambuco 13.494 8.560 149,0 94,5 Alagoas 6.986 1.652 223,4 52,8 Sergipe 1.079 ",,1.0
Informe semanal nº 13.pdf,13,localidade_uf,Alagoas,tabela,"2,1 Paraíba 9.467 3.901 238,2 98,2 Pernambuco 13.494 8.560 149,0 94,5 Alagoas 6.986 1.652 223,4 52,8 Sergipe 1.079 620 48,8 28,1 Bahia 195.105 17.4",,1.0
Informe semanal nº 13.pdf,13,localidade_uf,Sergipe,tabela,"8,2 Pernambuco 13.494 8.560 149,0 94,5 Alagoas 6.986 1.652 223,4 52,8 Sergipe 1.079 620 48,8 28,1 Bahia 195.105 17.474 1.380,2 123,6 Sudeste 3.509.",,1.0
Informe semanal nº 13.pdf,13,localidade_uf,Bahia,tabela,"149,0 94,5 Alagoas 6.986 1.652 223,4 52,8 Sergipe 1.079 620 48,8 28,1 Bahia 195.105 17.474 1.380,2 123,6 Sudeste 3.509.952 906.903 4.136,8 1.068,",,1.0
Informe semanal nº 13.pdf,13,localidade_regiao,Sudeste,tabela,"4 52,8 Sergipe 1.079 620 48,8 28,1 Bahia 195.105 17.474 1.380,2 123,6 Sudeste 3.509.952 906.903 4.136,8 1.068,9 Minas Gerais 1.537.049 136.126 7.48",,1.0
Informe semanal nº 13.pdf,13,localidade_uf,Minas Gerais,tabela,"95.105 17.474 1.380,2 123,6 Sudeste 3.509.952 906.903 4.136,8 1.068,9 Minas Gerais 1.537.049 136.126 7.483,7 662,8 Espírito Santo 118.951 25.642 3.102,9",,1.0
Informe semanal nº 13.pdf,13,localidade_uf,Espírito Santo,tabela," 906.903 4.136,8 1.068,9 Minas Gerais 1.537.049 136.126 7.483,7 662,8 Espírito Santo 118.951 25.642 3.102,9 668,9 Rio de Janeiro 268.234 23.613 1.670,8 14",,2.0
Informe semanal nº 13.pdf,13,localidade_uf,Rio de Janeiro,tabela,"049 136.126 7.483,7 662,8 Espírito Santo 118.951 25.642 3.102,9 668,9 Rio de Janeiro 268.234 23.613 1.670,8 147,1 São Paulo 1.585.718 721.522 3.569,8 1.62",,2.0
Informe semanal nº 13.pdf,13,localidade_uf,São Paulo,tabela,".951 25.642 3.102,9 668,9 Rio de Janeiro 268.234 23.613 1.670,8 147,1 São Paulo 1.585.718 721.522 3.569,8 1.624,3 Sul 1.004.044 185.657 3.354,3 620,2",,2.0
Informe semanal nº 13.pdf,13,localidade_regiao,Sul,tabela,".234 23.613 1.670,8 147,1 São Paulo 1.585.718 721.522 3.569,8 1.624,3 Sul 1.004.044 185.657 3.354,3 620,2 Paraná 536.400 104.155 4.687,5 910,2 ",,1.0
Informe semanal nº 13.pdf,13,localidade_uf,Paraná,tabela,"1.585.718 721.522 3.569,8 1.624,3 Sul 1.004.044 185.657 3.354,3 620,2 Paraná 536.400 104.155 4.687,5 910,2 Santa Catarina 280.620 22.582 3.687,7 2",,3.0
Informe semanal nº 13.pdf,13,localidade_uf,Santa Catarina,tabela," 1.004.044 185.657 3.354,3 620,2 Paraná 536.400 104.155 4.687,5 910,2 Santa Catarina 280.620 22.582 3.687,7 296,8 Rio Grande do Sul 187.024 58.920 1.718,9",,1.0
Informe semanal nº 13.pdf,13,localidade_uf,Rio Grande do Sul,tabela,"400 104.155 4.687,5 910,2 Santa Catarina 280.620 22.582 3.687,7 296,8 Rio Grande do Sul 187.024 58.920 1.718,9 541,5 Centro-Oeste 570.263 104.597 3.501,2 642",,1.0
Informe semanal nº 13.pdf,13,localidade_regiao,Centro-Oeste,tabela,"0 22.582 3.687,7 296,8 Rio Grande do Sul 187.024 58.920 1.718,9 541,5 Centro-Oeste 570.263 104.597 3.501,2 642,2 Mato Grosso do Sul 15.343 11.653 556,6 ",,1.0
Informe semanal nº 13.pdf,13,localidade_uf,Mato Grosso do Sul,tabela,"7.024 58.920 1.718,9 541,5 Centro-Oeste 570.263 104.597 3.501,2 642,2 Mato Grosso do Sul 15.343 11.653 556,6 422,7 Mato Grosso 29.842 26.378 815,6 720,9 Goiás",,1.0
Informe semanal nº 13.pdf,13,localidade_uf,Mato Grosso,tabela,"63 104.597 3.501,2 642,2 Mato Grosso do Sul 15.343 11.653 556,6 422,7 Mato Grosso 29.842 26.378 815,6 720,9 Goiás 264.134 59.626 3.743,8 845,1 Distrito",,2.0
Informe semanal nº 13.pdf,13,localidade_uf,Goiás,tabela,"o Sul 15.343 11.653 556,6 422,7 Mato Grosso 29.842 26.378 815,6 720,9 Goiás 264.134 59.626 3.743,8 845,1 Distrito Federal 260.944 6.940 9.263,0 2",,2.0
Informe semanal nº 13.pdf,13,localidade_uf,Distrito Federal,tabela,"o Grosso 29.842 26.378 815,6 720,9 Goiás 264.134 59.626 3.743,8 845,1 Distrito Federal 260.944 6.940 9.263,0 246,4 Brasil 5.388.700 1.277.148 2.653,7 628,9 ",,1.0
Informe semanal nº 13.pdf,14,localidade_regiao,Norte,tabela,de alarme (n) SE 01 aSE 19 SE 01 aSE 19 Região/UF 2024 2025 2024 2025 Norte 60 34 554 341 Rondônia 5 1 22 10 Acre 2 1 7 37 Amazonas 11 3 64 7 Ror,,1.0
Informe semanal nº 13.pdf,14,localidade_uf,Rondônia,tabela,aSE 19 SE 01 aSE 19 Região/UF 2024 2025 2024 2025 Norte 60 34 554 341 Rondônia 5 1 22 10 Acre 2 1 7 37 Amazonas 11 3 64 7 Roraima 0 2 1 1 Pará 27 22,,1.0
Informe semanal nº 13.pdf,14,localidade_uf,Acre,tabela, Região/UF 2024 2025 2024 2025 Norte 60 34 554 341 Rondônia 5 1 22 10 Acre 2 1 7 37 Amazonas 11 3 64 7 Roraima 0 2 1 1 Pará 27 22 257 257 Amapá ,,1.0
Informe semanal nº 13.pdf,14,localidade_uf,Amazonas,tabela,4 2025 2024 2025 Norte 60 34 554 341 Rondônia 5 1 22 10 Acre 2 1 7 37 Amazonas 11 3 64 7 Roraima 0 2 1 1 Pará 27 22 257 257 Amapá 9 5 151 18 Tocanti,,1.0
Informe semanal nº 13.pdf,14,localidade_uf,Roraima,tabela,rte 60 34 554 341 Rondônia 5 1 22 10 Acre 2 1 7 37 Amazonas 11 3 64 7 Roraima 0 2 1 1 Pará 27 22 257 257 Amapá 9 5 151 18 Tocantins 6 0 52 11 Norde,,1.0
Informe semanal nº 13.pdf,14,localidade_uf,Pará,tabela,1 Rondônia 5 1 22 10 Acre 2 1 7 37 Amazonas 11 3 64 7 Roraima 0 2 1 1 Pará 27 22 257 257 Amapá 9 5 151 18 Tocantins 6 0 52 11 Nordeste 566 55 5.,,1.0
Informe semanal nº 13.pdf,14,localidade_uf,Amapá,tabela,0 Acre 2 1 7 37 Amazonas 11 3 64 7 Roraima 0 2 1 1 Pará 27 22 257 257 Amapá 9 5 151 18 Tocantins 6 0 52 11 Nordeste 566 55 5.717 583 Maranhão 12 ,,2.0
Informe semanal nº 13.pdf,14,localidade_uf,Tocantins,tabela,mazonas 11 3 64 7 Roraima 0 2 1 1 Pará 27 22 257 257 Amapá 9 5 151 18 Tocantins 6 0 52 11 Nordeste 566 55 5.717 583 Maranhão 12 5 146 34 Piauí 34 19 ,,2.0
Informe semanal nº 13.pdf,14,localidade_regiao,Nordeste,tabela,raima 0 2 1 1 Pará 27 22 257 257 Amapá 9 5 151 18 Tocantins 6 0 52 11 Nordeste 566 55 5.717 583 Maranhão 12 5 146 34 Piauí 34 19 303 111 Ceará 5 2 9,,1.0
Informe semanal nº 13.pdf,14,localidade_uf,Maranhão,tabela,57 257 Amapá 9 5 151 18 Tocantins 6 0 52 11 Nordeste 566 55 5.717 583 Maranhão 12 5 146 34 Piauí 34 19 303 111 Ceará 5 2 91 15 Rio Grande do Norte 8,,1.0
Informe semanal nº 13.pdf,14,localidade_uf,Piauí,tabela,18 Tocantins 6 0 52 11 Nordeste 566 55 5.717 583 Maranhão 12 5 146 34 Piauí 34 19 303 111 Ceará 5 2 91 15 Rio Grande do Norte 8 2 108 20 Paraíba ,,1.0
Informe semanal nº 13.pdf,14,localidade_uf,Ceará,tabela,11 Nordeste 566 55 5.717 583 Maranhão 12 5 146 34 Piauí 34 19 303 111 Ceará 5 2 91 15 Rio Grande do Norte 8 2 108 20 Paraíba 4 0 126 11 Pernambuc,,1.0
Informe semanal nº 13.pdf,14,localidade_uf,Rio Grande do Norte,tabela,55 5.717 583 Maranhão 12 5 146 34 Piauí 34 19 303 111 Ceará 5 2 91 15 Rio Grande do Norte 8 2 108 20 Paraíba 4 0 126 11 Pernambuco 12 2 105 40 Alagoas 14 4 171,,1.0
Informe semanal nº 13.pdf,14,localidade_uf,Paraíba,tabela,34 Piauí 34 19 303 111 Ceará 5 2 91 15 Rio Grande do Norte 8 2 108 20 Paraíba 4 0 126 11 Pernambuco 12 2 105 40 Alagoas 14 4 171 20 Sergipe 3 1 36 ,,1.0
Informe semanal nº 13.pdf,14,localidade_uf,Pernambuco,tabela,111 Ceará 5 2 91 15 Rio Grande do Norte 8 2 108 20 Paraíba 4 0 126 11 Pernambuco 12 2 105 40 Alagoas 14 4 171 20 Sergipe 3 1 36 13 Bahia 474 20 4631 3,,1.0
Informe semanal nº 13.pdf,14,localidade_uf,Alagoas,tabela, Grande do Norte 8 2 108 20 Paraíba 4 0 126 11 Pernambuco 12 2 105 40 Alagoas 14 4 171 20 Sergipe 3 1 36 13 Bahia 474 20 4631 319 Sudeste 3.728 1.0,,1.0
Informe semanal nº 13.pdf,14,localidade_uf,Sergipe,tabela, 108 20 Paraíba 4 0 126 11 Pernambuco 12 2 105 40 Alagoas 14 4 171 20 Sergipe 3 1 36 13 Bahia 474 20 4631 319 Sudeste 3.728 1.081 36.116 14.586 Min,,1.0
Informe semanal nº 13.pdf,14,localidade_uf,Bahia,tabela,0 126 11 Pernambuco 12 2 105 40 Alagoas 14 4 171 20 Sergipe 3 1 36 13 Bahia 474 20 4631 319 Sudeste 3.728 1.081 36.116 14.586 Minas Gerais 1.583 ,,1.0
Informe semanal nº 13.pdf,14,localidade_regiao,Sudeste,tabela, 2 105 40 Alagoas 14 4 171 20 Sergipe 3 1 36 13 Bahia 474 20 4631 319 Sudeste 3.728 1.081 36.116 14.586 Minas Gerais 1.583 135 13.523 1.478 Espírit,,1.0
Informe semanal nº 13.pdf,14,localidade_uf,Minas Gerais,tabela,ipe 3 1 36 13 Bahia 474 20 4631 319 Sudeste 3.728 1.081 36.116 14.586 Minas Gerais 1.583 135 13.523 1.478 Espírito Santo 85 6 1.947 328 Rio de Janeiro 2,,1.0
Informe semanal nº 13.pdf,14,localidade_uf,Espírito Santo,tabela,Sudeste 3.728 1.081 36.116 14.586 Minas Gerais 1.583 135 13.523 1.478 Espírito Santo 85 6 1.947 328 Rio de Janeiro 212 20 4.020 287 São Paulo 1.848 920 16,,2.0
Informe semanal nº 13.pdf,14,localidade_uf,Rio de Janeiro,tabela,586 Minas Gerais 1.583 135 13.523 1.478 Espírito Santo 85 6 1.947 328 Rio de Janeiro 212 20 4.020 287 São Paulo 1.848 920 16.626 12.493 Sul 1.310 143 17.5,,2.0
Informe semanal nº 13.pdf,14,localidade_uf,São Paulo,tabela,3 1.478 Espírito Santo 85 6 1.947 328 Rio de Janeiro 212 20 4.020 287 São Paulo 1.848 920 16.626 12.493 Sul 1.310 143 17.581 2.916 Paraná 620 113 10.,,2.0
Informe semanal nº 13.pdf,14,localidade_regiao,Sul,tabela,328 Rio de Janeiro 212 20 4.020 287 São Paulo 1.848 920 16.626 12.493 Sul 1.310 143 17.581 2.916 Paraná 620 113 10.371 2.410 Santa Catarina 341,,1.0
Informe semanal nº 13.pdf,14,localidade_uf,Paraná,tabela,.020 287 São Paulo 1.848 920 16.626 12.493 Sul 1.310 143 17.581 2.916 Paraná 620 113 10.371 2.410 Santa Catarina 341 8 5.052 159 Rio Grande do Sul,,3.0
Informe semanal nº 13.pdf,14,localidade_uf,Santa Catarina,tabela, 16.626 12.493 Sul 1.310 143 17.581 2.916 Paraná 620 113 10.371 2.410 Santa Catarina 341 8 5.052 159 Rio Grande do Sul 349 22 2.158 347 Centro-Oeste 1.081,,1.0
Informe semanal nº 13.pdf,14,localidade_uf,Rio Grande do Sul,tabela,.581 2.916 Paraná 620 113 10.371 2.410 Santa Catarina 341 8 5.052 159 Rio Grande do Sul 349 22 2.158 347 Centro-Oeste 1.081 125 16.463 2.198 Mato Grosso do S,,1.0
Informe semanal nº 13.pdf,14,localidade_regiao,Centro-Oeste,tabela,410 Santa Catarina 341 8 5.052 159 Rio Grande do Sul 349 22 2.158 347 Centro-Oeste 1.081 125 16.463 2.198 Mato Grosso do Sul 29 15 358 184 Mato Grosso 5,,1.0
Informe semanal nº 13.pdf,14,localidade_uf,Mato Grosso do Sul,tabela,io Grande do Sul 349 22 2.158 347 Centro-Oeste 1.081 125 16.463 2.198 Mato Grosso do Sul 29 15 358 184 Mato Grosso 55 32 605 239 Goiás 537 78 5609 1754 Distri,,1.0
Informe semanal nº 13.pdf,14,localidade_uf,Mato Grosso,tabela, Centro-Oeste 1.081 125 16.463 2.198 Mato Grosso do Sul 29 15 358 184 Mato Grosso 55 32 605 239 Goiás 537 78 5609 1754 Distrito Federal 460 0 9891 21 B,,2.0
Informe semanal nº 13.pdf,14,localidade_uf,Goiás,tabela,.463 2.198 Mato Grosso do Sul 29 15 358 184 Mato Grosso 55 32 605 239 Goiás 537 78 5609 1754 Distrito Federal 460 0 9891 21 Brasil 6.745 1.438 76,,2.0
Informe semanal nº 13.pdf,14,localidade_uf,Distrito Federal,tabela,do Sul 29 15 358 184 Mato Grosso 55 32 605 239 Goiás 537 78 5609 1754 Distrito Federal 460 0 9891 21 Brasil 6.745 1.438 76.431 20.624 FONTE:SinanOn-lineeE-S,,1.0
Informe semanal nº 13.pdf,15,localidade_regiao,Norte,tabela," SE 01 aSE 19 SE 01 aSE 19 SE 01 aSE 19 2024 2025 2024 2025 2024 2025 Norte 27 31 4,4 8,3 1 9 Rondônia 5 0 18,5 0,0 0 0 Acre 0 3 0,0 0,0 0 0 Amaz",,1.0
Informe semanal nº 13.pdf,15,localidade_uf,Rondônia,tabela,"19 SE 01 aSE 19 2024 2025 2024 2025 2024 2025 Norte 27 31 4,4 8,3 1 9 Rondônia 5 0 18,5 0,0 0 0 Acre 0 3 0,0 0,0 0 0 Amazonas 5 1 6,7 10,0 0 1 Rorai",,1.0
Informe semanal nº 13.pdf,15,localidade_uf,Acre,tabela,"2024 2025 2024 2025 Norte 27 31 4,4 8,3 1 9 Rondônia 5 0 18,5 0,0 0 0 Acre 0 3 0,0 0,0 0 0 Amazonas 5 1 6,7 10,0 0 1 Roraima 0 2 0,0 0,0 0 0 Par",,1.0
Informe semanal nº 13.pdf,15,localidade_uf,Amazonas,tabela,"orte 27 31 4,4 8,3 1 9 Rondônia 5 0 18,5 0,0 0 0 Acre 0 3 0,0 0,0 0 0 Amazonas 5 1 6,7 10,0 0 1 Roraima 0 2 0,0 0,0 0 0 Pará 6 22 2,1 0,0 1 7 Amapá ",,1.0
Informe semanal nº 13.pdf,15,localidade_uf,Roraima,tabela,"dônia 5 0 18,5 0,0 0 0 Acre 0 3 0,0 0,0 0 0 Amazonas 5 1 6,7 10,0 0 1 Roraima 0 2 0,0 0,0 0 0 Pará 6 22 2,1 0,0 1 7 Amapá 7 3 4,4 0,0 0 1 Tocantins",,1.0
Informe semanal nº 13.pdf,15,localidade_uf,Pará,tabela,"cre 0 3 0,0 0,0 0 0 Amazonas 5 1 6,7 10,0 0 1 Roraima 0 2 0,0 0,0 0 0 Pará 6 22 2,1 0,0 1 7 Amapá 7 3 4,4 0,0 0 1 Tocantins 4 0 6,9 0,0 0 0 Nord",,1.0
Informe semanal nº 13.pdf,15,localidade_uf,Amapá,tabela,"azonas 5 1 6,7 10,0 0 1 Roraima 0 2 0,0 0,0 0 0 Pará 6 22 2,1 0,0 1 7 Amapá 7 3 4,4 0,0 0 1 Tocantins 4 0 6,9 0,0 0 0 Nordeste 204 17 3,2 2,7 32 ",,2.0
Informe semanal nº 13.pdf,15,localidade_uf,Tocantins,tabela,"1 Roraima 0 2 0,0 0,0 0 0 Pará 6 22 2,1 0,0 1 7 Amapá 7 3 4,4 0,0 0 1 Tocantins 4 0 6,9 0,0 0 0 Nordeste 204 17 3,2 2,7 32 53 Maranhão 5 1 3,2 0,0 4 ",,2.0
Informe semanal nº 13.pdf,15,localidade_regiao,Nordeste,tabela,"Pará 6 22 2,1 0,0 1 7 Amapá 7 3 4,4 0,0 0 1 Tocantins 4 0 6,9 0,0 0 0 Nordeste 204 17 3,2 2,7 32 53 Maranhão 5 1 3,2 0,0 4 12 Piauí 15 7 4,5 0,0 1 2",,1.0
Informe semanal nº 13.pdf,15,localidade_uf,Maranhão,tabela,"3 4,4 0,0 0 1 Tocantins 4 0 6,9 0,0 0 0 Nordeste 204 17 3,2 2,7 32 53 Maranhão 5 1 3,2 0,0 4 12 Piauí 15 7 4,5 0,0 1 2 Ceará 2 0 2,1 0,0 0 1 Rio Gra",,1.0
Informe semanal nº 13.pdf,15,localidade_uf,Piauí,tabela,"0 6,9 0,0 0 0 Nordeste 204 17 3,2 2,7 32 53 Maranhão 5 1 3,2 0,0 4 12 Piauí 15 7 4,5 0,0 1 2 Ceará 2 0 2,1 0,0 0 1 Rio Grande do Norte 2 0 1,7 0,",,1.0
Informe semanal nº 13.pdf,15,localidade_uf,Ceará,tabela,"204 17 3,2 2,7 32 53 Maranhão 5 1 3,2 0,0 4 12 Piauí 15 7 4,5 0,0 1 2 Ceará 2 0 2,1 0,0 0 1 Rio Grande do Norte 2 0 1,7 0,0 1 2 Paraíba 8 1 6,2 0",,1.0
Informe semanal nº 13.pdf,15,localidade_uf,Rio Grande do Norte,tabela,"aranhão 5 1 3,2 0,0 4 12 Piauí 15 7 4,5 0,0 1 2 Ceará 2 0 2,1 0,0 0 1 Rio Grande do Norte 2 0 1,7 0,0 1 2 Paraíba 8 1 6,2 0,0 0 11 Pernambuco 9 2 7,7 0,0 3 10 ",,1.0
Informe semanal nº 13.pdf,15,localidade_uf,Paraíba,tabela,"4,5 0,0 1 2 Ceará 2 0 2,1 0,0 0 1 Rio Grande do Norte 2 0 1,7 0,0 1 2 Paraíba 8 1 6,2 0,0 0 11 Pernambuco 9 2 7,7 0,0 3 10 Alagoas 7 0 3,8 0,0 0 1 ",,1.0
Informe semanal nº 13.pdf,15,localidade_uf,Pernambuco,tabela," 0,0 0 1 Rio Grande do Norte 2 0 1,7 0,0 1 2 Paraíba 8 1 6,2 0,0 0 11 Pernambuco 9 2 7,7 0,0 3 10 Alagoas 7 0 3,8 0,0 0 1 Sergipe 3 1 7,7 0,0 0 1 Bahi",,1.0
Informe semanal nº 13.pdf,15,localidade_uf,Alagoas,tabela," 2 0 1,7 0,0 1 2 Paraíba 8 1 6,2 0,0 0 11 Pernambuco 9 2 7,7 0,0 3 10 Alagoas 7 0 3,8 0,0 0 1 Sergipe 3 1 7,7 0,0 0 1 Bahia 153 5 3,0 1,5 23 13 Sud",,1.0
Informe semanal nº 13.pdf,15,localidade_uf,Sergipe,tabela," 8 1 6,2 0,0 0 11 Pernambuco 9 2 7,7 0,0 3 10 Alagoas 7 0 3,8 0,0 0 1 Sergipe 3 1 7,7 0,0 0 1 Bahia 153 5 3,0 1,5 23 13 Sudeste 2.924 676 7,3 4,3 2",,1.0
Informe semanal nº 13.pdf,15,localidade_uf,Bahia,tabela,"buco 9 2 7,7 0,0 3 10 Alagoas 7 0 3,8 0,0 0 1 Sergipe 3 1 7,7 0,0 0 1 Bahia 153 5 3,0 1,5 23 13 Sudeste 2.924 676 7,3 4,3 259 620 Minas Gerais 1.",,1.0
Informe semanal nº 13.pdf,15,localidade_regiao,Sudeste,tabela,"oas 7 0 3,8 0,0 0 1 Sergipe 3 1 7,7 0,0 0 1 Bahia 153 5 3,0 1,5 23 13 Sudeste 2.924 676 7,3 4,3 259 620 Minas Gerais 1.091 61 7,2 3,8 248 84 Espíri",,1.0
Informe semanal nº 13.pdf,15,localidade_uf,Minas Gerais,tabela,"7 0,0 0 1 Bahia 153 5 3,0 1,5 23 13 Sudeste 2.924 676 7,3 4,3 259 620 Minas Gerais 1.091 61 7,2 3,8 248 84 Espírito Santo 37 0 1,8 0,0 0 12 Rio de Janei",,1.0
Informe semanal nº 13.pdf,15,localidade_uf,Espírito Santo,tabela,"udeste 2.924 676 7,3 4,3 259 620 Minas Gerais 1.091 61 7,2 3,8 248 84 Espírito Santo 37 0 1,8 0,0 0 12 Rio de Janeiro 206 8 4,9 2,6 0 7 São Paulo 1.590 60",,2.0
Informe semanal nº 13.pdf,15,localidade_uf,Rio de Janeiro,tabela,"Minas Gerais 1.091 61 7,2 3,8 248 84 Espírito Santo 37 0 1,8 0,0 0 12 Rio de Janeiro 206 8 4,9 2,6 0 7 São Paulo 1.590 607 8,6 4,5 11 517 Sul 1.192 86 6,3",,2.0
Informe semanal nº 13.pdf,15,localidade_uf,São Paulo,tabela," 84 Espírito Santo 37 0 1,8 0,0 0 12 Rio de Janeiro 206 8 4,9 2,6 0 7 São Paulo 1.590 607 8,6 4,5 11 517 Sul 1.192 86 6,3 2,8 1 76 Paraná 652 66 5,9 ",,2.0
Informe semanal nº 13.pdf,15,localidade_regiao,Sul,tabela,"2 Rio de Janeiro 206 8 4,9 2,6 0 7 São Paulo 1.590 607 8,6 4,5 11 517 Sul 1.192 86 6,3 2,8 1 76 Paraná 652 66 5,9 2,6 0 61 Santa Catarina 294 7",,1.0
Informe semanal nº 13.pdf,15,localidade_uf,Paraná,tabela," 2,6 0 7 São Paulo 1.590 607 8,6 4,5 11 517 Sul 1.192 86 6,3 2,8 1 76 Paraná 652 66 5,9 2,6 0 61 Santa Catarina 294 7 5,5 0,0 0 3 Rio Grande do Su",,3.0
Informe semanal nº 13.pdf,15,localidade_uf,Santa Catarina,tabela,"7 8,6 4,5 11 517 Sul 1.192 86 6,3 2,8 1 76 Paraná 652 66 5,9 2,6 0 61 Santa Catarina 294 7 5,5 0,0 0 3 Rio Grande do Sul 246 13 9,8 3,5 1 12 Centro-Oeste ",,1.0
Informe semanal nº 13.pdf,15,localidade_uf,Rio Grande do Sul,tabela," 2,8 1 76 Paraná 652 66 5,9 2,6 0 61 Santa Catarina 294 7 5,5 0,0 0 3 Rio Grande do Sul 246 13 9,8 3,5 1 12 Centro-Oeste 817 55 4,7 2,4 13 72 Mato Grosso do ",,1.0
Informe semanal nº 13.pdf,15,localidade_regiao,Centro-Oeste,tabela,"anta Catarina 294 7 5,5 0,0 0 3 Rio Grande do Sul 246 13 9,8 3,5 1 12 Centro-Oeste 817 55 4,7 2,4 13 72 Mato Grosso do Sul 23 12 5,9 0,0 8 6 Mato Grosso",,1.0
Informe semanal nº 13.pdf,15,localidade_uf,Mato Grosso do Sul,tabela,"o Grande do Sul 246 13 9,8 3,5 1 12 Centro-Oeste 817 55 4,7 2,4 13 72 Mato Grosso do Sul 23 12 5,9 0,0 8 6 Mato Grosso 15 13 2,3 4,8 1 12 Goiás 362 30 5,9 1,6",,1.0
Informe semanal nº 13.pdf,15,localidade_uf,Mato Grosso,tabela,"entro-Oeste 817 55 4,7 2,4 13 72 Mato Grosso do Sul 23 12 5,9 0,0 8 6 Mato Grosso 15 13 2,3 4,8 1 12 Goiás 362 30 5,9 1,6 3 51 Distrito Federal 417 0 4",,2.0
Informe semanal nº 13.pdf,15,localidade_uf,Goiás,tabela,"2 Mato Grosso do Sul 23 12 5,9 0,0 8 6 Mato Grosso 15 13 2,3 4,8 1 12 Goiás 362 30 5,9 1,6 3 51 Distrito Federal 417 0 4,0 0,0 1 3 Brasil 5.164 8",,2.0
Informe semanal nº 13.pdf,15,localidade_uf,Distrito Federal,tabela," 5,9 0,0 8 6 Mato Grosso 15 13 2,3 4,8 1 12 Goiás 362 30 5,9 1,6 3 51 Distrito Federal 417 0 4,0 0,0 1 3 Brasil 5.164 865 6,2 3,9 306 830 FONTE:SinanOn-line",,1.0
Informe Semanal nº 14.pdf,2,localidade_regiao,Sudeste,narrativa," Geográficas que apresentam os maiores coeficientes de incidência são Sudeste, Centro-Oeste e Sul. Entre as Unidades Federativas (UF), destacam-se ",,1.0
Informe Semanal nº 14.pdf,2,localidade_regiao,Centro-Oeste,narrativa,"cas que apresentam os maiores coeficientes de incidência são Sudeste, Centro-Oeste e Sul. Entre as Unidades Federativas (UF), destacam-se São Paulo, Acr",,1.0
Informe Semanal nº 14.pdf,2,localidade_regiao,Sul,narrativa,"tam os maiores coeficientes de incidência são Sudeste, Centro-Oeste e Sul. Entre as Unidades Federativas (UF), destacam-se São Paulo, Acre, Par",,1.0
Informe Semanal nº 14.pdf,2,localidade_uf,São Paulo,narrativa,", Centro-Oeste e Sul. Entre as Unidades Federativas (UF), destacam-se São Paulo, Acre, Paraná, Goiás e Mato Grosso. Os maiores números de casos grave",,2.0
Informe Semanal nº 14.pdf,2,localidade_uf,Acre,narrativa,"ste e Sul. Entre as Unidades Federativas (UF), destacam-se São Paulo, Acre, Paraná, Goiás e Mato Grosso. Os maiores números de casos graves conc",,1.0
Informe Semanal nº 14.pdf,2,localidade_uf,Paraná,narrativa,"Sul. Entre as Unidades Federativas (UF), destacam-se São Paulo, Acre, Paraná, Goiás e Mato Grosso. Os maiores números de casos graves concentram-s",,3.0
Informe Semanal nº 14.pdf,2,localidade_uf,Goiás,narrativa,"re as Unidades Federativas (UF), destacam-se São Paulo, Acre, Paraná, Goiás e Mato Grosso. Os maiores números de casos graves concentram-se nas r",,2.0
Informe Semanal nº 14.pdf,2,localidade_uf,Mato Grosso,narrativa,"idades Federativas (UF), destacam-se São Paulo, Acre, Paraná, Goiás e Mato Grosso. Os maiores números de casos graves concentram-se nas regiões Sudeste",,2.0
Informe Semanal nº 14.pdf,2,localidade_regiao,Sudeste,narrativa," Grosso. Os maiores números de casos graves concentram-se nas regiões Sudeste, Sul e Centro-Oeste. A maior parte dos óbitos está na região Sudeste.",,1.0
Informe Semanal nº 14.pdf,2,localidade_regiao,Sul,narrativa,"Os maiores números de casos graves concentram-se nas regiões Sudeste, Sul e Centro-Oeste. A maior parte dos óbitos está na região Sudeste. Fora",,1.0
Informe Semanal nº 14.pdf,2,localidade_regiao,Centro-Oeste,narrativa,"ores números de casos graves concentram-se nas regiões Sudeste, Sul e Centro-Oeste. A maior parte dos óbitos está na região Sudeste. Foram confirmados 9",,1.0
Informe Semanal nº 14.pdf,2,localidade_regiao,Sudeste,narrativa," Sudeste, Sul e Centro-Oeste. A maior parte dos óbitos está na região Sudeste. Foram confirmados 940 óbitos no período, e 837 estão em investigação",,1.0
Informe Semanal nº 14.pdf,2,localidade_uf,Minas Gerais,narrativa,re de 2024. DENV-4 (vírus selvagem) foi detectado em duas amostras de Minas Gerais e três de São Paulo. Outras detecções de DENV-4 em Mato Grosso do Sul,,1.0
Informe Semanal nº 14.pdf,2,localidade_uf,São Paulo,narrativa,"us selvagem) foi detectado em duas amostras de Minas Gerais e três de São Paulo. Outras detecções de DENV-4 em Mato Grosso do Sul, São Paulo e Roraim",,2.0
Informe Semanal nº 14.pdf,2,localidade_uf,Mato Grosso do Sul,narrativa,"as de Minas Gerais e três de São Paulo. Outras detecções de DENV-4 em Mato Grosso do Sul, São Paulo e Roraima estão em análise. O coeficiente de incidência de",,1.0
Informe Semanal nº 14.pdf,2,localidade_uf,São Paulo,narrativa," três de São Paulo. Outras detecções de DENV-4 em Mato Grosso do Sul, São Paulo e Roraima estão em análise. O coeficiente de incidência de dengue no ",,2.0
Informe Semanal nº 14.pdf,2,localidade_uf,Roraima,narrativa," Paulo. Outras detecções de DENV-4 em Mato Grosso do Sul, São Paulo e Roraima estão em análise. O coeficiente de incidência de dengue no Brasil enc",,1.0
Informe Semanal nº 14.pdf,13,localidade_regiao,Norte,tabela,"de incidência Região/UF SE 01 aSE 20 SE 01 aSE 20 2024 2025 2024 2025 Norte 40.187 32.098 231,6 185,0 Rondônia 4.688 2.605 296,5 164,8 Acre 3.708",,1.0
Informe Semanal nº 14.pdf,13,localidade_uf,Rondônia,tabela,"E 20 SE 01 aSE 20 2024 2025 2024 2025 Norte 40.187 32.098 231,6 185,0 Rondônia 4.688 2.605 296,5 164,8 Acre 3.708 7.875 446,7 948,8 Amazonas 6.164 4",,1.0
Informe Semanal nº 14.pdf,13,localidade_uf,Acre,tabela,"2025 Norte 40.187 32.098 231,6 185,0 Rondônia 4.688 2.605 296,5 164,8 Acre 3.708 7.875 446,7 948,8 Amazonas 6.164 4.102 156,4 104,1 Roraima 219 ",,1.0
Informe Semanal nº 14.pdf,13,localidade_uf,Amazonas,tabela,"6 185,0 Rondônia 4.688 2.605 296,5 164,8 Acre 3.708 7.875 446,7 948,8 Amazonas 6.164 4.102 156,4 104,1 Roraima 219 251 34,4 39,4 Pará 15.252 12.876 ",,1.0
Informe Semanal nº 14.pdf,13,localidade_uf,Roraima,tabela,"5 164,8 Acre 3.708 7.875 446,7 948,8 Amazonas 6.164 4.102 156,4 104,1 Roraima 219 251 34,4 39,4 Pará 15.252 12.876 187,9 158,6 Amapá 6.636 1.350 90",,1.0
Informe Semanal nº 14.pdf,13,localidade_uf,Pará,tabela,"46,7 948,8 Amazonas 6.164 4.102 156,4 104,1 Roraima 219 251 34,4 39,4 Pará 15.252 12.876 187,9 158,6 Amapá 6.636 1.350 904,7 184,0 Tocantins 3.5",,1.0
Informe Semanal nº 14.pdf,13,localidade_uf,Amapá,tabela," 156,4 104,1 Roraima 219 251 34,4 39,4 Pará 15.252 12.876 187,9 158,6 Amapá 6.636 1.350 904,7 184,0 Tocantins 3.520 3.039 232,9 201,1 Nordeste 27",,2.0
Informe Semanal nº 14.pdf,13,localidade_uf,Tocantins,tabela,"4,4 39,4 Pará 15.252 12.876 187,9 158,6 Amapá 6.636 1.350 904,7 184,0 Tocantins 3.520 3.039 232,9 201,1 Nordeste 276.375 51.997 505,8 95,2 Maranhão 9",,2.0
Informe Semanal nº 14.pdf,13,localidade_regiao,Nordeste,tabela,"158,6 Amapá 6.636 1.350 904,7 184,0 Tocantins 3.520 3.039 232,9 201,1 Nordeste 276.375 51.997 505,8 95,2 Maranhão 9.924 4.199 146,5 62,0 Piauí 10.78",,1.0
Informe Semanal nº 14.pdf,13,localidade_uf,Maranhão,tabela," Tocantins 3.520 3.039 232,9 201,1 Nordeste 276.375 51.997 505,8 95,2 Maranhão 9.924 4.199 146,5 62,0 Piauí 10.787 4.461 330,0 136,5 Ceará 8.078 3.9",,1.0
Informe Semanal nº 14.pdf,13,localidade_uf,Piauí,tabela,",1 Nordeste 276.375 51.997 505,8 95,2 Maranhão 9.924 4.199 146,5 62,0 Piauí 10.787 4.461 330,0 136,5 Ceará 8.078 3.955 91,9 45,0 Rio Grande do No",,1.0
Informe Semanal nº 14.pdf,13,localidade_uf,Ceará,tabela,"8 95,2 Maranhão 9.924 4.199 146,5 62,0 Piauí 10.787 4.461 330,0 136,5 Ceará 8.078 3.955 91,9 45,0 Rio Grande do Norte 12.081 4.707 365,8 142,5 Pa",,1.0
Informe Semanal nº 14.pdf,13,localidade_uf,Rio Grande do Norte,tabela,"146,5 62,0 Piauí 10.787 4.461 330,0 136,5 Ceará 8.078 3.955 91,9 45,0 Rio Grande do Norte 12.081 4.707 365,8 142,5 Paraíba 9.827 4.160 247,3 104,7 Pernambuco 1",,1.0
Informe Semanal nº 14.pdf,13,localidade_uf,Paraíba,tabela,"rá 8.078 3.955 91,9 45,0 Rio Grande do Norte 12.081 4.707 365,8 142,5 Paraíba 9.827 4.160 247,3 104,7 Pernambuco 14.372 9.330 158,7 103,0 Alagoas 7",,1.0
Informe Semanal nº 14.pdf,13,localidade_uf,Pernambuco,tabela,"nde do Norte 12.081 4.707 365,8 142,5 Paraíba 9.827 4.160 247,3 104,7 Pernambuco 14.372 9.330 158,7 103,0 Alagoas 7.582 1.955 242,4 62,5 Sergipe 1.126",,1.0
Informe Semanal nº 14.pdf,13,localidade_uf,Alagoas,tabela,"5 Paraíba 9.827 4.160 247,3 104,7 Pernambuco 14.372 9.330 158,7 103,0 Alagoas 7.582 1.955 242,4 62,5 Sergipe 1.126 556 51,0 25,2 Bahia 202.598 18.6",,1.0
Informe Semanal nº 14.pdf,13,localidade_uf,Sergipe,tabela,",7 Pernambuco 14.372 9.330 158,7 103,0 Alagoas 7.582 1.955 242,4 62,5 Sergipe 1.126 556 51,0 25,2 Bahia 202.598 18.674 1.433,2 132,1 Sudeste 3.700.",,1.0
Informe Semanal nº 14.pdf,13,localidade_uf,Bahia,tabela,"58,7 103,0 Alagoas 7.582 1.955 242,4 62,5 Sergipe 1.126 556 51,0 25,2 Bahia 202.598 18.674 1.433,2 132,1 Sudeste 3.700.086 947.088 4.360,9 1.116,",,1.0
Informe Semanal nº 14.pdf,13,localidade_regiao,Sudeste,tabela,"4 62,5 Sergipe 1.126 556 51,0 25,2 Bahia 202.598 18.674 1.433,2 132,1 Sudeste 3.700.086 947.088 4.360,9 1.116,2 Minas Gerais 1.571.485 142.911 7.65",,1.0
Informe Semanal nº 14.pdf,13,localidade_uf,Minas Gerais,tabela,"02.598 18.674 1.433,2 132,1 Sudeste 3.700.086 947.088 4.360,9 1.116,2 Minas Gerais 1.571.485 142.911 7.651,3 695,8 Espírito Santo 123.018 25.868 3.209,0",,1.0
Informe Semanal nº 14.pdf,13,localidade_uf,Espírito Santo,tabela," 947.088 4.360,9 1.116,2 Minas Gerais 1.571.485 142.911 7.651,3 695,8 Espírito Santo 123.018 25.868 3.209,0 674,8 Rio de Janeiro 274.053 25.064 1.707,0 15",,2.0
Informe Semanal nº 14.pdf,13,localidade_uf,Rio de Janeiro,tabela,"485 142.911 7.651,3 695,8 Espírito Santo 123.018 25.868 3.209,0 674,8 Rio de Janeiro 274.053 25.064 1.707,0 156,1 São Paulo 1.731.530 753.245 3.898,0 1.69",,2.0
Informe Semanal nº 14.pdf,13,localidade_uf,São Paulo,tabela,".018 25.868 3.209,0 674,8 Rio de Janeiro 274.053 25.064 1.707,0 156,1 São Paulo 1.731.530 753.245 3.898,0 1.695,7 Sul 1.071.886 200.030 3.580,9 668,3",,2.0
Informe Semanal nº 14.pdf,13,localidade_regiao,Sul,tabela,".053 25.064 1.707,0 156,1 São Paulo 1.731.530 753.245 3.898,0 1.695,7 Sul 1.071.886 200.030 3.580,9 668,3 Paraná 569.611 107.820 4.977,7 942,2 ",,1.0
Informe Semanal nº 14.pdf,13,localidade_uf,Paraná,tabela,"1.731.530 753.245 3.898,0 1.695,7 Sul 1.071.886 200.030 3.580,9 668,3 Paraná 569.611 107.820 4.977,7 942,2 Santa Catarina 300.810 24.664 3.953,0 3",,3.0
Informe Semanal nº 14.pdf,13,localidade_uf,Santa Catarina,tabela," 1.071.886 200.030 3.580,9 668,3 Paraná 569.611 107.820 4.977,7 942,2 Santa Catarina 300.810 24.664 3.953,0 324,1 Rio Grande do Sul 201.465 67.546 1.851,6",,1.0
Informe Semanal nº 14.pdf,13,localidade_uf,Rio Grande do Sul,tabela,"611 107.820 4.977,7 942,2 Santa Catarina 300.810 24.664 3.953,0 324,1 Rio Grande do Sul 201.465 67.546 1.851,6 620,8 Centro-Oeste 587.641 111.528 3.607,9 684",,1.0
Informe Semanal nº 14.pdf,13,localidade_regiao,Centro-Oeste,tabela,"0 24.664 3.953,0 324,1 Rio Grande do Sul 201.465 67.546 1.851,6 620,8 Centro-Oeste 587.641 111.528 3.607,9 684,7 Mato Grosso do Sul 16.215 12.174 588,2 ",,1.0
Informe Semanal nº 14.pdf,13,localidade_uf,Mato Grosso do Sul,tabela,"1.465 67.546 1.851,6 620,8 Centro-Oeste 587.641 111.528 3.607,9 684,7 Mato Grosso do Sul 16.215 12.174 588,2 441,6 Mato Grosso 31.684 27.071 866,0 739,9 Goiás",,1.0
Informe Semanal nº 14.pdf,13,localidade_uf,Mato Grosso,tabela,"41 111.528 3.607,9 684,7 Mato Grosso do Sul 16.215 12.174 588,2 441,6 Mato Grosso 31.684 27.071 866,0 739,9 Goiás 275.672 65.412 3.907,3 927,1 Distrito",,2.0
Informe Semanal nº 14.pdf,13,localidade_uf,Goiás,tabela,"o Sul 16.215 12.174 588,2 441,6 Mato Grosso 31.684 27.071 866,0 739,9 Goiás 275.672 65.412 3.907,3 927,1 Distrito Federal 264.070 6.871 9.373,9 2",,2.0
Informe Semanal nº 14.pdf,13,localidade_uf,Distrito Federal,tabela,"o Grosso 31.684 27.071 866,0 739,9 Goiás 275.672 65.412 3.907,3 927,1 Distrito Federal 264.070 6.871 9.373,9 243,9 Brasil 5.676.175 1.342.741 2.795,3 661,2 ",,1.0
Informe Semanal nº 14.pdf,14,localidade_regiao,Norte,tabela,de alarme (n) SE 01 aSE 20 SE 01 aSE 20 Região/UF 2024 2025 2024 2025 Norte 64 34 585 365 Rondônia 5 1 23 10 Acre 2 1 8 37 Amazonas 11 3 64 8 Ror,,1.0
Informe Semanal nº 14.pdf,14,localidade_uf,Rondônia,tabela,aSE 20 SE 01 aSE 20 Região/UF 2024 2025 2024 2025 Norte 64 34 585 365 Rondônia 5 1 23 10 Acre 2 1 8 37 Amazonas 11 3 64 8 Roraima 0 2 1 2 Pará 28 22,,1.0
Informe Semanal nº 14.pdf,14,localidade_uf,Acre,tabela, Região/UF 2024 2025 2024 2025 Norte 64 34 585 365 Rondônia 5 1 23 10 Acre 2 1 8 37 Amazonas 11 3 64 8 Roraima 0 2 1 2 Pará 28 22 267 276 Amapá ,,1.0
Informe Semanal nº 14.pdf,14,localidade_uf,Amazonas,tabela,4 2025 2024 2025 Norte 64 34 585 365 Rondônia 5 1 23 10 Acre 2 1 8 37 Amazonas 11 3 64 8 Roraima 0 2 1 2 Pará 28 22 267 276 Amapá 11 5 167 21 Tocant,,1.0
Informe Semanal nº 14.pdf,14,localidade_uf,Roraima,tabela,rte 64 34 585 365 Rondônia 5 1 23 10 Acre 2 1 8 37 Amazonas 11 3 64 8 Roraima 0 2 1 2 Pará 28 22 267 276 Amapá 11 5 167 21 Tocantins 7 0 55 11 Nord,,1.0
Informe Semanal nº 14.pdf,14,localidade_uf,Pará,tabela,5 Rondônia 5 1 23 10 Acre 2 1 8 37 Amazonas 11 3 64 8 Roraima 0 2 1 2 Pará 28 22 267 276 Amapá 11 5 167 21 Tocantins 7 0 55 11 Nordeste 590 58 6,,1.0
Informe Semanal nº 14.pdf,14,localidade_uf,Amapá,tabela,0 Acre 2 1 8 37 Amazonas 11 3 64 8 Roraima 0 2 1 2 Pará 28 22 267 276 Amapá 11 5 167 21 Tocantins 7 0 55 11 Nordeste 590 58 6.038 643 Maranhão 13,,2.0
Informe Semanal nº 14.pdf,14,localidade_uf,Tocantins,tabela,azonas 11 3 64 8 Roraima 0 2 1 2 Pará 28 22 267 276 Amapá 11 5 167 21 Tocantins 7 0 55 11 Nordeste 590 58 6.038 643 Maranhão 13 5 157 34 Piauí 37 20 ,,2.0
Informe Semanal nº 14.pdf,14,localidade_regiao,Nordeste,tabela,aima 0 2 1 2 Pará 28 22 267 276 Amapá 11 5 167 21 Tocantins 7 0 55 11 Nordeste 590 58 6.038 643 Maranhão 13 5 157 34 Piauí 37 20 361 116 Ceará 5 2 9,,1.0
Informe Semanal nº 14.pdf,14,localidade_uf,Maranhão,tabela,7 276 Amapá 11 5 167 21 Tocantins 7 0 55 11 Nordeste 590 58 6.038 643 Maranhão 13 5 157 34 Piauí 37 20 361 116 Ceará 5 2 99 14 Rio Grande do Norte 8,,1.0
Informe Semanal nº 14.pdf,14,localidade_uf,Piauí,tabela,21 Tocantins 7 0 55 11 Nordeste 590 58 6.038 643 Maranhão 13 5 157 34 Piauí 37 20 361 116 Ceará 5 2 99 14 Rio Grande do Norte 8 2 113 21 Paraíba ,,1.0
Informe Semanal nº 14.pdf,14,localidade_uf,Ceará,tabela,11 Nordeste 590 58 6.038 643 Maranhão 13 5 157 34 Piauí 37 20 361 116 Ceará 5 2 99 14 Rio Grande do Norte 8 2 113 21 Paraíba 4 0 128 13 Pernambuc,,1.0
Informe Semanal nº 14.pdf,14,localidade_uf,Rio Grande do Norte,tabela,58 6.038 643 Maranhão 13 5 157 34 Piauí 37 20 361 116 Ceará 5 2 99 14 Rio Grande do Norte 8 2 113 21 Paraíba 4 0 128 13 Pernambuco 12 4 118 43 Alagoas 15 3 201,,1.0
Informe Semanal nº 14.pdf,14,localidade_uf,Paraíba,tabela,34 Piauí 37 20 361 116 Ceará 5 2 99 14 Rio Grande do Norte 8 2 113 21 Paraíba 4 0 128 13 Pernambuco 12 4 118 43 Alagoas 15 3 201 21 Sergipe 3 1 37 ,,1.0
Informe Semanal nº 14.pdf,14,localidade_uf,Pernambuco,tabela,116 Ceará 5 2 99 14 Rio Grande do Norte 8 2 113 21 Paraíba 4 0 128 13 Pernambuco 12 4 118 43 Alagoas 15 3 201 21 Sergipe 3 1 37 18 Bahia 493 21 4824 3,,1.0
Informe Semanal nº 14.pdf,14,localidade_uf,Alagoas,tabela, Grande do Norte 8 2 113 21 Paraíba 4 0 128 13 Pernambuco 12 4 118 43 Alagoas 15 3 201 21 Sergipe 3 1 37 18 Bahia 493 21 4824 363 Sudeste 3.946 1.1,,1.0
Informe Semanal nº 14.pdf,14,localidade_uf,Sergipe,tabela, 113 21 Paraíba 4 0 128 13 Pernambuco 12 4 118 43 Alagoas 15 3 201 21 Sergipe 3 1 37 18 Bahia 493 21 4824 363 Sudeste 3.946 1.145 38.638 15.478 Min,,1.0
Informe Semanal nº 14.pdf,14,localidade_uf,Bahia,tabela,0 128 13 Pernambuco 12 4 118 43 Alagoas 15 3 201 21 Sergipe 3 1 37 18 Bahia 493 21 4824 363 Sudeste 3.946 1.145 38.638 15.478 Minas Gerais 1.619 ,,1.0
Informe Semanal nº 14.pdf,14,localidade_regiao,Sudeste,tabela, 4 118 43 Alagoas 15 3 201 21 Sergipe 3 1 37 18 Bahia 493 21 4824 363 Sudeste 3.946 1.145 38.638 15.478 Minas Gerais 1.619 146 13.776 1.598 Espírit,,1.0
Informe Semanal nº 14.pdf,14,localidade_uf,Minas Gerais,tabela,ipe 3 1 37 18 Bahia 493 21 4824 363 Sudeste 3.946 1.145 38.638 15.478 Minas Gerais 1.619 146 13.776 1.598 Espírito Santo 89 8 2.010 330 Rio de Janeiro 2,,1.0
Informe Semanal nº 14.pdf,14,localidade_uf,Espírito Santo,tabela,Sudeste 3.946 1.145 38.638 15.478 Minas Gerais 1.619 146 13.776 1.598 Espírito Santo 89 8 2.010 330 Rio de Janeiro 219 22 4.155 303 São Paulo 2.019 969 18,,2.0
Informe Semanal nº 14.pdf,14,localidade_uf,Rio de Janeiro,tabela,478 Minas Gerais 1.619 146 13.776 1.598 Espírito Santo 89 8 2.010 330 Rio de Janeiro 219 22 4.155 303 São Paulo 2.019 969 18.697 13.247 Sul 1.391 160 18.9,,2.0
Informe Semanal nº 14.pdf,14,localidade_uf,São Paulo,tabela,6 1.598 Espírito Santo 89 8 2.010 330 Rio de Janeiro 219 22 4.155 303 São Paulo 2.019 969 18.697 13.247 Sul 1.391 160 18.949 3.118 Paraná 652 121 11.,,2.0
Informe Semanal nº 14.pdf,14,localidade_regiao,Sul,tabela,330 Rio de Janeiro 219 22 4.155 303 São Paulo 2.019 969 18.697 13.247 Sul 1.391 160 18.949 3.118 Paraná 652 121 11.161 2.580 Santa Catarina 371,,1.0
Informe Semanal nº 14.pdf,14,localidade_uf,Paraná,tabela,.155 303 São Paulo 2.019 969 18.697 13.247 Sul 1.391 160 18.949 3.118 Paraná 652 121 11.161 2.580 Santa Catarina 371 10 5.455 171 Rio Grande do Su,,3.0
Informe Semanal nº 14.pdf,14,localidade_uf,Santa Catarina,tabela, 18.697 13.247 Sul 1.391 160 18.949 3.118 Paraná 652 121 11.161 2.580 Santa Catarina 371 10 5.455 171 Rio Grande do Sul 368 29 2.333 367 Centro-Oeste 1.11,,1.0
Informe Semanal nº 14.pdf,14,localidade_uf,Rio Grande do Sul,tabela,949 3.118 Paraná 652 121 11.161 2.580 Santa Catarina 371 10 5.455 171 Rio Grande do Sul 368 29 2.333 367 Centro-Oeste 1.118 131 16.996 2.438 Mato Grosso do S,,1.0
Informe Semanal nº 14.pdf,14,localidade_regiao,Centro-Oeste,tabela,80 Santa Catarina 371 10 5.455 171 Rio Grande do Sul 368 29 2.333 367 Centro-Oeste 1.118 131 16.996 2.438 Mato Grosso do Sul 30 14 385 187 Mato Grosso 5,,1.0
Informe Semanal nº 14.pdf,14,localidade_uf,Mato Grosso do Sul,tabela,io Grande do Sul 368 29 2.333 367 Centro-Oeste 1.118 131 16.996 2.438 Mato Grosso do Sul 30 14 385 187 Mato Grosso 56 32 639 258 Goiás 565 84 5978 1977 Distri,,1.0
Informe Semanal nº 14.pdf,14,localidade_uf,Mato Grosso,tabela, Centro-Oeste 1.118 131 16.996 2.438 Mato Grosso do Sul 30 14 385 187 Mato Grosso 56 32 639 258 Goiás 565 84 5978 1977 Distrito Federal 467 1 9994 16 B,,2.0
Informe Semanal nº 14.pdf,14,localidade_uf,Goiás,tabela,.996 2.438 Mato Grosso do Sul 30 14 385 187 Mato Grosso 56 32 639 258 Goiás 565 84 5978 1977 Distrito Federal 467 1 9994 16 Brasil 7.109 1.528 81,,2.0
Informe Semanal nº 14.pdf,14,localidade_uf,Distrito Federal,tabela,do Sul 30 14 385 187 Mato Grosso 56 32 639 258 Goiás 565 84 5978 1977 Distrito Federal 467 1 9994 16 Brasil 7.109 1.528 81.206 22.042 FONTE:SinanOn-lineeE-S,,1.0
Informe Semanal nº 14.pdf,15,localidade_regiao,Norte,tabela," SE 01 aSE 20 SE 01 aSE 20 SE 01 aSE 20 2024 2025 2024 2025 2024 2025 Norte 28 32 4,3 8,0 1 11 Rondônia 5 0 17,9 0,0 0 0 Acre 0 3 0,0 0,0 0 0 Ama",,1.0
Informe Semanal nº 14.pdf,15,localidade_uf,Rondônia,tabela,"0 SE 01 aSE 20 2024 2025 2024 2025 2024 2025 Norte 28 32 4,3 8,0 1 11 Rondônia 5 0 17,9 0,0 0 0 Acre 0 3 0,0 0,0 0 0 Amazonas 5 1 6,7 9,1 0 2 Roraim",,1.0
Informe Semanal nº 14.pdf,15,localidade_uf,Acre,tabela,"024 2025 2024 2025 Norte 28 32 4,3 8,0 1 11 Rondônia 5 0 17,9 0,0 0 0 Acre 0 3 0,0 0,0 0 0 Amazonas 5 1 6,7 9,1 0 2 Roraima 0 2 0,0 0,0 0 1 Pará",,1.0
Informe Semanal nº 14.pdf,15,localidade_uf,Amazonas,tabela,"rte 28 32 4,3 8,0 1 11 Rondônia 5 0 17,9 0,0 0 0 Acre 0 3 0,0 0,0 0 0 Amazonas 5 1 6,7 9,1 0 2 Roraima 0 2 0,0 0,0 0 1 Pará 6 23 2,0 0,0 1 8 Amapá 7",,1.0
Informe Semanal nº 14.pdf,15,localidade_uf,Roraima,tabela,"ndônia 5 0 17,9 0,0 0 0 Acre 0 3 0,0 0,0 0 0 Amazonas 5 1 6,7 9,1 0 2 Roraima 0 2 0,0 0,0 0 1 Pará 6 23 2,0 0,0 1 8 Amapá 7 3 3,9 0,0 0 0 Tocantins",,1.0
Informe Semanal nº 14.pdf,15,localidade_uf,Pará,tabela,"Acre 0 3 0,0 0,0 0 0 Amazonas 5 1 6,7 9,1 0 2 Roraima 0 2 0,0 0,0 0 1 Pará 6 23 2,0 0,0 1 8 Amapá 7 3 3,9 0,0 0 0 Tocantins 5 0 8,1 0,0 0 0 Nord",,1.0
Informe Semanal nº 14.pdf,15,localidade_uf,Amapá,tabela,"mazonas 5 1 6,7 9,1 0 2 Roraima 0 2 0,0 0,0 0 1 Pará 6 23 2,0 0,0 1 8 Amapá 7 3 3,9 0,0 0 0 Tocantins 5 0 8,1 0,0 0 0 Nordeste 211 19 3,2 2,7 37 ",,2.0
Informe Semanal nº 14.pdf,15,localidade_uf,Tocantins,tabela,"2 Roraima 0 2 0,0 0,0 0 1 Pará 6 23 2,0 0,0 1 8 Amapá 7 3 3,9 0,0 0 0 Tocantins 5 0 8,1 0,0 0 0 Nordeste 211 19 3,2 2,7 37 60 Maranhão 5 1 2,9 0,0 4 ",,2.0
Informe Semanal nº 14.pdf,15,localidade_regiao,Nordeste,tabela,"Pará 6 23 2,0 0,0 1 8 Amapá 7 3 3,9 0,0 0 0 Tocantins 5 0 8,1 0,0 0 0 Nordeste 211 19 3,2 2,7 37 60 Maranhão 5 1 2,9 0,0 4 12 Piauí 17 7 4,3 0,0 1 2",,1.0
Informe Semanal nº 14.pdf,15,localidade_uf,Maranhão,tabela,"3 3,9 0,0 0 0 Tocantins 5 0 8,1 0,0 0 0 Nordeste 211 19 3,2 2,7 37 60 Maranhão 5 1 2,9 0,0 4 12 Piauí 17 7 4,3 0,0 1 2 Ceará 2 0 1,9 0,0 0 5 Rio Gra",,1.0
Informe Semanal nº 14.pdf,15,localidade_uf,Piauí,tabela,"0 8,1 0,0 0 0 Nordeste 211 19 3,2 2,7 37 60 Maranhão 5 1 2,9 0,0 4 12 Piauí 17 7 4,3 0,0 1 2 Ceará 2 0 1,9 0,0 0 5 Rio Grande do Norte 2 0 1,7 0,",,1.0
Informe Semanal nº 14.pdf,15,localidade_uf,Ceará,tabela,"211 19 3,2 2,7 37 60 Maranhão 5 1 2,9 0,0 4 12 Piauí 17 7 4,3 0,0 1 2 Ceará 2 0 1,9 0,0 0 5 Rio Grande do Norte 2 0 1,7 0,0 1 2 Paraíba 9 1 6,8 0",,1.0
Informe Semanal nº 14.pdf,15,localidade_uf,Rio Grande do Norte,tabela,"aranhão 5 1 2,9 0,0 4 12 Piauí 17 7 4,3 0,0 1 2 Ceará 2 0 1,9 0,0 0 5 Rio Grande do Norte 2 0 1,7 0,0 1 2 Paraíba 9 1 6,8 0,0 0 11 Pernambuco 9 3 6,9 0,0 5 11 ",,1.0
Informe Semanal nº 14.pdf,15,localidade_uf,Paraíba,tabela,"4,3 0,0 1 2 Ceará 2 0 1,9 0,0 0 5 Rio Grande do Norte 2 0 1,7 0,0 1 2 Paraíba 9 1 6,8 0,0 0 11 Pernambuco 9 3 6,9 0,0 5 11 Alagoas 8 1 3,7 4,2 0 1 ",,1.0
Informe Semanal nº 14.pdf,15,localidade_uf,Pernambuco,tabela," 0,0 0 5 Rio Grande do Norte 2 0 1,7 0,0 1 2 Paraíba 9 1 6,8 0,0 0 11 Pernambuco 9 3 6,9 0,0 5 11 Alagoas 8 1 3,7 4,2 0 1 Sergipe 3 1 7,5 0,0 0 1 Bahi",,1.0
Informe Semanal nº 14.pdf,15,localidade_uf,Alagoas,tabela," 2 0 1,7 0,0 1 2 Paraíba 9 1 6,8 0,0 0 11 Pernambuco 9 3 6,9 0,0 5 11 Alagoas 8 1 3,7 4,2 0 1 Sergipe 3 1 7,5 0,0 0 1 Bahia 156 5 2,9 1,3 26 15 Sud",,1.0
Informe Semanal nº 14.pdf,15,localidade_uf,Sergipe,tabela," 9 1 6,8 0,0 0 11 Pernambuco 9 3 6,9 0,0 5 11 Alagoas 8 1 3,7 4,2 0 1 Sergipe 3 1 7,5 0,0 0 1 Bahia 156 5 2,9 1,3 26 15 Sudeste 3.093 729 7,3 4,4 2",,1.0
Informe Semanal nº 14.pdf,15,localidade_uf,Bahia,tabela,"buco 9 3 6,9 0,0 5 11 Alagoas 8 1 3,7 4,2 0 1 Sergipe 3 1 7,5 0,0 0 1 Bahia 156 5 2,9 1,3 26 15 Sudeste 3.093 729 7,3 4,4 271 615 Minas Gerais 1.",,1.0
Informe Semanal nº 14.pdf,15,localidade_regiao,Sudeste,tabela,"oas 8 1 3,7 4,2 0 1 Sergipe 3 1 7,5 0,0 0 1 Bahia 156 5 2,9 1,3 26 15 Sudeste 3.093 729 7,3 4,4 271 615 Minas Gerais 1.109 69 7,2 4,0 256 87 Espíri",,1.0
Informe Semanal nº 14.pdf,15,localidade_uf,Minas Gerais,tabela,"5 0,0 0 1 Bahia 156 5 2,9 1,3 26 15 Sudeste 3.093 729 7,3 4,4 271 615 Minas Gerais 1.109 69 7,2 4,0 256 87 Espírito Santo 39 1 1,9 0,3 0 7 Rio de Janeir",,1.0
Informe Semanal nº 14.pdf,15,localidade_uf,Espírito Santo,tabela,"udeste 3.093 729 7,3 4,4 271 615 Minas Gerais 1.109 69 7,2 4,0 256 87 Espírito Santo 39 1 1,9 0,3 0 7 Rio de Janeiro 211 9 4,8 2,8 0 9 São Paulo 1.734 650",,2.0
Informe Semanal nº 14.pdf,15,localidade_uf,Rio de Janeiro,tabela," Minas Gerais 1.109 69 7,2 4,0 256 87 Espírito Santo 39 1 1,9 0,3 0 7 Rio de Janeiro 211 9 4,8 2,8 0 9 São Paulo 1.734 650 8,4 4,6 15 512 Sul 1.259 103 6,",,2.0
Informe Semanal nº 14.pdf,15,localidade_uf,São Paulo,tabela,"6 87 Espírito Santo 39 1 1,9 0,3 0 7 Rio de Janeiro 211 9 4,8 2,8 0 9 São Paulo 1.734 650 8,4 4,6 15 512 Sul 1.259 103 6,2 3,1 1 78 Paraná 682 74 5,8",,2.0
Informe Semanal nº 14.pdf,15,localidade_regiao,Sul,tabela,"7 Rio de Janeiro 211 9 4,8 2,8 0 9 São Paulo 1.734 650 8,4 4,6 15 512 Sul 1.259 103 6,2 3,1 1 78 Paraná 682 74 5,8 2,7 0 60 Santa Catarina 312 ",,1.0
Informe Semanal nº 14.pdf,15,localidade_uf,Paraná,tabela,"2,8 0 9 São Paulo 1.734 650 8,4 4,6 15 512 Sul 1.259 103 6,2 3,1 1 78 Paraná 682 74 5,8 2,7 0 60 Santa Catarina 312 9 5,4 0,0 0 4 Rio Grande do Su",,3.0
Informe Semanal nº 14.pdf,15,localidade_uf,Santa Catarina,tabela," 8,4 4,6 15 512 Sul 1.259 103 6,2 3,1 1 78 Paraná 682 74 5,8 2,7 0 60 Santa Catarina 312 9 5,4 0,0 0 4 Rio Grande do Sul 265 20 9,8 5,1 1 14 Centro-Oeste ",,1.0
Informe Semanal nº 14.pdf,15,localidade_uf,Rio Grande do Sul,tabela," 3,1 1 78 Paraná 682 74 5,8 2,7 0 60 Santa Catarina 312 9 5,4 0,0 0 4 Rio Grande do Sul 265 20 9,8 5,1 1 14 Centro-Oeste 836 57 4,6 2,2 15 73 Mato Grosso do ",,1.0
Informe Semanal nº 14.pdf,15,localidade_regiao,Centro-Oeste,tabela,"anta Catarina 312 9 5,4 0,0 0 4 Rio Grande do Sul 265 20 9,8 5,1 1 14 Centro-Oeste 836 57 4,6 2,2 15 73 Mato Grosso do Sul 23 12 5,5 0,0 9 7 Mato Grosso",,1.0
Informe Semanal nº 14.pdf,15,localidade_uf,Mato Grosso do Sul,tabela,"o Grande do Sul 265 20 9,8 5,1 1 14 Centro-Oeste 836 57 4,6 2,2 15 73 Mato Grosso do Sul 23 12 5,5 0,0 9 7 Mato Grosso 16 13 2,3 4,5 1 10 Goiás 376 32 5,7 1,6",,1.0
Informe Semanal nº 14.pdf,15,localidade_uf,Mato Grosso,tabela,"entro-Oeste 836 57 4,6 2,2 15 73 Mato Grosso do Sul 23 12 5,5 0,0 9 7 Mato Grosso 16 13 2,3 4,5 1 10 Goiás 376 32 5,7 1,6 4 53 Distrito Federal 421 0 4",,2.0
Informe Semanal nº 14.pdf,15,localidade_uf,Goiás,tabela,"3 Mato Grosso do Sul 23 12 5,5 0,0 9 7 Mato Grosso 16 13 2,3 4,5 1 10 Goiás 376 32 5,7 1,6 4 53 Distrito Federal 421 0 4,0 0,0 1 3 Brasil 5.427 9",,2.0
Informe Semanal nº 14.pdf,15,localidade_uf,Distrito Federal,tabela," 5,5 0,0 9 7 Mato Grosso 16 13 2,3 4,5 1 10 Goiás 376 32 5,7 1,6 4 53 Distrito Federal 421 0 4,0 0,0 1 3 Brasil 5.427 940 6,1 4,0 325 837 FONTE:SinanOn-line",,1.0
Informe Semanal nº 15.pdf,2,localidade_regiao,Sudeste,narrativa," Geográficas que apresentam os maiores coeficientes de incidência são Sudeste, Centro-Oeste e Sul. Entre as Unidades Federativas (UF), destacam-se ",,1.0
Informe Semanal nº 15.pdf,2,localidade_regiao,Centro-Oeste,narrativa,"cas que apresentam os maiores coeficientes de incidência são Sudeste, Centro-Oeste e Sul. Entre as Unidades Federativas (UF), destacam-se São Paulo, Acr",,1.0
Informe Semanal nº 15.pdf,2,localidade_regiao,Sul,narrativa,"tam os maiores coeficientes de incidência são Sudeste, Centro-Oeste e Sul. Entre as Unidades Federativas (UF), destacam-se São Paulo, Acre, Par",,1.0
Informe Semanal nº 15.pdf,2,localidade_uf,São Paulo,narrativa,", Centro-Oeste e Sul. Entre as Unidades Federativas (UF), destacam-se São Paulo, Acre, Paraná, Goiás e Mato Grosso. Os maiores números de casos grave",,2.0
Informe Semanal nº 15.pdf,2,localidade_uf,Acre,narrativa,"ste e Sul. Entre as Unidades Federativas (UF), destacam-se São Paulo, Acre, Paraná, Goiás e Mato Grosso. Os maiores números de casos graves conc",,1.0
Informe Semanal nº 15.pdf,2,localidade_uf,Paraná,narrativa,"Sul. Entre as Unidades Federativas (UF), destacam-se São Paulo, Acre, Paraná, Goiás e Mato Grosso. Os maiores números de casos graves concentram-s",,3.0
Informe Semanal nº 15.pdf,2,localidade_uf,Goiás,narrativa,"re as Unidades Federativas (UF), destacam-se São Paulo, Acre, Paraná, Goiás e Mato Grosso. Os maiores números de casos graves concentram-se nas r",,2.0
Informe Semanal nº 15.pdf,2,localidade_uf,Mato Grosso,narrativa,"idades Federativas (UF), destacam-se São Paulo, Acre, Paraná, Goiás e Mato Grosso. Os maiores números de casos graves concentram-se nas regiões Sudeste",,2.0
Informe Semanal nº 15.pdf,2,localidade_regiao,Sudeste,narrativa," Grosso. Os maiores números de casos graves concentram-se nas regiões Sudeste, Sul e Centro-Oeste. A maior parte dos óbitos está na região Sudeste.",,1.0
Informe Semanal nº 15.pdf,2,localidade_regiao,Sul,narrativa,"Os maiores números de casos graves concentram-se nas regiões Sudeste, Sul e Centro-Oeste. A maior parte dos óbitos está na região Sudeste. Fora",,1.0
Informe Semanal nº 15.pdf,2,localidade_regiao,Centro-Oeste,narrativa,"ores números de casos graves concentram-se nas regiões Sudeste, Sul e Centro-Oeste. A maior parte dos óbitos está na região Sudeste. Foram confirmados 1",,1.0
Informe Semanal nº 15.pdf,2,localidade_regiao,Sudeste,narrativa," Sudeste, Sul e Centro-Oeste. A maior parte dos óbitos está na região Sudeste. Foram confirmados 1.013 óbitos no período, e 830 estão em investigaç",,1.0
Informe Semanal nº 15.pdf,2,localidade_uf,Minas Gerais,narrativa, o último trimestre de 2024. DENV-4 foi detectado em seis amostras de Minas Gerais e três de São Paulo. Outras detecções de DENV-4 em Mato Grosso do Sul,,1.0
Informe Semanal nº 15.pdf,2,localidade_uf,São Paulo,narrativa,"2024. DENV-4 foi detectado em seis amostras de Minas Gerais e três de São Paulo. Outras detecções de DENV-4 em Mato Grosso do Sul, São Paulo e Roraim",,2.0
Informe Semanal nº 15.pdf,2,localidade_uf,Mato Grosso do Sul,narrativa,"as de Minas Gerais e três de São Paulo. Outras detecções de DENV-4 em Mato Grosso do Sul, São Paulo e Roraima estão em análise. O coeficiente de incidência de",,1.0
Informe Semanal nº 15.pdf,2,localidade_uf,São Paulo,narrativa," três de São Paulo. Outras detecções de DENV-4 em Mato Grosso do Sul, São Paulo e Roraima estão em análise. O coeficiente de incidência de dengue no ",,2.0
Informe Semanal nº 15.pdf,2,localidade_uf,Roraima,narrativa," Paulo. Outras detecções de DENV-4 em Mato Grosso do Sul, São Paulo e Roraima estão em análise. O coeficiente de incidência de dengue no Brasil enc",,1.0
Informe Semanal nº 15.pdf,13,localidade_regiao,Norte,tabela,"de incidência Região/UF SE 01 aSE 21 SE 01 aSE 21 2024 2025 2024 2025 Norte 41.023 32.851 236,4 189,3 Rondônia 4.719 2.605 298,5 164,8 Acre 3.742",,1.0
Informe Semanal nº 15.pdf,13,localidade_uf,Rondônia,tabela,"E 21 SE 01 aSE 21 2024 2025 2024 2025 Norte 41.023 32.851 236,4 189,3 Rondônia 4.719 2.605 298,5 164,8 Acre 3.742 8.374 450,8 1.008,9 Amazonas 6.243",,1.0
Informe Semanal nº 15.pdf,13,localidade_uf,Acre,tabela,"2025 Norte 41.023 32.851 236,4 189,3 Rondônia 4.719 2.605 298,5 164,8 Acre 3.742 8.374 450,8 1.008,9 Amazonas 6.243 4.086 158,4 103,7 Roraima 25",,1.0
Informe Semanal nº 15.pdf,13,localidade_uf,Amazonas,tabela,"189,3 Rondônia 4.719 2.605 298,5 164,8 Acre 3.742 8.374 450,8 1.008,9 Amazonas 6.243 4.086 158,4 103,7 Roraima 254 282 39,9 44,3 Pará 15.604 12.928 ",,1.0
Informe Semanal nº 15.pdf,13,localidade_uf,Roraima,tabela,"164,8 Acre 3.742 8.374 450,8 1.008,9 Amazonas 6.243 4.086 158,4 103,7 Roraima 254 282 39,9 44,3 Pará 15.604 12.928 192,3 159,3 Amapá 6.794 1.471 92",,1.0
Informe Semanal nº 15.pdf,13,localidade_uf,Pará,tabela,",8 1.008,9 Amazonas 6.243 4.086 158,4 103,7 Roraima 254 282 39,9 44,3 Pará 15.604 12.928 192,3 159,3 Amapá 6.794 1.471 926,2 200,5 Tocantins 3.6",,1.0
Informe Semanal nº 15.pdf,13,localidade_uf,Amapá,tabela," 158,4 103,7 Roraima 254 282 39,9 44,3 Pará 15.604 12.928 192,3 159,3 Amapá 6.794 1.471 926,2 200,5 Tocantins 3.667 3.105 242,6 205,4 Nordeste 28",,2.0
Informe Semanal nº 15.pdf,13,localidade_uf,Tocantins,tabela,"9,9 44,3 Pará 15.604 12.928 192,3 159,3 Amapá 6.794 1.471 926,2 200,5 Tocantins 3.667 3.105 242,6 205,4 Nordeste 285.455 55.546 522,4 101,6 Maranhão ",,2.0
Informe Semanal nº 15.pdf,13,localidade_regiao,Nordeste,tabela,"159,3 Amapá 6.794 1.471 926,2 200,5 Tocantins 3.667 3.105 242,6 205,4 Nordeste 285.455 55.546 522,4 101,6 Maranhão 10.146 4.440 149,8 65,5 Piauí 11.",,1.0
Informe Semanal nº 15.pdf,13,localidade_uf,Maranhão,tabela,"Tocantins 3.667 3.105 242,6 205,4 Nordeste 285.455 55.546 522,4 101,6 Maranhão 10.146 4.440 149,8 65,5 Piauí 11.407 4.895 348,9 149,7 Ceará 8.480 4.",,1.0
Informe Semanal nº 15.pdf,13,localidade_uf,Piauí,tabela," Nordeste 285.455 55.546 522,4 101,6 Maranhão 10.146 4.440 149,8 65,5 Piauí 11.407 4.895 348,9 149,7 Ceará 8.480 4.388 96,5 49,9 Rio Grande do No",,1.0
Informe Semanal nº 15.pdf,13,localidade_uf,Ceará,tabela,"101,6 Maranhão 10.146 4.440 149,8 65,5 Piauí 11.407 4.895 348,9 149,7 Ceará 8.480 4.388 96,5 49,9 Rio Grande do Norte 12.417 4.974 376,0 150,6 Pa",,1.0
Informe Semanal nº 15.pdf,13,localidade_uf,Rio Grande do Norte,tabela,"149,8 65,5 Piauí 11.407 4.895 348,9 149,7 Ceará 8.480 4.388 96,5 49,9 Rio Grande do Norte 12.417 4.974 376,0 150,6 Paraíba 10.128 4.309 254,8 108,4 Pernambuco ",,1.0
Informe Semanal nº 15.pdf,13,localidade_uf,Paraíba,tabela,"rá 8.480 4.388 96,5 49,9 Rio Grande do Norte 12.417 4.974 376,0 150,6 Paraíba 10.128 4.309 254,8 108,4 Pernambuco 15.231 9.933 168,1 109,7 Alagoas ",,1.0
Informe Semanal nº 15.pdf,13,localidade_uf,Pernambuco,tabela,"de do Norte 12.417 4.974 376,0 150,6 Paraíba 10.128 4.309 254,8 108,4 Pernambuco 15.231 9.933 168,1 109,7 Alagoas 8.127 2.165 259,9 69,2 Sergipe 1.171",,1.0
Informe Semanal nº 15.pdf,13,localidade_uf,Alagoas,tabela," Paraíba 10.128 4.309 254,8 108,4 Pernambuco 15.231 9.933 168,1 109,7 Alagoas 8.127 2.165 259,9 69,2 Sergipe 1.171 581 53,0 26,3 Bahia 208.348 19.8",,1.0
Informe Semanal nº 15.pdf,13,localidade_uf,Sergipe,tabela,",4 Pernambuco 15.231 9.933 168,1 109,7 Alagoas 8.127 2.165 259,9 69,2 Sergipe 1.171 581 53,0 26,3 Bahia 208.348 19.861 1.473,8 140,5 Sudeste 3.842.",,1.0
Informe Semanal nº 15.pdf,13,localidade_uf,Bahia,tabela,"68,1 109,7 Alagoas 8.127 2.165 259,9 69,2 Sergipe 1.171 581 53,0 26,3 Bahia 208.348 19.861 1.473,8 140,5 Sudeste 3.842.894 983.828 4.529,2 1.159,",,1.0
Informe Semanal nº 15.pdf,13,localidade_regiao,Sudeste,tabela,"9 69,2 Sergipe 1.171 581 53,0 26,3 Bahia 208.348 19.861 1.473,8 140,5 Sudeste 3.842.894 983.828 4.529,2 1.159,5 Minas Gerais 1.597.439 148.621 7.77",,1.0
Informe Semanal nº 15.pdf,13,localidade_uf,Minas Gerais,tabela,"08.348 19.861 1.473,8 140,5 Sudeste 3.842.894 983.828 4.529,2 1.159,5 Minas Gerais 1.597.439 148.621 7.777,7 723,6 Espírito Santo 126.256 26.113 3.293,5",,1.0
Informe Semanal nº 15.pdf,13,localidade_uf,Espírito Santo,tabela," 983.828 4.529,2 1.159,5 Minas Gerais 1.597.439 148.621 7.777,7 723,6 Espírito Santo 126.256 26.113 3.293,5 681,2 Rio de Janeiro 279.015 26.151 1.737,9 16",,2.0
Informe Semanal nº 15.pdf,13,localidade_uf,Rio de Janeiro,tabela,"439 148.621 7.777,7 723,6 Espírito Santo 126.256 26.113 3.293,5 681,2 Rio de Janeiro 279.015 26.151 1.737,9 162,9 São Paulo 1.840.184 782.943 4.142,6 1.76",,2.0
Informe Semanal nº 15.pdf,13,localidade_uf,São Paulo,tabela,".256 26.113 3.293,5 681,2 Rio de Janeiro 279.015 26.151 1.737,9 162,9 São Paulo 1.840.184 782.943 4.142,6 1.762,6 Sul 1.107.236 213.296 3.699,0 712,6",,2.0
Informe Semanal nº 15.pdf,13,localidade_regiao,Sul,tabela,".015 26.151 1.737,9 162,9 São Paulo 1.840.184 782.943 4.142,6 1.762,6 Sul 1.107.236 213.296 3.699,0 712,6 Paraná 590.758 111.317 5.162,5 972,8 ",,1.0
Informe Semanal nº 15.pdf,13,localidade_uf,Paraná,tabela,"1.840.184 782.943 4.142,6 1.762,6 Sul 1.107.236 213.296 3.699,0 712,6 Paraná 590.758 111.317 5.162,5 972,8 Santa Catarina 310.791 26.452 4.084,2 3",,3.0
Informe Semanal nº 15.pdf,13,localidade_uf,Santa Catarina,tabela," 1.107.236 213.296 3.699,0 712,6 Paraná 590.758 111.317 5.162,5 972,8 Santa Catarina 310.791 26.452 4.084,2 347,6 Rio Grande do Sul 205.687 75.527 1.890,4",,1.0
Informe Semanal nº 15.pdf,13,localidade_uf,Rio Grande do Sul,tabela,"758 111.317 5.162,5 972,8 Santa Catarina 310.791 26.452 4.084,2 347,6 Rio Grande do Sul 205.687 75.527 1.890,4 694,1 Centro-Oeste 601.351 118.040 3.692,0 724",,1.0
Informe Semanal nº 15.pdf,13,localidade_regiao,Centro-Oeste,tabela,"1 26.452 4.084,2 347,6 Rio Grande do Sul 205.687 75.527 1.890,4 694,1 Centro-Oeste 601.351 118.040 3.692,0 724,7 Mato Grosso do Sul 16.714 12.847 606,3 ",,1.0
Informe Semanal nº 15.pdf,13,localidade_uf,Mato Grosso do Sul,tabela,"5.687 75.527 1.890,4 694,1 Centro-Oeste 601.351 118.040 3.692,0 724,7 Mato Grosso do Sul 16.714 12.847 606,3 466,0 Mato Grosso 33.125 28.029 905,3 766,1 Goiás",,1.0
Informe Semanal nº 15.pdf,13,localidade_uf,Mato Grosso,tabela,"51 118.040 3.692,0 724,7 Mato Grosso do Sul 16.714 12.847 606,3 466,0 Mato Grosso 33.125 28.029 905,3 766,1 Goiás 284.684 70.028 4.035,1 992,6 Distrito",,2.0
Informe Semanal nº 15.pdf,13,localidade_uf,Goiás,tabela,"o Sul 16.714 12.847 606,3 466,0 Mato Grosso 33.125 28.029 905,3 766,1 Goiás 284.684 70.028 4.035,1 992,6 Distrito Federal 266.828 7.136 9.471,8 2",,2.0
Informe Semanal nº 15.pdf,13,localidade_uf,Distrito Federal,tabela,"o Grosso 33.125 28.029 905,3 766,1 Goiás 284.684 70.028 4.035,1 992,6 Distrito Federal 266.828 7.136 9.471,8 253,3 Brasil 5.877.959 1.403.561 2.894,7 691,2 ",,1.0
Informe Semanal nº 15.pdf,14,localidade_regiao,Norte,tabela,de alarme (n) SE 01 aSE 21 SE 01 aSE 21 Região/UF 2024 2025 2024 2025 Norte 66 36 597 390 Rondônia 5 1 24 10 Acre 2 1 8 37 Amazonas 11 3 64 9 Ror,,1.0
Informe Semanal nº 15.pdf,14,localidade_uf,Rondônia,tabela,aSE 21 SE 01 aSE 21 Região/UF 2024 2025 2024 2025 Norte 66 36 597 390 Rondônia 5 1 24 10 Acre 2 1 8 37 Amazonas 11 3 64 9 Roraima 0 2 1 2 Pará 30 23,,1.0
Informe Semanal nº 15.pdf,14,localidade_uf,Acre,tabela, Região/UF 2024 2025 2024 2025 Norte 66 36 597 390 Rondônia 5 1 24 10 Acre 2 1 8 37 Amazonas 11 3 64 9 Roraima 0 2 1 2 Pará 30 23 271 293 Amapá ,,1.0
Informe Semanal nº 15.pdf,14,localidade_uf,Amazonas,tabela,4 2025 2024 2025 Norte 66 36 597 390 Rondônia 5 1 24 10 Acre 2 1 8 37 Amazonas 11 3 64 9 Roraima 0 2 1 2 Pará 30 23 271 293 Amapá 11 6 171 26 Tocant,,1.0
Informe Semanal nº 15.pdf,14,localidade_uf,Roraima,tabela,rte 66 36 597 390 Rondônia 5 1 24 10 Acre 2 1 8 37 Amazonas 11 3 64 9 Roraima 0 2 1 2 Pará 30 23 271 293 Amapá 11 6 171 26 Tocantins 7 0 58 13 Nord,,1.0
Informe Semanal nº 15.pdf,14,localidade_uf,Pará,tabela,0 Rondônia 5 1 24 10 Acre 2 1 8 37 Amazonas 11 3 64 9 Roraima 0 2 1 2 Pará 30 23 271 293 Amapá 11 6 171 26 Tocantins 7 0 58 13 Nordeste 616 82 6,,1.0
Informe Semanal nº 15.pdf,14,localidade_uf,Amapá,tabela,0 Acre 2 1 8 37 Amazonas 11 3 64 9 Roraima 0 2 1 2 Pará 30 23 271 293 Amapá 11 6 171 26 Tocantins 7 0 58 13 Nordeste 616 82 6.336 681 Maranhão 13,,2.0
Informe Semanal nº 15.pdf,14,localidade_uf,Tocantins,tabela,azonas 11 3 64 9 Roraima 0 2 1 2 Pará 30 23 271 293 Amapá 11 6 171 26 Tocantins 7 0 58 13 Nordeste 616 82 6.336 681 Maranhão 13 5 162 38 Piauí 41 20 ,,2.0
Informe Semanal nº 15.pdf,14,localidade_regiao,Nordeste,tabela,aima 0 2 1 2 Pará 30 23 271 293 Amapá 11 6 171 26 Tocantins 7 0 58 13 Nordeste 616 82 6.336 681 Maranhão 13 5 162 38 Piauí 41 20 426 122 Ceará 6 2 1,,1.0
Informe Semanal nº 15.pdf,14,localidade_uf,Maranhão,tabela,1 293 Amapá 11 6 171 26 Tocantins 7 0 58 13 Nordeste 616 82 6.336 681 Maranhão 13 5 162 38 Piauí 41 20 426 122 Ceará 6 2 105 15 Rio Grande do Norte ,,1.0
Informe Semanal nº 15.pdf,14,localidade_uf,Piauí,tabela,26 Tocantins 7 0 58 13 Nordeste 616 82 6.336 681 Maranhão 13 5 162 38 Piauí 41 20 426 122 Ceará 6 2 105 15 Rio Grande do Norte 8 2 114 24 Paraíba,,1.0
Informe Semanal nº 15.pdf,14,localidade_uf,Ceará,tabela,13 Nordeste 616 82 6.336 681 Maranhão 13 5 162 38 Piauí 41 20 426 122 Ceará 6 2 105 15 Rio Grande do Norte 8 2 114 24 Paraíba 4 5 136 13 Pernambu,,1.0
Informe Semanal nº 15.pdf,14,localidade_uf,Rio Grande do Norte,tabela,2 6.336 681 Maranhão 13 5 162 38 Piauí 41 20 426 122 Ceará 6 2 105 15 Rio Grande do Norte 8 2 114 24 Paraíba 4 5 136 13 Pernambuco 13 3 124 54 Alagoas 16 1 229,,1.0
Informe Semanal nº 15.pdf,14,localidade_uf,Paraíba,tabela,8 Piauí 41 20 426 122 Ceará 6 2 105 15 Rio Grande do Norte 8 2 114 24 Paraíba 4 5 136 13 Pernambuco 13 3 124 54 Alagoas 16 1 229 21 Sergipe 3 23 39,,1.0
Informe Semanal nº 15.pdf,14,localidade_uf,Pernambuco,tabela,22 Ceará 6 2 105 15 Rio Grande do Norte 8 2 114 24 Paraíba 4 5 136 13 Pernambuco 13 3 124 54 Alagoas 16 1 229 21 Sergipe 3 23 39 18 Bahia 512 21 5001 ,,1.0
Informe Semanal nº 15.pdf,14,localidade_uf,Alagoas,tabela, Grande do Norte 8 2 114 24 Paraíba 4 5 136 13 Pernambuco 13 3 124 54 Alagoas 16 1 229 21 Sergipe 3 23 39 18 Bahia 512 21 5001 376 Sudeste 4.128 1.,,1.0
Informe Semanal nº 15.pdf,14,localidade_uf,Sergipe,tabela, 114 24 Paraíba 4 5 136 13 Pernambuco 13 3 124 54 Alagoas 16 1 229 21 Sergipe 3 23 39 18 Bahia 512 21 5001 376 Sudeste 4.128 1.206 40.449 16.295 Mi,,1.0
Informe Semanal nº 15.pdf,14,localidade_uf,Bahia,tabela, 136 13 Pernambuco 13 3 124 54 Alagoas 16 1 229 21 Sergipe 3 23 39 18 Bahia 512 21 5001 376 Sudeste 4.128 1.206 40.449 16.295 Minas Gerais 1.653 ,,1.0
Informe Semanal nº 15.pdf,14,localidade_regiao,Sudeste,tabela,3 124 54 Alagoas 16 1 229 21 Sergipe 3 23 39 18 Bahia 512 21 5001 376 Sudeste 4.128 1.206 40.449 16.295 Minas Gerais 1.653 158 13.964 1.701 Espírit,,1.0
Informe Semanal nº 15.pdf,14,localidade_uf,Minas Gerais,tabela,pe 3 23 39 18 Bahia 512 21 5001 376 Sudeste 4.128 1.206 40.449 16.295 Minas Gerais 1.653 158 13.964 1.701 Espírito Santo 90 8 2.045 342 Rio de Janeiro 2,,1.0
Informe Semanal nº 15.pdf,14,localidade_uf,Espírito Santo,tabela,Sudeste 4.128 1.206 40.449 16.295 Minas Gerais 1.653 158 13.964 1.701 Espírito Santo 90 8 2.045 342 Rio de Janeiro 221 26 4.262 312 São Paulo 2.164 1.014 ,,2.0
Informe Semanal nº 15.pdf,14,localidade_uf,Rio de Janeiro,tabela,295 Minas Gerais 1.653 158 13.964 1.701 Espírito Santo 90 8 2.045 342 Rio de Janeiro 221 26 4.262 312 São Paulo 2.164 1.014 20.178 13.940 Sul 1.418 185 19,,2.0
Informe Semanal nº 15.pdf,14,localidade_uf,São Paulo,tabela,4 1.701 Espírito Santo 90 8 2.045 342 Rio de Janeiro 221 26 4.262 312 São Paulo 2.164 1.014 20.178 13.940 Sul 1.418 185 19.749 3.419 Paraná 664 139 1,,2.0
Informe Semanal nº 15.pdf,14,localidade_regiao,Sul,tabela,2 Rio de Janeiro 221 26 4.262 312 São Paulo 2.164 1.014 20.178 13.940 Sul 1.418 185 19.749 3.419 Paraná 664 139 11.617 2.827 Santa Catarina 384,,1.0
Informe Semanal nº 15.pdf,14,localidade_uf,Paraná,tabela,62 312 São Paulo 2.164 1.014 20.178 13.940 Sul 1.418 185 19.749 3.419 Paraná 664 139 11.617 2.827 Santa Catarina 384 10 5.750 191 Rio Grande do Su,,3.0
Informe Semanal nº 15.pdf,14,localidade_uf,Santa Catarina,tabela, 20.178 13.940 Sul 1.418 185 19.749 3.419 Paraná 664 139 11.617 2.827 Santa Catarina 384 10 5.750 191 Rio Grande do Sul 370 36 2.382 401 Centro-Oeste 1.15,,1.0
Informe Semanal nº 15.pdf,14,localidade_uf,Rio Grande do Sul,tabela,749 3.419 Paraná 664 139 11.617 2.827 Santa Catarina 384 10 5.750 191 Rio Grande do Sul 370 36 2.382 401 Centro-Oeste 1.154 138 17.417 2.699 Mato Grosso do S,,1.0
Informe Semanal nº 15.pdf,14,localidade_regiao,Centro-Oeste,tabela,27 Santa Catarina 384 10 5.750 191 Rio Grande do Sul 370 36 2.382 401 Centro-Oeste 1.154 138 17.417 2.699 Mato Grosso do Sul 33 14 397 196 Mato Grosso 6,,1.0
Informe Semanal nº 15.pdf,14,localidade_uf,Mato Grosso do Sul,tabela,io Grande do Sul 370 36 2.382 401 Centro-Oeste 1.154 138 17.417 2.699 Mato Grosso do Sul 33 14 397 196 Mato Grosso 60 32 663 277 Goiás 586 91 6279 2207 Distri,,1.0
Informe Semanal nº 15.pdf,14,localidade_uf,Mato Grosso,tabela, Centro-Oeste 1.154 138 17.417 2.699 Mato Grosso do Sul 33 14 397 196 Mato Grosso 60 32 663 277 Goiás 586 91 6279 2207 Distrito Federal 475 1 10078 19 ,,2.0
Informe Semanal nº 15.pdf,14,localidade_uf,Goiás,tabela,.417 2.699 Mato Grosso do Sul 33 14 397 196 Mato Grosso 60 32 663 277 Goiás 586 91 6279 2207 Distrito Federal 475 1 10078 19 Brasil 7.382 1.647 8,,2.0
Informe Semanal nº 15.pdf,14,localidade_uf,Distrito Federal,tabela,do Sul 33 14 397 196 Mato Grosso 60 32 663 277 Goiás 586 91 6279 2207 Distrito Federal 475 1 10078 19 Brasil 7.382 1.647 84.548 23.484 FONTE:SinanOn-lineeE-,,1.0
Informe Semanal nº 15.pdf,15,localidade_regiao,Norte,tabela," SE 01 aSE 21 SE 01 aSE 21 SE 01 aSE 21 2024 2025 2024 2025 2024 2025 Norte 30 32 4,5 7,5 1 11 Rondônia 5 0 17,2 0,0 0 0 Acre 0 3 0,0 0,0 0 0 Ama",,1.0
Informe Semanal nº 15.pdf,15,localidade_uf,Rondônia,tabela,"1 SE 01 aSE 21 2024 2025 2024 2025 2024 2025 Norte 30 32 4,5 7,5 1 11 Rondônia 5 0 17,2 0,0 0 0 Acre 0 3 0,0 0,0 0 0 Amazonas 5 1 6,7 8,3 0 2 Roraim",,1.0
Informe Semanal nº 15.pdf,15,localidade_uf,Acre,tabela,"024 2025 2024 2025 Norte 30 32 4,5 7,5 1 11 Rondônia 5 0 17,2 0,0 0 0 Acre 0 3 0,0 0,0 0 0 Amazonas 5 1 6,7 8,3 0 2 Roraima 0 2 0,0 0,0 0 1 Pará",,1.0
Informe Semanal nº 15.pdf,15,localidade_uf,Amazonas,tabela,"rte 30 32 4,5 7,5 1 11 Rondônia 5 0 17,2 0,0 0 0 Acre 0 3 0,0 0,0 0 0 Amazonas 5 1 6,7 8,3 0 2 Roraima 0 2 0,0 0,0 0 1 Pará 7 23 2,3 0,0 1 8 Amapá 8",,1.0
Informe Semanal nº 15.pdf,15,localidade_uf,Roraima,tabela,"ndônia 5 0 17,2 0,0 0 0 Acre 0 3 0,0 0,0 0 0 Amazonas 5 1 6,7 8,3 0 2 Roraima 0 2 0,0 0,0 0 1 Pará 7 23 2,3 0,0 1 8 Amapá 8 3 4,4 0,0 0 0 Tocantins",,1.0
Informe Semanal nº 15.pdf,15,localidade_uf,Pará,tabela,"Acre 0 3 0,0 0,0 0 0 Amazonas 5 1 6,7 8,3 0 2 Roraima 0 2 0,0 0,0 0 1 Pará 7 23 2,3 0,0 1 8 Amapá 8 3 4,4 0,0 0 0 Tocantins 5 0 7,7 0,0 0 0 Nord",,1.0
Informe Semanal nº 15.pdf,15,localidade_uf,Amapá,tabela,"mazonas 5 1 6,7 8,3 0 2 Roraima 0 2 0,0 0,0 0 1 Pará 7 23 2,3 0,0 1 8 Amapá 8 3 4,4 0,0 0 0 Tocantins 5 0 7,7 0,0 0 0 Nordeste 219 21 3,2 2,8 38 ",,2.0
Informe Semanal nº 15.pdf,15,localidade_uf,Tocantins,tabela,"2 Roraima 0 2 0,0 0,0 0 1 Pará 7 23 2,3 0,0 1 8 Amapá 8 3 4,4 0,0 0 0 Tocantins 5 0 7,7 0,0 0 0 Nordeste 219 21 3,2 2,8 38 49 Maranhão 5 1 2,9 0,0 4 ",,2.0
Informe Semanal nº 15.pdf,15,localidade_regiao,Nordeste,tabela,"Pará 7 23 2,3 0,0 1 8 Amapá 8 3 4,4 0,0 0 0 Tocantins 5 0 7,7 0,0 0 0 Nordeste 219 21 3,2 2,8 38 49 Maranhão 5 1 2,9 0,0 4 9 Piauí 19 7 4,1 0,0 1 2 ",,1.0
Informe Semanal nº 15.pdf,15,localidade_uf,Maranhão,tabela,"3 4,4 0,0 0 0 Tocantins 5 0 7,7 0,0 0 0 Nordeste 219 21 3,2 2,8 38 49 Maranhão 5 1 2,9 0,0 4 9 Piauí 19 7 4,1 0,0 1 2 Ceará 3 0 2,7 0,0 0 2 Rio Gran",,1.0
Informe Semanal nº 15.pdf,15,localidade_uf,Piauí,tabela," 0 7,7 0,0 0 0 Nordeste 219 21 3,2 2,8 38 49 Maranhão 5 1 2,9 0,0 4 9 Piauí 19 7 4,1 0,0 1 2 Ceará 3 0 2,7 0,0 0 2 Rio Grande do Norte 2 0 1,6 0,",,1.0
Informe Semanal nº 15.pdf,15,localidade_uf,Ceará,tabela," 219 21 3,2 2,8 38 49 Maranhão 5 1 2,9 0,0 4 9 Piauí 19 7 4,1 0,0 1 2 Ceará 3 0 2,7 0,0 0 2 Rio Grande do Norte 2 0 1,6 0,0 1 2 Paraíba 9 1 6,4 0",,1.0
Informe Semanal nº 15.pdf,15,localidade_uf,Rio Grande do Norte,tabela,"Maranhão 5 1 2,9 0,0 4 9 Piauí 19 7 4,1 0,0 1 2 Ceará 3 0 2,7 0,0 0 2 Rio Grande do Norte 2 0 1,6 0,0 1 2 Paraíba 9 1 6,4 0,0 0 8 Pernambuco 10 3 7,3 0,0 5 9 A",,1.0
Informe Semanal nº 15.pdf,15,localidade_uf,Paraíba,tabela,"4,1 0,0 1 2 Ceará 3 0 2,7 0,0 0 2 Rio Grande do Norte 2 0 1,6 0,0 1 2 Paraíba 9 1 6,4 0,0 0 8 Pernambuco 10 3 7,3 0,0 5 9 Alagoas 9 1 3,7 4,5 0 1 S",,1.0
Informe Semanal nº 15.pdf,15,localidade_uf,Pernambuco,tabela,"7 0,0 0 2 Rio Grande do Norte 2 0 1,6 0,0 1 2 Paraíba 9 1 6,4 0,0 0 8 Pernambuco 10 3 7,3 0,0 5 9 Alagoas 9 1 3,7 4,5 0 1 Sergipe 4 1 9,5 0,0 0 1 Bahi",,1.0
Informe Semanal nº 15.pdf,15,localidade_uf,Alagoas,tabela,"e 2 0 1,6 0,0 1 2 Paraíba 9 1 6,4 0,0 0 8 Pernambuco 10 3 7,3 0,0 5 9 Alagoas 9 1 3,7 4,5 0 1 Sergipe 4 1 9,5 0,0 0 1 Bahia 158 7 2,9 1,8 27 15 Sud",,1.0
Informe Semanal nº 15.pdf,15,localidade_uf,Sergipe,tabela,"a 9 1 6,4 0,0 0 8 Pernambuco 10 3 7,3 0,0 5 9 Alagoas 9 1 3,7 4,5 0 1 Sergipe 4 1 9,5 0,0 0 1 Bahia 158 7 2,9 1,8 27 15 Sudeste 3.264 782 7,3 4,5 2",,1.0
Informe Semanal nº 15.pdf,15,localidade_uf,Bahia,tabela,"buco 10 3 7,3 0,0 5 9 Alagoas 9 1 3,7 4,5 0 1 Sergipe 4 1 9,5 0,0 0 1 Bahia 158 7 2,9 1,8 27 15 Sudeste 3.264 782 7,3 4,5 276 625 Minas Gerais 1.",,1.0
Informe Semanal nº 15.pdf,15,localidade_regiao,Sudeste,tabela,"oas 9 1 3,7 4,5 0 1 Sergipe 4 1 9,5 0,0 0 1 Bahia 158 7 2,9 1,8 27 15 Sudeste 3.264 782 7,3 4,5 276 625 Minas Gerais 1.126 73 7,2 3,9 259 99 Espíri",,1.0
Informe Semanal nº 15.pdf,15,localidade_uf,Minas Gerais,tabela,"5 0,0 0 1 Bahia 158 7 2,9 1,8 27 15 Sudeste 3.264 782 7,3 4,5 276 625 Minas Gerais 1.126 73 7,2 3,9 259 99 Espírito Santo 39 1 1,8 0,3 0 11 Rio de Janei",,1.0
Informe Semanal nº 15.pdf,15,localidade_uf,Espírito Santo,tabela,"udeste 3.264 782 7,3 4,5 276 625 Minas Gerais 1.126 73 7,2 3,9 259 99 Espírito Santo 39 1 1,8 0,3 0 11 Rio de Janeiro 215 10 4,8 3,0 0 9 São Paulo 1.884 6",,2.0
Informe Semanal nº 15.pdf,15,localidade_uf,Rio de Janeiro,tabela,"Minas Gerais 1.126 73 7,2 3,9 259 99 Espírito Santo 39 1 1,8 0,3 0 11 Rio de Janeiro 215 10 4,8 3,0 0 9 São Paulo 1.884 698 8,4 4,7 17 506 Sul 1.285 119 6",,2.0
Informe Semanal nº 15.pdf,15,localidade_uf,São Paulo,tabela,"99 Espírito Santo 39 1 1,8 0,3 0 11 Rio de Janeiro 215 10 4,8 3,0 0 9 São Paulo 1.884 698 8,4 4,7 17 506 Sul 1.285 119 6,1 3,3 1 73 Paraná 695 84 5,7",,2.0
Informe Semanal nº 15.pdf,15,localidade_regiao,Sul,tabela," Rio de Janeiro 215 10 4,8 3,0 0 9 São Paulo 1.884 698 8,4 4,7 17 506 Sul 1.285 119 6,1 3,3 1 73 Paraná 695 84 5,7 2,8 0 56 Santa Catarina 320 ",,1.0
Informe Semanal nº 15.pdf,15,localidade_uf,Paraná,tabela,"3,0 0 9 São Paulo 1.884 698 8,4 4,7 17 506 Sul 1.285 119 6,1 3,3 1 73 Paraná 695 84 5,7 2,8 0 56 Santa Catarina 320 10 5,2 0,0 0 5 Rio Grande do S",,3.0
Informe Semanal nº 15.pdf,15,localidade_uf,Santa Catarina,tabela," 8,4 4,7 17 506 Sul 1.285 119 6,1 3,3 1 73 Paraná 695 84 5,7 2,8 0 56 Santa Catarina 320 10 5,2 0,0 0 5 Rio Grande do Sul 270 25 9,8 5,7 1 12 Centro-Oeste",,1.0
Informe Semanal nº 15.pdf,15,localidade_uf,Rio Grande do Sul,tabela,"3,3 1 73 Paraná 695 84 5,7 2,8 0 56 Santa Catarina 320 10 5,2 0,0 0 5 Rio Grande do Sul 270 25 9,8 5,7 1 12 Centro-Oeste 859 59 4,6 2,1 16 72 Mato Grosso do ",,1.0
Informe Semanal nº 15.pdf,15,localidade_regiao,Centro-Oeste,tabela,"nta Catarina 320 10 5,2 0,0 0 5 Rio Grande do Sul 270 25 9,8 5,7 1 12 Centro-Oeste 859 59 4,6 2,1 16 72 Mato Grosso do Sul 26 12 6,0 0,0 9 6 Mato Grosso",,1.0
Informe Semanal nº 15.pdf,15,localidade_uf,Mato Grosso do Sul,tabela,"o Grande do Sul 270 25 9,8 5,7 1 12 Centro-Oeste 859 59 4,6 2,1 16 72 Mato Grosso do Sul 26 12 6,0 0,0 9 6 Mato Grosso 18 13 2,5 4,2 1 11 Goiás 387 34 5,6 1,5",,1.0
Informe Semanal nº 15.pdf,15,localidade_uf,Mato Grosso,tabela,"entro-Oeste 859 59 4,6 2,1 16 72 Mato Grosso do Sul 26 12 6,0 0,0 9 6 Mato Grosso 18 13 2,5 4,2 1 11 Goiás 387 34 5,6 1,5 5 55 Distrito Federal 428 0 4",,2.0
Informe Semanal nº 15.pdf,15,localidade_uf,Goiás,tabela,"2 Mato Grosso do Sul 26 12 6,0 0,0 9 6 Mato Grosso 18 13 2,5 4,2 1 11 Goiás 387 34 5,6 1,5 5 55 Distrito Federal 428 0 4,1 0,0 1 0 Brasil 5.657 1",,2.0
Informe Semanal nº 15.pdf,15,localidade_uf,Distrito Federal,tabela," 6,0 0,0 9 6 Mato Grosso 18 13 2,5 4,2 1 11 Goiás 387 34 5,6 1,5 5 55 Distrito Federal 428 0 4,1 0,0 1 0 Brasil 5.657 1.013 6,2 4,0 332 830 FONTE:SinanOn-li",,1.0
Informe Semanal nº 16.pdf,2,localidade_regiao,Sudeste,narrativa," Geográficas que apresentam os maiores coeficientes de incidência são Sudeste, Centro-Oeste e Sul. Entre as Unidades Federativas (UF), destacam-se ",,1.0
Informe Semanal nº 16.pdf,2,localidade_regiao,Centro-Oeste,narrativa,"cas que apresentam os maiores coeficientes de incidência são Sudeste, Centro-Oeste e Sul. Entre as Unidades Federativas (UF), destacam-se São Paulo, Goi",,1.0
Informe Semanal nº 16.pdf,2,localidade_regiao,Sul,narrativa,"tam os maiores coeficientes de incidência são Sudeste, Centro-Oeste e Sul. Entre as Unidades Federativas (UF), destacam-se São Paulo, Goiás, Ac",,1.0
Informe Semanal nº 16.pdf,2,localidade_uf,São Paulo,narrativa,", Centro-Oeste e Sul. Entre as Unidades Federativas (UF), destacam-se São Paulo, Goiás, Acre, Paraná e Mato Grosso. Os maiores números de casos grave",,2.0
Informe Semanal nº 16.pdf,2,localidade_uf,Goiás,narrativa,"ste e Sul. Entre as Unidades Federativas (UF), destacam-se São Paulo, Goiás, Acre, Paraná e Mato Grosso. Os maiores números de casos graves conce",,2.0
Informe Semanal nº 16.pdf,2,localidade_uf,Acre,narrativa,"ul. Entre as Unidades Federativas (UF), destacam-se São Paulo, Goiás, Acre, Paraná e Mato Grosso. Os maiores números de casos graves concentram-",,1.0
Informe Semanal nº 16.pdf,2,localidade_uf,Paraná,narrativa,"tre as Unidades Federativas (UF), destacam-se São Paulo, Goiás, Acre, Paraná e Mato Grosso. Os maiores números de casos graves concentram-se nas r",,3.0
Informe Semanal nº 16.pdf,2,localidade_uf,Mato Grosso,narrativa,"idades Federativas (UF), destacam-se São Paulo, Goiás, Acre, Paraná e Mato Grosso. Os maiores números de casos graves concentram-se nas regiões Sudeste",,2.0
Informe Semanal nº 16.pdf,2,localidade_regiao,Sudeste,narrativa," Grosso. Os maiores números de casos graves concentram-se nas regiões Sudeste, Sul e Centro-Oeste. A maior parte dos óbitos está na região Sudeste.",,1.0
Informe Semanal nº 16.pdf,2,localidade_regiao,Sul,narrativa,"Os maiores números de casos graves concentram-se nas regiões Sudeste, Sul e Centro-Oeste. A maior parte dos óbitos está na região Sudeste. Fora",,1.0
Informe Semanal nº 16.pdf,2,localidade_regiao,Centro-Oeste,narrativa,"ores números de casos graves concentram-se nas regiões Sudeste, Sul e Centro-Oeste. A maior parte dos óbitos está na região Sudeste. Foram confirmados 1",,1.0
Informe Semanal nº 16.pdf,2,localidade_regiao,Sudeste,narrativa," Sudeste, Sul e Centro-Oeste. A maior parte dos óbitos está na região Sudeste. Foram confirmados 1.091 óbitos no período, e 813 estão em investigaç",,1.0
Informe Semanal nº 16.pdf,2,localidade_uf,Minas Gerais,narrativa,"o último trimestre de 2024. DENV-4 foi detectado em cinco amostras de Minas Gerais, cinco de São Paulo, três de Roraima, duas de Mato Grosso do Sul e um",,1.0
Informe Semanal nº 16.pdf,2,localidade_uf,São Paulo,narrativa,"024. DENV-4 foi detectado em cinco amostras de Minas Gerais, cinco de São Paulo, três de Roraima, duas de Mato Grosso do Sul e uma do Paraná. O coefi",,2.0
Informe Semanal nº 16.pdf,2,localidade_uf,Roraima,narrativa,"ectado em cinco amostras de Minas Gerais, cinco de São Paulo, três de Roraima, duas de Mato Grosso do Sul e uma do Paraná. O coeficiente de incidên",,1.0
Informe Semanal nº 16.pdf,2,localidade_uf,Mato Grosso do Sul,narrativa,"mostras de Minas Gerais, cinco de São Paulo, três de Roraima, duas de Mato Grosso do Sul e uma do Paraná. O coeficiente de incidência de dengue no Brasil enco",,1.0
Informe Semanal nº 16.pdf,2,localidade_uf,Paraná,narrativa,"co de São Paulo, três de Roraima, duas de Mato Grosso do Sul e uma do Paraná. O coeficiente de incidência de dengue no Brasil encontra-se dentro d",,3.0
Informe Semanal nº 16.pdf,13,localidade_regiao,Norte,tabela,"de incidência Região/UF SE 01 aSE 22 SE 01 aSE 22 2024 2025 2024 2025 Norte 41.735 33.418 240,6 192,6 Rondônia 4.746 2.750 300,2 173,9 Acre 3.780",,1.0
Informe Semanal nº 16.pdf,13,localidade_uf,Rondônia,tabela,"E 22 SE 01 aSE 22 2024 2025 2024 2025 Norte 41.735 33.418 240,6 192,6 Rondônia 4.746 2.750 300,2 173,9 Acre 3.780 8.353 455,4 1.006,4 Amazonas 6.302",,1.0
Informe Semanal nº 16.pdf,13,localidade_uf,Acre,tabela,"2025 Norte 41.735 33.418 240,6 192,6 Rondônia 4.746 2.750 300,2 173,9 Acre 3.780 8.353 455,4 1.006,4 Amazonas 6.302 4.104 159,9 104,1 Roraima 28",,1.0
Informe Semanal nº 16.pdf,13,localidade_uf,Amazonas,tabela,"192,6 Rondônia 4.746 2.750 300,2 173,9 Acre 3.780 8.353 455,4 1.006,4 Amazonas 6.302 4.104 159,9 104,1 Roraima 287 297 45,1 46,7 Pará 15.875 13.056 ",,1.0
Informe Semanal nº 16.pdf,13,localidade_uf,Roraima,tabela,"173,9 Acre 3.780 8.353 455,4 1.006,4 Amazonas 6.302 4.104 159,9 104,1 Roraima 287 297 45,1 46,7 Pará 15.875 13.056 195,6 160,9 Amapá 6.959 1.546 94",,1.0
Informe Semanal nº 16.pdf,13,localidade_uf,Pará,tabela,",4 1.006,4 Amazonas 6.302 4.104 159,9 104,1 Roraima 287 297 45,1 46,7 Pará 15.875 13.056 195,6 160,9 Amapá 6.959 1.546 948,7 210,8 Tocantins 3.7",,1.0
Informe Semanal nº 16.pdf,13,localidade_uf,Amapá,tabela," 159,9 104,1 Roraima 287 297 45,1 46,7 Pará 15.875 13.056 195,6 160,9 Amapá 6.959 1.546 948,7 210,8 Tocantins 3.786 3.312 250,5 219,1 Nordeste 29",,2.0
Informe Semanal nº 16.pdf,13,localidade_uf,Tocantins,tabela,"5,1 46,7 Pará 15.875 13.056 195,6 160,9 Amapá 6.959 1.546 948,7 210,8 Tocantins 3.786 3.312 250,5 219,1 Nordeste 292.177 58.635 534,7 107,3 Maranhão ",,2.0
Informe Semanal nº 16.pdf,13,localidade_regiao,Nordeste,tabela,"160,9 Amapá 6.959 1.546 948,7 210,8 Tocantins 3.786 3.312 250,5 219,1 Nordeste 292.177 58.635 534,7 107,3 Maranhão 10.289 4.675 151,9 69,0 Piauí 11.",,1.0
Informe Semanal nº 16.pdf,13,localidade_uf,Maranhão,tabela,"Tocantins 3.786 3.312 250,5 219,1 Nordeste 292.177 58.635 534,7 107,3 Maranhão 10.289 4.675 151,9 69,0 Piauí 11.903 5.235 364,1 160,1 Ceará 8.822 4.",,1.0
Informe Semanal nº 16.pdf,13,localidade_uf,Piauí,tabela," Nordeste 292.177 58.635 534,7 107,3 Maranhão 10.289 4.675 151,9 69,0 Piauí 11.903 5.235 364,1 160,1 Ceará 8.822 4.623 100,3 52,6 Rio Grande do N",,1.0
Informe Semanal nº 16.pdf,13,localidade_uf,Ceará,tabela,"107,3 Maranhão 10.289 4.675 151,9 69,0 Piauí 11.903 5.235 364,1 160,1 Ceará 8.822 4.623 100,3 52,6 Rio Grande do Norte 12.674 5.035 383,8 152,5 P",,1.0
Informe Semanal nº 16.pdf,13,localidade_uf,Rio Grande do Norte,tabela,"51,9 69,0 Piauí 11.903 5.235 364,1 160,1 Ceará 8.822 4.623 100,3 52,6 Rio Grande do Norte 12.674 5.035 383,8 152,5 Paraíba 10.352 4.535 260,5 114,1 Pernambuco ",,1.0
Informe Semanal nº 16.pdf,13,localidade_uf,Paraíba,tabela,"á 8.822 4.623 100,3 52,6 Rio Grande do Norte 12.674 5.035 383,8 152,5 Paraíba 10.352 4.535 260,5 114,1 Pernambuco 16.057 10.454 177,3 115,4 Alagoas",,1.0
Informe Semanal nº 16.pdf,13,localidade_uf,Pernambuco,tabela,"de do Norte 12.674 5.035 383,8 152,5 Paraíba 10.352 4.535 260,5 114,1 Pernambuco 16.057 10.454 177,3 115,4 Alagoas 8.684 2.295 277,7 73,4 Sergipe 1.22",,1.0
Informe Semanal nº 16.pdf,13,localidade_uf,Alagoas,tabela,"Paraíba 10.352 4.535 260,5 114,1 Pernambuco 16.057 10.454 177,3 115,4 Alagoas 8.684 2.295 277,7 73,4 Sergipe 1.223 652 55,4 29,5 Bahia 212.173 21.1",,1.0
Informe Semanal nº 16.pdf,13,localidade_uf,Sergipe,tabela,"1 Pernambuco 16.057 10.454 177,3 115,4 Alagoas 8.684 2.295 277,7 73,4 Sergipe 1.223 652 55,4 29,5 Bahia 212.173 21.131 1.500,9 149,5 Sudeste 3.931.",,1.0
Informe Semanal nº 16.pdf,13,localidade_uf,Bahia,tabela,"77,3 115,4 Alagoas 8.684 2.295 277,7 73,4 Sergipe 1.223 652 55,4 29,5 Bahia 212.173 21.131 1.500,9 149,5 Sudeste 3.931.888 1.009.919 4.634,1 1.19",,1.0
Informe Semanal nº 16.pdf,13,localidade_regiao,Sudeste,tabela,"7 73,4 Sergipe 1.223 652 55,4 29,5 Bahia 212.173 21.131 1.500,9 149,5 Sudeste 3.931.888 1.009.919 4.634,1 1.190,3 Minas Gerais 1.612.583 152.443 7.",,1.0
Informe Semanal nº 16.pdf,13,localidade_uf,Minas Gerais,tabela,".173 21.131 1.500,9 149,5 Sudeste 3.931.888 1.009.919 4.634,1 1.190,3 Minas Gerais 1.612.583 152.443 7.851,4 742,2 Espírito Santo 128.435 26.653 3.350,3",,1.0
Informe Semanal nº 16.pdf,13,localidade_uf,Espírito Santo,tabela,".009.919 4.634,1 1.190,3 Minas Gerais 1.612.583 152.443 7.851,4 742,2 Espírito Santo 128.435 26.653 3.350,3 695,3 Rio de Janeiro 281.933 26.779 1.756,1 16",,2.0
Informe Semanal nº 16.pdf,13,localidade_uf,Rio de Janeiro,tabela,"583 152.443 7.851,4 742,2 Espírito Santo 128.435 26.653 3.350,3 695,3 Rio de Janeiro 281.933 26.779 1.756,1 166,8 São Paulo 1.908.937 804.044 4.297,4 1.81",,2.0
Informe Semanal nº 16.pdf,13,localidade_uf,São Paulo,tabela,".435 26.653 3.350,3 695,3 Rio de Janeiro 281.933 26.779 1.756,1 166,8 São Paulo 1.908.937 804.044 4.297,4 1.810,1 Sul 1.129.350 222.120 3.772,9 742,0",,2.0
Informe Semanal nº 16.pdf,13,localidade_regiao,Sul,tabela,".933 26.779 1.756,1 166,8 São Paulo 1.908.937 804.044 4.297,4 1.810,1 Sul 1.129.350 222.120 3.772,9 742,0 Paraná 603.014 114.082 5.269,6 996,9 ",,1.0
Informe Semanal nº 16.pdf,13,localidade_uf,Paraná,tabela,"1.908.937 804.044 4.297,4 1.810,1 Sul 1.129.350 222.120 3.772,9 742,0 Paraná 603.014 114.082 5.269,6 996,9 Santa Catarina 316.997 27.265 4.165,8 3",,3.0
Informe Semanal nº 16.pdf,13,localidade_uf,Santa Catarina,tabela," 1.129.350 222.120 3.772,9 742,0 Paraná 603.014 114.082 5.269,6 996,9 Santa Catarina 316.997 27.265 4.165,8 358,3 Rio Grande do Sul 209.339 80.773 1.924,0",,1.0
Informe Semanal nº 16.pdf,13,localidade_uf,Rio Grande do Sul,tabela,"014 114.082 5.269,6 996,9 Santa Catarina 316.997 27.265 4.165,8 358,3 Rio Grande do Sul 209.339 80.773 1.924,0 742,4 Centro-Oeste 610.615 123.901 3.748,9 760",,1.0
Informe Semanal nº 16.pdf,13,localidade_regiao,Centro-Oeste,tabela,"7 27.265 4.165,8 358,3 Rio Grande do Sul 209.339 80.773 1.924,0 742,4 Centro-Oeste 610.615 123.901 3.748,9 760,7 Mato Grosso do Sul 16.990 13.795 616,3 ",,1.0
Informe Semanal nº 16.pdf,13,localidade_uf,Mato Grosso do Sul,tabela,"9.339 80.773 1.924,0 742,4 Centro-Oeste 610.615 123.901 3.748,9 760,7 Mato Grosso do Sul 16.990 13.795 616,3 500,4 Mato Grosso 33.947 29.339 927,8 801,9 Goiás",,1.0
Informe Semanal nº 16.pdf,13,localidade_uf,Mato Grosso,tabela,"15 123.901 3.748,9 760,7 Mato Grosso do Sul 16.990 13.795 616,3 500,4 Mato Grosso 33.947 29.339 927,8 801,9 Goiás 290.895 73.510 4.123,1 1.041,9 Distri",,2.0
Informe Semanal nº 16.pdf,13,localidade_uf,Goiás,tabela,"o Sul 16.990 13.795 616,3 500,4 Mato Grosso 33.947 29.339 927,8 801,9 Goiás 290.895 73.510 4.123,1 1.041,9 Distrito Federal 268.783 7.257 9.541,2",,2.0
Informe Semanal nº 16.pdf,13,localidade_uf,Distrito Federal,tabela,"Grosso 33.947 29.339 927,8 801,9 Goiás 290.895 73.510 4.123,1 1.041,9 Distrito Federal 268.783 7.257 9.541,2 257,6 Brasil 6.005.765 1.447.993 2.957,6 713,1 ",,1.0
Informe Semanal nº 16.pdf,14,localidade_regiao,Norte,tabela,de alarme (n) SE 01 aSE 22 SE 01 aSE 22 Região/UF 2024 2025 2024 2025 Norte 68 38 619 412 Rondônia 5 1 25 10 Acre 2 1 8 47 Amazonas 11 3 65 9 Ror,,1.0
Informe Semanal nº 16.pdf,14,localidade_uf,Rondônia,tabela,aSE 22 SE 01 aSE 22 Região/UF 2024 2025 2024 2025 Norte 68 38 619 412 Rondônia 5 1 25 10 Acre 2 1 8 47 Amazonas 11 3 65 9 Roraima 0 2 1 3 Pará 31 24,,1.0
Informe Semanal nº 16.pdf,14,localidade_uf,Acre,tabela, Região/UF 2024 2025 2024 2025 Norte 68 38 619 412 Rondônia 5 1 25 10 Acre 2 1 8 47 Amazonas 11 3 65 9 Roraima 0 2 1 3 Pará 31 24 275 303 Amapá ,,1.0
Informe Semanal nº 16.pdf,14,localidade_uf,Amazonas,tabela,4 2025 2024 2025 Norte 68 38 619 412 Rondônia 5 1 25 10 Acre 2 1 8 47 Amazonas 11 3 65 9 Roraima 0 2 1 3 Pará 31 24 275 303 Amapá 11 6 185 27 Tocant,,1.0
Informe Semanal nº 16.pdf,14,localidade_uf,Roraima,tabela,rte 68 38 619 412 Rondônia 5 1 25 10 Acre 2 1 8 47 Amazonas 11 3 65 9 Roraima 0 2 1 3 Pará 31 24 275 303 Amapá 11 6 185 27 Tocantins 8 1 60 13 Nord,,1.0
Informe Semanal nº 16.pdf,14,localidade_uf,Pará,tabela,2 Rondônia 5 1 25 10 Acre 2 1 8 47 Amazonas 11 3 65 9 Roraima 0 2 1 3 Pará 31 24 275 303 Amapá 11 6 185 27 Tocantins 8 1 60 13 Nordeste 635 66 6,,1.0
Informe Semanal nº 16.pdf,14,localidade_uf,Amapá,tabela,0 Acre 2 1 8 47 Amazonas 11 3 65 9 Roraima 0 2 1 3 Pará 31 24 275 303 Amapá 11 6 185 27 Tocantins 8 1 60 13 Nordeste 635 66 6.564 747 Maranhão 13,,2.0
Informe Semanal nº 16.pdf,14,localidade_uf,Tocantins,tabela,azonas 11 3 65 9 Roraima 0 2 1 3 Pará 31 24 275 303 Amapá 11 6 185 27 Tocantins 8 1 60 13 Nordeste 635 66 6.564 747 Maranhão 13 5 168 44 Piauí 46 21 ,,2.0
Informe Semanal nº 16.pdf,14,localidade_regiao,Nordeste,tabela,aima 0 2 1 3 Pará 31 24 275 303 Amapá 11 6 185 27 Tocantins 8 1 60 13 Nordeste 635 66 6.564 747 Maranhão 13 5 168 44 Piauí 46 21 471 138 Ceará 7 2 1,,1.0
Informe Semanal nº 16.pdf,14,localidade_uf,Maranhão,tabela,5 303 Amapá 11 6 185 27 Tocantins 8 1 60 13 Nordeste 635 66 6.564 747 Maranhão 13 5 168 44 Piauí 46 21 471 138 Ceará 7 2 110 19 Rio Grande do Norte ,,1.0
Informe Semanal nº 16.pdf,14,localidade_uf,Piauí,tabela,27 Tocantins 8 1 60 13 Nordeste 635 66 6.564 747 Maranhão 13 5 168 44 Piauí 46 21 471 138 Ceará 7 2 110 19 Rio Grande do Norte 9 4 116 28 Paraíba,,1.0
Informe Semanal nº 16.pdf,14,localidade_uf,Ceará,tabela,13 Nordeste 635 66 6.564 747 Maranhão 13 5 168 44 Piauí 46 21 471 138 Ceará 7 2 110 19 Rio Grande do Norte 9 4 116 28 Paraíba 4 0 138 12 Pernambu,,1.0
Informe Semanal nº 16.pdf,14,localidade_uf,Rio Grande do Norte,tabela,6 6.564 747 Maranhão 13 5 168 44 Piauí 46 21 471 138 Ceará 7 2 110 19 Rio Grande do Norte 9 4 116 28 Paraíba 4 0 138 12 Pernambuco 14 5 132 62 Alagoas 16 3 257,,1.0
Informe Semanal nº 16.pdf,14,localidade_uf,Paraíba,tabela,4 Piauí 46 21 471 138 Ceará 7 2 110 19 Rio Grande do Norte 9 4 116 28 Paraíba 4 0 138 12 Pernambuco 14 5 132 62 Alagoas 16 3 257 24 Sergipe 3 1 41 ,,1.0
Informe Semanal nº 16.pdf,14,localidade_uf,Pernambuco,tabela,38 Ceará 7 2 110 19 Rio Grande do Norte 9 4 116 28 Paraíba 4 0 138 12 Pernambuco 14 5 132 62 Alagoas 16 3 257 24 Sergipe 3 1 41 20 Bahia 523 25 5131 4,,1.0
Informe Semanal nº 16.pdf,14,localidade_uf,Alagoas,tabela, Grande do Norte 9 4 116 28 Paraíba 4 0 138 12 Pernambuco 14 5 132 62 Alagoas 16 3 257 24 Sergipe 3 1 41 20 Bahia 523 25 5131 400 Sudeste 4.231 1.2,,1.0
Informe Semanal nº 16.pdf,14,localidade_uf,Sergipe,tabela, 116 28 Paraíba 4 0 138 12 Pernambuco 14 5 132 62 Alagoas 16 3 257 24 Sergipe 3 1 41 20 Bahia 523 25 5131 400 Sudeste 4.231 1.261 41.738 16.914 Min,,1.0
Informe Semanal nº 16.pdf,14,localidade_uf,Bahia,tabela,0 138 12 Pernambuco 14 5 132 62 Alagoas 16 3 257 24 Sergipe 3 1 41 20 Bahia 523 25 5131 400 Sudeste 4.231 1.261 41.738 16.914 Minas Gerais 1.668 ,,1.0
Informe Semanal nº 16.pdf,14,localidade_regiao,Sudeste,tabela, 5 132 62 Alagoas 16 3 257 24 Sergipe 3 1 41 20 Bahia 523 25 5131 400 Sudeste 4.231 1.261 41.738 16.914 Minas Gerais 1.668 164 14.083 1.838 Espírit,,1.0
Informe Semanal nº 16.pdf,14,localidade_uf,Minas Gerais,tabela,ipe 3 1 41 20 Bahia 523 25 5131 400 Sudeste 4.231 1.261 41.738 16.914 Minas Gerais 1.668 164 14.083 1.838 Espírito Santo 90 9 2.067 356 Rio de Janeiro 2,,1.0
Informe Semanal nº 16.pdf,14,localidade_uf,Espírito Santo,tabela,Sudeste 4.231 1.261 41.738 16.914 Minas Gerais 1.668 164 14.083 1.838 Espírito Santo 90 9 2.067 356 Rio de Janeiro 226 26 4.322 323 São Paulo 2.247 1.062 ,,2.0
Informe Semanal nº 16.pdf,14,localidade_uf,Rio de Janeiro,tabela,914 Minas Gerais 1.668 164 14.083 1.838 Espírito Santo 90 9 2.067 356 Rio de Janeiro 226 26 4.322 323 São Paulo 2.247 1.062 21.266 14.397 Sul 1.448 202 20,,2.0
Informe Semanal nº 16.pdf,14,localidade_uf,São Paulo,tabela,3 1.838 Espírito Santo 90 9 2.067 356 Rio de Janeiro 226 26 4.322 323 São Paulo 2.247 1.062 21.266 14.397 Sul 1.448 202 20.283 3.628 Paraná 677 147 1,,2.0
Informe Semanal nº 16.pdf,14,localidade_regiao,Sul,tabela,6 Rio de Janeiro 226 26 4.322 323 São Paulo 2.247 1.062 21.266 14.397 Sul 1.448 202 20.283 3.628 Paraná 677 147 11.950 2.985 Santa Catarina 396,,1.0
Informe Semanal nº 16.pdf,14,localidade_uf,Paraná,tabela,22 323 São Paulo 2.247 1.062 21.266 14.397 Sul 1.448 202 20.283 3.628 Paraná 677 147 11.950 2.985 Santa Catarina 396 11 5.899 202 Rio Grande do Su,,3.0
Informe Semanal nº 16.pdf,14,localidade_uf,Santa Catarina,tabela, 21.266 14.397 Sul 1.448 202 20.283 3.628 Paraná 677 147 11.950 2.985 Santa Catarina 396 11 5.899 202 Rio Grande do Sul 375 44 2.434 441 Centro-Oeste 1.17,,1.0
Informe Semanal nº 16.pdf,14,localidade_uf,Rio Grande do Sul,tabela,283 3.628 Paraná 677 147 11.950 2.985 Santa Catarina 396 11 5.899 202 Rio Grande do Sul 375 44 2.434 441 Centro-Oeste 1.177 148 17.729 2.890 Mato Grosso do S,,1.0
Informe Semanal nº 16.pdf,14,localidade_regiao,Centro-Oeste,tabela,85 Santa Catarina 396 11 5.899 202 Rio Grande do Sul 375 44 2.434 441 Centro-Oeste 1.177 148 17.729 2.890 Mato Grosso do Sul 33 14 404 203 Mato Grosso 6,,1.0
Informe Semanal nº 16.pdf,14,localidade_uf,Mato Grosso do Sul,tabela,io Grande do Sul 375 44 2.434 441 Centro-Oeste 1.177 148 17.729 2.890 Mato Grosso do Sul 33 14 404 203 Mato Grosso 61 32 676 284 Goiás 603 101 6529 2383 Distr,,1.0
Informe Semanal nº 16.pdf,14,localidade_uf,Mato Grosso,tabela, Centro-Oeste 1.177 148 17.729 2.890 Mato Grosso do Sul 33 14 404 203 Mato Grosso 61 32 676 284 Goiás 603 101 6529 2383 Distrito Federal 480 1 10120 20,,2.0
Informe Semanal nº 16.pdf,14,localidade_uf,Goiás,tabela,.729 2.890 Mato Grosso do Sul 33 14 404 203 Mato Grosso 61 32 676 284 Goiás 603 101 6529 2383 Distrito Federal 480 1 10120 20 Brasil 7.559 1.715 ,,2.0
Informe Semanal nº 16.pdf,14,localidade_uf,Distrito Federal,tabela,o Sul 33 14 404 203 Mato Grosso 61 32 676 284 Goiás 603 101 6529 2383 Distrito Federal 480 1 10120 20 Brasil 7.559 1.715 86.933 24.591 FONTE:SinanOn-lineeE-,,1.0
Informe Semanal nº 16.pdf,15,localidade_regiao,Norte,tabela," SE 01 aSE 22 SE 01 aSE 22 SE 01 aSE 22 2024 2025 2024 2025 2024 2025 Norte 31 34 4,5 7,6 1 11 Rondônia 5 0 16,7 0,0 0 0 Acre 0 3 0,0 0,0 0 0 Ama",,1.0
Informe Semanal nº 16.pdf,15,localidade_uf,Rondônia,tabela,"2 SE 01 aSE 22 2024 2025 2024 2025 2024 2025 Norte 31 34 4,5 7,6 1 11 Rondônia 5 0 16,7 0,0 0 0 Acre 0 3 0,0 0,0 0 0 Amazonas 5 1 6,6 8,3 0 2 Roraim",,1.0
Informe Semanal nº 16.pdf,15,localidade_uf,Acre,tabela,"024 2025 2024 2025 Norte 31 34 4,5 7,6 1 11 Rondônia 5 0 16,7 0,0 0 0 Acre 0 3 0,0 0,0 0 0 Amazonas 5 1 6,6 8,3 0 2 Roraima 0 2 0,0 0,0 0 1 Pará",,1.0
Informe Semanal nº 16.pdf,15,localidade_uf,Amazonas,tabela,"rte 31 34 4,5 7,6 1 11 Rondônia 5 0 16,7 0,0 0 0 Acre 0 3 0,0 0,0 0 0 Amazonas 5 1 6,6 8,3 0 2 Roraima 0 2 0,0 0,0 0 1 Pará 8 24 2,6 0,0 1 8 Amapá 8",,1.0
Informe Semanal nº 16.pdf,15,localidade_uf,Roraima,tabela,"ndônia 5 0 16,7 0,0 0 0 Acre 0 3 0,0 0,0 0 0 Amazonas 5 1 6,6 8,3 0 2 Roraima 0 2 0,0 0,0 0 1 Pará 8 24 2,6 0,0 1 8 Amapá 8 3 4,1 0,0 0 0 Tocantins",,1.0
Informe Semanal nº 16.pdf,15,localidade_uf,Pará,tabela,"Acre 0 3 0,0 0,0 0 0 Amazonas 5 1 6,6 8,3 0 2 Roraima 0 2 0,0 0,0 0 1 Pará 8 24 2,6 0,0 1 8 Amapá 8 3 4,1 0,0 0 0 Tocantins 5 1 7,4 0,0 0 0 Nord",,1.0
Informe Semanal nº 16.pdf,15,localidade_uf,Amapá,tabela,"mazonas 5 1 6,6 8,3 0 2 Roraima 0 2 0,0 0,0 0 1 Pará 8 24 2,6 0,0 1 8 Amapá 8 3 4,1 0,0 0 0 Tocantins 5 1 7,4 0,0 0 0 Nordeste 228 26 3,2 3,2 39 ",,2.0
Informe Semanal nº 16.pdf,15,localidade_uf,Tocantins,tabela,"2 Roraima 0 2 0,0 0,0 0 1 Pará 8 24 2,6 0,0 1 8 Amapá 8 3 4,1 0,0 0 0 Tocantins 5 1 7,4 0,0 0 0 Nordeste 228 26 3,2 3,2 39 52 Maranhão 5 1 2,8 0,0 4 ",,2.0
Informe Semanal nº 16.pdf,15,localidade_regiao,Nordeste,tabela,"Pará 8 24 2,6 0,0 1 8 Amapá 8 3 4,1 0,0 0 0 Tocantins 5 1 7,4 0,0 0 0 Nordeste 228 26 3,2 3,2 39 52 Maranhão 5 1 2,8 0,0 4 4 Piauí 23 7 4,4 0,0 2 2 ",,1.0
Informe Semanal nº 16.pdf,15,localidade_uf,Maranhão,tabela,"3 4,1 0,0 0 0 Tocantins 5 1 7,4 0,0 0 0 Nordeste 228 26 3,2 3,2 39 52 Maranhão 5 1 2,8 0,0 4 4 Piauí 23 7 4,4 0,0 2 2 Ceará 4 0 3,4 0,0 0 2 Rio Gran",,1.0
Informe Semanal nº 16.pdf,15,localidade_uf,Piauí,tabela," 1 7,4 0,0 0 0 Nordeste 228 26 3,2 3,2 39 52 Maranhão 5 1 2,8 0,0 4 4 Piauí 23 7 4,4 0,0 2 2 Ceará 4 0 3,4 0,0 0 2 Rio Grande do Norte 2 0 1,6 0,",,1.0
Informe Semanal nº 16.pdf,15,localidade_uf,Ceará,tabela," 228 26 3,2 3,2 39 52 Maranhão 5 1 2,8 0,0 4 4 Piauí 23 7 4,4 0,0 2 2 Ceará 4 0 3,4 0,0 0 2 Rio Grande do Norte 2 0 1,6 0,0 1 4 Paraíba 9 1 6,3 0",,1.0
Informe Semanal nº 16.pdf,15,localidade_uf,Rio Grande do Norte,tabela,"Maranhão 5 1 2,8 0,0 4 4 Piauí 23 7 4,4 0,0 2 2 Ceará 4 0 3,4 0,0 0 2 Rio Grande do Norte 2 0 1,6 0,0 1 4 Paraíba 9 1 6,3 0,0 0 8 Pernambuco 10 4 6,8 0,0 5 11 ",,1.0
Informe Semanal nº 16.pdf,15,localidade_uf,Paraíba,tabela,"4,4 0,0 2 2 Ceará 4 0 3,4 0,0 0 2 Rio Grande do Norte 2 0 1,6 0,0 1 4 Paraíba 9 1 6,3 0,0 0 8 Pernambuco 10 4 6,8 0,0 5 11 Alagoas 9 1 3,3 3,7 0 1 ",,1.0
Informe Semanal nº 16.pdf,15,localidade_uf,Pernambuco,tabela,"4 0,0 0 2 Rio Grande do Norte 2 0 1,6 0,0 1 4 Paraíba 9 1 6,3 0,0 0 8 Pernambuco 10 4 6,8 0,0 5 11 Alagoas 9 1 3,3 3,7 0 1 Sergipe 4 2 9,1 0,0 0 1 Bah",,1.0
Informe Semanal nº 16.pdf,15,localidade_uf,Alagoas,tabela," 2 0 1,6 0,0 1 4 Paraíba 9 1 6,3 0,0 0 8 Pernambuco 10 4 6,8 0,0 5 11 Alagoas 9 1 3,3 3,7 0 1 Sergipe 4 2 9,1 0,0 0 1 Bahia 162 10 2,9 2,4 27 19 Su",,1.0
Informe Semanal nº 16.pdf,15,localidade_uf,Sergipe,tabela," 9 1 6,3 0,0 0 8 Pernambuco 10 4 6,8 0,0 5 11 Alagoas 9 1 3,3 3,7 0 1 Sergipe 4 2 9,1 0,0 0 1 Bahia 162 10 2,9 2,4 27 19 Sudeste 3.348 837 7,3 4,6 ",,1.0
Informe Semanal nº 16.pdf,15,localidade_uf,Bahia,tabela,"uco 10 4 6,8 0,0 5 11 Alagoas 9 1 3,3 3,7 0 1 Sergipe 4 2 9,1 0,0 0 1 Bahia 162 10 2,9 2,4 27 19 Sudeste 3.348 837 7,3 4,6 282 603 Minas Gerais 1",,1.0
Informe Semanal nº 16.pdf,15,localidade_regiao,Sudeste,tabela,"as 9 1 3,3 3,7 0 1 Sergipe 4 2 9,1 0,0 0 1 Bahia 162 10 2,9 2,4 27 19 Sudeste 3.348 837 7,3 4,6 282 603 Minas Gerais 1.138 73 7,2 3,6 263 115 Espír",,1.0
Informe Semanal nº 16.pdf,15,localidade_uf,Minas Gerais,tabela," 0,0 0 1 Bahia 162 10 2,9 2,4 27 19 Sudeste 3.348 837 7,3 4,6 282 603 Minas Gerais 1.138 73 7,2 3,6 263 115 Espírito Santo 39 1 1,8 0,3 0 10 Rio de Jane",,1.0
Informe Semanal nº 16.pdf,15,localidade_uf,Espírito Santo,tabela,"deste 3.348 837 7,3 4,6 282 603 Minas Gerais 1.138 73 7,2 3,6 263 115 Espírito Santo 39 1 1,8 0,3 0 10 Rio de Janeiro 217 9 4,8 2,6 0 13 São Paulo 1.954 7",,2.0
Informe Semanal nº 16.pdf,15,localidade_uf,Rio de Janeiro,tabela,"inas Gerais 1.138 73 7,2 3,6 263 115 Espírito Santo 39 1 1,8 0,3 0 10 Rio de Janeiro 217 9 4,8 2,6 0 13 São Paulo 1.954 754 8,3 4,9 19 465 Sul 1.306 130 6",,2.0
Informe Semanal nº 16.pdf,15,localidade_uf,São Paulo,tabela,"15 Espírito Santo 39 1 1,8 0,3 0 10 Rio de Janeiro 217 9 4,8 2,6 0 13 São Paulo 1.954 754 8,3 4,9 19 465 Sul 1.306 130 6,0 3,4 1 73 Paraná 706 91 5,6",,2.0
Informe Semanal nº 16.pdf,15,localidade_regiao,Sul,tabela," Rio de Janeiro 217 9 4,8 2,6 0 13 São Paulo 1.954 754 8,3 4,9 19 465 Sul 1.306 130 6,0 3,4 1 73 Paraná 706 91 5,6 2,9 0 57 Santa Catarina 327 ",,1.0
Informe Semanal nº 16.pdf,15,localidade_uf,Paraná,tabela,",6 0 13 São Paulo 1.954 754 8,3 4,9 19 465 Sul 1.306 130 6,0 3,4 1 73 Paraná 706 91 5,6 2,9 0 57 Santa Catarina 327 10 5,2 0,0 0 5 Rio Grande do S",,3.0
Informe Semanal nº 16.pdf,15,localidade_uf,Santa Catarina,tabela," 8,3 4,9 19 465 Sul 1.306 130 6,0 3,4 1 73 Paraná 706 91 5,6 2,9 0 57 Santa Catarina 327 10 5,2 0,0 0 5 Rio Grande do Sul 273 29 9,7 6,0 1 11 Centro-Oeste",,1.0
Informe Semanal nº 16.pdf,15,localidade_uf,Rio Grande do Sul,tabela,"3,4 1 73 Paraná 706 91 5,6 2,9 0 57 Santa Catarina 327 10 5,2 0,0 0 5 Rio Grande do Sul 273 29 9,7 6,0 1 11 Centro-Oeste 871 64 4,6 2,1 16 74 Mato Grosso do ",,1.0
Informe Semanal nº 16.pdf,15,localidade_regiao,Centro-Oeste,tabela,"nta Catarina 327 10 5,2 0,0 0 5 Rio Grande do Sul 273 29 9,7 6,0 1 11 Centro-Oeste 871 64 4,6 2,1 16 74 Mato Grosso do Sul 26 12 5,9 0,0 9 6 Mato Grosso",,1.0
Informe Semanal nº 16.pdf,15,localidade_uf,Mato Grosso do Sul,tabela,"o Grande do Sul 273 29 9,7 6,0 1 11 Centro-Oeste 871 64 4,6 2,1 16 74 Mato Grosso do Sul 26 12 5,9 0,0 9 6 Mato Grosso 18 13 2,4 4,1 1 11 Goiás 395 39 5,5 1,6",,1.0
Informe Semanal nº 16.pdf,15,localidade_uf,Mato Grosso,tabela,"entro-Oeste 871 64 4,6 2,1 16 74 Mato Grosso do Sul 26 12 5,9 0,0 9 6 Mato Grosso 18 13 2,4 4,1 1 11 Goiás 395 39 5,5 1,6 5 57 Distrito Federal 432 0 4",,2.0
Informe Semanal nº 16.pdf,15,localidade_uf,Goiás,tabela,"4 Mato Grosso do Sul 26 12 5,9 0,0 9 6 Mato Grosso 18 13 2,4 4,1 1 11 Goiás 395 39 5,5 1,6 5 57 Distrito Federal 432 0 4,1 0,0 1 0 Brasil 5.784 1",,2.0
Informe Semanal nº 16.pdf,15,localidade_uf,Distrito Federal,tabela," 5,9 0,0 9 6 Mato Grosso 18 13 2,4 4,1 1 11 Goiás 395 39 5,5 1,6 5 57 Distrito Federal 432 0 4,1 0,0 1 0 Brasil 5.784 1.091 6,1 4,1 339 813 FONTE:SinanOn-li",,1.0
Informe Semanal nº 17 (1).pdf,2,localidade_regiao,Sudeste,narrativa," Geográficas que apresentam os maiores coeficientes de incidência são Sudeste, Centro-Oeste e Sul. Entre as Unidades Federativas (UF), destacam-se ",,1.0
Informe Semanal nº 17 (1).pdf,2,localidade_regiao,Centro-Oeste,narrativa,"cas que apresentam os maiores coeficientes de incidência são Sudeste, Centro-Oeste e Sul. Entre as Unidades Federativas (UF), destacam-se São Paulo, Goi",,1.0
Informe Semanal nº 17 (1).pdf,2,localidade_regiao,Sul,narrativa,"tam os maiores coeficientes de incidência são Sudeste, Centro-Oeste e Sul. Entre as Unidades Federativas (UF), destacam-se São Paulo, Goiás, Ac",,1.0
Informe Semanal nº 17 (1).pdf,2,localidade_uf,São Paulo,narrativa,", Centro-Oeste e Sul. Entre as Unidades Federativas (UF), destacam-se São Paulo, Goiás, Acre, Paraná, e Mato Grosso. Os maiores números de casos grav",,2.0
Informe Semanal nº 17 (1).pdf,2,localidade_uf,Goiás,narrativa,"ste e Sul. Entre as Unidades Federativas (UF), destacam-se São Paulo, Goiás, Acre, Paraná, e Mato Grosso. Os maiores números de casos graves conc",,2.0
Informe Semanal nº 17 (1).pdf,2,localidade_uf,Acre,narrativa,"ul. Entre as Unidades Federativas (UF), destacam-se São Paulo, Goiás, Acre, Paraná, e Mato Grosso. Os maiores números de casos graves concentram",,1.0
Informe Semanal nº 17 (1).pdf,2,localidade_uf,Paraná,narrativa,"tre as Unidades Federativas (UF), destacam-se São Paulo, Goiás, Acre, Paraná, e Mato Grosso. Os maiores números de casos graves concentram-se nas ",,3.0
Informe Semanal nº 17 (1).pdf,2,localidade_uf,Mato Grosso,narrativa,"dades Federativas (UF), destacam-se São Paulo, Goiás, Acre, Paraná, e Mato Grosso. Os maiores números de casos graves concentram-se nas regiões Sudeste",,2.0
Informe Semanal nº 17 (1).pdf,2,localidade_regiao,Sudeste,narrativa," Grosso. Os maiores números de casos graves concentram-se nas regiões Sudeste, Sul e Centro-Oeste. A maior parte dos óbitos está na região Sudeste.",,1.0
Informe Semanal nº 17 (1).pdf,2,localidade_regiao,Sul,narrativa,"Os maiores números de casos graves concentram-se nas regiões Sudeste, Sul e Centro-Oeste. A maior parte dos óbitos está na região Sudeste. Fora",,1.0
Informe Semanal nº 17 (1).pdf,2,localidade_regiao,Centro-Oeste,narrativa,"ores números de casos graves concentram-se nas regiões Sudeste, Sul e Centro-Oeste. A maior parte dos óbitos está na região Sudeste. Foram confirmados 1",,1.0
Informe Semanal nº 17 (1).pdf,2,localidade_regiao,Sudeste,narrativa," Sudeste, Sul e Centro-Oeste. A maior parte dos óbitos está na região Sudeste. Foram confirmados 1.165 óbitos no período, e 752 estão em investigaç",,1.0
Informe Semanal nº 17 (1).pdf,2,localidade_uf,São Paulo,narrativa,imestre de 2024. DENV-4 (vírus selvagem) foi detectado em amostras de São Paulo e Minas Gerais. O coeficiente de incidência de dengue no Brasil encon,,2.0
Informe Semanal nº 17 (1).pdf,2,localidade_uf,Minas Gerais,narrativa,024. DENV-4 (vírus selvagem) foi detectado em amostras de São Paulo e Minas Gerais. O coeficiente de incidência de dengue no Brasil encontra-se dentro d,,1.0
Informe Semanal nº 17 (1).pdf,13,localidade_regiao,Norte,tabela,"de incidência Região/UF SE 01 aSE 23 SE 01 aSE 23 2024 2025 2024 2025 Norte 42.491 34.166 244,9 196,9 Rondônia 4.778 2.944 302,2 186,2 Acre 3.801",,1.0
Informe Semanal nº 17 (1).pdf,13,localidade_uf,Rondônia,tabela,"E 23 SE 01 aSE 23 2024 2025 2024 2025 Norte 42.491 34.166 244,9 196,9 Rondônia 4.778 2.944 302,2 186,2 Acre 3.801 8.563 457,9 1.031,7 Amazonas 6.358",,1.0
Informe Semanal nº 17 (1).pdf,13,localidade_uf,Acre,tabela,"2025 Norte 42.491 34.166 244,9 196,9 Rondônia 4.778 2.944 302,2 186,2 Acre 3.801 8.563 457,9 1.031,7 Amazonas 6.358 4.148 161,3 105,2 Roraima 32",,1.0
Informe Semanal nº 17 (1).pdf,13,localidade_uf,Amazonas,tabela,"196,9 Rondônia 4.778 2.944 302,2 186,2 Acre 3.801 8.563 457,9 1.031,7 Amazonas 6.358 4.148 161,3 105,2 Roraima 324 312 50,9 49,0 Pará 16.212 13.342 ",,1.0
Informe Semanal nº 17 (1).pdf,13,localidade_uf,Roraima,tabela,"186,2 Acre 3.801 8.563 457,9 1.031,7 Amazonas 6.358 4.148 161,3 105,2 Roraima 324 312 50,9 49,0 Pará 16.212 13.342 199,8 164,4 Amapá 7.162 1.602 97",,1.0
Informe Semanal nº 17 (1).pdf,13,localidade_uf,Pará,tabela,",9 1.031,7 Amazonas 6.358 4.148 161,3 105,2 Roraima 324 312 50,9 49,0 Pará 16.212 13.342 199,8 164,4 Amapá 7.162 1.602 976,4 218,4 Tocantins 3.8",,1.0
Informe Semanal nº 17 (1).pdf,13,localidade_uf,Amapá,tabela," 161,3 105,2 Roraima 324 312 50,9 49,0 Pará 16.212 13.342 199,8 164,4 Amapá 7.162 1.602 976,4 218,4 Tocantins 3.856 3.255 255,1 215,4 Nordeste 29",,2.0
Informe Semanal nº 17 (1).pdf,13,localidade_uf,Tocantins,tabela,"0,9 49,0 Pará 16.212 13.342 199,8 164,4 Amapá 7.162 1.602 976,4 218,4 Tocantins 3.856 3.255 255,1 215,4 Nordeste 298.114 61.164 545,6 111,9 Maranhão ",,2.0
Informe Semanal nº 17 (1).pdf,13,localidade_regiao,Nordeste,tabela,"164,4 Amapá 7.162 1.602 976,4 218,4 Tocantins 3.856 3.255 255,1 215,4 Nordeste 298.114 61.164 545,6 111,9 Maranhão 10.402 4.771 153,5 70,4 Piauí 12.",,1.0
Informe Semanal nº 17 (1).pdf,13,localidade_uf,Maranhão,tabela,"Tocantins 3.856 3.255 255,1 215,4 Nordeste 298.114 61.164 545,6 111,9 Maranhão 10.402 4.771 153,5 70,4 Piauí 12.435 5.618 380,4 171,8 Ceará 9.178 4.",,1.0
Informe Semanal nº 17 (1).pdf,13,localidade_uf,Piauí,tabela," Nordeste 298.114 61.164 545,6 111,9 Maranhão 10.402 4.771 153,5 70,4 Piauí 12.435 5.618 380,4 171,8 Ceará 9.178 4.698 104,4 53,4 Rio Grande do N",,1.0
Informe Semanal nº 17 (1).pdf,13,localidade_uf,Ceará,tabela,"111,9 Maranhão 10.402 4.771 153,5 70,4 Piauí 12.435 5.618 380,4 171,8 Ceará 9.178 4.698 104,4 53,4 Rio Grande do Norte 12.907 5.020 390,8 152,0 P",,1.0
Informe Semanal nº 17 (1).pdf,13,localidade_uf,Rio Grande do Norte,tabela,"53,5 70,4 Piauí 12.435 5.618 380,4 171,8 Ceará 9.178 4.698 104,4 53,4 Rio Grande do Norte 12.907 5.020 390,8 152,0 Paraíba 10.594 4.748 266,5 119,5 Pernambuco ",,1.0
Informe Semanal nº 17 (1).pdf,13,localidade_uf,Paraíba,tabela,"á 9.178 4.698 104,4 53,4 Rio Grande do Norte 12.907 5.020 390,8 152,0 Paraíba 10.594 4.748 266,5 119,5 Pernambuco 16.923 10.911 186,8 120,5 Alagoas",,1.0
Informe Semanal nº 17 (1).pdf,13,localidade_uf,Pernambuco,tabela,"de do Norte 12.907 5.020 390,8 152,0 Paraíba 10.594 4.748 266,5 119,5 Pernambuco 16.923 10.911 186,8 120,5 Alagoas 9.279 2.395 296,7 76,6 Sergipe 1.29",,1.0
Informe Semanal nº 17 (1).pdf,13,localidade_uf,Alagoas,tabela,"Paraíba 10.594 4.748 266,5 119,5 Pernambuco 16.923 10.911 186,8 120,5 Alagoas 9.279 2.395 296,7 76,6 Sergipe 1.292 708 58,5 32,0 Bahia 215.104 22.2",,1.0
Informe Semanal nº 17 (1).pdf,13,localidade_uf,Sergipe,tabela,"5 Pernambuco 16.923 10.911 186,8 120,5 Alagoas 9.279 2.395 296,7 76,6 Sergipe 1.292 708 58,5 32,0 Bahia 215.104 22.295 1.521,6 157,7 Sudeste 3.991.",,1.0
Informe Semanal nº 17 (1).pdf,13,localidade_uf,Bahia,tabela,"86,8 120,5 Alagoas 9.279 2.395 296,7 76,6 Sergipe 1.292 708 58,5 32,0 Bahia 215.104 22.295 1.521,6 157,7 Sudeste 3.991.057 1.027.932 4.703,8 1.21",,1.0
Informe Semanal nº 17 (1).pdf,13,localidade_regiao,Sudeste,tabela,"7 76,6 Sergipe 1.292 708 58,5 32,0 Bahia 215.104 22.295 1.521,6 157,7 Sudeste 3.991.057 1.027.932 4.703,8 1.211,5 Minas Gerais 1.622.964 154.433 7.",,1.0
Informe Semanal nº 17 (1).pdf,13,localidade_uf,Minas Gerais,tabela,".104 22.295 1.521,6 157,7 Sudeste 3.991.057 1.027.932 4.703,8 1.211,5 Minas Gerais 1.622.964 154.433 7.902,0 751,9 Espírito Santo 130.157 27.200 3.395,3",,1.0
Informe Semanal nº 17 (1).pdf,13,localidade_uf,Espírito Santo,tabela,".027.932 4.703,8 1.211,5 Minas Gerais 1.622.964 154.433 7.902,0 751,9 Espírito Santo 130.157 27.200 3.395,3 709,5 Rio de Janeiro 284.527 27.399 1.772,3 17",,2.0
Informe Semanal nº 17 (1).pdf,13,localidade_uf,Rio de Janeiro,tabela,"964 154.433 7.902,0 751,9 Espírito Santo 130.157 27.200 3.395,3 709,5 Rio de Janeiro 284.527 27.399 1.772,3 170,7 São Paulo 1.953.409 818.900 4.397,5 1.84",,2.0
Informe Semanal nº 17 (1).pdf,13,localidade_uf,São Paulo,tabela,".157 27.200 3.395,3 709,5 Rio de Janeiro 284.527 27.399 1.772,3 170,7 São Paulo 1.953.409 818.900 4.397,5 1.843,5 Sul 1.143.684 227.062 3.820,8 758,6",,2.0
Informe Semanal nº 17 (1).pdf,13,localidade_regiao,Sul,tabela,".527 27.399 1.772,3 170,7 São Paulo 1.953.409 818.900 4.397,5 1.843,5 Sul 1.143.684 227.062 3.820,8 758,6 Paraná 610.662 115.297 5.336,5 1.007,",,1.0
Informe Semanal nº 17 (1).pdf,13,localidade_uf,Paraná,tabela,"1.953.409 818.900 4.397,5 1.843,5 Sul 1.143.684 227.062 3.820,8 758,6 Paraná 610.662 115.297 5.336,5 1.007,6 Santa Catarina 321.463 28.408 4.224,4",,3.0
Informe Semanal nº 17 (1).pdf,13,localidade_uf,Santa Catarina,tabela,".143.684 227.062 3.820,8 758,6 Paraná 610.662 115.297 5.336,5 1.007,6 Santa Catarina 321.463 28.408 4.224,4 373,3 Rio Grande do Sul 211.559 83.357 1.944,4",,1.0
Informe Semanal nº 17 (1).pdf,13,localidade_uf,Rio Grande do Sul,tabela,"2 115.297 5.336,5 1.007,6 Santa Catarina 321.463 28.408 4.224,4 373,3 Rio Grande do Sul 211.559 83.357 1.944,4 766,1 Centro-Oeste 618.430 128.428 3.796,9 788",,1.0
Informe Semanal nº 17 (1).pdf,13,localidade_regiao,Centro-Oeste,tabela,"3 28.408 4.224,4 373,3 Rio Grande do Sul 211.559 83.357 1.944,4 766,1 Centro-Oeste 618.430 128.428 3.796,9 788,5 Mato Grosso do Sul 17.225 13.941 624,8 ",,1.0
Informe Semanal nº 17 (1).pdf,13,localidade_uf,Mato Grosso do Sul,tabela,"1.559 83.357 1.944,4 766,1 Centro-Oeste 618.430 128.428 3.796,9 788,5 Mato Grosso do Sul 17.225 13.941 624,8 505,7 Mato Grosso 34.951 30.146 955,3 823,9 Goiás",,1.0
Informe Semanal nº 17 (1).pdf,13,localidade_uf,Mato Grosso,tabela,"30 128.428 3.796,9 788,5 Mato Grosso do Sul 17.225 13.941 624,8 505,7 Mato Grosso 34.951 30.146 955,3 823,9 Goiás 296.132 76.826 4.197,3 1.088,9 Distri",,2.0
Informe Semanal nº 17 (1).pdf,13,localidade_uf,Goiás,tabela,"o Sul 17.225 13.941 624,8 505,7 Mato Grosso 34.951 30.146 955,3 823,9 Goiás 296.132 76.826 4.197,3 1.088,9 Distrito Federal 270.122 7.515 9.588,8",,2.0
Informe Semanal nº 17 (1).pdf,13,localidade_uf,Distrito Federal,tabela,"Grosso 34.951 30.146 955,3 823,9 Goiás 296.132 76.826 4.197,3 1.088,9 Distrito Federal 270.122 7.515 9.588,8 266,8 Brasil 6.093.776 1.478.752 3.000,9 728,2 ",,1.0
Informe Semanal nº 17 (1).pdf,14,localidade_regiao,Norte,tabela,de alarme (n) SE 01 aSE 23 SE 01 aSE 23 Região/UF 2024 2025 2024 2025 Norte 71 38 639 431 Rondônia 5 1 26 10 Acre 2 1 8 49 Amazonas 11 3 68 9 Ror,,1.0
Informe Semanal nº 17 (1).pdf,14,localidade_uf,Rondônia,tabela,aSE 23 SE 01 aSE 23 Região/UF 2024 2025 2024 2025 Norte 71 38 639 431 Rondônia 5 1 26 10 Acre 2 1 8 49 Amazonas 11 3 68 9 Roraima 0 2 1 3 Pará 32 23,,1.0
Informe Semanal nº 17 (1).pdf,14,localidade_uf,Acre,tabela, Região/UF 2024 2025 2024 2025 Norte 71 38 639 431 Rondônia 5 1 26 10 Acre 2 1 8 49 Amazonas 11 3 68 9 Roraima 0 2 1 3 Pará 32 23 283 320 Amapá ,,1.0
Informe Semanal nº 17 (1).pdf,14,localidade_uf,Amazonas,tabela,4 2025 2024 2025 Norte 71 38 639 431 Rondônia 5 1 26 10 Acre 2 1 8 49 Amazonas 11 3 68 9 Roraima 0 2 1 3 Pará 32 23 283 320 Amapá 13 7 192 27 Tocant,,1.0
Informe Semanal nº 17 (1).pdf,14,localidade_uf,Roraima,tabela,rte 71 38 639 431 Rondônia 5 1 26 10 Acre 2 1 8 49 Amazonas 11 3 68 9 Roraima 0 2 1 3 Pará 32 23 283 320 Amapá 13 7 192 27 Tocantins 8 1 61 13 Nord,,1.0
Informe Semanal nº 17 (1).pdf,14,localidade_uf,Pará,tabela,1 Rondônia 5 1 26 10 Acre 2 1 8 49 Amazonas 11 3 68 9 Roraima 0 2 1 3 Pará 32 23 283 320 Amapá 13 7 192 27 Tocantins 8 1 61 13 Nordeste 647 72 6,,1.0
Informe Semanal nº 17 (1).pdf,14,localidade_uf,Amapá,tabela,0 Acre 2 1 8 49 Amazonas 11 3 68 9 Roraima 0 2 1 3 Pará 32 23 283 320 Amapá 13 7 192 27 Tocantins 8 1 61 13 Nordeste 647 72 6.754 782 Maranhão 15,,2.0
Informe Semanal nº 17 (1).pdf,14,localidade_uf,Tocantins,tabela,azonas 11 3 68 9 Roraima 0 2 1 3 Pará 32 23 283 320 Amapá 13 7 192 27 Tocantins 8 1 61 13 Nordeste 647 72 6.754 782 Maranhão 15 6 171 48 Piauí 47 23 ,,2.0
Informe Semanal nº 17 (1).pdf,14,localidade_regiao,Nordeste,tabela,aima 0 2 1 3 Pará 32 23 283 320 Amapá 13 7 192 27 Tocantins 8 1 61 13 Nordeste 647 72 6.754 782 Maranhão 15 6 171 48 Piauí 47 23 493 143 Ceará 9 2 1,,1.0
Informe Semanal nº 17 (1).pdf,14,localidade_uf,Maranhão,tabela,3 320 Amapá 13 7 192 27 Tocantins 8 1 61 13 Nordeste 647 72 6.754 782 Maranhão 15 6 171 48 Piauí 47 23 493 143 Ceará 9 2 116 19 Rio Grande do Norte ,,1.0
Informe Semanal nº 17 (1).pdf,14,localidade_uf,Piauí,tabela,27 Tocantins 8 1 61 13 Nordeste 647 72 6.754 782 Maranhão 15 6 171 48 Piauí 47 23 493 143 Ceará 9 2 116 19 Rio Grande do Norte 11 5 117 29 Paraíb,,1.0
Informe Semanal nº 17 (1).pdf,14,localidade_uf,Ceará,tabela,13 Nordeste 647 72 6.754 782 Maranhão 15 6 171 48 Piauí 47 23 493 143 Ceará 9 2 116 19 Rio Grande do Norte 11 5 117 29 Paraíba 4 0 142 12 Pernamb,,1.0
Informe Semanal nº 17 (1).pdf,14,localidade_uf,Rio Grande do Norte,tabela,2 6.754 782 Maranhão 15 6 171 48 Piauí 47 23 493 143 Ceará 9 2 116 19 Rio Grande do Norte 11 5 117 29 Paraíba 4 0 142 12 Pernambuco 14 5 145 69 Alagoas 16 3 28,,1.0
Informe Semanal nº 17 (1).pdf,14,localidade_uf,Paraíba,tabela, Piauí 47 23 493 143 Ceará 9 2 116 19 Rio Grande do Norte 11 5 117 29 Paraíba 4 0 142 12 Pernambuco 14 5 145 69 Alagoas 16 3 288 26 Sergipe 4 2 44 ,,1.0
Informe Semanal nº 17 (1).pdf,14,localidade_uf,Pernambuco,tabela,3 Ceará 9 2 116 19 Rio Grande do Norte 11 5 117 29 Paraíba 4 0 142 12 Pernambuco 14 5 145 69 Alagoas 16 3 288 26 Sergipe 4 2 44 25 Bahia 527 26 5238 4,,1.0
Informe Semanal nº 17 (1).pdf,14,localidade_uf,Alagoas,tabela,Grande do Norte 11 5 117 29 Paraíba 4 0 142 12 Pernambuco 14 5 145 69 Alagoas 16 3 288 26 Sergipe 4 2 44 25 Bahia 527 26 5238 411 Sudeste 4.289 1.3,,1.0
Informe Semanal nº 17 (1).pdf,14,localidade_uf,Sergipe,tabela, 117 29 Paraíba 4 0 142 12 Pernambuco 14 5 145 69 Alagoas 16 3 288 26 Sergipe 4 2 44 25 Bahia 527 26 5238 411 Sudeste 4.289 1.316 42.522 17.365 Min,,1.0
Informe Semanal nº 17 (1).pdf,14,localidade_uf,Bahia,tabela,0 142 12 Pernambuco 14 5 145 69 Alagoas 16 3 288 26 Sergipe 4 2 44 25 Bahia 527 26 5238 411 Sudeste 4.289 1.316 42.522 17.365 Minas Gerais 1.677 ,,1.0
Informe Semanal nº 17 (1).pdf,14,localidade_regiao,Sudeste,tabela, 5 145 69 Alagoas 16 3 288 26 Sergipe 4 2 44 25 Bahia 527 26 5238 411 Sudeste 4.289 1.316 42.522 17.365 Minas Gerais 1.677 170 14.140 1.905 Espírit,,1.0
Informe Semanal nº 17 (1).pdf,14,localidade_uf,Minas Gerais,tabela,ipe 4 2 44 25 Bahia 527 26 5238 411 Sudeste 4.289 1.316 42.522 17.365 Minas Gerais 1.677 170 14.140 1.905 Espírito Santo 90 9 2.089 364 Rio de Janeiro 2,,1.0
Informe Semanal nº 17 (1).pdf,14,localidade_uf,Espírito Santo,tabela,Sudeste 4.289 1.316 42.522 17.365 Minas Gerais 1.677 170 14.140 1.905 Espírito Santo 90 9 2.089 364 Rio de Janeiro 231 30 4.381 333 São Paulo 2.291 1.107 ,,2.0
Informe Semanal nº 17 (1).pdf,14,localidade_uf,Rio de Janeiro,tabela,365 Minas Gerais 1.677 170 14.140 1.905 Espírito Santo 90 9 2.089 364 Rio de Janeiro 231 30 4.381 333 São Paulo 2.291 1.107 21.912 14.763 Sul 1.463 216 20,,2.0
Informe Semanal nº 17 (1).pdf,14,localidade_uf,São Paulo,tabela,0 1.905 Espírito Santo 90 9 2.089 364 Rio de Janeiro 231 30 4.381 333 São Paulo 2.291 1.107 21.912 14.763 Sul 1.463 216 20.575 3.796 Paraná 686 153 1,,2.0
Informe Semanal nº 17 (1).pdf,14,localidade_regiao,Sul,tabela,4 Rio de Janeiro 231 30 4.381 333 São Paulo 2.291 1.107 21.912 14.763 Sul 1.463 216 20.575 3.796 Paraná 686 153 12.135 3.114 Santa Catarina 399,,1.0
Informe Semanal nº 17 (1).pdf,14,localidade_uf,Paraná,tabela,81 333 São Paulo 2.291 1.107 21.912 14.763 Sul 1.463 216 20.575 3.796 Paraná 686 153 12.135 3.114 Santa Catarina 399 12 5.977 220 Rio Grande do Su,,3.0
Informe Semanal nº 17 (1).pdf,14,localidade_uf,Santa Catarina,tabela, 21.912 14.763 Sul 1.463 216 20.575 3.796 Paraná 686 153 12.135 3.114 Santa Catarina 399 12 5.977 220 Rio Grande do Sul 378 51 2.463 462 Centro-Oeste 1.19,,1.0
Informe Semanal nº 17 (1).pdf,14,localidade_uf,Rio Grande do Sul,tabela,575 3.796 Paraná 686 153 12.135 3.114 Santa Catarina 399 12 5.977 220 Rio Grande do Sul 378 51 2.463 462 Centro-Oeste 1.190 153 17.982 3.049 Mato Grosso do S,,1.0
Informe Semanal nº 17 (1).pdf,14,localidade_regiao,Centro-Oeste,tabela,14 Santa Catarina 399 12 5.977 220 Rio Grande do Sul 378 51 2.463 462 Centro-Oeste 1.190 153 17.982 3.049 Mato Grosso do Sul 33 13 407 215 Mato Grosso 6,,1.0
Informe Semanal nº 17 (1).pdf,14,localidade_uf,Mato Grosso do Sul,tabela,io Grande do Sul 378 51 2.463 462 Centro-Oeste 1.190 153 17.982 3.049 Mato Grosso do Sul 33 13 407 215 Mato Grosso 61 33 697 299 Goiás 614 106 6728 2513 Distr,,1.0
Informe Semanal nº 17 (1).pdf,14,localidade_uf,Mato Grosso,tabela, Centro-Oeste 1.190 153 17.982 3.049 Mato Grosso do Sul 33 13 407 215 Mato Grosso 61 33 697 299 Goiás 614 106 6728 2513 Distrito Federal 482 1 10150 22,,2.0
Informe Semanal nº 17 (1).pdf,14,localidade_uf,Goiás,tabela,.982 3.049 Mato Grosso do Sul 33 13 407 215 Mato Grosso 61 33 697 299 Goiás 614 106 6728 2513 Distrito Federal 482 1 10150 22 Brasil 7.660 1.795 ,,2.0
Informe Semanal nº 17 (1).pdf,14,localidade_uf,Distrito Federal,tabela,o Sul 33 13 407 215 Mato Grosso 61 33 697 299 Goiás 614 106 6728 2513 Distrito Federal 482 1 10150 22 Brasil 7.660 1.795 88.472 25.423 FONTE:SinanOn-lineeE-,,1.0
Informe Semanal nº 17 (1).pdf,15,localidade_regiao,Norte,tabela," SE 01 aSE 23 SE 01 aSE 23 SE 01 aSE 23 2024 2025 2024 2025 2024 2025 Norte 33 34 4,6 7,2 1 8 Rondônia 5 1 16,1 0,0 0 0 Acre 0 3 0,0 0,0 0 0 Amaz",,1.0
Informe Semanal nº 17 (1).pdf,15,localidade_uf,Rondônia,tabela,"23 SE 01 aSE 23 2024 2025 2024 2025 2024 2025 Norte 33 34 4,6 7,2 1 8 Rondônia 5 1 16,1 0,0 0 0 Acre 0 3 0,0 0,0 0 0 Amazonas 5 1 6,3 8,3 0 2 Roraim",,1.0
Informe Semanal nº 17 (1).pdf,15,localidade_uf,Acre,tabela,"2024 2025 2024 2025 Norte 33 34 4,6 7,2 1 8 Rondônia 5 1 16,1 0,0 0 0 Acre 0 3 0,0 0,0 0 0 Amazonas 5 1 6,3 8,3 0 2 Roraima 0 2 0,0 0,0 0 0 Pará",,1.0
Informe Semanal nº 17 (1).pdf,15,localidade_uf,Amazonas,tabela,"orte 33 34 4,6 7,2 1 8 Rondônia 5 1 16,1 0,0 0 0 Acre 0 3 0,0 0,0 0 0 Amazonas 5 1 6,3 8,3 0 2 Roraima 0 2 0,0 0,0 0 0 Pará 8 23 2,5 0,0 1 6 Amapá 1",,1.0
Informe Semanal nº 17 (1).pdf,15,localidade_uf,Roraima,tabela,"ndônia 5 1 16,1 0,0 0 0 Acre 0 3 0,0 0,0 0 0 Amazonas 5 1 6,3 8,3 0 2 Roraima 0 2 0,0 0,0 0 0 Pará 8 23 2,5 0,0 1 6 Amapá 10 3 4,9 0,0 0 0 Tocantin",,1.0
Informe Semanal nº 17 (1).pdf,15,localidade_uf,Pará,tabela,"Acre 0 3 0,0 0,0 0 0 Amazonas 5 1 6,3 8,3 0 2 Roraima 0 2 0,0 0,0 0 0 Pará 8 23 2,5 0,0 1 6 Amapá 10 3 4,9 0,0 0 0 Tocantins 5 1 7,2 0,0 0 0 Nor",,1.0
Informe Semanal nº 17 (1).pdf,15,localidade_uf,Amapá,tabela,"mazonas 5 1 6,3 8,3 0 2 Roraima 0 2 0,0 0,0 0 0 Pará 8 23 2,5 0,0 1 6 Amapá 10 3 4,9 0,0 0 0 Tocantins 5 1 7,2 0,0 0 0 Nordeste 235 27 3,2 3,2 41",,2.0
Informe Semanal nº 17 (1).pdf,15,localidade_uf,Tocantins,tabela," Roraima 0 2 0,0 0,0 0 0 Pará 8 23 2,5 0,0 1 6 Amapá 10 3 4,9 0,0 0 0 Tocantins 5 1 7,2 0,0 0 0 Nordeste 235 27 3,2 3,2 41 51 Maranhão 6 2 3,2 0,0 4 ",,2.0
Informe Semanal nº 17 (1).pdf,15,localidade_regiao,Nordeste,tabela,"ará 8 23 2,5 0,0 1 6 Amapá 10 3 4,9 0,0 0 0 Tocantins 5 1 7,2 0,0 0 0 Nordeste 235 27 3,2 3,2 41 51 Maranhão 6 2 3,2 0,0 4 4 Piauí 23 7 4,3 0,0 2 2 ",,1.0
Informe Semanal nº 17 (1).pdf,15,localidade_uf,Maranhão,tabela,"3 4,9 0,0 0 0 Tocantins 5 1 7,2 0,0 0 0 Nordeste 235 27 3,2 3,2 41 51 Maranhão 6 2 3,2 0,0 4 4 Piauí 23 7 4,3 0,0 2 2 Ceará 5 0 4,0 0,0 0 2 Rio Gran",,1.0
Informe Semanal nº 17 (1).pdf,15,localidade_uf,Piauí,tabela," 1 7,2 0,0 0 0 Nordeste 235 27 3,2 3,2 41 51 Maranhão 6 2 3,2 0,0 4 4 Piauí 23 7 4,3 0,0 2 2 Ceará 5 0 4,0 0,0 0 2 Rio Grande do Norte 2 0 1,6 0,",,1.0
Informe Semanal nº 17 (1).pdf,15,localidade_uf,Ceará,tabela," 235 27 3,2 3,2 41 51 Maranhão 6 2 3,2 0,0 4 4 Piauí 23 7 4,3 0,0 2 2 Ceará 5 0 4,0 0,0 0 2 Rio Grande do Norte 2 0 1,6 0,0 1 4 Paraíba 9 1 6,2 0",,1.0
Informe Semanal nº 17 (1).pdf,15,localidade_uf,Rio Grande do Norte,tabela,"Maranhão 6 2 3,2 0,0 4 4 Piauí 23 7 4,3 0,0 2 2 Ceará 5 0 4,0 0,0 0 2 Rio Grande do Norte 2 0 1,6 0,0 1 4 Paraíba 9 1 6,2 0,0 0 8 Pernambuco 10 4 6,3 0,0 5 10 ",,1.0
Informe Semanal nº 17 (1).pdf,15,localidade_uf,Paraíba,tabela,"4,3 0,0 2 2 Ceará 5 0 4,0 0,0 0 2 Rio Grande do Norte 2 0 1,6 0,0 1 4 Paraíba 9 1 6,2 0,0 0 8 Pernambuco 10 4 6,3 0,0 5 10 Alagoas 12 1 3,9 3,4 0 1",,1.0
Informe Semanal nº 17 (1).pdf,15,localidade_uf,Pernambuco,tabela,"0 0,0 0 2 Rio Grande do Norte 2 0 1,6 0,0 1 4 Paraíba 9 1 6,2 0,0 0 8 Pernambuco 10 4 6,3 0,0 5 10 Alagoas 12 1 3,9 3,4 0 1 Sergipe 5 2 10,4 0,0 0 1 B",,1.0
Informe Semanal nº 17 (1).pdf,15,localidade_uf,Alagoas,tabela," 2 0 1,6 0,0 1 4 Paraíba 9 1 6,2 0,0 0 8 Pernambuco 10 4 6,3 0,0 5 10 Alagoas 12 1 3,9 3,4 0 1 Sergipe 5 2 10,4 0,0 0 1 Bahia 163 10 2,8 2,3 29 19 ",,1.0
Informe Semanal nº 17 (1).pdf,15,localidade_uf,Sergipe,tabela,"9 1 6,2 0,0 0 8 Pernambuco 10 4 6,3 0,0 5 10 Alagoas 12 1 3,9 3,4 0 1 Sergipe 5 2 10,4 0,0 0 1 Bahia 163 10 2,8 2,3 29 19 Sudeste 3.395 899 7,3 4,8",,1.0
Informe Semanal nº 17 (1).pdf,15,localidade_uf,Bahia,tabela,"o 10 4 6,3 0,0 5 10 Alagoas 12 1 3,9 3,4 0 1 Sergipe 5 2 10,4 0,0 0 1 Bahia 163 10 2,8 2,3 29 19 Sudeste 3.395 899 7,3 4,8 288 541 Minas Gerais 1",,1.0
Informe Semanal nº 17 (1).pdf,15,localidade_regiao,Sudeste,tabela," 12 1 3,9 3,4 0 1 Sergipe 5 2 10,4 0,0 0 1 Bahia 163 10 2,8 2,3 29 19 Sudeste 3.395 899 7,3 4,8 288 541 Minas Gerais 1.143 79 7,2 3,8 269 103 Espír",,1.0
Informe Semanal nº 17 (1).pdf,15,localidade_uf,Minas Gerais,tabela," 0,0 0 1 Bahia 163 10 2,8 2,3 29 19 Sudeste 3.395 899 7,3 4,8 288 541 Minas Gerais 1.143 79 7,2 3,8 269 103 Espírito Santo 39 1 1,8 0,3 0 11 Rio de Jane",,1.0
Informe Semanal nº 17 (1).pdf,15,localidade_uf,Espírito Santo,tabela,"deste 3.395 899 7,3 4,8 288 541 Minas Gerais 1.143 79 7,2 3,8 269 103 Espírito Santo 39 1 1,8 0,3 0 11 Rio de Janeiro 221 10 4,8 2,8 0 13 São Paulo 1.992 ",,2.0
Informe Semanal nº 17 (1).pdf,15,localidade_uf,Rio de Janeiro,tabela,"inas Gerais 1.143 79 7,2 3,8 269 103 Espírito Santo 39 1 1,8 0,3 0 11 Rio de Janeiro 221 10 4,8 2,8 0 13 São Paulo 1.992 809 8,2 5,1 19 414 Sul 1.314 140 ",,2.0
Informe Semanal nº 17 (1).pdf,15,localidade_uf,São Paulo,tabela,"3 Espírito Santo 39 1 1,8 0,3 0 11 Rio de Janeiro 221 10 4,8 2,8 0 13 São Paulo 1.992 809 8,2 5,1 19 414 Sul 1.314 140 6,0 3,5 2 70 Paraná 709 94 5,5",,2.0
Informe Semanal nº 17 (1).pdf,15,localidade_regiao,Sul,tabela,"Rio de Janeiro 221 10 4,8 2,8 0 13 São Paulo 1.992 809 8,2 5,1 19 414 Sul 1.314 140 6,0 3,5 2 70 Paraná 709 94 5,5 2,9 1 58 Santa Catarina 330 ",,1.0
Informe Semanal nº 17 (1).pdf,15,localidade_uf,Paraná,tabela,",8 0 13 São Paulo 1.992 809 8,2 5,1 19 414 Sul 1.314 140 6,0 3,5 2 70 Paraná 709 94 5,5 2,9 1 58 Santa Catarina 330 11 5,2 0,0 0 4 Rio Grande do S",,3.0
Informe Semanal nº 17 (1).pdf,15,localidade_uf,Santa Catarina,tabela," 8,2 5,1 19 414 Sul 1.314 140 6,0 3,5 2 70 Paraná 709 94 5,5 2,9 1 58 Santa Catarina 330 11 5,2 0,0 0 4 Rio Grande do Sul 275 35 9,7 6,8 1 8 Centro-Oeste ",,1.0
Informe Semanal nº 17 (1).pdf,15,localidade_uf,Rio Grande do Sul,tabela,"3,5 2 70 Paraná 709 94 5,5 2,9 1 58 Santa Catarina 330 11 5,2 0,0 0 4 Rio Grande do Sul 275 35 9,7 6,8 1 8 Centro-Oeste 877 65 4,6 2,0 16 82 Mato Grosso do S",,1.0
Informe Semanal nº 17 (1).pdf,15,localidade_regiao,Centro-Oeste,tabela,"anta Catarina 330 11 5,2 0,0 0 4 Rio Grande do Sul 275 35 9,7 6,8 1 8 Centro-Oeste 877 65 4,6 2,0 16 82 Mato Grosso do Sul 26 11 5,9 0,0 9 7 Mato Grosso",,1.0
Informe Semanal nº 17 (1).pdf,15,localidade_uf,Mato Grosso do Sul,tabela,"io Grande do Sul 275 35 9,7 6,8 1 8 Centro-Oeste 877 65 4,6 2,0 16 82 Mato Grosso do Sul 26 11 5,9 0,0 9 7 Mato Grosso 18 14 2,4 4,2 1 11 Goiás 400 40 5,4 1,5",,1.0
Informe Semanal nº 17 (1).pdf,15,localidade_uf,Mato Grosso,tabela,"entro-Oeste 877 65 4,6 2,0 16 82 Mato Grosso do Sul 26 11 5,9 0,0 9 7 Mato Grosso 18 14 2,4 4,2 1 11 Goiás 400 40 5,4 1,5 5 63 Distrito Federal 433 0 4",,2.0
Informe Semanal nº 17 (1).pdf,15,localidade_uf,Goiás,tabela,"2 Mato Grosso do Sul 26 11 5,9 0,0 9 7 Mato Grosso 18 14 2,4 4,2 1 11 Goiás 400 40 5,4 1,5 5 63 Distrito Federal 433 0 4,1 0,0 1 1 Brasil 5.854 1",,2.0
Informe Semanal nº 17 (1).pdf,15,localidade_uf,Distrito Federal,tabela," 5,9 0,0 9 7 Mato Grosso 18 14 2,4 4,2 1 11 Goiás 400 40 5,4 1,5 5 63 Distrito Federal 433 0 4,1 0,0 1 1 Brasil 5.854 1.165 6,1 4,3 348 752 FONTE:SinanOn-li",,1.0
